31.19,31.32,31.47,31.64,31.64,31.64,31.66,31.64,31.72,31.77,31.74,31.72,31.52,31.56,31.32,31.44,31.32,31.52,31.32,31.32,31.47,31.35,31.12,31.15,31.32,31.52,31.72,31.47,31.98,31.86,32.2,32.68,32.28,32.53,32.99,32.87,32.82,33.1,32.9,32.85,33.04,32.99,33.15,33.04,33.19,32.85,32.99,32.94,32.77,32.26,31.74,30.41,29.19,26.02,24.26,23.6,23.3,23.6,24.02,27.32,31.64,32.31,32.45,32.68,32.2,32.57,32.53,32.6,32.4,32.18,32.26,32.2,31.91,31.35,30.95,30.98,30.87,31.44,31.86,32.2,32.31,32.28,32.06,31.94,31.83,31.89,31.77,31.94,32.23,31.72,31.89,32.03,32.03,32.14,32.35,32.14,32.45,32.11,32.26,32.4,32.43,32.2,32.18,32.18,30.98,25.94,23.72,23.45,23.06,23.18,22.88,23.06,22.93,22.76,23.15,23.08,23.3,23.22,24.26,25.6,28.63,30.78,31.74,31.91,31.98,32.43,32.31,32.68,32.87,33.1,33.02,33.04,32.62,32.77,32.48,31.94,31.91,31.86,31.77,31.98,32.06,31.77,31.83,32.03,31.72,32.18,32.35,32.6,32.14,32.51,32.4,32.36,32.31,32.48,32.43,32.4,32.57,32.26,32.31,32.45
31.39,31.35,31.27,31.29,31.69,31.61,31.57,31.47,31.77,31.66,31.61,31.39,31.66,31.83,31.47,31.64,31.72,31.56,31.24,31.47,31.35,31.19,31.19,31.27,31.24,31.44,31.81,31.94,32.01,32.03,32.35,32.48,32.87,32.85,33.12,33.04,32.87,32.87,33.07,33.04,33.36,33.12,33.12,33.1,32.95,32.99,32.68,33.02,32.9,32.53,32.99,32.18,31.61,30.01,27.2,24.51,23.54,23.69,24.21,26.58,31.49,32.6,33.02,32.62,32.7,32.82,32.53,32.48,32.43,32.45,32.31,32.45,31.91,31.47,31.19,31.27,31.07,31.81,32.06,32.68,32.78,33.02,32.68,32.62,32.14,32.28,32.43,32.18,32.03,32.2,32.31,32.11,31.83,32.18,32.45,32.23,32.26,32.62,32.36,32.23,32.36,32.36,32.31,32.31,31.91,28.08,24.83,23.42,23.23,23.15,23.03,23.08,23.06,23.33,23.3,23.54,23.69,24.75,27.02,30.16,30.98,31.47,31.83,32.09,32.35,32.53,32.57,32.6,32.9,32.99,32.95,33.02,32.48,32.87,32.4,32.26,31.77,32.09,32.11,31.69,32.03,31.89,32.11,32.18,31.91,31.98,32.36,32.23,32.26,32.18,32.57,32.2,32.43,32.57,32.23,32.31,32.57,32.43,32.31,32.26
31.39,31.47,31.27,31.39,31.56,31.52,31.66,31.56,31.56,31.77,31.39,31.61,31.77,31.69,31.39,31.57,31.81,31.29,31.19,31.35,31.32,31.1,31.32,31.39,31.61,31.69,31.74,31.89,32.28,32.09,32.03,32.6,32.82,32.85,32.99,33.41,32.9,32.68,32.99,33.1,32.9,32.82,33.24,33.36,33.15,33.27,33.32,33.19,32.77,32.77,32.94,32.7,32.23,31.86,31.02,27.99,24.86,24.06,24.26,26.49,31.44,32.6,32.6,32.77,32.65,32.53,32.87,32.62,32.48,32.45,32.26,32.43,32.26,31.77,31.57,31.24,31.47,32.35,32.48,32.95,33.07,33.37,33.1,33.12,32.65,32.43,32.36,32.77,32.77,32.36,32.4,32.11,32.31,32.35,32.43,32.6,32.65,32.4,32.57,32.65,32.53,32.78,32.82,32.68,32.4,30.75,25.87,24.21,23.79,23.48,23.42,23.38,23.18,23.48,23.67,24.21,25.55,28.87,30.9,31.4,32.2,32.35,32.36,32.43,32.53,32.77,32.85,32.87,32.95,32.99,33.04,33.19,33.15,32.68,32.45,32.18,32.2,31.98,31.89,32.2,31.81,32.26,32.14,32.09,32.23,32.03,32.35,32.31,32.31,32.77,32.43,32.53,32.78,32.43,32.28,32.43,32.48,32.11,32.45,32.53
31.1,31.49,31.39,31.44,31.27,31.47,31.56,31.51,31.61,31.47,31.35,31.66,31.57,31.66,31.49,31.39,31.66,31.44,31.4,31.39,31.29,31.39,31.27,31.32,31.69,31.57,31.86,31.94,32.26,32.26,32.45,32.62,32.77,32.77,32.82,33.04,32.99,33.02,33.19,33.1,33.24,33.12,33.36,33.27,33.29,33.24,33.27,33.07,33.19,32.99,33.15,32.7,33.04,32.4,32.31,30.98,28.75,25.44,25.28,29.2,32.06,33.02,32.78,32.6,32.73,32.85,32.7,32.68,32.78,32.51,32.4,32.7,32.18,31.91,31.66,31.61,32.03,32.45,32.9,33.27,33.24,33.52,33.27,33.57,32.99,32.48,32.62,32.51,32.43,32.48,32.36,32.03,32.03,32.14,32.28,32.48,32.48,32.78,32.94,32.9,33.15,33.02,33.07,33.19,32.7,31.94,30.01,28.08,26.02,24.24,23.79,23.37,23.38,23.57,24.8,26.76,29.61,30.61,31.83,32.31,32.48,32.51,32.78,32.57,32.94,32.45,32.85,32.9,33.1,32.94,32.99,33.04,33.29,32.82,32.77,32.4,32.36,32.31,32.4,32.03,31.83,32.31,32.23,32.11,32.31,32.26,32.18,32.31,32.68,32.45,32.43,32.68,32.68,32.73,32.45,32.62,32.6,32.65,32.36,32.35
31.02,31.07,31.35,31.57,31.39,31.39,31.52,31.32,31.52,31.69,31.52,31.35,31.66,31.61,31.47,31.44,31.29,31.49,31.32,31.61,31.44,31.61,31.24,31.47,31.57,31.57,31.83,31.72,32.09,32.26,32.51,32.65,32.94,32.94,33.1,33.15,33.12,33.07,32.99,33.2,33.32,33.29,33.24,33.54,33.24,33.27,33.37,33.24,33.24,33.36,32.94,33.02,32.82,32.85,32.53,31.91,31.19,28.24,28.75,31.39,32.51,33.15,32.99,32.99,32.99,32.85,33.12,32.77,32.94,32.82,32.68,32.85,32.48,32.35,31.98,32.18,32.53,32.53,33.27,33.44,33.32,33.29,33.27,33.04,32.77,32.57,32.78,32.35,32.48,32.31,32.28,32.11,32.11,32.23,32.4,32.36,32.78,32.85,33.07,33.04,33.1,33.2,33.44,33.24,33.04,32.45,32.09,31.29,29.87,27.47,24.98,24.17,23.54,25.25,28.23,30.18,31.32,32.03,32.09,32.62,32.7,32.82,32.68,32.57,32.7,32.57,32.73,32.78,33.12,33.19,33.24,33.49,33.24,33.1,32.77,32.78,32.31,32.14,32.4,32.2,32.14,32.2,32.14,32.57,32.35,32.31,32.65,32.4,32.62,32.35,32.7,32.48,32.57,32.53,32.57,32.31,32.57,32.65,32.53,32.35
31.2,31.2,31.1,31.27,31.44,31.44,31.49,31.19,31.56,31.72,31.15,31.83,31.66,31.77,31.61,31.29,31.72,31.74,31.44,31.61,31.72,31.49,31.77,31.66,31.69,31.69,31.81,32.03,32.4,32.31,32.51,32.53,32.62,32.9,33.12,33.37,32.87,32.99,33.12,33.12,33.15,33.36,33.2,33.41,33.41,33.24,33.29,33.12,33.19,33.12,32.87,33.12,33.15,32.9,32.94,32.36,31.98,31.91,31.94,32.73,33.07,33.15,32.95,33.27,33.02,32.9,32.6,32.6,32.9,32.68,32.87,32.73,32.65,32.51,32.28,32.85,32.9,32.94,33.29,33.44,33.29,33.24,33.36,32.99,32.99,32.36,32.35,32.31,32.23,32.45,32.14,32.45,32.28,32.4,32.48,32.73,33.02,33.24,33.27,33.04,33.07,33.46,33.37,33.46,33.02,32.78,32.57,32.01,31.77,30.73,28.19,25.72,25.49,28.19,30.65,31.61,32.2,32.45,32.7,32.9,32.9,32.77,33.19,33.02,32.65,32.43,32.73,32.6,33.15,32.9,33.44,33.37,33.12,33.12,33.1,32.78,32.53,32.57,32.31,32.28,32.2,32.36,32.57,32.45,32.45,32.51,32.26,32.65,32.65,32.73,32.31,32.7,32.43,32.77,32.73,32.4,32.62,32.48,32.53,32.51
30.87,31.12,31.1,31.15,31.4,31.19,31.4,31.29,31.47,31.52,31.29,31.52,31.52,31.35,31.29,31.56,31.66,31.39,31.29,31.44,31.32,31.49,31.77,31.66,31.72,31.77,32.01,32.06,32.62,32.65,32.62,32.43,32.57,32.73,32.82,33.04,32.94,32.85,33.02,33.02,33.37,33.32,33.36,33.15,33.07,33.15,33.19,33.54,33.32,33.29,33.36,33.15,33.44,33.12,33.2,32.99,32.9,32.87,32.82,33.02,32.85,33.36,33.37,33.29,33.37,33.12,33.02,32.65,32.7,32.78,32.78,32.53,32.6,32.43,32.4,32.36,32.68,33.07,33.37,33.12,33.24,33.37,33.27,33.15,32.94,32.7,32.43,32.36,32.28,32.35,32.35,32.28,32.48,32.68,33.04,33.12,33.12,33.07,33.12,33.24,33.36,33.52,33.69,33.54,33.29,33.02,32.95,32.51,32.35,31.98,31.2,29.47,29.39,31.02,31.81,32.09,32.6,32.68,32.99,32.95,32.82,33.04,33.2,32.78,32.78,32.68,32.43,32.9,32.7,33.12,33.27,33.37,33.41,33.2,32.82,32.94,32.48,32.43,32.36,32.45,32.4,32.35,32.26,32.45,32.51,32.65,32.53,32.57,32.77,32.62,32.82,32.45,32.62,32.77,32.57,32.68,32.9,32.6,32.4,32.31
30.82,31.2,31.19,31.44,31.24,31.02,31.15,31.35,31.39,31.4,31.27,31.44,31.61,31.32,31.4,31.24,31.52,31.49,31.61,31.57,31.64,31.35,31.57,31.72,31.64,32.01,32.2,32.18,32.28,32.65,32.78,32.65,32.68,33.02,32.73,33.15,33.07,32.99,32.77,33.19,33.12,33.19,33.19,33.29,33.2,33.36,33.27,33.54,33.41,33.04,33.29,33.1,33.07,33.2,33.04,33.02,33.19,33.32,33.02,33.12,33.27,33.19,33.41,33.44,33.61,33.52,33.37,33.02,33.19,32.85,32.87,32.57,32.43,32.51,32.57,32.36,32.85,33.02,33.04,33.36,33.24,33.37,33.19,33.07,32.87,33.1,32.62,32.43,32.78,32.82,32.73,32.51,32.51,32.99,33.02,33.12,32.73,33.07,32.9,33.29,33.49,33.54,33.62,33.49,32.99,33.15,32.87,32.82,32.85,32.82,32.4,31.64,31.86,31.91,32.26,32.65,33.15,33.02,33.12,33.02,32.73,33.1,33.1,32.53,33.04,32.51,32.68,32.82,32.78,33.1,33.27,33.29,33.36,33.49,33.36,32.85,32.53,32.43,32.45,32.7,32.48,32.68,32.43,32.87,32.73,32.53,32.35,32.6,32.43,32.62,32.87,32.57,32.62,32.6,32.73,32.48,32.65,32.4,32.26,32.6
30.66,31.03,30.92,30.95,31.12,30.92,31.27,31.03,31.15,31.44,31.19,31.39,31.29,31.2,31.61,31.61,31.52,31.72,31.72,31.64,31.61,31.77,31.81,31.83,31.77,31.98,31.94,32.31,32.45,32.6,32.85,32.78,32.94,32.51,32.36,32.78,33.07,32.82,32.82,32.94,33.15,33.27,33.02,33.1,33.19,33.02,33.29,32.99,33.07,32.99,33.32,33.27,33.04,33.19,33.2,33.1,33.12,33.32,33.12,33.12,33.32,33.27,33.24,33.2,33.57,33.27,33.2,33.12,33.29,33.12,33.29,32.99,32.77,32.62,32.57,32.87,32.9,32.73,33.19,33.27,33.66,33.46,33.32,33.37,33.04,32.85,32.7,32.77,32.57,32.18,32.94,32.77,32.51,32.85,32.78,32.85,32.85,33.37,33.29,33.49,33.69,33.44,33.49,33.32,32.95,33.07,33.04,32.9,33.15,32.95,32.23,32.51,32.51,32.4,32.85,33.2,32.77,32.9,33.12,33.02,32.82,32.82,33.02,32.78,32.82,32.62,32.78,32.65,32.94,32.73,32.73,33.37,33.32,33.54,33.36,33.12,33.15,32.9,32.57,32.94,32.51,32.57,33.1,32.99,32.9,32.95,32.53,32.65,32.7,32.65,32.43,32.62,32.62,32.62,32.62,32.31,32.78,32.62,32.48,32.4
30.78,30.83,31.03,31.03,31.07,31.07,31.44,31.39,31.49,31.39,31.19,31.49,31.27,31.64,31.4,31.61,31.35,31.56,31.94,31.64,31.57,31.69,31.69,31.98,32.06,32.14,32.14,32.23,32.62,32.73,32.94,32.73,32.62,32.7,32.73,32.82,32.9,32.87,32.99,32.99,33.49,33.37,33.32,33.07,33.15,33.07,32.85,33.07,32.94,32.9,33.04,33.19,33.07,33.02,33.2,32.95,33.02,33.37,33.2,33.07,32.9,32.94,33.1,33.41,33.37,33.2,33.12,32.9,33.07,33.24,32.82,33.19,32.77,32.99,32.82,33.1,33.04,33.2,33.2,33.24,33.1,33.1,33.44,33.29,32.85,33.12,33.04,32.23,32.36,32.23,32.23,32.18,32.65,32.6,32.7,32.77,33.1,33.29,33.36,33.74,33.44,33.37,33.27,33.04,33.02,33.1,33.24,33.12,33.04,32.99,32.65,32.6,32.82,32.99,33.04,33.04,33.1,33.29,33.27,33.15,33.19,32.7,32.78,33.04,32.9,32.6,32.62,32.65,32.85,32.99,33.07,33.32,33.71,33.61,33.49,33.41,33.12,32.9,32.65,32.77,32.95,32.94,32.9,32.85,32.73,32.73,32.94,32.7,32.62,32.73,32.78,32.68,32.65,32.45,32.87,32.7,32.53,32.82,32.53,32.62
30.83,31.02,30.92,30.58,31.1,31.1,31.64,31.19,31.2,31.35,31.29,31.35,31.64,31.15,31.24,31.4,31.64,31.69,31.47,31.81,31.66,31.66,31.72,31.94,32.14,32.23,32.18,32.43,32.9,32.95,32.7,32.9,32.31,32.82,32.45,32.85,32.95,33.12,33.1,32.78,33.24,33.02,33.29,33.15,32.95,33.15,32.87,32.99,32.95,32.99,33.19,33.19,33.04,32.99,33.1,33.04,33.1,33.15,33.04,33.07,33.2,32.85,32.87,33.24,33.46,33.44,33.19,32.85,32.78,32.6,32.65,32.62,32.09,32.45,32.36,32.68,32.73,32.82,32.95,32.99,33.04,33.19,33.1,32.9,32.68,32.68,32.48,32.35,32.26,32.18,32.11,32.18,32.35,32.53,32.85,33.02,33.19,33.27,33.62,33.44,33.1,32.95,33.2,32.85,32.99,33.24,33.41,33.66,33.12,33.04,32.7,32.7,32.95,32.95,33.12,33.1,33.04,33.2,33.02,32.85,33.07,32.78,32.99,32.77,32.73,32.87,32.7,32.65,32.87,32.73,33.27,33.32,33.49,33.78,33.61,33.57,33.36,32.95,32.94,33.02,32.9,33.04,32.82,32.85,33.07,32.68,33.07,32.7,32.57,32.78,32.73,32.62,32.73,33.07,32.62,32.85,32.7,32.77,32.68,32.68
30.9,30.95,31.24,31.07,30.87,31.24,31.07,31.1,31.27,31.35,31.24,31.39,31.29,31.27,31.47,31.44,31.39,31.57,31.66,31.98,31.77,31.77,31.74,32.09,32.23,32.23,32.31,32.48,32.65,32.95,32.85,32.65,32.4,32.6,32.6,32.26,32.68,33.12,33.02,32.87,32.94,33.12,33.12,33.15,33.04,33.07,32.95,32.99,33.41,32.78,33.19,33.1,33.1,33.04,32.94,33.02,33.12,33.32,33.12,33.12,33.02,32.99,32.82,32.94,33.2,33.29,33.19,32.73,32.87,32.31,32.36,31.94,32.31,31.91,32.31,32.26,32.68,32.65,32.51,32.53,32.4,32.23,32.57,32.43,32.4,32.45,32.18,32.03,31.72,32.01,32.18,32.26,32.4,33.04,33.07,33.12,33.49,33.37,33.49,33.02,32.99,32.99,33.2,33.2,33.07,33.37,33.46,33.2,32.99,33.2,33.24,33.07,32.85,33.12,33.1,33.02,32.95,32.78,32.99,32.78,32.57,32.94,33.1,33.04,32.87,32.77,32.73,32.57,32.87,33.02,32.95,33.41,33.62,33.83,33.79,33.74,33.32,33.04,33.12,32.9,33.2,32.77,32.95,33.44,33.02,32.85,32.9,32.87,32.7,33.12,32.82,32.85,32.77,32.95,32.9,32.87,32.9,32.62,32.78,32.78
30.78,31.03,30.98,31.2,30.92,30.92,30.83,30.87,31.4,31.1,31.19,31.57,31.35,31.44,31.52,31.77,31.64,31.61,31.44,31.77,31.39,31.74,31.83,31.98,32.28,32.2,32.4,32.87,33.07,32.85,32.65,32.45,32.36,32.45,32.45,32.51,32.68,33.15,33.07,32.68,32.95,33.02,32.62,32.95,33.12,32.68,32.6,32.9,32.9,32.94,33.02,33.1,32.95,32.85,32.9,32.94,33.04,33.19,33.19,33.19,32.9,33.02,33.02,33.1,32.87,33.36,33.44,33.19,32.65,32.82,32.36,32.2,32.06,32.06,32.06,32.14,32.09,32.57,32.31,32.11,32.36,32.43,32.18,32.26,32.09,32.11,32.01,32.14,31.98,32.45,32.43,32.62,32.43,32.87,33.19,33.19,33.54,33.12,33.02,33.04,32.95,32.95,33.24,33.2,33.04,33.44,33.2,33.1,32.9,33.29,33.1,33.04,32.95,33.02,33.15,32.87,33.1,32.94,33.1,32.95,32.77,32.65,32.94,33.04,32.87,32.73,32.85,32.95,32.77,33.1,33.1,33.19,33.62,33.74,33.74,33.61,33.12,33.29,33.24,33.19,33.12,33.36,33.41,32.9,32.99,33.15,32.65,33.07,33.02,32.9,33.27,32.82,32.82,32.85,32.77,32.6,32.73,32.77,32.87,32.73
30.82,31.03,30.92,31.03,31.02,31.19,31.4,30.9,31.1,31.27,31.15,31.12,31.57,31.35,31.56,31.32,31.47,31.69,31.77,32.09,31.83,31.94,32.14,32.11,32.48,32.2,32.36,32.68,33.07,32.65,32.62,32.73,32.57,32.23,32.14,32.45,32.48,32.51,32.62,32.82,32.65,32.94,32.77,32.78,32.78,32.6,32.82,32.77,32.77,32.73,32.87,32.73,32.99,32.77,32.9,32.9,33.15,33.27,33.29,32.95,32.85,32.82,32.7,32.6,32.51,32.95,32.9,32.95,32.87,32.65,32.62,32.48,32.23,31.94,32.03,32.11,32.09,32.06,32.01,31.77,31.94,31.89,32.03,31.77,31.72,31.69,31.91,31.74,31.89,32.35,32.6,32.68,33.07,33.1,33.2,33.02,32.78,32.95,32.68,33.02,32.85,32.6,32.95,33.02,32.9,33.12,32.95,32.9,32.77,32.6,32.73,33.04,32.78,33.24,33.04,33.12,32.62,32.85,33.19,33.04,32.7,32.85,32.94,32.65,32.94,32.51,32.68,32.95,33.04,32.85,33.15,33.2,33.78,33.88,34.1,33.66,33.52,33.52,33.19,33.41,33.19,32.82,33.2,33.46,33.12,32.94,32.78,32.94,33.2,32.95,32.82,32.94,32.77,32.95,33.02,32.7,33.04,32.7,32.65,32.68
30.87,31.07,30.9,31.15,31.19,31.1,31.03,30.82,31.15,31.15,31.03,31.39,31.29,31.61,31.35,31.4,31.66,31.32,31.61,31.74,31.72,31.89,31.89,32.01,32.09,32.57,32.65,32.82,33.12,32.7,32.62,32.31,32.28,32.06,32.2,32.31,32.31,32.62,33.02,32.77,32.51,32.53,32.65,32.51,32.73,32.62,32.53,32.68,32.78,32.62,32.45,32.62,32.95,32.53,32.7,32.9,32.78,32.9,33.36,33.27,32.77,33.02,32.62,32.77,32.77,32.87,32.77,32.82,33.07,32.82,32.45,32.57,32.18,32.11,31.74,31.77,31.64,31.94,31.83,31.89,31.66,31.72,31.64,31.66,31.66,31.81,31.94,32.03,32.48,32.43,32.73,32.94,33.1,33.2,32.85,32.53,32.82,32.4,32.73,32.73,32.7,32.43,32.78,32.94,32.82,33.04,33.12,32.99,33.02,32.73,32.7,32.99,32.57,32.65,32.9,32.57,32.95,32.78,32.7,32.87,32.85,32.95,32.82,32.9,32.4,33.02,32.94,32.68,33.07,33.37,33.07,33.37,33.36,34.1,33.86,33.96,33.79,33.61,33.32,33.27,33.27,33.15,33.2,33.04,32.99,33.04,33.15,32.87,33.07,32.87,32.77,32.78,32.77,32.82,32.65,32.82,32.99,32.53,32.57,32.82
30.83,30.98,30.9,30.92,31.15,31.15,31.19,31.15,30.87,31.24,31.03,31.27,31.32,31.27,31.32,31.44,31.57,31.57,31.74,31.49,31.81,31.91,31.86,31.86,32.14,32.65,32.31,32.7,33.02,32.65,32.2,32.28,31.91,32.06,31.74,32.03,31.91,32.36,32.87,32.65,32.4,32.35,32.6,32.48,32.53,32.51,32.7,32.7,32.78,32.85,32.65,32.53,32.43,32.48,32.65,32.73,33.02,32.7,32.99,32.9,32.87,32.62,32.36,32.45,32.7,32.53,32.77,32.77,32.85,33.04,32.73,32.31,32.14,31.91,31.91,31.91,31.83,31.61,32.06,31.56,31.94,31.66,31.56,31.72,31.66,31.77,32.11,32.14,32.82,32.7,32.7,32.65,32.6,32.45,32.43,32.51,32.43,32.43,32.4,32.53,32.53,32.94,32.73,32.82,32.7,32.48,32.94,33.02,32.65,32.65,32.45,32.51,32.68,32.48,32.73,32.82,32.35,32.65,32.62,32.62,32.82,32.6,32.82,32.68,32.82,32.73,32.94,32.77,32.99,33.24,32.9,33.29,33.46,33.74,34.13,34.04,33.71,33.44,33.57,33.37,33.36,33.2,33.04,33.29,33.24,33.07,33.32,32.94,32.9,32.87,33.19,32.73,33.12,32.87,33.1,32.99,32.78,32.85,32.87,32.31
31.03,30.87,31.1,31.19,30.98,31.07,31.39,31.27,31.15,31.39,31.2,31.44,31.12,31.15,31.49,31.52,31.57,31.56,31.61,31.61,31.66,31.69,31.98,32.11,32.28,32.2,32.43,32.65,32.99,32.68,32.35,31.98,32.06,32.06,32.09,32.01,32.11,32.14,32.6,32.57,32.53,32.43,32.28,32.45,32.57,32.36,32.77,32.53,32.28,32.31,32.4,32.4,32.28,32.31,32.68,32.73,32.82,32.87,32.95,33.12,32.94,32.6,32.6,32.45,32.43,32.9,32.43,32.6,32.77,33.02,33.1,32.51,32.09,32.28,31.83,31.81,31.83,31.89,31.69,31.83,31.77,31.57,31.83,31.77,31.91,31.66,32.31,32.03,32.7,32.7,32.77,32.6,32.48,32.36,32.62,32.77,32.57,32.9,32.62,32.62,32.78,32.82,32.78,32.6,32.48,32.94,32.65,32.99,32.77,32.65,32.57,32.48,32.65,32.43,32.73,32.6,32.82,32.78,32.87,32.45,32.65,32.68,32.77,32.78,32.87,32.73,32.62,32.77,33.02,33.15,33.12,33.07,33.44,33.71,34.18,34.21,33.99,33.78,33.69,33.32,33.52,33.29,33.12,33.2,33.37,32.9,33.41,33.19,33.02,33.07,33.02,32.77,33.19,33.44,33.1,33.27,33.07,32.77,32.65,32.7
30.55,30.65,30.9,30.92,31.07,30.92,31.2,30.9,31.24,31.2,31.07,31.12,31.64,31.35,31.2,31.52,31.4,31.49,31.66,31.61,31.56,31.81,32.06,31.91,32.2,32.48,32.62,32.82,33.04,32.31,32.14,31.98,31.98,31.89,32.09,31.74,31.77,32.2,32.57,32.53,32.2,32.65,32.43,32.35,32.43,32.36,32.14,32.43,32.45,32.35,32.35,32.31,32.18,32.31,32.31,32.62,32.82,32.85,33.02,33.02,32.65,32.78,32.45,32.14,32.43,32.14,32.35,32.28,32.36,32.35,32.99,32.65,32.51,32.09,32.14,31.74,31.74,31.94,31.66,31.89,31.69,31.69,31.61,31.81,31.89,31.69,32.23,32.62,32.53,32.82,32.57,32.53,32.53,32.87,32.48,32.65,32.48,32.73,32.95,32.7,32.68,32.82,32.53,32.6,32.6,32.7,32.73,32.53,32.62,33.02,32.57,32.85,32.73,32.7,32.82,32.94,32.78,32.65,32.48,32.4,32.6,32.7,32.85,32.68,32.73,32.57,32.57,32.85,33.1,33.12,33.02,33.57,33.12,33.79,34.08,34.33,34.18,33.79,33.52,33.29,33.52,33.2,33.15,33.19,32.94,32.94,33.07,32.95,33.07,33.07,32.87,32.99,33.52,33.04,33.2,32.95,32.82,32.82,32.43,32.53
30.58,30.87,30.66,30.95,30.87,30.87,31.15,31.03,30.98,31.19,31.12,31.35,31.35,31.24,31.49,31.57,31.56,31.57,31.49,31.64,32.01,31.83,32.11,32.36,32.2,32.45,32.65,32.85,32.62,32.31,32.57,31.89,31.94,31.91,31.64,32.01,32.14,32.18,32.57,32.6,32.23,32.35,32.2,32.18,32.31,32.45,32.48,32.31,32.43,32.09,32.28,32.31,32.11,32.2,32.43,32.53,32.53,32.9,33.1,32.9,32.87,32.77,32.73,32.51,32.57,32.28,32.43,32.03,32.28,32.43,32.28,32.14,32.28,31.91,31.56,31.98,31.57,31.94,31.52,31.57,31.2,31.49,31.44,31.61,31.69,31.77,32.01,32.31,32.62,32.51,32.77,32.09,32.23,32.73,32.73,32.51,33.02,33.15,32.87,32.82,32.7,32.62,32.68,32.6,32.28,32.82,32.68,32.48,32.6,32.77,32.68,32.6,32.43,32.43,32.62,32.62,32.51,32.53,32.53,32.36,32.45,32.53,32.43,32.82,32.68,32.78,32.78,32.82,33.07,33.2,33.2,33.2,33.44,33.62,34.1,34.47,33.86,33.93,33.66,33.52,33.44,33.52,33.57,33.46,33.27,33.24,33.15,32.9,33.15,33.12,32.94,33.24,33.29,33.29,33.04,33.04,32.9,32.68,32.65,32.78
30.78,30.78,30.65,30.73,30.82,30.87,30.98,31.02,30.92,31.29,31.27,31.24,31.32,31.64,31.52,31.52,31.77,31.66,31.64,31.72,31.29,31.89,31.83,32.03,32.14,32.35,32.62,32.65,32.65,32.35,32.09,31.61,31.83,31.66,31.61,31.69,31.86,32.2,32.62,32.14,32.51,32.23,31.94,31.94,32.03,32.35,32.01,32.11,31.98,32.11,32.01,32.26,32.26,32.11,32.18,32.09,32.62,32.73,32.6,32.99,32.85,32.26,32.43,32.31,32.01,32.11,31.98,31.74,32.06,32.03,31.89,32.23,31.86,31.57,31.81,31.64,31.47,31.44,31.39,31.29,31.56,31.47,31.47,31.64,31.56,31.81,31.66,31.83,32.53,32.45,32.11,32.18,32.43,32.48,32.45,32.95,33.1,33.04,32.99,33.02,32.77,32.73,32.77,32.68,32.23,32.6,32.65,32.68,32.7,32.11,32.77,32.62,32.62,32.78,32.94,32.73,32.73,32.65,32.45,32.51,32.65,32.6,32.45,32.65,32.94,32.73,32.62,32.77,32.94,32.9,32.9,33.46,33.49,33.83,33.99,34.6,33.96,33.99,33.52,33.37,33.37,33.44,33.61,33.49,33.1,33.15,33.1,33.2,33.19,33.29,33.54,33.24,33.19,33.1,33.02,32.82,33.1,32.62,32.6,32.57
30.5,30.53,30.58,30.7,30.78,30.45,30.82,30.78,30.98,30.78,30.95,31.15,31.03,31.27,31.49,31.32,31.61,31.44,31.52,31.77,31.57,32.06,31.89,32.09,32.09,32.18,32.62,33.02,32.82,32.23,32.01,31.69,32.06,31.56,31.77,31.89,31.83,32.11,32.28,32.53,32.18,32.03,32.01,31.94,32.18,32.09,31.98,31.86,32.26,32.01,32.03,32.01,31.98,32.2,32.28,32.35,32.62,32.51,32.36,32.53,32.78,32.62,32.09,32.23,32.09,32.09,31.91,31.83,31.91,31.77,31.69,31.86,31.66,31.57,31.44,31.35,31.29,31.32,31.44,31.32,31.32,31.39,31.56,31.52,31.72,32.03,31.94,31.94,32.09,32.26,31.94,32.26,32.14,32.4,32.48,32.7,32.94,33.2,32.99,32.7,32.85,32.48,32.68,32.77,32.36,32.78,32.53,32.48,32.9,33.02,32.53,32.53,32.77,32.9,32.78,32.6,32.85,32.78,32.51,32.65,32.6,32.73,32.82,32.7,32.82,32.95,32.78,32.94,32.82,32.99,33.15,33.52,33.37,33.74,34.21,34.63,33.99,34.04,33.69,33.52,33.71,33.54,33.46,33.37,33.07,33.29,33.36,33.27,33.36,33.19,33.46,33.12,33.27,33.2,33.2,32.57,32.99,32.85,32.57,32.43
30.21,30.13,30.53,30.55,30.61,30.45,30.55,30.46,30.82,30.92,31.02,31.07,31.15,31.61,31.47,31.81,31.72,31.69,31.49,31.83,31.64,31.89,32.01,32.01,32.43,32.35,32.53,32.9,32.78,32.6,32.26,31.89,31.74,31.32,31.72,31.83,31.98,32.01,32.26,32.65,32.26,32.01,32.09,31.94,31.83,31.72,31.86,32.14,32.18,31.86,32.11,31.81,31.98,32.2,32.14,32.23,32.51,32.45,32.45,32.57,32.77,32.4,32.57,32.09,32.03,32.03,31.89,31.72,31.69,31.66,31.72,31.61,31.57,31.77,31.52,31.39,31.4,31.29,31.27,31.44,31.27,31.4,31.64,31.81,32.09,32.2,32.14,32.2,32.14,32.14,32.65,32.43,32.4,32.62,32.45,32.7,32.78,33.02,32.7,32.82,32.9,32.77,32.43,32.57,32.73,32.51,33.07,32.62,32.53,32.85,32.82,32.85,32.9,32.73,32.9,32.85,32.57,32.77,32.77,32.95,32.82,32.57,32.77,32.94,32.7,32.77,32.99,32.65,33.12,32.95,32.99,33.24,33.46,33.88,34.18,34.3,34.47,34.1,33.96,33.88,33.62,33.57,33.69,33.41,33.46,33.32,33.07,33.36,33.15,33.37,33.44,33.37,33.41,33.41,33.24,33.1,33.2,32.65,32.6,32.53
30.09,30.65,30.33,30.58,30.53,30.5,30.36,30.53,30.82,30.78,31.07,31.1,31.32,31.47,31.52,31.72,31.69,31.72,31.64,31.77,31.77,31.61,32.11,32.35,32.4,32.45,32.35,32.6,32.57,32.35,32.26,32.06,32.01,31.91,31.77,31.49,31.74,32.06,32.51,32.43,32.06,32.06,32.03,31.86,31.89,31.94,31.94,31.69,31.66,31.89,32.01,31.77,32.48,31.98,32.18,32.2,32.35,32.6,32.36,32.36,32.4,32.14,32.23,32.14,32.14,31.86,31.94,31.98,31.61,31.32,31.72,31.44,31.49,31.66,31.52,31.56,31.15,31.2,31.47,31.19,31.49,31.12,31.72,31.69,31.81,32.11,32.18,32.31,32.28,32.62,32.45,32.43,32.82,32.36,32.36,32.53,33.15,32.73,32.68,32.78,32.65,32.73,32.68,32.9,32.87,32.94,33.12,32.94,32.82,32.7,32.6,32.68,32.9,32.87,33.02,33.15,32.94,32.85,32.85,32.94,32.68,32.99,32.95,32.95,33.19,33.07,33.02,32.85,33.2,33.32,33.19,33.19,33.54,33.78,34.25,34.33,34.41,34.3,33.91,33.83,33.62,33.57,33.2,33.37,33.29,33.07,33.07,33.44,33.15,33.36,33.29,33.07,33.07,33.32,33.2,32.87,33.1,32.57,32.78,32.48
29.89,29.81,30.16,29.98,29.96,30.26,30.5,30.75,30.65,30.66,30.9,31.07,31.2,31.44,31.69,31.57,31.57,31.72,31.69,31.89,31.77,31.91,32.06,32.14,32.14,32.57,32.48,32.62,32.57,32.11,31.89,31.91,31.83,31.81,31.57,31.98,31.64,32.14,32.14,32.36,32.28,32.03,32.03,31.89,31.61,31.77,31.56,31.52,31.49,31.83,31.89,31.91,31.66,32.09,32.2,32.09,31.98,32.45,32.01,32.23,32.09,32.2,32.2,31.94,31.91,32.01,31.81,31.83,31.61,31.44,31.69,31.52,31.52,31.39,31.27,31.19,30.87,31.27,31.27,31.35,31.57,31.35,31.77,31.69,31.94,32.01,32.36,32.23,32.35,32.2,32.4,32.23,32.4,32.4,32.43,32.77,32.85,32.62,32.73,32.7,32.78,32.73,32.53,32.85,32.85,33.02,33.12,33.27,33.12,32.99,32.7,32.85,33.07,32.95,33.2,33.24,33.02,32.95,32.82,33.07,32.99,32.87,32.95,32.94,33.04,33.19,33.1,33.07,33.07,33.19,33.07,33.49,33.57,33.57,33.96,34.41,34.13,33.88,33.66,33.86,33.69,33.15,33.32,33.46,33.27,33.15,33.66,33.37,33.29,33.37,33.52,32.99,33.02,33.12,32.87,32.95,32.85,32.87,32.53,32.31
29.47,29.84,30.01,29.89,30.13,30.13,30.53,30.29,30.55,30.46,30.58,30.75,31.1,31.2,31.2,31.4,31.64,31.77,31.72,31.94,31.81,31.83,31.91,32.09,31.98,32.28,32.36,32.7,32.23,31.98,31.98,31.77,31.77,31.81,31.57,31.74,31.83,31.89,31.89,32.43,32.35,31.94,31.81,31.89,31.57,31.56,31.77,31.64,31.64,31.61,31.69,31.66,31.91,31.57,32.11,32.06,31.94,31.98,32.09,32.09,32.18,32.36,32.35,31.89,32.28,32.06,31.72,31.72,31.64,31.66,31.49,31.32,31.44,31.03,31.1,31.1,30.9,30.78,30.95,31.02,31.35,31.61,31.77,31.98,31.81,32.26,32.14,32.11,32.18,32.62,32.57,32.43,32.45,32.68,32.51,32.6,32.68,32.7,32.62,32.68,32.77,32.68,32.77,32.95,33.04,32.94,33.29,33.32,33.12,33.27,32.77,32.87,32.85,33.07,32.99,33.02,33.1,33.04,32.99,32.85,32.95,32.87,32.95,32.9,33.12,33.2,33.32,33.24,33.27,33.32,33.32,33.32,33.15,33.41,33.99,34.35,34.48,33.99,33.99,33.44,33.37,33.36,33.37,33.52,33.32,33.2,33.2,33.46,33.32,33.12,33.19,33.1,33.1,33.04,33.12,33.07,32.85,32.53,32.36,32.35
29.4,29.76,29.96,29.69,29.98,30.08,30.16,30.13,30.53,30.82,30.5,30.87,30.87,31.12,31.12,31.49,31.44,31.66,31.66,31.94,31.61,31.83,31.98,32.18,32.01,32.11,32.2,32.31,32.09,31.69,31.86,31.49,31.56,31.83,31.74,31.61,31.98,31.91,32.03,32.2,32.23,31.74,31.66,31.94,31.52,31.69,31.83,31.66,31.49,31.72,31.56,31.91,31.77,31.69,31.98,31.94,32.01,32.09,32.03,31.89,31.77,32.09,32.09,32.11,32.06,31.91,31.94,31.64,31.66,31.52,31.12,31.27,30.87,31.07,30.98,30.87,31.12,31.07,31.29,31.07,30.98,31.4,31.77,31.64,31.91,31.74,31.89,31.69,32.2,32.4,32.31,32.26,32.68,32.68,32.53,32.77,32.7,32.65,32.82,32.78,32.68,32.62,32.9,32.82,32.87,32.95,32.9,33.49,33.49,33.02,32.9,32.9,32.94,32.82,33.1,33.24,33.1,33.1,33.19,33.07,32.6,32.77,33.07,32.87,33.2,33.12,33.07,33.32,33.07,33.24,33.41,33.57,33.54,33.74,33.91,34.35,34.41,34.01,33.79,33.61,33.52,33.27,33.46,33.1,33.29,33.27,33.12,33.29,33.27,33.04,32.78,33.1,32.87,32.9,33.04,32.7,32.73,32.43,32.2,32.28
29.0,29.2,29.39,29.47,29.64,29.93,30.09,30.08,30.45,30.53,30.58,30.5,30.95,31.03,31.12,31.44,31.61,31.69,31.61,31.77,31.72,31.98,32.01,32.09,31.89,32.09,32.35,32.31,32.18,31.74,31.57,31.77,31.52,31.81,31.61,31.83,31.83,31.89,31.72,32.18,32.2,32.14,31.94,31.64,31.61,31.52,31.52,31.77,31.77,31.61,31.69,31.77,31.77,32.09,31.81,32.14,32.01,31.74,31.94,31.72,31.98,31.89,32.28,32.26,31.94,32.06,32.01,31.86,31.57,31.49,31.29,31.35,30.92,30.87,30.7,31.1,30.78,30.82,30.92,31.24,31.44,31.35,31.49,31.72,31.81,31.89,32.23,32.01,32.45,32.36,32.45,32.78,32.51,32.68,32.73,32.94,32.65,32.62,32.7,32.82,32.85,32.78,33.04,32.68,32.87,33.02,33.37,33.32,33.2,33.12,32.9,33.24,32.99,33.07,32.9,33.32,33.12,33.15,33.02,33.1,32.73,32.62,33.19,33.29,33.24,33.36,33.24,33.07,33.24,33.41,33.1,33.54,33.61,33.96,34.18,34.16,34.1,34.04,33.69,33.62,33.37,33.2,33.52,33.2,33.15,33.2,33.07,33.2,32.9,32.99,32.9,32.7,33.02,32.95,33.04,32.87,32.48,32.53,32.36,32.2
28.76,29.19,29.29,29.2,29.56,30.13,29.72,30.08,30.38,30.26,30.41,30.65,30.65,31.12,31.27,31.29,31.49,31.66,31.52,31.72,31.86,32.01,32.01,31.94,32.09,32.11,32.51,32.4,32.09,31.47,31.56,31.64,31.86,31.4,32.01,31.66,31.72,31.74,32.01,32.2,32.48,32.01,31.77,31.61,31.83,31.64,31.27,31.64,31.83,31.66,31.61,31.94,31.89,31.74,31.72,32.09,31.81,31.86,31.83,32.01,31.98,31.98,31.89,32.06,32.23,31.83,31.83,31.57,31.4,31.32,31.56,31.15,30.92,31.1,30.92,30.78,30.98,30.98,31.1,31.39,31.27,31.32,31.47,31.57,31.57,32.01,31.98,32.09,32.43,32.45,32.57,32.57,32.57,33.15,32.95,32.99,32.87,32.87,32.95,32.9,32.95,32.95,33.04,33.24,33.36,33.24,33.24,33.46,33.24,33.1,33.36,32.99,32.94,33.32,33.19,33.37,32.99,33.15,33.19,33.19,33.19,33.15,33.46,33.49,33.37,33.66,33.2,33.2,33.04,33.36,33.27,33.19,33.86,33.61,33.91,34.18,34.08,33.96,34.01,33.61,33.62,33.74,33.19,33.41,33.04,33.1,33.24,33.27,32.94,33.19,33.04,33.12,33.02,33.12,32.82,32.9,32.82,32.06,32.09,32.11
28.04,28.34,28.98,29.19,29.35,29.4,29.64,29.69,30.09,30.16,30.41,30.66,30.53,30.98,31.03,31.49,31.44,31.4,31.35,31.35,31.56,31.98,31.91,32.11,31.94,32.36,32.48,32.28,31.81,31.47,31.4,31.27,31.66,31.86,31.91,31.64,31.64,31.77,32.01,32.23,32.06,32.26,31.91,31.86,31.64,31.52,31.66,31.47,31.74,31.64,31.61,31.83,32.01,31.61,32.03,31.98,31.69,32.01,31.74,32.01,31.91,31.86,31.94,32.03,32.06,32.2,31.83,31.64,31.57,31.35,31.1,31.24,30.98,31.1,30.7,30.92,30.9,30.87,31.02,30.9,31.15,31.07,31.32,31.69,31.61,31.57,31.81,31.94,31.98,32.28,32.28,32.45,32.7,32.87,32.95,32.95,33.12,32.85,33.02,32.87,32.87,33.07,33.12,33.19,33.12,33.1,33.49,33.29,33.29,33.15,33.15,33.37,33.1,33.27,33.41,33.29,33.07,33.2,33.04,33.19,33.2,33.02,33.62,33.57,33.62,33.54,33.54,33.29,33.24,33.36,32.95,33.24,33.62,33.86,34.04,34.26,34.35,33.96,33.79,33.62,33.29,33.27,33.27,33.07,33.46,33.12,33.19,32.94,32.94,33.07,33.19,32.87,32.95,33.04,33.02,32.78,32.57,32.48,31.94,31.64
25.33,27.72,28.71,28.66,29.15,29.2,29.59,29.69,29.77,30.13,30.09,30.36,30.65,30.83,30.92,31.19,31.29,31.44,31.4,31.56,31.81,31.86,32.11,31.77,32.14,32.18,32.4,32.48,32.03,31.47,31.4,31.44,31.83,31.69,31.89,31.69,31.77,31.83,32.03,31.91,31.83,32.23,31.91,32.01,31.83,31.81,31.74,31.69,31.47,31.77,31.47,31.77,31.89,31.94,31.91,31.91,31.83,31.77,31.83,31.94,32.06,31.77,31.91,32.14,32.14,32.09,31.56,31.47,31.72,31.39,30.92,31.12,30.92,31.07,31.07,30.7,30.92,30.73,30.92,31.1,30.98,31.24,31.4,31.72,31.57,31.35,32.03,31.74,31.94,32.35,32.18,32.45,32.57,32.77,32.87,32.78,32.94,33.07,33.1,32.85,32.94,33.24,33.2,33.29,33.19,33.36,33.2,33.44,33.2,33.29,33.07,33.15,33.44,32.99,33.07,33.29,33.15,33.24,33.27,32.99,33.46,33.36,33.54,33.54,33.57,33.57,33.41,33.41,33.15,33.27,33.15,33.29,33.44,33.91,33.78,33.91,33.79,33.83,33.62,33.52,33.62,33.29,33.44,33.37,33.49,32.9,33.15,33.07,33.2,32.65,32.85,32.94,32.78,32.85,32.95,32.31,32.36,32.14,31.77,31.49
23.08,24.86,27.4,28.6,28.8,29.08,29.39,29.49,29.87,30.18,30.29,30.58,30.55,30.92,30.98,31.19,31.35,31.24,31.56,31.56,31.77,31.77,31.94,31.86,32.06,32.23,32.18,32.2,31.64,31.4,31.56,31.47,31.83,31.72,31.83,31.57,31.49,31.89,31.81,31.77,32.26,32.35,31.81,31.64,31.94,31.77,31.61,31.52,31.64,31.52,31.74,31.83,31.74,31.64,31.94,31.72,32.14,31.91,31.89,31.86,32.09,31.89,31.77,31.74,32.01,31.89,31.91,31.61,31.35,31.15,31.02,31.19,30.82,31.15,30.78,30.75,30.95,31.02,30.95,31.03,31.03,31.35,31.4,31.47,31.61,31.56,31.66,31.81,32.06,32.11,32.14,32.4,32.45,32.57,32.62,32.62,32.77,32.78,32.78,32.9,33.02,33.12,33.15,33.12,33.37,33.12,33.29,33.44,33.29,33.24,33.19,33.24,33.32,33.2,33.19,33.15,33.15,33.1,33.32,33.2,33.1,33.27,33.71,33.37,33.1,33.29,33.24,33.46,33.24,33.07,33.2,33.36,33.62,34.04,34.1,34.1,33.99,34.35,33.83,33.52,33.37,33.36,33.37,33.12,33.1,33.12,33.12,33.15,33.2,33.07,32.94,32.85,32.78,33.02,32.53,32.6,32.2,31.89,31.86,31.39
22.21,22.81,24.48,27.23,28.24,28.75,28.88,29.2,29.76,30.13,29.93,30.36,30.46,30.7,30.82,31.4,31.12,31.52,31.19,31.47,31.4,31.72,32.03,32.03,32.06,32.11,32.45,31.98,31.66,31.32,31.52,31.64,31.77,31.98,31.74,31.56,31.52,31.66,31.61,31.77,31.89,32.26,31.91,32.03,31.83,31.72,31.52,31.89,31.91,31.72,31.69,31.44,31.74,31.89,31.86,31.86,32.01,32.09,31.83,31.98,31.81,32.01,31.86,31.64,32.01,31.94,32.01,31.61,31.56,31.15,31.27,31.03,31.02,31.03,30.78,30.78,31.15,31.27,31.07,30.87,31.39,31.2,31.32,31.74,31.49,31.86,31.83,31.72,31.77,32.14,32.28,32.23,32.45,32.36,32.65,32.53,32.7,32.7,32.82,33.02,32.73,32.95,33.07,33.24,33.1,33.24,33.27,33.36,33.07,33.2,33.36,33.27,33.2,33.04,33.27,33.07,33.12,32.95,32.94,33.2,32.94,33.24,33.36,33.15,33.32,33.29,33.29,33.61,33.37,33.32,33.12,33.49,33.44,34.13,33.96,34.13,34.33,34.16,33.91,33.78,33.61,33.37,33.54,33.46,33.07,33.29,33.04,33.44,32.82,32.87,32.87,32.82,32.94,32.73,32.4,32.26,32.14,32.03,31.52,31.52
22.12,22.66,22.81,24.33,26.68,28.16,28.75,29.03,29.39,29.61,29.89,30.24,30.55,30.58,30.87,31.07,31.15,31.4,31.29,31.49,31.57,31.77,31.98,31.72,32.14,32.28,32.14,31.86,31.52,31.35,31.44,31.61,31.69,31.89,31.47,31.57,31.86,31.66,31.64,31.69,31.81,32.28,31.74,31.98,31.86,31.86,31.91,31.72,31.94,31.66,32.06,31.61,31.77,31.77,31.86,31.91,31.86,31.66,31.89,32.01,31.81,31.86,31.98,32.01,31.74,31.81,31.74,31.61,31.49,31.07,31.02,31.2,30.75,30.66,30.82,30.9,30.65,31.15,31.15,31.35,30.98,31.35,31.4,31.39,31.39,31.74,31.57,31.56,31.81,31.72,31.91,32.03,32.43,32.45,32.65,32.6,32.53,32.57,32.6,32.73,32.68,33.15,32.94,33.02,32.85,33.15,33.44,33.44,33.32,33.27,33.29,33.12,33.29,32.95,32.99,32.82,33.04,33.15,32.99,32.95,32.82,32.82,33.12,33.2,33.02,33.12,33.24,33.04,33.66,33.29,33.36,33.41,33.78,33.86,34.18,34.33,34.33,33.91,33.83,33.88,33.41,33.41,33.54,33.19,33.29,33.15,33.29,32.9,32.77,33.07,32.73,32.68,32.68,32.7,32.62,32.28,32.18,31.49,31.32,30.73
21.9,22.29,22.61,22.81,23.75,26.14,27.76,28.71,29.27,29.61,29.61,29.84,30.41,30.61,30.61,30.92,31.35,31.61,31.47,31.61,31.91,31.77,31.77,31.74,32.09,32.14,32.06,32.11,31.56,31.4,31.49,31.57,31.89,31.72,31.47,31.49,31.69,31.47,31.74,31.98,32.03,32.28,32.03,31.83,31.72,31.64,31.61,31.74,31.89,31.69,31.74,31.74,31.64,31.66,31.64,31.86,31.89,31.72,31.61,31.91,31.72,31.66,31.86,31.72,31.61,31.77,31.64,31.35,31.35,31.1,31.07,30.83,31.03,30.65,31.02,31.27,30.95,31.12,30.82,31.1,31.4,31.12,31.39,31.4,31.44,31.4,31.56,31.4,31.72,31.86,31.94,31.86,32.14,32.18,32.11,32.03,32.7,32.53,32.78,32.7,32.82,32.9,32.9,32.95,32.73,33.19,33.15,33.32,33.36,33.32,33.12,33.1,32.99,33.04,32.77,32.95,32.9,33.07,33.02,32.99,32.94,32.57,33.07,33.02,33.1,33.02,33.12,32.99,33.19,33.24,33.32,33.44,33.62,33.79,34.18,34.13,33.99,33.83,33.71,33.54,33.57,33.44,33.29,33.32,33.29,33.1,33.24,32.87,32.87,32.85,33.02,32.82,32.4,32.65,32.35,32.11,31.91,31.72,31.2,30.5
21.8,21.99,21.94,22.61,22.32,23.06,24.93,27.23,28.48,29.24,29.56,29.64,29.96,30.53,30.78,31.1,30.98,31.27,31.4,31.72,31.98,31.98,31.69,31.74,32.01,32.4,32.06,31.56,31.57,31.12,31.52,31.61,31.52,31.49,31.61,31.29,31.52,31.49,31.77,31.83,31.72,32.03,31.66,31.86,31.61,31.64,31.81,31.57,31.86,31.74,31.91,31.61,31.52,31.81,31.74,31.61,31.89,31.77,31.57,31.81,31.56,31.91,31.81,31.72,31.74,31.64,31.39,31.15,31.24,31.03,30.9,31.1,30.82,31.02,30.75,31.02,31.15,31.03,31.2,31.15,30.87,31.39,31.52,31.39,31.52,31.27,31.29,31.72,31.66,31.86,31.74,31.91,31.77,32.11,31.89,32.03,32.03,32.45,32.4,32.51,32.48,32.57,32.62,32.73,32.48,33.02,33.29,33.46,33.27,33.19,33.44,33.44,33.24,32.87,33.02,32.82,32.95,32.73,32.95,32.94,33.2,32.77,32.73,32.78,32.9,32.78,33.07,33.04,33.15,33.57,33.41,33.49,33.69,34.08,34.18,33.99,34.04,34.13,33.66,33.57,33.61,33.2,33.41,33.24,33.46,33.32,33.32,33.15,32.82,33.07,32.6,32.45,32.35,32.4,32.2,31.81,31.83,31.1,30.98,29.49
21.72,21.75,22.21,21.8,22.21,22.32,22.76,24.21,26.73,28.24,29.12,29.59,30.01,30.33,30.5,30.7,31.39,31.57,31.56,31.74,31.83,31.81,31.81,31.77,32.2,32.28,32.09,31.44,31.24,31.1,31.35,31.66,31.44,31.49,31.29,31.29,31.52,31.64,31.69,31.94,31.69,31.98,32.01,31.77,31.77,31.72,31.86,31.49,31.56,31.49,31.49,31.4,31.66,31.47,31.56,31.64,31.86,31.72,31.72,31.72,31.91,31.91,31.74,31.4,31.69,31.61,31.44,31.29,31.1,31.27,31.02,30.53,30.95,31.02,30.78,30.98,30.87,31.27,30.87,31.19,30.78,31.15,30.98,31.39,31.4,31.27,31.49,31.57,31.35,31.66,31.64,31.89,31.91,31.89,31.89,32.06,32.14,32.28,32.14,32.31,32.62,32.43,32.62,32.73,32.48,32.77,33.1,33.19,33.12,33.32,33.36,33.44,33.1,33.02,33.02,32.68,32.77,32.73,32.65,32.85,32.9,32.78,32.95,32.73,32.82,32.95,32.87,33.02,33.04,33.24,33.37,33.29,33.44,33.71,33.88,34.55,34.01,34.04,33.69,33.66,33.54,33.41,33.62,33.41,33.12,33.04,32.9,33.04,32.73,32.78,32.82,32.45,32.35,32.35,32.03,31.98,31.49,30.78,29.77,27.52
21.72,22.02,21.87,22.27,22.12,22.14,22.58,22.73,23.69,26.34,28.14,29.24,29.69,30.08,30.33,30.53,31.19,31.15,31.77,31.89,31.77,31.77,31.49,31.89,32.03,32.35,32.01,31.35,31.15,31.24,31.52,31.52,31.32,31.19,31.47,31.29,31.44,31.29,31.69,31.83,31.74,31.81,31.89,31.69,31.39,31.35,31.69,31.57,31.49,31.44,31.57,31.57,31.52,31.61,31.66,31.64,31.72,31.66,31.72,31.49,31.89,31.69,31.83,31.69,31.49,31.4,31.12,31.32,30.95,30.87,31.03,31.1,30.98,31.02,31.1,30.95,30.87,31.07,30.82,31.03,31.02,31.24,31.27,31.15,31.12,31.32,31.1,31.69,31.44,31.77,31.49,31.74,31.69,31.64,31.91,31.94,32.14,32.2,32.31,32.31,32.45,32.51,32.51,32.45,32.68,32.82,33.02,33.04,33.36,33.24,33.2,33.24,32.95,32.87,33.07,33.07,32.9,32.65,32.7,32.9,32.78,32.62,32.87,32.77,32.82,32.73,33.02,32.95,33.15,33.12,33.27,33.24,33.46,33.74,33.96,34.13,33.93,33.86,33.88,33.69,33.44,33.2,33.44,33.54,33.46,33.27,33.07,32.95,33.12,32.87,32.53,32.53,32.23,31.94,31.81,31.27,30.95,30.45,28.11,24.83
21.6,21.94,21.95,22.02,21.99,22.12,22.14,22.12,22.61,23.38,25.79,28.31,29.03,29.64,29.96,30.5,30.82,30.92,31.32,31.83,32.2,31.86,31.77,31.74,32.28,32.35,32.01,31.32,31.2,31.19,31.49,31.72,31.52,31.35,31.44,31.39,31.69,31.69,31.77,31.64,31.86,31.91,31.77,31.91,31.52,31.74,31.49,31.66,31.49,31.52,31.83,32.03,31.89,31.47,31.74,31.66,31.77,31.49,31.81,31.66,31.69,31.52,31.49,31.57,31.39,31.47,31.24,30.95,31.07,31.03,31.02,31.02,31.07,30.83,30.98,31.03,30.9,30.83,31.39,31.12,31.12,31.44,31.4,31.24,31.52,31.2,31.19,31.39,31.49,31.56,31.52,31.49,31.44,31.81,31.91,31.91,32.28,31.89,32.28,32.4,32.51,32.62,32.6,32.43,32.82,32.7,33.15,33.02,33.02,32.95,33.07,33.27,33.19,32.95,33.07,32.87,33.27,32.77,32.87,32.94,32.87,32.73,32.65,32.94,32.78,32.82,32.94,32.94,33.37,33.04,33.24,33.46,33.54,33.74,33.78,33.78,33.86,33.62,33.69,33.49,33.66,33.41,33.29,33.37,33.41,33.32,32.95,32.99,32.9,32.65,32.62,32.26,32.06,31.74,31.52,31.19,30.36,28.31,24.93,23.48
21.43,21.75,21.9,21.9,21.95,22.06,22.09,22.14,22.29,22.36,23.23,24.9,27.67,29.07,29.52,30.08,30.65,30.73,31.2,31.44,31.89,31.52,31.64,31.64,32.06,32.43,31.81,31.07,31.24,31.32,31.47,31.47,31.44,31.44,31.57,31.4,31.39,31.57,31.74,31.61,31.72,31.66,31.66,31.52,31.52,31.69,31.57,31.57,31.61,31.66,31.49,31.83,31.66,31.77,31.86,31.66,31.4,31.57,31.56,31.4,31.83,31.32,31.19,31.44,31.27,31.1,31.02,30.98,31.15,31.1,30.87,30.66,31.02,30.73,30.73,30.98,30.87,30.87,30.9,31.02,31.02,31.1,31.07,31.44,31.12,31.29,31.44,31.39,31.57,31.44,31.49,31.44,31.86,31.69,31.72,31.91,32.01,32.18,32.09,32.03,32.28,32.48,32.65,32.4,32.6,32.78,32.95,32.87,33.02,33.1,33.02,33.2,32.82,32.95,32.99,32.77,32.95,32.68,32.7,32.65,32.65,32.68,32.78,32.73,32.82,32.73,33.19,32.9,33.15,32.94,33.37,33.12,33.37,33.69,33.61,33.91,33.83,33.88,33.52,33.32,33.44,33.61,33.29,33.2,33.1,33.12,32.78,32.85,32.77,32.31,32.28,31.86,31.89,31.66,31.4,30.24,28.8,25.28,23.42,22.93
21.38,21.8,21.62,21.62,21.94,22.09,22.02,21.84,22.21,22.27,22.06,22.69,24.29,27.4,29.07,29.61,29.96,30.55,30.83,31.35,31.81,31.49,31.52,31.77,32.01,31.89,31.44,31.29,31.2,31.24,31.66,31.4,31.64,31.39,31.47,31.49,31.66,31.49,31.64,31.57,31.69,31.74,31.77,31.66,31.64,31.56,31.61,31.57,31.39,31.64,31.81,32.03,31.81,31.64,31.69,31.49,31.47,31.72,31.77,31.69,31.47,31.27,31.2,31.2,31.02,31.12,31.03,31.12,30.87,30.92,30.66,30.92,30.9,30.95,30.83,30.98,31.07,30.92,31.2,31.12,31.35,31.32,31.39,31.27,31.32,31.57,31.39,31.29,31.47,31.44,31.72,31.49,31.57,31.74,31.83,31.91,31.91,31.98,32.18,32.14,32.11,32.23,32.62,32.78,32.77,32.85,32.9,32.94,32.82,33.2,33.2,33.2,33.1,32.82,33.02,32.94,32.7,32.77,32.85,32.77,32.73,32.87,32.78,32.78,32.73,32.94,32.94,32.85,32.95,33.15,33.1,33.41,33.57,33.29,33.54,33.79,33.32,33.83,33.96,33.71,33.15,33.24,33.15,33.02,33.19,33.54,33.19,32.85,32.35,32.65,32.28,31.91,31.69,30.98,30.55,28.98,25.75,23.67,23.08,22.63
21.43,21.94,21.8,21.5,21.53,21.8,21.84,21.62,22.02,22.48,22.29,22.29,22.76,23.99,26.81,29.03,29.87,30.36,30.75,31.27,31.61,31.02,31.44,31.74,32.11,32.03,31.47,31.03,31.19,31.2,31.49,31.52,31.57,31.32,31.35,31.35,31.4,31.74,31.69,31.72,31.61,31.91,31.44,31.72,31.72,31.39,31.57,31.72,31.4,31.72,31.77,31.83,31.69,31.66,31.72,31.64,31.44,31.57,31.56,31.61,31.52,31.44,31.27,31.27,31.2,31.15,30.98,30.95,30.87,31.12,31.12,30.98,30.87,30.95,31.07,31.07,31.2,31.52,31.07,31.47,31.15,31.29,31.49,31.39,31.27,31.27,31.4,31.24,31.39,31.56,31.4,31.81,31.81,31.66,31.89,31.77,32.2,32.03,32.18,32.03,32.28,32.62,32.45,32.68,32.68,32.95,33.2,32.87,33.07,33.19,32.9,32.94,32.99,32.78,33.02,32.85,32.95,32.7,32.82,32.78,32.78,32.95,32.87,32.87,32.78,32.95,33.1,33.04,33.27,33.27,33.29,33.1,33.29,33.49,33.52,33.37,33.78,33.79,33.78,33.52,33.44,33.07,33.12,33.24,33.29,32.9,32.7,32.48,32.43,32.11,31.89,31.94,31.44,30.73,29.2,25.57,23.38,22.93,22.73,22.51
21.65,21.32,21.2,21.99,21.69,21.84,21.75,22.12,22.06,22.06,22.02,22.21,22.17,22.76,23.69,25.94,28.66,29.72,30.46,31.12,31.29,31.35,31.35,32.03,32.14,32.18,31.47,31.1,31.32,31.35,31.32,31.49,31.56,31.47,31.66,31.44,31.49,31.44,31.47,31.49,31.69,31.49,31.61,31.64,31.72,31.66,31.57,31.74,31.61,31.61,31.57,31.52,31.49,31.64,31.64,31.49,31.77,31.39,31.2,31.66,31.29,31.47,31.32,31.24,31.02,30.87,31.03,31.27,30.73,30.83,30.82,30.78,31.07,30.82,31.02,31.12,31.15,31.15,31.39,31.27,31.29,31.52,31.61,31.57,31.47,31.44,31.4,31.64,31.49,31.91,31.81,31.74,31.86,31.94,31.81,31.94,32.26,32.18,32.06,32.31,32.31,32.57,32.4,32.7,32.48,33.07,33.02,32.73,33.1,32.9,32.94,33.2,32.85,32.99,32.94,32.6,32.94,32.9,33.02,32.87,33.04,32.82,33.04,32.73,32.9,32.73,32.57,33.04,33.12,32.94,33.07,33.52,33.32,33.32,33.49,33.29,33.74,33.62,33.71,33.41,33.15,33.07,33.04,32.94,32.82,33.07,32.73,32.62,32.28,32.26,32.14,31.29,30.66,29.35,25.91,23.6,23.06,22.54,22.61,22.54
21.35,21.62,21.47,21.42,21.69,21.6,22.12,21.79,21.99,22.09,21.9,22.12,21.99,22.24,22.78,23.18,25.18,28.19,29.96,30.65,31.12,31.47,31.02,31.61,31.91,31.57,31.39,31.15,31.24,31.66,31.52,31.49,31.4,31.66,31.52,31.69,31.4,31.35,31.69,31.47,31.52,31.44,31.72,31.66,31.69,31.49,31.56,31.35,31.57,31.57,31.56,31.47,31.81,31.61,31.56,31.47,31.39,31.77,31.47,31.47,31.44,31.24,31.12,31.15,30.95,31.19,31.03,30.82,30.98,30.9,30.87,31.2,31.19,31.12,31.12,31.24,31.02,31.47,31.32,31.81,31.56,31.47,31.89,31.69,31.86,31.47,31.72,31.69,31.86,31.72,31.89,31.86,31.66,31.98,32.01,31.86,31.89,32.09,31.89,32.09,32.31,32.45,32.7,32.68,32.73,32.62,33.04,32.9,32.9,33.07,32.94,33.04,33.19,32.65,32.85,33.19,32.85,32.94,32.87,32.77,33.04,32.9,32.65,32.9,32.94,32.78,32.94,33.2,33.04,33.2,33.27,33.46,33.57,33.57,33.41,33.44,33.62,33.78,33.54,33.49,33.37,33.19,33.15,33.02,33.1,32.57,32.57,32.35,32.28,31.98,31.29,31.03,29.27,26.18,23.84,22.96,22.63,22.43,22.51,21.84
21.27,21.53,21.53,21.32,21.42,21.57,21.79,21.6,21.62,21.62,21.94,22.14,22.14,22.29,22.43,22.32,23.23,25.05,28.6,30.09,30.75,31.39,31.49,31.39,31.72,31.49,31.03,31.2,31.2,31.66,31.61,31.29,31.35,31.57,31.47,31.66,31.57,31.72,31.32,31.49,31.86,31.52,31.44,31.52,31.61,31.49,31.4,31.35,31.57,31.56,31.69,31.47,31.64,32.03,31.44,31.29,31.32,31.19,31.47,31.35,31.27,31.44,31.1,31.2,30.87,30.92,31.12,31.07,31.24,31.02,30.92,30.87,30.95,31.27,31.12,31.1,31.15,31.44,31.56,31.27,31.49,31.52,31.81,31.89,31.35,31.56,31.61,31.83,31.89,32.01,31.86,32.28,31.91,32.01,31.98,32.01,31.89,31.89,31.98,32.35,32.28,32.62,32.62,32.51,32.85,32.6,32.99,32.94,32.87,33.07,32.95,32.9,33.1,33.02,32.99,32.94,32.94,32.85,32.82,32.7,32.73,32.87,32.94,32.99,32.73,32.68,33.2,33.04,33.27,33.36,33.32,33.32,33.61,33.36,33.44,33.2,33.24,33.91,33.49,33.32,33.29,33.07,33.24,32.68,32.87,32.43,32.4,32.43,31.98,31.89,31.2,30.13,26.31,24.11,22.91,22.81,22.21,21.99,22.09,22.09
21.23,21.69,21.75,21.38,21.8,21.32,21.9,21.69,21.65,21.72,21.94,21.84,21.94,22.32,22.14,22.27,22.51,23.11,25.01,29.24,30.46,31.19,31.39,31.35,31.66,31.44,30.9,31.61,31.47,31.83,31.72,31.49,31.44,31.57,31.57,31.47,31.57,31.56,31.47,31.39,31.47,31.61,31.61,31.49,31.74,31.27,31.47,31.69,31.52,31.49,31.56,31.19,31.27,31.29,31.24,31.44,31.1,31.15,31.29,31.39,31.24,31.2,31.03,31.1,31.27,30.83,30.92,30.98,30.82,31.07,31.03,31.2,31.19,31.24,31.15,31.1,31.29,31.39,31.72,31.49,31.57,31.89,31.69,31.98,31.66,32.01,31.91,31.52,31.69,31.94,31.64,32.2,32.09,32.14,31.89,32.09,32.03,31.74,31.98,31.98,32.2,32.45,32.65,32.73,32.7,32.7,32.85,32.51,32.9,32.68,32.85,33.04,32.73,33.07,32.82,32.7,32.73,33.24,33.04,32.99,32.85,32.85,32.82,32.57,32.99,32.9,32.85,32.95,33.41,33.29,33.37,33.78,33.74,33.78,33.36,33.36,33.61,33.49,33.69,33.46,33.36,33.07,33.04,32.77,32.48,32.26,32.43,32.14,31.89,31.29,30.36,27.0,24.02,22.88,23.06,22.36,22.39,22.12,21.9,22.27
21.08,21.75,21.62,21.62,21.47,21.53,21.6,21.42,21.6,21.65,21.99,21.94,21.69,21.79,21.94,22.24,22.54,22.66,23.27,26.68,29.87,30.83,31.29,31.56,31.47,30.98,30.87,31.47,31.81,31.52,31.66,31.72,31.44,31.72,31.64,31.57,31.39,31.4,31.24,31.32,31.4,31.52,31.4,31.32,31.49,31.24,31.35,31.64,31.56,31.44,31.49,31.47,31.44,31.52,31.15,30.83,31.03,31.19,31.02,31.12,31.29,31.27,31.15,31.03,30.98,30.73,30.92,31.03,31.07,30.95,31.19,31.02,30.92,31.24,31.56,31.35,31.32,31.47,31.44,31.49,31.52,31.4,32.06,32.03,32.01,31.77,32.01,31.72,32.01,32.03,31.89,31.86,31.86,32.4,31.83,31.74,32.01,31.91,31.94,32.06,32.14,32.26,32.45,32.48,32.77,32.68,32.82,32.77,32.85,32.9,32.57,32.99,32.82,32.87,32.85,32.99,32.73,32.82,32.94,32.85,32.68,33.02,32.68,32.73,33.02,33.04,33.24,33.15,32.95,33.49,33.54,33.61,33.71,33.49,33.86,33.2,33.52,33.62,33.2,33.37,33.37,33.07,32.85,32.77,32.68,32.28,31.94,31.91,31.89,30.78,28.11,24.39,23.18,22.85,22.46,22.02,22.14,22.32,22.21,21.79
21.38,21.57,21.57,21.35,21.28,21.53,21.38,21.5,21.62,21.79,21.65,21.47,21.95,21.87,21.87,21.99,22.51,22.32,22.69,24.33,29.12,30.7,31.4,31.29,31.15,30.9,31.15,31.66,31.69,31.64,31.56,31.74,31.94,31.61,31.66,31.61,31.69,31.2,31.44,31.72,31.66,31.49,31.52,31.44,31.69,31.44,31.61,31.69,31.61,31.24,31.56,31.19,31.2,31.24,31.15,31.2,31.02,30.87,30.87,31.19,30.87,31.19,31.02,30.78,30.9,31.1,30.95,31.03,31.03,31.03,30.92,31.1,31.15,31.32,31.15,31.56,31.47,31.27,31.66,31.74,31.86,31.72,31.89,31.89,32.03,31.98,32.09,32.18,32.01,32.01,31.77,31.72,31.72,32.14,31.94,31.91,32.09,32.18,32.03,31.89,32.18,32.2,32.53,32.4,32.57,32.68,32.7,32.85,32.62,32.73,32.77,32.99,32.68,32.9,32.95,33.07,32.95,32.9,32.99,33.04,33.02,32.9,32.9,33.07,33.04,32.95,33.15,33.49,33.54,33.41,33.88,34.13,33.88,33.79,33.36,33.46,33.46,33.37,33.69,33.62,33.52,33.02,33.02,32.36,32.35,32.09,32.18,31.64,31.39,29.39,25.7,23.6,22.85,22.48,22.36,22.27,22.02,22.02,21.75,21.79
21.2,21.47,21.35,21.42,21.62,21.65,21.53,21.43,21.72,21.57,21.75,21.6,21.75,21.72,21.9,21.79,21.99,22.39,22.78,23.6,28.11,30.53,31.32,31.24,30.83,31.03,31.27,31.56,31.77,31.52,31.47,31.66,31.61,31.52,31.4,31.47,31.44,31.52,31.49,31.35,31.29,31.61,31.35,31.61,31.64,31.47,31.47,31.47,31.4,31.57,31.44,31.24,31.29,31.32,31.12,30.78,30.73,30.82,30.92,30.83,30.98,30.82,30.83,31.12,31.07,31.07,31.1,31.1,31.24,31.07,31.19,31.66,31.07,31.2,31.24,31.32,31.27,31.35,31.61,31.83,31.69,31.72,31.94,31.91,31.86,32.06,31.91,31.89,31.74,31.98,31.91,31.98,31.89,31.86,31.77,31.77,31.89,31.91,31.89,32.23,32.14,32.18,32.4,32.62,32.68,32.68,32.7,32.68,32.9,32.85,32.78,33.04,32.77,32.9,33.12,32.94,33.12,32.99,33.04,32.95,33.02,32.78,32.73,32.95,32.95,33.24,33.2,33.37,33.49,33.96,33.79,33.49,33.86,33.78,33.66,33.37,33.41,33.52,33.46,33.52,33.54,33.37,32.87,32.68,32.45,31.94,31.86,31.52,30.5,27.2,23.99,23.0,22.78,22.29,22.06,22.24,22.14,22.02,21.99,22.06
21.47,21.69,21.43,21.38,21.6,21.5,21.62,21.84,21.84,21.53,21.69,21.69,21.69,21.72,21.99,22.32,21.99,22.32,22.85,23.15,27.79,30.53,31.02,30.87,30.83,31.07,31.24,31.57,31.69,31.56,31.56,31.44,31.81,31.66,31.64,31.56,31.47,31.2,31.49,31.12,31.39,31.29,31.44,31.57,31.64,31.64,31.39,31.27,31.66,31.69,31.35,31.2,31.1,31.2,30.95,30.78,30.98,30.9,30.92,30.82,30.95,31.1,31.02,30.92,31.03,30.98,31.1,31.07,31.12,30.92,31.02,31.1,31.27,31.24,31.29,31.52,31.47,31.4,31.66,31.52,31.94,31.91,32.11,32.11,32.03,32.09,32.2,32.01,31.94,32.11,31.86,31.91,32.03,31.81,31.94,32.2,32.14,32.01,32.06,32.11,32.28,32.35,32.36,32.68,32.77,32.7,32.68,32.77,33.12,32.99,32.85,32.95,33.15,33.2,33.02,33.24,33.07,32.99,33.04,33.02,32.99,32.68,32.87,33.19,33.07,33.15,33.19,33.44,33.57,34.08,33.93,33.74,33.71,33.86,33.74,33.46,33.27,33.44,33.49,33.36,33.32,33.49,33.04,32.43,32.26,31.98,31.86,31.2,29.69,25.18,23.23,22.93,22.54,22.29,22.32,21.8,22.09,21.72,21.84,21.95
21.47,21.16,21.57,21.53,21.53,21.69,21.84,21.47,21.62,21.69,21.47,21.75,21.62,21.87,22.06,21.65,21.9,22.39,22.69,23.0,27.2,30.08,30.83,31.29,30.92,31.2,30.92,31.35,31.64,31.61,31.66,32.01,31.83,31.91,31.56,31.64,31.74,31.47,31.39,31.61,31.52,31.29,31.49,31.49,31.72,31.66,31.47,31.69,31.66,31.29,31.24,31.19,30.87,30.92,31.03,30.75,30.9,30.82,30.95,30.87,30.58,30.73,30.98,30.92,30.87,31.15,31.03,31.32,31.39,31.15,31.19,31.56,31.35,31.49,31.47,31.44,31.56,31.64,31.66,32.01,31.77,31.81,32.01,32.11,32.28,32.14,32.31,31.86,32.11,32.03,31.89,31.91,31.56,32.01,32.01,32.23,32.18,32.09,32.09,32.14,32.48,32.57,32.57,32.48,32.68,32.82,32.94,32.95,33.02,33.1,32.94,33.12,33.32,33.24,33.2,33.15,32.95,33.07,32.99,32.9,32.78,33.15,33.19,33.32,33.52,33.29,33.41,33.83,33.78,33.96,33.69,33.74,33.83,33.71,33.66,33.66,33.37,33.02,33.57,33.1,33.15,33.19,32.68,32.57,32.26,31.94,31.52,31.03,27.81,24.26,23.11,22.54,22.36,22.58,22.21,21.99,21.8,22.09,21.84,21.9
21.43,21.47,21.65,21.65,21.87,21.43,21.28,21.35,21.23,21.72,21.57,21.42,21.62,21.84,21.65,21.84,22.06,22.29,22.43,22.81,26.65,30.01,30.95,30.66,30.82,31.02,31.29,31.56,31.39,31.4,31.61,31.72,31.29,31.56,31.72,31.57,31.27,31.57,31.27,31.52,31.39,31.57,31.39,31.74,31.66,31.72,31.49,31.35,31.56,31.07,31.29,31.03,31.1,31.03,30.75,31.19,30.73,30.73,30.75,30.9,30.66,30.58,30.9,30.7,31.07,30.9,30.87,31.24,31.15,31.2,31.2,31.29,31.19,31.44,31.57,31.64,31.77,31.77,31.61,31.72,32.06,31.98,31.94,32.11,31.81,32.14,32.01,32.11,32.01,31.89,31.98,32.23,31.91,32.09,31.89,32.06,32.35,31.86,32.26,32.18,32.35,32.68,32.51,32.6,32.73,32.85,33.02,33.04,33.1,33.12,32.99,33.04,33.19,33.07,33.19,33.04,33.19,33.2,33.24,33.12,33.04,32.9,33.04,33.52,33.37,33.44,33.78,33.66,33.96,33.74,33.88,33.62,33.46,33.66,33.91,33.83,33.02,32.9,33.24,33.15,33.15,32.99,32.99,32.26,32.45,31.61,31.47,30.09,25.64,23.64,22.91,22.51,22.61,22.32,22.17,22.02,22.14,21.95,21.57,21.84
21.42,21.72,21.57,21.72,21.5,21.65,21.35,21.6,21.5,21.53,21.79,21.87,21.47,21.65,21.99,21.79,21.8,22.21,22.39,22.76,25.82,29.89,30.55,30.61,30.83,31.12,31.07,31.4,31.32,31.4,31.49,31.66,31.91,31.72,31.32,31.56,31.61,31.52,31.57,31.47,31.72,31.64,31.69,31.29,31.56,31.66,31.4,31.44,31.29,31.15,31.19,31.27,31.02,31.07,30.7,30.75,31.02,30.9,30.75,30.75,30.82,30.53,30.82,31.07,31.02,30.98,31.29,31.24,30.98,31.56,31.32,31.12,31.32,31.49,31.49,31.56,31.61,31.69,32.03,31.98,31.83,31.91,31.81,32.31,31.89,32.35,32.2,32.28,32.09,31.98,32.06,32.23,31.89,31.98,31.98,31.83,31.91,32.14,32.35,32.28,32.28,32.45,32.73,32.82,32.82,32.78,32.94,32.73,32.9,33.24,33.19,33.29,32.99,33.27,33.37,33.32,33.07,33.36,33.37,33.37,33.32,33.19,33.29,33.15,33.07,33.61,33.78,33.86,33.74,33.86,34.01,33.86,33.46,33.36,33.32,33.69,33.52,33.02,33.2,33.29,33.32,32.9,32.7,32.51,32.4,31.86,31.39,28.75,24.53,23.18,22.81,22.32,22.36,22.48,22.17,21.87,22.14,21.84,21.84,21.6
21.47,21.6,21.28,21.5,21.62,21.5,21.5,21.35,21.38,21.72,21.62,21.69,21.62,21.79,21.84,21.53,22.17,22.09,22.27,22.63,25.1,29.72,30.55,30.5,30.78,30.95,31.07,31.44,31.35,31.4,31.57,31.83,31.69,31.32,31.61,31.74,31.81,31.49,31.61,31.52,31.47,31.64,31.56,31.66,31.52,31.39,31.47,31.47,31.32,30.9,31.29,31.15,30.9,30.92,30.95,30.61,30.61,30.61,30.66,30.61,31.12,30.78,30.82,31.03,30.83,31.03,31.07,31.4,31.29,31.44,31.29,31.44,31.39,31.27,31.61,31.57,31.57,31.77,31.61,31.77,31.77,31.94,32.09,31.91,32.23,32.14,32.11,32.18,31.89,32.06,31.89,31.94,32.11,32.23,31.91,32.03,32.53,32.2,32.4,32.48,32.28,32.4,32.85,32.73,32.99,32.85,32.85,33.27,33.07,32.95,33.15,33.24,33.15,33.32,33.2,33.46,33.32,33.19,33.37,33.27,33.36,33.49,33.44,33.32,33.52,33.49,33.61,33.62,34.04,33.79,33.57,33.86,33.2,33.54,33.66,33.61,33.78,33.54,33.2,33.1,33.27,32.65,32.36,32.53,32.36,31.57,30.98,27.47,24.02,23.11,22.58,22.29,22.29,22.24,22.27,21.87,22.02,21.94,21.79,21.69
21.42,21.5,21.23,21.38,21.47,21.2,21.5,21.35,21.23,21.38,21.69,21.47,21.57,21.75,21.9,21.62,21.99,22.29,21.95,22.78,24.17,29.0,30.36,30.61,30.7,30.82,31.39,31.19,31.07,31.44,31.47,31.49,31.86,31.94,31.29,31.56,31.39,31.56,31.57,31.47,31.83,31.69,31.94,31.32,31.56,31.66,31.72,31.29,31.1,31.02,30.75,31.07,30.7,30.53,30.73,30.58,30.41,30.61,30.58,30.82,31.15,30.78,30.78,30.7,31.07,30.98,31.1,31.07,31.39,31.35,31.35,31.35,31.19,31.4,31.77,31.86,32.01,31.56,31.72,32.03,31.77,32.09,32.01,32.14,32.03,31.98,32.09,32.11,32.03,31.83,31.83,32.23,32.11,32.18,32.18,32.18,32.35,32.01,32.35,32.26,32.36,32.36,32.65,32.85,32.77,33.07,33.15,32.85,33.04,33.27,33.29,33.32,33.24,33.54,33.29,33.36,33.36,33.29,33.32,33.04,33.49,33.29,33.29,33.07,33.49,33.61,33.79,33.57,34.04,34.04,33.66,33.79,33.29,33.49,33.52,33.57,33.44,33.52,32.95,33.12,33.07,32.53,32.4,32.18,32.06,31.56,30.16,25.84,23.33,22.81,23.03,22.27,22.12,22.27,21.72,21.9,21.95,22.02,21.72,21.6
21.35,21.65,21.32,21.35,21.13,21.38,21.53,21.27,21.42,21.72,21.47,21.84,21.38,21.47,21.84,21.87,21.99,21.99,22.14,22.46,23.38,28.11,30.01,30.7,30.58,30.78,31.2,31.44,31.24,31.4,31.49,31.52,31.69,31.69,31.72,31.44,31.69,31.4,31.61,31.69,31.83,31.66,31.66,31.83,31.47,31.52,31.47,31.35,31.29,30.61,31.02,30.87,30.5,30.61,30.78,30.55,30.61,30.55,30.75,30.53,30.7,30.98,31.15,30.87,31.03,31.03,31.03,31.15,31.29,31.47,31.27,31.39,31.49,31.56,31.74,31.81,31.72,31.66,31.77,31.98,31.91,31.81,32.09,31.94,32.14,32.06,31.81,31.94,31.89,32.14,31.98,32.14,31.83,32.35,32.26,32.18,32.6,32.28,32.2,32.43,32.57,32.43,32.7,32.82,32.87,33.1,33.15,32.99,33.12,33.27,33.41,33.1,33.41,33.36,33.32,33.37,33.41,33.15,33.36,33.27,33.41,33.32,33.32,33.49,33.66,33.74,33.79,33.69,33.96,34.01,33.62,33.41,33.49,33.36,33.52,33.32,33.61,33.57,33.12,32.87,32.95,32.68,32.53,32.18,31.91,31.49,29.12,24.95,23.33,22.91,22.58,22.14,21.99,21.99,21.87,21.9,21.5,21.72,21.99,21.9
21.32,21.72,21.47,21.65,21.42,21.2,21.28,21.43,21.65,21.8,21.27,21.6,21.69,21.8,21.57,21.8,22.12,21.9,22.27,22.46,23.06,27.4,29.84,30.55,30.55,30.92,31.03,31.35,31.4,31.1,31.4,31.64,31.64,31.39,31.77,31.98,31.72,31.66,31.64,31.77,31.69,31.61,31.89,31.61,31.86,31.49,31.35,31.29,31.03,30.83,30.66,30.66,30.73,30.83,30.7,30.61,30.7,30.82,31.15,30.82,30.83,30.83,31.1,31.15,31.07,31.24,31.27,31.2,31.24,31.57,31.61,31.57,31.86,31.81,31.83,31.72,31.64,32.03,31.81,31.77,32.11,31.98,31.98,31.98,31.86,32.11,32.01,32.23,32.01,32.36,32.2,32.23,32.26,32.26,32.11,32.36,32.43,32.53,32.62,32.68,32.53,32.7,32.85,32.68,32.99,33.19,33.32,33.44,33.36,33.36,33.27,33.24,33.49,33.37,33.27,33.32,33.41,33.66,33.57,33.41,33.69,33.27,33.57,33.57,33.69,33.79,33.74,33.74,33.88,33.79,33.83,33.57,33.37,33.44,33.41,33.46,33.78,33.54,33.44,33.1,32.7,32.9,32.31,32.53,32.01,31.35,27.92,24.09,23.23,22.36,22.48,22.24,22.21,22.17,21.94,22.17,22.09,21.8,21.9,21.8
21.5,21.43,21.5,21.47,21.6,21.28,21.47,21.32,21.5,21.53,21.38,21.72,21.6,21.6,21.8,21.99,21.95,22.46,22.24,22.48,22.91,26.61,29.59,30.45,30.36,30.98,31.07,31.27,31.15,31.2,31.64,31.44,31.56,31.61,31.72,31.66,31.4,31.57,31.52,31.86,31.81,31.69,31.64,31.61,31.74,31.52,31.19,30.87,30.83,30.78,31.02,30.7,30.65,30.45,30.7,30.45,30.55,30.75,30.65,30.61,30.73,31.07,30.95,31.02,31.03,31.2,31.2,31.52,31.4,31.57,31.72,31.81,32.11,31.61,31.72,31.98,31.83,31.72,32.14,31.89,32.31,31.89,31.86,32.03,31.81,32.09,32.03,32.03,31.81,32.14,32.14,32.09,32.14,32.26,32.43,32.48,32.4,32.57,32.53,32.45,32.85,32.6,32.77,33.07,32.65,33.24,33.24,33.37,33.29,33.46,33.04,33.37,33.46,33.15,33.27,33.49,33.27,33.41,33.29,33.41,33.69,33.37,33.57,33.69,33.57,33.29,33.52,33.91,34.25,33.96,33.91,33.91,33.66,33.54,33.57,33.54,33.74,33.36,32.94,32.6,33.02,32.85,32.4,32.11,32.01,30.82,26.49,23.87,22.85,22.73,22.29,22.17,22.06,22.06,22.21,21.9,21.94,21.9,21.87,21.9
21.23,21.65,21.38,21.8,21.53,21.47,21.35,21.53,21.6,21.57,21.79,21.75,21.79,21.57,21.69,21.94,21.94,21.84,22.06,22.39,22.96,26.29,30.08,30.24,30.53,30.83,30.92,31.1,31.27,31.44,31.24,31.52,31.35,31.74,31.64,31.69,31.69,31.66,31.61,31.64,31.83,31.74,31.72,31.69,31.64,31.35,31.24,31.32,30.9,30.82,30.53,30.78,30.55,30.61,30.65,30.9,30.45,30.78,30.65,30.78,30.98,31.1,31.07,31.12,31.19,31.39,31.4,31.57,31.32,31.72,31.77,31.91,31.77,31.91,31.77,31.83,31.94,31.91,32.03,31.94,32.01,31.89,31.98,32.28,32.14,31.83,32.01,32.14,32.06,32.2,32.03,32.28,32.03,32.43,32.23,32.35,32.9,32.77,32.53,32.78,32.9,32.78,32.95,32.87,32.9,33.19,33.2,33.2,33.36,33.46,33.1,33.24,33.2,33.32,33.46,33.41,33.61,33.49,33.62,33.61,33.61,33.52,33.66,33.57,33.61,33.71,33.74,33.88,33.96,33.61,34.01,34.1,33.61,33.66,33.57,33.79,33.79,33.57,33.44,33.04,32.62,32.35,32.36,32.14,31.56,30.33,25.49,23.6,22.93,22.81,22.27,21.94,22.12,22.06,22.14,21.69,22.14,21.57,22.14,21.94
21.28,21.62,21.5,21.42,21.38,21.53,21.43,21.13,21.2,21.42,21.38,21.72,21.75,21.53,21.72,21.75,22.14,21.95,21.9,22.46,22.76,25.75,29.64,30.18,30.73,30.92,31.27,31.29,31.24,31.39,31.35,31.52,31.15,31.66,31.39,31.77,31.69,31.61,31.56,31.83,31.91,31.74,31.83,31.66,31.52,31.35,30.82,30.7,30.78,30.55,30.46,30.61,30.5,30.53,30.36,30.5,30.82,30.53,30.65,30.98,31.15,31.02,31.19,31.07,31.35,31.39,31.24,31.4,31.66,31.83,31.47,31.66,31.86,31.83,31.81,31.77,31.91,31.69,32.09,32.03,31.94,31.94,32.09,32.03,32.2,32.18,31.89,32.11,31.98,31.91,31.89,32.23,31.98,32.11,32.23,32.48,32.62,32.7,32.65,32.94,32.7,32.94,32.65,33.04,32.99,33.04,33.1,33.07,33.32,33.24,33.24,33.46,33.02,33.29,33.29,33.41,33.46,33.49,33.49,33.88,33.66,33.46,33.66,33.54,33.71,33.61,33.54,33.41,33.66,33.62,33.74,33.99,33.66,33.62,33.41,33.69,33.46,33.44,33.19,32.85,32.68,32.68,32.31,31.98,31.52,29.52,24.9,23.18,22.96,22.51,22.02,22.02,22.12,22.17,21.65,21.57,22.02,21.94,21.99,22.02
21.47,21.5,21.5,21.35,21.5,21.28,21.2,21.47,21.32,21.57,21.28,21.53,21.43,21.69,21.87,21.69,21.75,21.9,21.99,22.21,22.51,25.79,29.4,29.81,30.5,30.82,30.82,30.92,30.9,30.83,31.39,31.24,31.4,31.52,31.61,31.52,31.77,31.57,31.56,31.77,31.98,31.72,31.66,31.52,30.83,30.83,30.82,30.9,30.66,30.5,30.55,30.36,30.55,30.29,30.53,30.38,30.58,30.5,31.02,30.73,31.02,30.95,31.15,31.35,31.49,31.32,31.61,31.49,31.44,31.56,31.57,31.81,31.91,31.74,31.44,32.01,31.64,31.89,31.94,31.91,31.83,31.89,32.01,32.06,31.98,31.86,32.03,31.91,31.94,32.11,32.06,32.31,31.81,32.11,32.18,32.43,32.53,32.77,32.45,32.87,32.95,32.78,32.78,32.73,32.95,32.7,33.02,32.9,33.36,33.15,33.2,33.07,33.36,33.19,33.2,33.32,33.2,33.61,33.49,33.46,33.29,32.99,33.61,33.62,33.41,33.49,33.57,33.46,33.46,33.37,33.52,33.96,33.88,33.66,33.83,33.79,33.69,33.36,33.1,32.73,32.65,32.51,32.53,31.81,31.74,29.07,24.8,22.78,22.36,22.17,22.32,22.09,22.27,22.06,21.87,21.65,21.69,21.5,21.84,22.02
21.28,21.38,21.27,21.38,21.53,21.2,21.28,21.47,21.42,21.47,21.8,21.84,21.5,21.35,21.69,21.47,21.47,22.02,22.14,22.17,22.88,25.82,29.44,30.04,30.73,30.7,30.95,30.92,31.27,31.12,31.32,31.29,31.47,31.69,31.47,31.57,31.57,31.81,31.72,31.4,31.89,31.69,31.56,31.4,31.27,30.83,30.92,30.53,30.45,30.5,30.38,30.7,30.41,30.45,30.46,30.45,30.65,30.73,30.75,31.1,30.78,31.03,31.07,31.29,31.19,31.39,31.44,31.57,31.64,31.66,31.83,31.44,31.77,31.98,31.83,31.81,31.89,31.94,31.83,32.06,31.81,32.01,31.83,31.98,32.06,32.01,31.89,32.23,32.09,32.18,32.28,32.11,31.81,32.36,32.14,32.4,32.68,32.68,32.51,32.94,32.94,32.85,32.65,32.6,32.94,33.02,33.32,33.24,33.36,33.36,33.32,33.52,33.44,33.12,33.32,33.41,33.2,33.54,33.54,33.37,33.41,33.1,33.74,33.44,33.66,33.36,33.49,33.41,33.46,33.54,33.44,33.54,33.79,33.74,33.71,33.61,33.49,33.19,33.2,32.62,32.43,32.35,32.35,32.11,31.1,28.75,24.59,23.08,22.51,22.51,21.9,22.02,21.75,21.95,21.8,21.65,21.9,21.79,21.99,21.75
21.42,21.62,21.23,21.28,21.47,21.43,21.27,21.28,21.57,21.42,21.35,21.72,21.53,21.62,21.84,21.6,21.75,21.69,22.12,22.21,22.76,26.02,29.59,30.26,30.65,30.9,30.7,31.02,31.39,31.32,31.29,31.29,31.72,31.91,31.52,31.77,31.57,31.72,31.74,31.83,31.72,31.57,31.47,30.92,30.78,30.9,30.55,30.83,30.78,30.26,30.33,30.46,30.36,30.58,30.61,30.65,30.61,30.82,30.9,30.83,31.24,31.24,31.1,31.27,31.35,31.56,31.07,31.29,31.64,31.69,31.81,31.72,31.91,31.89,31.86,31.83,31.98,32.14,31.91,31.94,31.98,32.2,32.06,32.01,32.11,32.01,32.09,32.18,32.11,31.89,31.81,32.51,32.35,32.4,32.36,32.51,32.7,32.73,32.62,32.82,32.95,33.02,32.9,32.94,33.1,32.9,33.12,33.49,33.32,33.36,33.27,33.32,33.24,33.24,33.46,33.19,33.32,33.36,33.54,33.71,33.52,33.37,33.69,33.54,33.57,33.37,33.27,33.36,33.36,33.37,33.52,33.46,33.69,33.69,33.74,33.83,33.46,33.27,33.19,32.7,32.48,32.62,32.57,32.01,31.56,28.6,24.39,23.15,22.58,22.17,22.27,22.06,21.94,21.75,21.79,21.79,21.72,21.62,21.6,21.72
21.5,21.32,21.53,21.42,21.35,21.32,21.32,21.65,21.5,21.6,21.43,21.72,21.32,21.42,21.62,21.42,21.57,21.9,22.09,22.09,22.81,26.31,29.72,30.09,30.9,31.02,30.87,31.2,31.15,31.2,31.49,31.66,31.64,31.72,31.66,31.64,31.77,31.81,31.74,31.52,31.39,31.39,31.32,31.12,30.82,30.66,30.58,30.55,30.53,30.5,30.46,30.33,30.24,30.5,30.38,30.83,30.53,30.95,30.73,30.78,30.98,31.03,30.95,31.19,31.24,31.15,31.69,31.44,31.61,31.77,31.72,31.72,31.89,32.06,31.77,32.01,31.91,32.06,32.09,32.06,32.18,32.06,31.91,32.01,32.03,32.18,32.06,32.03,32.03,31.98,32.2,32.36,32.53,32.62,32.6,32.65,32.53,32.51,32.48,32.77,33.1,32.77,33.1,33.04,32.9,32.95,33.24,33.36,33.27,33.49,33.04,33.61,33.29,32.95,33.15,33.02,33.29,33.29,33.37,33.54,33.71,33.54,33.69,33.54,33.74,33.66,33.37,33.52,33.36,33.24,33.29,33.37,33.71,33.78,33.57,33.74,33.61,33.54,32.85,32.65,32.53,32.45,32.48,32.23,31.27,28.19,24.11,23.3,22.88,22.27,22.36,21.95,22.02,21.72,21.95,21.79,21.84,21.99,21.65,21.8
21.43,21.53,21.62,21.57,21.43,21.42,21.32,21.5,21.47,21.5,21.5,21.38,21.79,21.69,21.43,21.5,21.79,21.99,22.43,22.39,23.06,26.7,29.64,30.09,30.83,30.87,31.02,31.27,31.49,31.47,31.49,31.57,31.64,31.86,31.61,31.69,31.66,31.74,31.44,31.32,31.49,31.32,30.92,30.78,30.73,30.87,30.58,30.24,30.18,30.7,30.36,30.46,30.61,30.21,30.45,30.5,30.7,31.02,30.66,31.15,30.95,31.02,31.32,31.27,31.44,31.27,31.44,31.4,31.52,31.77,31.74,31.61,32.03,32.14,31.81,32.03,31.72,32.03,32.18,31.94,32.01,32.09,32.06,31.89,32.11,32.23,32.01,32.01,32.28,32.36,32.31,32.36,32.45,32.11,32.73,32.6,32.7,32.7,32.73,32.77,32.94,32.82,32.73,32.82,32.57,33.02,32.9,32.94,33.49,33.32,33.2,33.61,33.32,33.15,33.12,33.15,33.19,33.2,33.36,33.15,33.37,33.29,33.62,33.24,33.44,33.57,33.71,33.41,33.37,33.37,33.27,33.69,33.36,33.2,33.74,33.49,33.32,33.36,33.12,32.77,32.53,32.85,32.53,31.86,31.57,28.24,24.26,23.0,22.78,22.17,22.09,22.06,21.95,22.21,22.09,21.84,21.99,21.87,21.84,21.84
21.35,21.27,21.57,21.57,21.47,21.62,21.47,21.43,21.42,21.16,21.27,21.79,21.38,21.6,21.69,21.87,21.94,21.8,22.17,22.27,23.03,26.8,29.49,30.38,30.5,31.15,31.19,31.4,31.39,31.52,31.64,31.66,31.69,31.91,31.66,31.66,31.81,31.57,31.47,31.47,31.52,31.32,30.98,30.66,30.58,30.53,30.46,30.21,30.18,30.41,30.45,30.41,30.38,30.45,30.5,30.66,30.38,30.66,31.02,30.73,30.73,31.27,31.1,31.19,31.19,31.56,31.12,31.83,31.56,31.66,31.69,31.89,31.66,31.81,31.83,32.03,31.94,31.91,31.77,31.89,32.11,31.94,32.14,32.11,32.03,32.09,32.06,32.14,32.14,32.31,32.06,32.4,32.35,32.6,32.53,32.57,32.51,32.62,32.6,32.45,32.73,32.95,33.19,33.1,32.87,32.77,32.94,33.19,33.37,33.24,33.49,33.49,33.07,33.02,32.99,33.2,33.1,33.15,33.29,33.2,33.57,33.57,33.57,33.61,33.74,33.62,33.86,33.52,33.15,33.36,33.29,33.44,33.44,33.32,33.41,33.37,33.32,32.99,32.95,32.6,32.23,32.7,32.36,32.11,31.49,28.34,23.79,23.03,22.29,22.36,22.54,21.99,21.99,21.72,21.99,21.72,21.72,21.8,22.17,21.8
21.38,21.5,21.16,21.38,21.5,21.57,21.53,21.65,21.84,21.16,21.32,21.57,21.5,21.2,21.38,21.47,21.75,22.02,21.9,22.51,22.78,26.56,29.52,30.45,30.58,31.1,31.32,31.52,31.57,31.69,31.86,31.61,31.72,31.72,31.64,31.66,31.35,31.39,31.57,31.39,30.87,31.03,30.7,30.83,30.58,30.7,30.33,30.5,30.33,30.38,30.24,30.36,30.53,30.5,30.45,30.53,30.53,30.61,30.61,30.78,30.95,31.1,31.35,31.49,31.66,31.49,31.56,31.35,31.66,31.47,31.4,31.83,31.74,31.98,31.81,32.01,31.81,31.66,32.09,32.11,31.74,32.31,32.03,32.01,31.74,32.11,32.06,32.01,32.11,31.94,32.28,32.45,32.26,32.43,32.48,32.28,32.6,32.7,32.35,32.87,32.6,32.9,33.19,33.07,33.07,33.1,33.24,33.07,33.19,33.41,33.36,33.37,33.15,33.04,33.2,33.24,33.07,32.78,32.87,33.1,33.36,33.29,33.54,33.69,33.46,33.78,33.57,33.41,33.36,33.41,33.32,33.32,33.37,33.32,33.27,33.37,32.87,33.32,33.27,32.77,32.31,32.65,32.48,31.89,31.19,28.75,24.09,23.23,22.58,22.66,21.87,22.06,21.84,21.99,22.02,21.69,21.9,22.02,21.84,21.75
21.28,21.43,21.32,21.35,21.32,21.65,21.43,21.72,21.8,21.57,21.42,21.57,21.53,21.6,21.72,21.84,21.95,21.99,21.99,22.43,22.85,27.13,29.76,30.5,31.02,31.29,31.47,31.47,31.61,31.72,31.56,31.49,31.49,31.47,31.44,31.77,31.4,31.56,31.35,30.98,30.82,30.53,30.83,30.82,30.46,30.45,30.36,30.45,30.24,30.21,30.41,30.38,30.66,30.55,30.61,30.58,30.5,30.83,30.92,30.82,30.95,31.24,30.98,31.35,31.4,31.24,31.72,31.64,31.81,31.81,31.66,31.81,32.03,32.11,31.91,31.83,32.09,32.01,32.06,32.11,32.28,32.2,32.11,32.14,32.01,32.03,32.11,32.11,32.14,32.57,32.14,32.45,32.35,32.48,32.48,32.53,32.7,32.62,32.36,32.82,32.51,32.94,32.9,33.04,32.99,33.07,33.04,33.37,32.73,33.29,33.27,33.29,33.46,33.32,33.1,33.19,33.15,32.99,32.99,33.1,33.29,33.41,33.37,33.46,33.52,33.66,33.61,33.66,33.57,33.66,33.44,33.44,33.29,33.29,33.2,33.04,33.12,33.1,32.78,32.28,32.53,32.7,32.65,32.11,31.56,28.88,24.44,23.18,22.58,22.43,22.14,22.06,22.32,21.94,21.79,21.79,21.8,21.79,21.5,21.94
21.38,21.13,21.57,21.43,21.28,21.38,21.38,21.53,21.38,21.6,21.42,21.42,21.53,21.47,21.53,21.65,21.65,22.12,21.95,22.36,23.3,27.4,30.04,30.33,30.9,31.39,31.44,31.77,31.44,31.27,31.47,31.4,31.69,31.57,31.29,31.47,31.27,31.39,31.07,30.95,31.32,30.83,30.78,30.66,30.61,30.5,30.73,30.26,30.5,30.21,30.24,30.29,30.45,30.5,30.61,30.55,30.55,30.66,30.7,30.61,30.78,31.02,31.02,31.29,31.24,31.4,31.49,31.61,31.44,31.72,31.61,32.09,31.72,31.86,31.94,32.06,31.91,32.01,32.01,32.01,32.23,32.28,32.06,31.98,31.94,32.11,32.06,32.36,31.89,32.2,32.23,32.43,32.31,32.73,32.36,32.6,32.7,32.77,32.43,32.62,32.65,32.78,32.99,32.9,32.82,32.99,32.78,33.04,32.85,33.07,33.36,33.24,33.15,33.1,33.1,32.95,33.1,33.19,33.07,33.27,33.2,32.99,33.15,33.46,33.52,33.71,33.57,33.69,33.54,33.49,33.37,33.37,33.41,33.12,33.15,33.15,33.07,33.04,32.94,32.65,32.36,32.23,32.53,32.23,31.61,28.43,24.21,23.0,22.48,22.43,22.02,21.99,21.99,21.57,21.99,21.99,21.9,21.75,21.8,21.8
21.13,21.38,21.47,21.27,21.27,21.32,21.43,21.28,21.27,21.5,21.6,21.65,21.6,21.72,21.75,22.02,22.14,21.95,22.17,22.46,23.52,28.48,30.08,30.58,30.83,31.15,31.39,31.49,31.61,31.49,31.47,31.52,31.49,31.81,31.44,31.2,31.4,31.32,31.27,31.27,30.9,30.65,30.61,30.53,30.38,30.33,30.38,30.21,30.36,30.29,30.53,30.66,30.61,30.29,30.65,30.58,30.5,30.82,30.66,30.78,30.9,31.07,31.19,31.19,31.69,31.56,31.57,31.35,31.61,31.72,31.72,31.98,31.86,31.86,32.14,32.11,32.36,32.06,31.94,31.77,31.77,32.14,31.86,31.77,31.81,31.74,31.98,32.23,32.09,32.09,32.18,32.4,32.18,32.53,32.31,32.28,32.14,32.53,32.77,32.85,32.7,32.99,32.77,32.99,32.99,33.2,32.82,32.87,33.12,33.2,33.07,32.82,33.07,33.15,33.04,33.29,33.07,33.24,33.2,33.15,33.27,33.07,33.46,33.24,33.57,33.66,33.74,33.79,33.46,33.27,33.27,33.24,33.07,33.2,32.94,32.85,33.12,32.82,32.87,32.73,32.45,32.28,32.26,32.09,31.56,28.43,24.39,23.18,22.54,22.58,22.09,22.06,21.99,21.87,22.02,21.84,21.95,21.84,21.99,21.99
21.1,21.2,21.13,21.32,21.23,21.35,21.38,21.28,21.75,21.35,21.23,21.57,21.62,21.65,21.6,21.65,21.99,21.75,22.39,22.39,24.53,29.4,30.08,30.66,30.9,31.27,31.39,31.29,31.56,31.29,31.47,31.39,31.39,31.24,31.19,31.07,30.98,30.95,30.98,31.03,30.82,30.87,30.58,30.53,30.61,30.33,30.16,30.33,30.21,30.41,30.36,30.41,30.58,30.29,30.09,30.53,30.73,30.7,30.98,30.82,30.98,31.29,31.32,31.24,31.32,31.27,31.39,31.49,31.64,31.66,31.86,31.69,31.77,31.89,32.03,32.01,31.91,32.01,31.77,32.06,31.81,32.06,31.89,31.94,31.89,31.98,31.83,32.06,32.23,32.01,32.31,32.4,32.11,32.11,32.18,32.43,32.26,32.53,32.73,32.82,32.48,32.77,32.73,33.07,32.77,33.07,32.9,32.9,32.87,33.12,32.7,32.95,33.02,32.9,33.15,33.27,33.07,33.24,32.87,32.78,33.02,32.9,33.2,33.1,33.29,33.71,33.54,33.71,33.49,33.41,33.12,33.15,33.36,33.19,32.94,32.94,32.78,33.04,32.87,32.82,32.35,32.11,32.36,32.4,31.56,28.75,24.48,23.08,22.24,22.63,21.9,22.06,21.94,21.94,22.12,21.69,22.09,21.87,21.79,21.95
21.35,21.5,21.72,21.38,21.16,21.5,21.6,21.47,21.32,21.35,21.53,21.53,21.5,21.57,21.65,21.57,22.06,22.24,22.48,23.15,26.11,29.72,30.61,31.07,31.19,30.98,31.4,31.32,31.32,31.27,31.61,31.4,31.27,31.24,31.15,30.98,31.32,30.87,30.9,30.98,30.78,30.78,30.55,30.61,30.45,30.36,30.04,30.46,30.36,30.21,30.58,30.33,30.53,30.38,30.45,30.73,30.75,31.07,30.83,30.9,31.2,30.92,31.15,31.47,31.49,31.49,31.74,31.64,31.61,31.77,31.89,31.69,31.81,32.09,31.81,32.09,31.98,31.91,31.91,32.06,32.23,32.06,32.09,32.23,31.94,32.14,31.91,32.06,32.06,32.43,32.18,32.4,32.18,32.35,32.36,32.11,32.57,32.48,32.62,32.7,32.62,32.78,32.94,32.82,33.07,32.82,33.07,32.65,32.95,32.99,32.85,32.85,32.85,33.15,33.04,33.15,33.19,33.2,33.2,32.87,32.99,33.02,32.99,33.07,33.24,33.32,33.69,33.54,33.54,33.27,33.36,33.27,33.15,32.99,33.04,32.94,32.9,33.02,32.95,33.1,32.62,32.11,32.45,32.2,31.72,28.8,24.26,23.23,22.48,22.32,22.14,22.06,22.12,21.94,22.09,21.84,21.94,22.02,21.69,21.8
21.42,21.43,21.28,21.23,21.47,21.38,21.43,21.62,21.57,21.47,21.32,21.72,21.6,21.53,21.8,21.79,21.94,22.09,22.51,23.6,27.99,30.24,30.38,30.75,31.19,31.29,31.52,31.35,31.47,31.49,31.39,31.32,31.15,31.2,31.07,30.82,30.7,31.02,30.75,30.55,30.55,30.58,30.26,30.66,30.18,30.29,29.98,30.29,30.26,30.13,30.41,30.45,30.53,30.66,30.46,30.45,30.61,30.73,30.95,31.03,31.03,30.95,31.27,31.12,31.4,31.66,31.44,31.49,31.44,31.66,31.72,32.11,31.91,32.01,31.89,32.09,31.81,31.74,32.03,31.94,31.94,32.01,31.86,31.94,31.89,32.03,31.86,32.03,32.18,32.2,32.48,32.62,32.35,32.35,32.57,32.26,32.31,32.51,32.45,32.73,32.6,32.82,32.78,32.6,32.94,32.9,33.04,32.73,32.9,32.7,32.57,32.82,32.95,33.02,32.94,32.87,33.12,33.1,33.12,32.87,32.78,32.99,33.15,32.87,33.15,33.12,33.29,33.54,33.61,33.57,33.41,33.07,33.04,33.15,32.78,32.9,32.94,33.07,32.82,33.02,32.77,32.28,32.06,32.26,31.69,28.39,24.26,23.03,22.93,22.24,21.94,21.95,21.75,22.06,21.69,22.32,21.99,21.99,21.84,21.79
21.47,21.35,21.23,21.47,21.32,21.43,21.28,21.32,21.5,21.65,21.53,21.72,21.62,21.57,21.6,21.94,22.14,22.09,22.76,24.8,29.29,30.18,30.58,30.75,30.98,31.15,31.4,31.4,31.4,31.47,31.52,30.9,31.1,30.98,30.58,30.58,30.58,30.65,30.61,30.46,30.53,30.58,30.13,30.5,30.46,30.36,30.08,30.24,30.29,30.08,30.41,30.09,30.55,30.55,30.5,30.58,30.75,30.98,30.92,31.1,30.92,31.07,31.15,31.27,31.39,31.49,31.44,31.4,31.69,31.81,31.98,31.77,31.86,32.26,32.09,32.11,32.23,32.18,32.01,31.91,31.77,32.01,31.89,32.14,32.2,32.03,32.2,32.09,32.09,31.89,32.43,32.2,32.2,32.18,32.14,32.2,32.31,32.53,32.4,32.77,32.73,32.73,32.9,32.94,32.94,33.2,33.04,32.99,32.82,33.02,32.65,32.94,32.77,32.77,32.99,33.24,33.04,32.94,33.07,32.99,33.1,33.02,32.9,32.73,32.99,33.2,33.19,33.19,33.46,33.44,33.12,33.1,33.04,33.15,32.94,32.99,32.82,33.15,33.27,33.19,33.02,32.31,32.01,32.31,31.57,28.39,24.21,23.08,22.63,22.29,22.09,21.9,21.84,21.65,21.87,21.72,21.79,21.62,21.94,21.75
21.27,21.1,21.38,21.43,21.1,21.53,21.16,21.65,21.57,21.27,21.72,21.53,21.47,21.69,21.79,22.02,22.02,22.39,22.93,26.8,29.84,30.38,30.66,30.98,31.03,31.1,31.2,31.27,31.27,31.03,31.27,31.1,30.9,30.82,30.58,30.78,30.58,30.75,30.53,30.58,30.21,30.36,30.18,30.26,30.16,30.16,30.24,30.21,30.33,30.29,30.33,30.36,30.66,30.53,30.45,30.65,30.82,30.82,30.78,31.24,31.07,31.07,31.29,31.27,31.35,31.47,31.35,31.56,31.72,31.83,31.64,31.69,31.91,31.77,31.77,31.98,32.03,31.77,32.28,32.06,31.86,31.64,31.83,31.89,32.03,31.91,32.26,31.86,32.09,31.98,32.2,32.26,32.18,32.03,32.23,32.28,32.43,32.45,32.31,32.68,32.51,32.53,32.99,33.07,32.7,32.94,33.02,32.95,32.7,32.87,32.53,32.51,32.62,32.95,32.9,33.02,32.99,32.78,32.9,32.73,33.02,33.1,33.04,32.82,32.99,33.07,33.36,33.2,33.46,33.46,33.2,33.1,33.46,32.99,32.82,33.04,32.7,33.07,33.02,32.94,32.95,32.65,32.23,31.77,31.57,28.88,24.44,23.03,22.85,22.17,22.36,21.99,21.95,21.9,21.94,21.84,21.79,21.72,21.84,21.79
21.05,21.32,21.13,21.01,21.62,21.28,21.23,21.27,21.62,21.38,21.79,21.53,21.75,21.38,21.87,22.06,22.39,22.48,23.79,28.71,30.01,30.46,30.5,30.66,30.92,31.24,31.27,31.15,31.39,31.2,31.02,30.98,31.1,30.87,30.58,30.55,30.58,30.26,30.24,30.36,30.26,30.16,30.08,30.08,30.18,30.09,30.01,30.38,30.01,30.46,30.41,30.65,30.58,30.65,30.82,30.9,30.87,30.9,30.66,31.24,31.12,31.4,31.39,31.27,31.29,31.44,31.72,31.52,31.89,31.74,31.77,31.94,32.01,32.14,31.74,32.06,31.91,31.91,31.83,32.11,31.69,32.03,31.98,31.89,31.89,32.09,32.14,32.43,32.01,32.01,32.09,32.45,31.94,32.14,32.35,32.28,32.31,32.26,32.4,32.4,32.87,32.6,33.02,32.73,32.85,33.12,32.99,32.95,32.87,33.04,32.85,32.82,32.68,32.78,32.9,32.99,33.12,32.78,32.85,33.04,33.04,32.78,32.82,32.99,33.04,32.78,32.9,33.07,33.49,33.04,33.19,33.29,33.2,32.95,32.78,32.95,32.77,32.9,32.95,32.9,32.9,32.6,32.35,31.74,31.49,29.29,24.53,23.22,22.61,22.36,22.12,22.06,21.69,21.9,21.53,21.65,21.95,21.62,21.9,21.43
21.27,21.32,21.23,21.6,21.47,21.43,21.38,21.38,21.28,21.69,21.42,21.72,21.65,21.87,21.9,21.84,22.48,22.93,25.72,29.61,30.24,30.29,30.82,30.98,30.98,31.27,31.15,31.02,30.95,30.98,30.92,30.98,31.03,31.03,30.65,30.83,30.41,30.55,30.29,30.33,30.45,30.16,30.08,30.01,30.01,29.84,29.98,30.18,30.38,30.08,30.18,30.45,30.5,30.45,30.46,30.66,30.78,30.66,31.02,30.78,31.12,30.9,31.27,31.27,31.24,31.57,31.56,31.61,31.69,31.61,31.89,31.83,31.83,31.86,31.91,32.01,32.03,32.11,31.72,31.98,31.94,32.09,32.36,32.14,31.91,31.89,32.11,32.06,32.11,32.31,31.94,32.09,32.06,32.06,32.06,31.89,32.35,32.36,32.35,32.6,32.65,32.78,32.78,32.48,32.68,32.77,32.9,32.82,32.87,32.9,32.78,32.68,32.77,32.73,33.07,33.07,32.78,33.07,33.07,32.85,32.77,33.02,32.99,32.77,32.99,32.9,33.07,33.2,33.24,33.12,33.27,33.29,33.15,32.9,32.99,32.95,33.12,32.95,33.02,33.19,32.99,32.99,32.62,31.69,31.57,29.44,24.8,23.18,22.51,22.02,22.02,22.48,21.84,21.65,22.09,21.62,21.72,21.42,21.72,21.9
21.08,21.42,21.32,21.6,21.72,21.47,21.38,21.32,21.79,21.42,21.9,21.94,21.53,21.75,21.95,22.02,22.43,23.38,27.64,29.84,29.96,30.5,30.87,30.9,31.02,31.24,31.66,31.07,31.12,31.03,31.15,30.98,31.15,30.65,30.75,30.61,30.36,30.24,30.29,30.33,29.98,30.09,29.89,30.29,30.09,30.16,30.18,30.26,30.29,30.46,30.66,30.73,30.45,30.61,30.65,30.73,30.73,30.92,30.7,31.02,31.03,31.32,31.4,31.32,31.49,31.47,31.72,31.72,31.69,32.09,31.69,32.2,32.06,32.03,32.03,31.83,32.06,32.01,31.74,32.03,32.03,32.06,31.77,32.2,32.03,32.01,31.91,31.98,31.89,31.91,31.98,31.94,32.03,32.14,32.36,32.36,32.2,32.48,32.36,32.51,32.87,32.51,32.53,32.7,32.82,32.77,32.78,33.02,33.12,32.82,32.87,32.68,32.73,32.7,32.57,32.85,32.82,32.65,33.02,33.07,32.87,33.02,33.12,32.82,32.95,32.95,33.29,32.99,33.27,32.95,33.2,33.27,33.02,33.41,33.15,33.41,33.24,33.24,33.27,32.95,33.2,32.99,32.48,32.4,31.72,29.72,25.17,23.45,22.85,22.17,22.24,21.94,22.21,21.9,21.79,21.94,22.02,21.9,22.21,21.72
21.28,21.47,21.38,21.6,21.27,21.43,21.28,21.47,21.87,21.47,21.6,21.75,21.69,21.87,21.84,22.02,22.81,24.48,29.03,30.21,30.45,30.82,30.92,31.1,31.35,31.39,31.27,30.82,30.92,31.12,31.15,31.15,30.78,30.87,30.29,30.26,30.38,30.21,30.18,29.93,30.08,29.89,30.13,30.29,30.13,30.13,30.18,30.08,30.38,30.53,30.46,30.45,30.7,30.46,30.55,30.95,30.65,30.65,30.83,30.82,30.92,31.29,31.27,31.24,31.35,31.35,31.49,31.61,31.86,32.03,31.91,32.31,31.98,31.98,32.06,31.81,31.98,31.94,32.11,32.11,32.14,32.06,32.11,32.11,31.69,31.89,31.98,31.72,31.83,32.11,31.91,32.18,31.91,32.09,31.91,32.09,32.36,32.45,32.62,32.62,32.57,32.68,32.65,32.48,32.87,32.51,32.77,32.87,33.07,32.85,32.95,32.9,32.6,32.57,32.77,32.7,32.99,33.07,32.73,32.99,32.94,32.95,33.02,33.02,32.99,33.04,33.02,32.99,33.24,33.19,33.19,33.1,33.29,33.24,33.29,33.15,33.36,33.24,32.94,33.15,33.02,32.94,32.85,32.35,31.77,29.96,25.72,23.48,23.03,22.58,22.43,22.12,21.94,21.94,21.75,21.6,22.09,21.75,21.69,21.99
21.08,21.23,21.32,21.32,21.43,21.57,21.47,21.53,21.53,21.53,21.43,21.69,21.9,21.87,22.06,22.09,23.06,27.12,29.4,29.98,30.41,30.65,31.03,30.82,31.19,31.29,31.02,31.15,31.19,30.92,30.95,30.95,30.75,30.53,30.53,30.36,29.98,29.77,30.04,30.13,29.93,29.87,30.09,29.98,29.98,30.33,30.04,30.38,29.98,30.45,30.38,30.36,30.58,30.45,30.29,30.46,30.7,30.65,30.75,30.82,31.03,30.78,31.15,31.12,31.4,31.56,31.72,31.47,31.86,32.03,31.64,32.06,32.18,31.86,31.94,32.03,31.77,31.74,32.31,32.11,32.14,31.98,32.2,32.06,32.11,32.09,32.09,31.83,31.81,32.01,32.2,32.09,31.81,32.26,32.09,32.18,32.28,32.31,32.65,32.43,32.26,32.45,32.43,32.23,32.31,32.26,32.53,32.65,32.82,32.94,33.02,32.82,33.04,32.78,32.62,32.85,32.95,32.7,32.9,32.7,32.99,33.02,33.02,32.94,32.85,33.04,32.99,32.85,32.77,32.94,33.07,32.95,33.04,33.1,33.1,33.07,32.94,32.99,33.1,33.12,32.87,33.04,33.12,32.6,32.01,30.21,25.7,23.54,22.61,22.39,22.17,21.94,21.75,21.99,22.06,21.72,22.12,21.62,21.62,21.9
21.8,21.32,21.27,21.57,21.42,21.32,21.65,21.53,21.65,21.53,21.75,21.94,22.02,22.02,22.17,22.36,24.78,28.55,29.76,30.26,30.21,30.78,30.95,31.27,31.39,31.19,31.15,30.95,30.78,30.73,30.92,30.66,30.53,30.61,30.24,30.09,30.08,30.13,30.08,29.98,29.93,30.16,29.96,30.09,30.18,30.33,30.24,30.09,30.18,30.45,30.21,30.45,30.38,30.41,30.66,30.38,30.7,30.78,30.83,30.65,30.95,31.1,31.07,31.07,31.32,31.61,31.72,31.57,31.91,32.03,32.01,31.94,32.09,32.18,31.64,32.01,31.86,32.14,32.09,32.03,32.23,32.2,31.91,31.86,31.81,31.83,31.81,32.14,31.98,31.74,31.81,31.81,31.83,32.09,31.94,32.06,32.14,32.4,32.57,32.4,32.53,32.14,32.57,32.53,32.45,32.45,32.48,32.65,32.82,33.04,32.99,32.94,32.7,32.77,32.62,32.9,32.85,32.77,32.87,32.94,33.1,33.2,32.94,32.99,32.94,33.04,33.19,33.07,33.04,33.07,32.9,32.87,33.12,33.04,33.2,33.07,33.1,33.02,32.87,32.94,32.85,32.99,32.62,32.77,32.01,30.38,25.7,23.48,22.88,22.17,22.36,22.27,21.9,21.84,22.12,21.87,21.84,21.99,21.72,21.53
21.42,21.38,21.5,21.47,21.57,21.32,21.08,21.16,21.47,21.62,21.8,21.94,21.47,21.95,22.12,22.78,26.46,29.12,29.84,30.33,30.7,30.83,31.27,30.92,31.27,31.35,31.27,30.83,30.65,30.87,30.65,30.41,30.58,30.36,30.41,30.08,30.16,30.08,29.96,29.84,29.96,30.09,30.13,29.81,30.26,30.04,30.18,30.04,30.18,30.09,30.24,30.24,30.36,30.21,30.16,30.46,30.26,30.36,30.7,30.65,30.87,31.29,30.95,31.24,31.52,31.27,31.57,31.81,32.06,31.69,31.74,32.06,31.69,31.98,31.86,31.83,32.03,31.89,31.91,32.06,32.14,32.26,31.91,32.01,32.09,31.89,32.01,31.81,31.89,31.98,31.77,31.74,31.64,32.09,31.98,32.06,32.4,32.45,32.51,32.48,32.28,32.23,32.28,32.51,32.28,32.51,32.65,32.62,32.68,32.73,33.12,33.1,32.87,32.85,32.6,32.77,32.9,32.99,33.12,33.02,33.24,33.32,33.02,33.15,33.04,33.1,32.9,33.12,32.99,32.78,33.27,32.95,33.12,33.04,32.99,33.12,33.2,33.07,32.6,33.12,32.68,32.78,32.65,32.4,32.06,30.65,26.18,23.99,22.88,22.58,22.69,22.14,22.12,21.9,21.95,21.69,22.02,21.72,21.87,21.69
21.23,21.38,21.42,21.42,21.75,21.65,21.6,21.27,21.57,21.69,21.5,22.17,21.95,22.14,22.58,23.82,28.34,29.49,30.18,30.75,31.02,31.02,31.29,31.15,31.35,31.2,30.83,30.61,30.41,30.45,30.53,30.41,30.29,30.13,30.16,30.16,29.96,30.09,29.72,30.09,29.84,29.76,29.96,29.81,30.08,29.84,30.13,30.33,30.24,29.89,30.16,30.21,30.09,30.36,30.46,30.18,30.26,30.95,30.73,30.55,30.7,30.98,30.98,31.39,31.27,31.44,31.77,31.81,31.94,32.06,31.74,32.06,31.86,31.91,31.86,31.89,31.72,31.89,31.98,31.72,32.26,32.28,32.01,32.2,32.06,32.26,31.94,32.11,32.14,32.09,31.91,32.06,31.83,32.23,31.83,31.91,32.06,32.2,32.36,32.18,32.26,32.48,32.4,32.26,32.26,32.18,32.18,32.51,32.48,32.57,32.7,32.95,32.95,32.9,32.87,32.99,33.1,32.99,33.07,33.02,32.95,33.04,33.24,33.1,33.12,32.94,32.85,32.73,32.87,32.85,33.36,33.04,32.9,33.02,33.24,33.04,33.1,32.95,33.12,32.87,32.53,32.57,32.45,32.36,31.94,31.03,27.72,23.99,22.88,22.91,22.58,22.27,22.02,21.99,21.8,21.87,21.84,21.75,21.95,21.69
21.27,21.57,21.2,21.47,21.43,21.43,21.57,21.42,21.75,21.6,21.69,21.99,21.99,22.24,22.85,25.82,29.15,29.81,30.66,30.9,30.98,30.87,31.2,30.82,31.12,31.15,30.82,30.73,30.5,30.46,30.53,30.38,30.21,30.04,29.84,30.18,29.87,29.67,29.69,29.84,29.77,29.93,29.67,29.87,29.93,29.87,29.96,30.04,30.18,29.93,30.09,30.16,29.96,30.24,30.41,30.38,30.38,30.66,30.53,30.65,30.82,31.07,31.02,31.39,31.52,31.64,31.72,32.11,31.83,32.01,32.01,31.98,31.98,31.91,31.77,31.81,31.69,31.86,31.98,31.91,32.09,32.26,32.26,32.35,32.01,31.89,31.89,31.94,32.01,32.18,31.83,31.69,31.74,31.81,31.94,32.01,32.23,32.26,32.45,32.18,32.31,32.4,32.11,32.35,32.26,32.35,32.28,32.4,32.6,32.53,32.68,32.82,32.87,32.99,33.02,33.19,32.68,33.27,33.2,33.19,33.41,33.24,33.19,33.04,33.07,32.99,32.87,33.12,32.9,33.19,33.02,32.99,33.19,33.24,32.87,33.36,33.12,33.04,33.07,33.04,32.62,32.62,32.4,32.35,32.09,31.52,29.35,24.83,23.27,23.0,22.36,22.27,21.99,22.21,21.79,21.95,21.87,21.8,21.75,21.5
21.28,21.42,21.23,21.6,21.42,21.28,21.38,21.32,21.57,21.62,21.69,22.17,21.9,22.48,23.72,27.87,29.27,30.04,30.21,31.02,30.82,30.95,30.9,30.73,30.61,30.78,30.82,30.65,30.26,30.09,30.33,29.93,29.98,29.87,29.77,29.96,29.67,30.13,29.87,29.64,29.77,29.93,29.84,30.16,29.69,29.84,29.98,30.08,29.87,30.18,30.16,30.09,30.24,30.18,30.08,30.41,30.33,30.33,30.7,30.75,30.83,30.95,31.1,31.19,31.47,31.61,31.94,31.72,31.94,31.81,31.98,31.86,31.83,32.01,31.64,31.69,31.91,31.83,31.81,31.98,31.83,31.98,32.4,32.06,32.06,32.09,31.98,31.91,31.91,32.03,31.94,31.74,31.91,31.77,31.89,31.86,31.89,32.28,32.26,32.18,32.31,32.23,32.11,32.18,32.18,32.26,32.31,32.31,32.45,32.35,32.4,32.73,32.45,32.85,32.99,33.04,33.04,33.1,33.32,33.12,33.54,33.12,33.46,32.87,32.77,32.82,32.85,32.77,33.07,32.99,33.19,33.19,33.04,33.04,32.99,32.87,33.12,33.02,33.1,32.6,32.7,32.62,32.65,32.18,31.86,31.66,30.7,26.41,23.33,22.73,22.54,22.09,21.9,22.14,21.75,21.84,21.69,22.02,21.75,21.95
21.16,21.42,21.5,21.2,21.27,21.2,21.53,21.53,21.65,21.62,21.8,21.95,22.02,22.81,25.18,28.71,29.61,30.75,30.7,30.9,31.03,30.95,30.53,30.7,30.61,30.73,30.45,30.29,30.26,30.41,30.01,30.21,29.67,29.81,29.72,29.84,29.77,29.61,29.93,29.81,29.77,29.87,29.76,29.67,29.96,29.89,29.64,29.72,30.16,29.89,30.13,30.13,30.13,30.04,29.96,30.13,30.61,30.45,30.61,30.75,30.87,30.92,31.2,31.4,31.47,31.57,31.91,31.91,31.89,31.81,31.83,32.11,32.01,31.72,31.56,31.66,31.74,31.61,31.91,32.14,32.03,32.03,32.11,32.23,31.98,32.18,31.98,31.69,32.11,32.11,31.77,31.61,31.77,31.86,31.94,31.64,31.81,32.26,31.74,32.2,32.06,32.06,32.11,32.11,32.11,32.28,32.65,32.43,32.26,32.23,32.68,32.77,32.82,32.68,32.82,33.04,33.02,33.1,33.12,33.19,33.36,33.04,33.32,33.19,33.1,32.99,32.82,32.85,32.85,32.99,32.94,32.95,33.04,33.2,33.07,33.04,32.87,33.24,32.9,32.9,32.9,32.57,32.35,32.23,32.09,31.83,30.75,28.04,23.75,22.91,22.29,22.43,22.29,21.75,21.87,22.09,21.62,21.84,21.79,21.47
21.69,21.38,21.28,21.2,21.62,21.28,21.43,21.5,21.43,21.53,21.75,22.39,21.99,23.45,27.37,29.07,30.01,30.9,30.36,30.82,31.1,30.87,30.55,30.18,30.5,30.36,30.36,30.53,30.13,30.24,30.16,29.89,30.04,29.76,29.89,29.84,29.89,29.49,29.49,29.64,29.67,29.64,29.59,29.87,29.61,29.67,29.98,30.13,30.09,30.13,29.98,29.93,30.09,30.16,30.38,30.41,30.24,30.45,30.55,30.87,31.02,31.24,31.27,31.47,31.72,31.69,32.14,31.94,32.23,32.14,31.83,31.64,31.66,31.91,31.57,31.91,31.64,31.89,31.77,31.89,32.11,32.09,32.09,32.06,32.43,32.51,32.43,32.2,31.81,32.03,31.94,32.03,31.77,32.14,31.98,31.98,31.91,32.06,31.98,32.14,32.14,32.06,32.26,32.14,32.2,31.94,32.36,32.2,32.45,32.31,32.11,32.51,32.48,32.77,32.87,32.95,32.85,32.9,33.04,32.85,33.27,33.19,33.36,33.24,33.15,33.02,32.94,32.85,32.95,33.04,32.85,33.24,33.07,33.15,33.12,33.04,32.99,32.95,32.94,32.7,32.73,32.77,32.6,32.48,32.43,31.72,31.24,29.4,24.71,22.93,22.78,22.06,22.21,22.14,22.14,21.75,21.69,21.94,21.75,21.72
21.01,21.5,21.43,21.53,21.32,21.5,21.57,21.42,21.6,21.72,21.79,21.94,22.48,24.66,28.63,29.52,30.41,30.65,30.78,31.19,30.75,30.61,30.53,30.53,30.73,30.73,30.55,30.09,29.98,29.93,30.16,30.01,30.01,29.93,29.77,29.87,29.64,29.39,29.69,29.87,29.87,29.64,29.72,29.72,29.72,30.08,29.76,30.08,30.21,30.09,30.08,30.29,30.24,30.53,30.24,30.5,30.61,30.58,30.7,30.78,30.83,31.35,31.2,31.35,31.86,31.81,31.89,31.91,32.36,31.74,31.89,31.86,32.09,31.86,31.47,31.56,31.61,31.89,31.91,32.11,32.14,32.28,32.4,32.26,32.6,32.28,32.35,32.14,32.28,32.11,32.06,32.14,31.94,32.03,32.09,31.81,32.01,32.2,32.03,31.98,31.89,32.06,32.09,31.89,31.89,32.14,32.28,32.28,32.31,32.23,32.2,32.77,32.51,32.78,32.95,33.32,33.02,33.12,32.78,32.99,33.2,33.07,33.27,33.15,33.07,32.95,33.07,32.7,32.87,32.9,33.2,32.94,32.82,32.99,32.99,32.99,33.27,32.85,33.15,32.82,32.82,33.2,32.65,32.65,32.28,32.06,31.44,29.96,26.23,23.18,22.76,22.48,22.02,22.29,22.02,21.8,21.69,21.57,21.84,21.9
21.42,21.62,21.5,21.35,21.75,21.65,21.47,21.5,21.53,21.9,21.95,22.09,22.85,26.53,29.24,29.89,30.75,30.73,30.78,30.87,30.73,30.41,30.45,30.53,30.38,30.53,30.33,30.13,30.01,29.87,29.93,30.01,29.69,29.87,29.64,29.81,29.87,29.67,29.76,29.77,29.56,29.77,29.81,29.69,30.01,29.69,29.96,30.16,30.08,30.16,30.09,30.18,30.09,30.21,30.29,30.53,30.66,30.83,30.83,30.87,31.15,31.39,31.2,31.52,31.86,31.81,32.35,32.03,31.98,32.03,31.86,31.74,31.72,31.83,31.72,31.56,31.83,31.83,31.94,31.91,32.31,32.18,32.35,32.7,32.35,32.77,32.65,32.36,32.43,32.14,31.98,31.98,31.74,32.14,31.94,31.86,31.94,32.23,32.2,31.81,32.09,32.09,32.06,31.86,32.11,32.23,32.03,32.35,32.53,32.36,32.35,32.51,32.4,32.65,32.62,33.07,33.04,32.87,32.99,33.2,32.99,33.2,33.37,33.2,33.37,33.12,33.04,32.95,33.24,32.95,32.82,32.9,33.1,33.36,33.2,33.07,33.19,33.02,32.94,32.99,33.1,33.04,33.04,32.7,32.6,32.36,32.01,31.02,27.59,23.82,22.93,22.54,22.39,22.17,21.8,21.84,21.65,21.8,21.8,21.69
21.23,21.47,21.13,21.42,21.47,21.53,21.94,21.43,21.87,21.69,22.02,22.51,23.54,28.14,29.49,29.77,30.58,30.73,30.75,30.78,30.58,30.58,30.41,30.36,30.38,30.26,30.36,30.29,30.13,29.89,30.01,29.81,29.96,29.64,29.87,29.87,29.72,29.98,29.76,29.81,29.76,29.93,29.96,29.64,29.96,30.09,29.84,29.77,30.08,30.33,30.46,30.45,30.45,30.38,30.33,30.5,30.66,30.82,31.03,30.98,31.4,31.56,31.61,31.66,32.03,32.09,32.01,32.36,32.06,31.91,32.09,31.81,31.66,31.64,31.57,31.56,31.81,31.72,31.77,32.14,32.11,32.18,32.43,32.62,32.6,32.65,32.68,32.31,32.26,32.48,32.45,32.03,32.03,31.83,32.09,32.18,31.94,32.18,31.94,32.2,31.98,32.09,32.11,31.94,32.09,32.36,32.2,32.36,32.4,32.31,32.43,32.7,32.2,32.48,32.94,32.78,32.87,33.1,33.1,33.1,33.24,33.49,33.19,33.02,33.32,33.36,33.12,32.94,33.02,33.02,32.77,32.99,33.07,33.29,33.02,33.2,32.94,33.15,32.99,32.94,32.99,33.19,33.24,32.73,32.95,32.45,32.18,31.24,29.24,24.29,22.81,22.36,22.12,22.02,22.06,22.17,22.02,21.95,21.79,21.72
21.47,21.5,21.5,21.53,21.42,21.35,21.53,21.57,21.75,21.79,21.94,22.14,24.93,28.92,29.87,29.89,30.04,30.33,30.53,30.41,30.46,30.65,30.53,30.36,30.24,30.45,30.26,30.16,30.09,29.84,30.09,29.77,29.81,29.89,29.87,29.77,29.77,29.56,29.77,29.84,29.56,29.81,30.16,29.96,30.01,29.96,29.87,30.26,30.18,30.21,30.66,30.16,30.61,30.55,30.5,30.58,30.87,30.9,31.24,31.2,31.27,31.56,31.86,31.98,31.89,32.23,32.11,32.14,32.01,32.18,32.01,31.64,31.49,31.66,31.81,31.44,31.52,31.66,31.77,32.06,32.11,31.91,32.35,32.4,32.45,32.62,32.53,32.6,32.31,32.73,32.28,32.18,32.43,32.28,32.18,31.86,32.4,32.31,32.09,32.2,32.01,32.14,32.09,31.98,32.03,32.06,32.51,32.18,32.26,32.48,32.7,32.4,32.48,32.4,32.65,32.9,32.9,32.94,32.94,32.95,33.1,33.36,33.02,33.27,33.49,33.32,33.27,33.07,33.02,32.82,32.73,33.1,33.15,33.1,33.32,33.02,32.95,32.82,32.87,33.15,33.19,32.9,32.9,33.1,32.94,32.62,32.03,31.66,29.72,24.98,23.3,22.93,22.24,22.21,22.27,21.87,21.94,21.8,21.94,21.62
21.28,21.28,21.38,21.6,21.57,21.53,21.42,21.9,21.5,22.06,22.09,23.22,26.58,29.49,29.81,30.13,30.29,30.66,30.29,30.83,30.33,30.66,30.29,30.41,30.58,30.55,30.38,29.96,30.21,29.56,29.93,29.96,29.98,30.09,29.93,29.93,29.89,30.01,29.93,29.87,29.81,29.93,29.84,29.67,30.33,30.09,30.01,30.46,30.33,30.08,30.66,30.55,30.29,30.46,30.83,30.98,30.98,31.32,31.44,31.69,31.52,31.86,32.01,32.26,32.09,32.62,32.28,32.14,32.26,32.01,31.94,31.94,31.57,31.39,31.56,31.57,31.49,31.61,31.77,31.91,32.36,32.14,32.45,32.62,32.57,32.51,32.65,32.82,32.65,32.51,32.43,32.48,32.53,32.65,32.2,32.31,32.36,32.26,32.11,32.01,32.03,32.35,32.28,32.11,32.35,32.26,32.31,32.36,32.45,32.28,32.51,32.53,32.62,32.45,32.73,32.68,33.12,32.87,33.15,32.99,33.19,33.07,33.19,33.49,33.49,33.27,33.19,33.19,33.02,32.95,32.9,33.02,33.07,33.19,32.94,32.9,32.99,33.02,32.85,33.04,32.87,33.37,33.12,32.94,33.02,32.68,32.31,31.94,30.33,25.79,23.08,22.66,22.36,22.12,22.32,21.94,22.14,21.75,21.94,22.06
21.35,21.38,21.69,21.6,21.43,21.53,21.69,21.65,21.62,21.75,22.51,23.48,27.79,29.4,29.52,29.89,30.08,30.21,30.36,30.45,30.41,30.08,30.29,30.41,30.46,30.33,30.21,30.24,29.98,29.93,30.04,30.08,30.08,30.01,29.98,30.01,29.98,29.76,29.72,29.69,29.87,29.98,30.26,30.08,29.81,30.04,30.01,30.18,30.65,30.41,30.5,30.5,30.78,30.75,31.03,30.9,31.49,31.15,31.56,31.74,32.01,32.06,32.11,32.51,32.18,32.48,32.36,32.14,32.14,31.77,31.91,31.64,31.69,31.64,31.49,31.24,31.56,31.66,31.61,31.77,32.14,32.14,32.53,32.43,32.65,32.68,32.78,32.85,32.9,32.85,32.6,32.6,32.26,32.45,32.01,32.31,32.11,32.28,32.11,32.06,32.23,32.26,31.83,32.14,32.23,32.43,32.48,32.68,32.4,32.68,32.4,32.35,32.6,32.57,32.7,33.04,33.15,33.02,32.99,32.94,33.27,33.19,33.27,33.32,33.37,33.2,33.15,33.12,33.36,33.27,32.95,33.15,32.68,32.9,33.04,32.9,32.9,33.1,32.7,32.95,33.02,33.1,32.78,33.02,33.24,32.65,32.06,31.98,30.82,26.34,23.57,22.66,22.39,22.02,22.02,21.95,22.12,21.53,21.87,21.8
21.32,21.43,21.5,21.5,21.62,21.69,21.8,21.87,21.9,21.84,22.27,24.9,28.56,29.35,29.52,29.81,30.41,30.21,30.5,30.58,30.58,30.36,30.45,30.46,30.78,30.82,30.46,30.45,30.33,29.87,30.41,30.21,30.18,30.13,29.84,29.89,29.81,29.98,29.93,29.81,30.16,30.13,30.24,30.01,30.29,30.36,30.16,30.82,30.73,30.46,30.75,30.65,30.9,31.07,31.02,31.52,31.27,31.52,31.98,32.01,32.2,32.14,32.45,32.43,32.51,32.35,32.14,32.31,32.18,31.98,31.72,31.74,31.66,31.61,31.49,31.72,31.81,31.72,31.66,31.98,32.14,32.11,32.43,32.2,32.57,32.82,32.82,32.73,32.73,32.57,32.9,32.65,32.4,32.28,32.4,32.26,32.23,32.31,31.86,32.35,32.06,32.43,32.28,32.23,32.18,32.31,32.57,32.35,32.43,32.4,32.43,32.48,32.68,32.77,32.82,32.95,32.73,33.04,33.27,33.07,33.2,33.44,33.41,33.24,33.19,33.32,33.37,33.19,32.99,33.1,33.19,33.29,33.04,33.19,33.41,32.95,32.95,32.85,32.82,32.9,32.85,32.78,33.15,32.73,32.7,32.65,32.2,31.83,31.12,26.97,23.33,22.66,22.43,22.36,22.09,21.94,21.95,21.84,22.06,21.87
21.28,21.5,21.79,21.32,21.43,21.42,21.87,21.79,21.94,21.94,22.61,25.67,28.71,29.56,29.69,29.87,30.38,30.41,30.5,30.38,30.29,30.45,30.53,30.33,30.41,30.5,30.38,30.33,30.55,30.38,30.46,30.16,30.09,30.36,30.04,29.84,29.89,29.87,30.26,29.89,29.96,30.09,30.16,30.18,30.45,30.26,30.5,30.73,30.65,30.7,30.78,30.73,31.12,31.32,31.24,31.47,31.72,31.66,32.11,32.01,32.51,32.45,32.48,32.43,32.7,32.48,32.4,32.48,32.28,31.77,31.91,31.57,31.74,31.69,31.52,31.69,31.66,31.74,31.61,31.86,31.94,32.11,32.35,32.65,32.68,32.62,32.62,32.77,32.85,32.73,32.95,32.87,32.6,32.68,32.43,32.26,32.26,32.36,31.94,32.14,32.28,32.31,32.53,32.23,31.91,32.36,32.48,32.36,32.35,32.6,32.45,32.7,32.62,32.78,32.82,32.7,32.95,33.32,33.15,33.04,33.27,33.15,33.36,33.36,33.37,33.2,33.24,33.41,33.19,33.2,32.95,33.12,33.04,33.29,33.12,33.07,33.12,32.87,32.99,33.04,32.73,32.99,32.9,32.95,32.78,32.51,32.11,31.74,30.98,26.85,23.57,22.54,22.32,22.09,21.87,21.65,21.94,21.65,21.57,21.57
21.43,21.35,21.35,21.65,21.47,21.57,21.79,21.65,21.87,21.84,22.93,26.7,29.0,29.49,29.67,30.01,30.58,30.55,30.21,30.65,30.58,30.38,30.5,30.58,30.87,30.38,30.38,30.5,30.46,30.46,30.21,30.26,30.24,30.29,30.13,30.24,30.26,30.18,30.18,30.29,30.29,30.46,30.36,30.21,30.29,30.45,30.58,30.61,30.92,30.87,31.07,31.15,31.32,31.24,31.69,31.69,31.66,32.14,32.4,32.26,32.53,32.62,32.57,32.45,32.06,32.45,32.28,31.94,32.01,31.61,31.52,31.66,31.47,31.64,31.56,31.66,31.39,31.49,32.01,32.11,31.94,32.11,32.23,32.4,32.43,32.36,32.62,32.82,32.85,33.15,32.87,32.85,32.85,32.85,32.78,32.23,32.51,32.6,32.45,32.36,32.26,32.51,32.43,32.31,32.48,32.43,32.73,32.14,32.68,32.51,32.57,32.77,32.73,32.99,32.73,32.9,32.78,32.85,33.1,33.1,33.37,33.37,33.46,33.37,33.41,33.36,33.36,33.29,33.12,33.04,32.9,33.1,33.24,33.1,33.07,33.1,33.1,33.2,32.94,33.19,32.9,32.82,33.02,32.35,32.78,32.45,31.98,31.91,30.09,26.14,23.45,22.54,22.63,22.14,22.24,22.06,21.94,21.87,21.57,21.84
21.27,21.23,21.2,21.47,21.62,21.35,21.65,21.57,22.14,22.06,23.08,27.72,28.68,29.39,29.61,29.84,30.16,30.61,30.58,30.46,30.55,30.73,30.5,30.5,30.58,30.5,30.5,30.46,30.5,30.36,30.29,30.29,30.46,30.18,30.29,30.18,30.01,30.13,30.09,30.29,30.04,30.26,30.33,30.29,30.5,30.61,30.98,30.61,30.92,31.02,31.29,31.2,31.35,31.61,31.61,31.72,31.86,32.23,32.36,32.4,32.65,32.6,32.65,32.45,32.26,32.09,32.06,32.03,31.94,31.83,31.57,31.44,31.86,31.52,31.57,31.39,31.57,31.66,31.69,31.74,31.94,32.31,32.23,32.06,32.31,32.51,32.53,32.77,32.85,32.95,32.82,33.12,32.87,32.7,32.9,32.7,32.78,32.53,32.45,32.31,32.65,32.36,32.23,32.23,32.26,32.4,32.53,32.35,32.28,32.82,32.77,32.87,32.78,32.77,33.1,32.94,33.04,33.27,33.07,33.24,33.27,33.37,33.2,33.41,33.46,33.24,33.52,33.37,33.32,32.99,33.32,33.12,33.24,33.44,33.24,33.1,33.04,33.15,32.9,32.87,33.04,32.51,32.7,32.57,32.4,32.36,31.74,31.52,30.46,26.11,23.33,22.58,22.24,22.17,22.09,21.72,21.95,21.84,21.65,21.87
21.28,21.35,21.53,21.6,21.6,21.57,21.38,21.75,22.02,22.12,23.37,27.76,28.95,29.44,29.76,29.98,30.29,30.53,30.46,30.55,30.61,30.7,30.78,30.92,30.66,30.92,30.55,30.61,30.82,30.7,30.65,30.5,30.29,30.38,30.29,30.33,30.45,30.01,30.36,30.46,30.13,30.18,30.65,30.73,30.55,31.07,30.83,30.98,31.27,31.2,31.47,31.47,31.52,31.64,31.94,32.01,32.11,32.03,32.53,32.53,32.53,32.28,32.36,32.48,32.03,32.31,31.98,31.83,31.91,31.74,31.64,31.83,31.56,31.64,31.72,31.29,31.56,31.72,31.66,31.77,32.09,31.98,32.26,32.36,32.51,32.62,32.53,32.77,33.04,32.87,32.87,32.95,32.9,32.78,32.9,32.94,32.95,32.68,32.57,32.28,32.53,32.62,32.7,32.36,32.23,32.31,32.31,32.31,32.53,32.6,32.53,32.78,32.82,32.77,33.2,33.15,33.27,33.19,33.02,33.36,33.44,33.46,33.44,33.49,33.49,33.62,33.66,33.32,33.66,33.12,33.27,33.2,33.41,33.2,33.29,33.36,32.99,33.2,33.12,32.87,32.82,33.07,32.94,32.6,32.48,32.26,31.77,31.19,29.76,25.25,23.15,22.69,22.48,22.17,22.02,21.84,21.75,21.75,21.72,21.69
21.23,21.43,21.43,21.57,21.6,21.72,21.8,21.8,22.06,22.29,23.67,27.96,28.92,29.49,29.72,30.01,30.41,30.65,30.66,30.73,30.58,30.78,30.61,31.03,30.9,30.95,31.02,30.95,30.58,30.55,30.83,30.65,30.5,30.46,30.55,30.09,30.65,30.45,30.36,30.7,30.45,30.45,30.53,30.7,30.82,30.92,30.83,30.95,31.57,31.47,31.52,31.52,31.81,31.94,31.98,32.01,32.31,32.73,32.65,32.68,32.73,32.57,32.4,32.4,32.31,32.48,31.94,32.11,31.86,31.91,31.77,31.77,31.2,31.86,31.83,31.69,31.57,31.89,31.72,31.89,32.14,32.18,32.09,32.57,32.65,32.45,32.65,32.65,32.94,33.02,32.73,33.04,32.95,33.15,32.95,32.9,33.29,33.07,32.95,32.85,32.57,32.65,32.65,32.73,32.57,32.65,32.6,32.43,32.7,32.9,32.82,32.73,32.57,33.02,32.82,33.07,33.12,33.27,33.27,33.29,33.27,33.49,33.41,33.36,33.46,33.49,33.29,33.61,33.44,33.29,33.04,33.49,33.57,33.29,33.49,33.27,32.9,33.19,33.02,33.07,32.87,32.62,32.51,32.4,32.31,32.03,31.52,30.92,29.07,24.53,23.03,22.36,22.51,22.02,22.32,21.75,21.87,21.95,21.6,21.99
21.28,21.43,21.47,21.79,21.72,21.57,21.72,21.72,21.99,22.17,24.33,28.08,28.88,29.39,30.04,30.45,30.55,30.38,30.82,30.65,30.75,30.92,30.92,30.83,30.9,31.2,30.92,30.66,30.78,30.66,30.83,30.73,30.7,30.73,30.78,30.66,30.75,30.38,30.45,30.58,30.75,30.61,30.73,30.78,31.2,31.4,31.39,31.29,31.44,31.32,31.81,31.56,31.83,32.11,32.43,32.6,32.43,32.82,32.6,32.62,32.78,32.7,32.62,32.62,32.35,32.14,32.18,32.03,31.72,31.77,31.98,31.86,31.69,31.56,31.64,31.72,31.66,31.81,31.83,31.81,32.14,32.26,32.43,32.36,32.6,32.68,32.35,32.6,32.82,32.85,32.9,32.73,32.78,33.02,33.15,33.07,33.15,33.1,32.94,33.1,32.85,32.99,32.68,32.68,32.65,32.73,32.65,32.7,32.95,32.57,32.68,32.87,32.78,32.77,32.95,32.9,33.2,33.1,33.32,33.27,33.19,33.46,33.46,33.57,33.52,33.41,33.78,33.46,33.57,33.41,33.49,33.12,33.54,33.71,33.37,33.32,33.32,33.19,32.95,33.37,32.9,32.94,32.62,32.14,32.14,31.86,31.56,30.65,27.76,23.87,23.03,22.78,22.09,22.27,22.21,21.99,21.95,21.72,22.32,21.87
21.16,21.94,21.72,21.5,21.57,21.53,21.6,21.47,22.32,22.17,23.99,27.96,28.87,29.4,29.98,30.18,30.82,30.78,30.83,30.87,30.65,30.82,31.1,31.19,30.83,31.02,30.92,30.92,30.98,30.58,30.73,30.66,30.87,30.82,30.75,30.82,30.92,30.61,30.95,30.55,30.58,30.78,30.87,30.45,31.12,31.19,31.44,31.24,31.74,31.83,31.91,32.2,32.26,32.09,32.62,32.7,32.4,32.73,32.48,32.45,32.51,32.45,32.57,32.26,32.4,32.09,32.23,32.14,31.94,31.72,31.74,31.89,31.69,31.61,31.57,31.52,31.44,31.74,31.86,31.89,31.69,32.01,32.26,32.35,32.31,32.45,32.65,32.78,32.7,32.9,32.9,32.95,33.1,33.27,33.37,32.95,32.95,33.57,33.1,33.24,33.46,33.07,32.78,32.73,32.77,32.82,32.95,32.7,32.73,32.73,32.94,32.77,32.73,32.9,32.94,33.12,33.1,33.02,33.19,33.32,33.54,33.41,33.57,33.57,33.24,33.54,33.44,33.41,33.29,33.44,33.19,33.2,33.19,33.19,33.44,33.15,32.94,32.94,32.95,33.27,32.95,32.51,32.62,32.26,31.98,31.86,31.15,29.96,26.23,23.38,22.78,22.39,22.32,22.17,22.09,22.02,22.14,21.87,21.8,21.79
21.28,21.65,21.35,21.5,21.5,21.5,21.75,21.99,21.84,22.14,23.48,27.72,28.76,29.44,30.04,30.13,30.53,30.7,30.92,30.83,30.95,31.1,30.95,31.27,31.19,31.12,31.1,31.19,30.92,30.92,30.95,30.73,30.98,31.15,30.95,30.83,30.92,30.7,30.73,30.75,31.15,30.82,30.92,31.12,31.12,31.27,31.44,31.72,31.57,31.89,32.03,32.01,32.53,32.4,32.6,32.6,32.73,32.9,32.68,32.57,32.77,32.57,32.26,32.35,32.4,32.31,32.03,32.09,32.03,31.89,31.61,31.64,31.4,31.32,31.35,31.35,31.72,31.35,31.74,31.89,31.94,32.23,32.2,32.28,32.43,32.51,32.65,32.62,32.7,32.7,32.65,32.94,33.04,33.04,32.95,32.94,33.1,33.12,33.32,33.1,33.36,33.32,33.15,33.54,33.04,32.78,32.99,33.15,32.77,32.77,32.82,32.78,32.62,32.77,32.9,33.04,33.04,32.99,33.12,33.12,33.19,33.36,33.19,33.36,33.29,33.49,33.61,33.32,33.41,33.46,33.49,33.15,33.37,33.32,33.15,32.95,32.78,32.53,33.12,32.99,32.87,32.6,32.45,32.35,31.74,31.61,31.03,28.76,24.59,23.06,22.63,22.27,21.87,22.09,22.17,21.87,22.27,21.87,21.99,21.8
21.35,21.42,21.53,21.53,21.28,21.47,21.65,21.9,21.95,21.9,23.3,27.44,28.95,29.52,30.08,30.26,30.46,30.87,30.83,31.02,31.15,31.4,31.39,31.2,31.03,31.32,31.35,31.03,31.07,31.07,30.9,31.03,30.92,30.92,31.2,31.32,31.07,31.12,30.92,30.9,31.27,30.87,31.15,31.24,31.1,31.32,31.47,31.57,32.06,31.94,32.43,32.51,32.57,32.4,32.85,32.68,32.62,32.73,32.53,32.57,32.51,32.65,32.28,32.2,32.45,32.11,32.09,31.91,31.81,31.72,31.52,31.57,31.77,31.4,31.19,31.52,31.47,31.74,31.64,31.91,31.91,32.23,32.4,32.28,32.14,32.65,32.77,32.36,32.62,32.85,32.73,32.87,32.94,33.04,33.2,32.99,33.2,33.46,33.41,33.66,33.61,33.44,33.2,33.36,33.19,33.1,33.27,33.1,33.04,32.9,32.95,33.12,33.1,32.7,33.1,33.2,33.19,33.07,33.04,33.2,33.36,33.32,33.32,33.44,33.41,33.44,33.44,33.52,33.36,33.36,33.27,33.52,33.41,33.41,33.32,32.85,32.36,32.18,32.6,32.73,33.2,32.7,32.23,31.94,31.77,30.95,30.24,26.7,23.69,22.93,22.78,22.29,22.21,22.27,21.87,22.21,21.87,21.62,22.02,21.84
21.08,21.43,21.2,21.43,21.65,21.27,21.65,21.72,21.75,22.17,22.93,26.56,28.55,29.39,29.76,30.08,30.55,30.82,30.65,30.82,31.15,31.12,31.49,31.52,31.57,31.44,30.95,31.29,31.07,31.03,31.07,31.07,30.83,31.12,31.15,31.12,31.2,31.07,30.75,31.02,31.1,31.1,31.03,31.27,31.64,31.91,31.77,32.01,32.03,32.62,32.57,32.4,32.65,32.43,32.73,32.85,32.51,32.77,32.68,32.73,32.43,32.62,32.57,32.31,32.2,32.28,31.94,31.94,31.89,31.66,31.77,31.49,31.74,31.66,31.32,31.32,31.4,31.64,31.74,31.94,32.26,32.09,32.43,32.48,32.28,32.31,32.6,32.62,32.68,32.7,32.85,32.87,32.95,32.9,33.07,33.07,33.46,33.24,33.37,33.44,33.78,33.74,33.57,33.36,33.69,33.2,33.37,33.07,33.27,32.99,33.07,33.27,32.95,32.87,33.15,33.12,33.07,33.15,33.29,33.32,33.37,33.27,33.37,33.54,33.29,33.52,33.24,33.41,33.52,33.41,33.61,33.36,33.41,33.07,32.85,32.48,32.26,32.28,32.48,32.7,32.48,32.48,32.09,31.81,31.49,30.65,28.56,25.37,23.23,22.61,22.63,22.63,22.09,22.17,22.12,21.95,21.8,21.79,21.5,21.95
21.57,21.23,21.47,21.62,21.8,21.9,21.8,21.99,21.94,22.02,22.58,25.72,28.55,29.08,29.69,30.09,30.46,30.98,30.5,30.38,30.65,30.98,31.4,31.4,31.66,31.4,31.27,31.19,31.35,31.1,31.03,30.98,30.98,31.12,31.39,31.44,31.4,31.12,31.24,30.98,31.12,31.1,31.72,31.52,31.64,31.89,31.83,32.45,32.35,32.53,33.02,32.65,32.7,32.78,32.9,32.9,33.02,32.65,32.57,32.57,32.68,32.48,32.26,32.4,32.48,32.14,32.23,32.06,31.83,31.61,31.69,31.44,31.4,31.4,31.44,31.35,31.56,31.57,31.69,31.98,31.86,31.94,32.26,32.35,32.36,32.51,32.62,32.65,32.68,32.7,32.87,32.77,32.73,33.04,33.04,33.15,33.2,33.41,33.24,33.93,33.54,33.91,33.88,34.08,33.57,33.86,33.71,33.62,33.36,33.27,33.29,33.37,32.99,33.07,33.2,33.12,33.27,33.2,33.2,33.29,33.49,33.46,33.57,33.32,33.52,33.44,33.2,33.37,33.29,33.54,33.61,33.44,33.61,33.07,32.57,32.43,32.18,32.26,32.18,32.68,32.51,32.4,32.28,31.52,31.15,29.87,25.82,23.23,22.73,22.51,22.12,22.14,21.99,22.27,22.12,21.75,21.8,21.87,21.95,21.79
21.28,21.35,21.47,21.57,21.42,21.43,21.79,21.69,21.75,21.94,22.29,24.51,27.81,29.03,29.49,30.26,30.21,30.78,30.29,30.18,30.38,31.02,31.39,31.81,31.49,31.44,31.07,31.07,30.98,31.02,31.07,31.19,31.35,31.39,31.19,31.29,31.29,31.19,31.15,31.56,31.39,31.39,31.56,31.98,31.91,31.94,32.4,32.51,32.65,32.77,32.87,32.94,32.7,32.53,33.1,32.6,32.7,32.6,32.53,32.26,32.7,32.65,32.51,32.35,32.26,32.2,31.74,31.72,31.49,31.56,31.35,31.64,31.35,31.39,31.12,31.52,31.47,31.61,31.83,31.86,32.01,32.26,32.23,32.23,32.51,32.57,32.57,32.57,32.78,33.04,32.87,32.9,32.95,33.02,33.19,33.04,33.02,33.41,33.07,33.69,33.61,33.66,33.93,34.1,33.74,34.01,34.1,33.71,33.57,33.74,33.54,33.27,33.44,33.44,33.36,33.46,33.02,33.57,33.29,33.15,33.29,33.44,33.36,33.15,33.2,33.66,33.44,33.2,33.36,33.54,33.49,33.27,33.24,33.46,32.94,32.53,32.35,32.28,32.4,32.77,32.57,32.01,31.64,31.15,30.38,26.53,23.72,23.0,22.27,22.17,21.94,22.12,22.06,21.9,22.12,21.94,21.87,21.9,22.02,21.84
21.42,21.16,21.47,21.43,21.5,21.47,21.84,21.8,21.79,21.99,21.94,23.57,26.81,28.56,29.27,30.08,30.41,30.45,30.29,30.18,30.24,30.73,31.19,31.56,31.39,31.35,31.27,31.24,31.27,31.2,30.83,31.1,30.98,31.35,31.2,30.98,31.27,31.52,31.35,31.64,31.64,31.77,32.01,31.83,32.18,32.51,32.68,32.9,33.1,32.95,33.24,32.87,32.9,32.73,32.7,32.9,32.48,32.45,32.53,32.68,32.31,32.36,32.53,32.26,32.26,32.01,31.89,31.74,31.69,31.74,31.52,31.2,31.69,31.47,31.47,31.39,31.44,31.72,31.61,32.01,31.86,32.14,32.18,32.26,32.2,32.45,32.4,32.78,32.9,32.7,32.68,33.04,33.07,32.94,33.07,33.1,33.32,33.27,33.52,33.57,33.71,33.93,33.93,33.78,33.96,33.88,34.1,34.18,34.01,33.78,33.86,33.54,33.62,33.2,33.46,33.02,33.54,33.2,33.2,33.36,33.49,33.52,33.37,33.36,33.46,33.49,33.49,33.24,33.37,33.62,33.37,33.19,33.24,33.37,33.2,32.9,32.7,32.65,32.57,32.7,32.51,31.89,31.64,30.73,28.02,24.48,23.37,22.78,22.46,22.29,22.17,22.12,22.06,22.21,22.09,22.09,21.75,21.99,21.6,21.69
21.57,21.65,21.38,21.69,21.53,21.6,21.87,21.72,21.72,21.87,22.29,22.63,25.13,28.31,29.24,29.77,30.16,30.65,30.65,30.53,30.45,30.87,31.24,31.4,31.56,31.29,31.35,31.2,31.29,31.29,31.07,31.29,31.15,31.15,31.4,31.52,31.35,31.29,31.49,31.77,32.01,32.06,32.31,32.31,32.73,32.99,32.78,33.19,32.94,33.04,32.94,32.85,33.12,32.82,32.85,32.57,32.6,32.78,32.68,32.65,32.53,32.11,32.35,32.18,32.2,31.86,31.83,31.74,31.69,31.32,31.57,31.44,31.66,31.39,31.49,31.4,31.32,31.77,31.89,31.83,31.89,32.2,32.6,32.43,32.2,32.26,32.6,32.6,32.57,32.9,32.77,33.2,32.85,32.87,32.99,33.2,33.49,33.41,33.44,33.61,33.46,33.79,33.57,33.69,34.08,34.1,34.08,34.1,34.25,34.01,33.83,33.86,33.93,33.79,33.69,33.52,33.37,33.52,33.32,33.24,33.44,33.41,33.41,33.29,33.37,33.46,33.46,33.62,33.52,33.37,33.49,33.2,33.57,33.52,33.61,33.41,33.04,33.19,32.85,32.36,32.11,31.81,31.24,28.92,25.1,23.64,22.81,22.76,22.46,22.36,22.27,22.24,21.95,22.51,22.14,21.75,21.94,21.95,22.06,22.12
21.2,21.23,21.5,21.53,21.35,21.47,21.42,21.72,21.69,21.69,22.21,22.21,23.75,27.13,28.92,29.69,30.09,30.5,30.73,30.61,30.87,31.07,31.35,31.35,31.56,30.9,30.92,31.12,30.95,30.87,31.19,30.95,31.2,31.27,31.29,31.44,31.39,31.56,31.77,32.01,32.01,32.23,32.57,32.95,32.94,33.04,33.04,32.85,32.78,32.94,32.82,32.77,32.85,32.99,32.65,32.45,32.51,32.73,32.43,32.28,32.31,32.06,32.18,32.06,31.81,31.61,31.83,31.4,31.4,31.64,31.35,31.64,31.12,31.35,31.2,31.44,31.32,31.89,31.91,31.89,32.11,32.26,32.18,32.45,32.35,32.31,32.36,32.7,32.68,32.78,32.9,32.78,32.78,33.24,32.82,33.24,33.19,33.37,33.1,33.52,33.62,33.66,33.54,33.69,33.66,33.54,34.01,34.08,34.26,34.26,34.16,34.13,33.88,34.01,33.86,33.52,33.46,33.57,33.44,33.32,33.36,33.2,33.62,33.46,33.54,33.54,33.49,33.27,33.57,33.2,33.46,33.52,33.54,33.27,33.24,33.2,32.73,32.77,32.53,31.94,31.57,31.2,30.41,27.79,24.71,23.06,22.81,22.61,22.49,22.32,22.14,22.21,21.95,22.21,22.12,21.87,22.14,21.99,21.87,21.79
21.23,21.27,21.65,21.69,21.42,21.47,21.57,21.5,21.72,21.95,21.94,22.43,22.63,24.86,27.96,29.07,29.87,30.5,30.82,30.9,31.32,31.15,31.47,31.61,31.15,31.12,31.24,31.24,31.07,31.2,31.39,31.07,31.35,31.29,31.57,31.44,31.64,31.77,31.77,32.23,32.36,32.6,33.02,32.95,33.07,32.94,33.02,33.07,32.77,32.85,32.7,32.78,32.57,32.87,32.36,32.53,32.48,32.48,32.26,32.23,31.94,32.26,32.18,31.98,32.06,31.81,31.69,31.39,31.57,31.27,31.24,31.2,31.19,31.47,31.35,31.52,31.39,31.66,31.89,31.81,32.06,32.06,32.11,32.06,32.03,32.18,32.68,32.62,32.62,32.77,32.82,33.1,33.04,32.78,32.82,32.99,33.02,33.29,33.12,33.52,33.37,33.44,33.62,33.78,33.79,33.71,33.99,34.04,34.01,34.13,34.25,34.33,34.25,34.16,33.83,33.86,33.78,33.61,33.57,33.49,33.29,33.41,33.44,33.32,33.49,33.54,33.04,33.61,33.37,33.52,33.32,33.37,33.07,33.49,33.04,32.87,32.68,32.62,32.09,31.77,31.29,31.12,30.55,27.6,24.56,23.0,22.66,22.63,22.58,22.27,22.24,22.36,21.79,21.87,22.17,21.87,21.62,21.69,21.87,22.12
21.69,21.47,21.5,21.79,21.2,21.28,21.35,21.53,21.69,21.69,21.6,22.02,22.39,22.78,26.38,28.36,29.49,30.13,30.53,30.7,31.12,31.19,31.29,31.44,31.29,31.29,31.12,31.2,31.2,31.19,31.32,31.39,31.57,31.24,31.27,31.81,31.69,31.86,32.23,32.26,32.53,32.95,33.24,32.94,33.12,32.94,32.77,32.62,32.78,32.65,32.68,32.78,32.57,32.7,32.4,32.6,32.2,32.28,32.45,32.26,32.06,31.98,31.98,32.01,31.86,31.74,31.29,31.15,31.52,31.47,31.47,31.29,31.39,31.47,31.07,31.52,31.69,31.83,31.83,31.86,32.2,32.01,32.51,32.28,32.36,32.11,32.65,32.31,32.65,32.85,32.9,32.95,32.95,33.07,32.9,32.87,32.99,33.32,33.41,33.41,33.37,33.54,33.44,33.54,33.61,33.69,33.66,34.04,33.99,34.21,33.96,34.13,34.33,34.43,34.25,34.21,34.08,33.93,33.49,33.54,33.62,33.29,33.32,33.27,33.29,33.41,33.2,33.37,33.46,33.19,33.44,33.36,33.15,33.07,33.02,32.6,32.35,32.14,31.94,32.2,31.61,31.29,30.53,27.32,24.26,23.08,22.88,22.36,22.24,22.29,22.24,22.02,21.99,21.94,22.12,22.09,22.09,22.02,21.87,21.95
21.32,21.43,21.35,21.53,21.27,21.65,21.65,21.35,21.5,21.62,21.69,22.14,22.21,22.46,23.67,27.13,29.08,30.16,30.38,30.53,30.98,30.98,31.17,31.29,31.29,31.44,31.1,31.32,31.52,31.44,31.39,31.29,31.44,31.72,31.64,32.14,32.14,32.11,32.68,32.99,32.9,33.02,32.87,32.62,33.19,32.73,32.68,32.7,33.02,32.62,32.73,32.45,32.36,32.31,32.57,32.23,32.31,32.28,32.35,32.53,32.11,32.01,31.77,31.72,32.01,31.94,31.27,31.86,31.64,31.39,31.19,31.52,31.27,31.61,31.57,31.61,31.32,31.81,31.81,32.06,32.18,32.03,32.11,32.4,32.18,32.73,32.36,32.57,32.62,32.68,32.7,32.99,32.87,33.07,33.07,32.87,33.29,33.15,33.27,33.66,33.52,33.69,33.57,33.74,33.71,33.74,33.49,33.69,34.01,34.04,33.74,34.38,34.25,33.99,34.26,34.26,34.33,34.3,34.25,33.86,34.21,33.66,33.78,33.49,33.36,33.57,33.44,33.57,33.52,33.44,33.32,33.27,33.36,33.2,32.95,32.43,32.43,32.57,32.62,32.53,31.81,31.49,30.38,27.64,24.41,22.91,22.88,22.58,22.09,22.39,22.24,22.29,22.02,21.95,21.75,22.06,21.84,21.87,21.72,21.69
21.6,21.27,21.27,21.38,21.6,21.57,21.42,21.28,21.65,21.9,21.65,21.9,21.99,22.06,22.61,24.75,28.23,29.44,30.18,30.46,30.73,31.1,31.25,31.32,31.4,31.66,31.49,31.56,31.35,31.35,31.72,31.61,31.61,31.81,32.11,32.26,32.57,32.87,32.82,32.9,33.02,33.1,33.07,32.85,32.7,32.82,32.51,32.78,32.65,32.28,32.45,32.31,32.28,32.14,32.57,32.4,32.36,32.48,32.2,32.26,32.11,32.14,31.94,31.89,31.57,31.81,31.72,31.56,31.66,31.69,31.83,31.4,31.49,31.39,31.69,31.52,31.81,31.69,31.98,32.09,32.11,32.23,32.28,32.45,32.11,32.45,32.4,32.43,32.62,32.77,32.82,32.78,32.85,33.12,33.1,33.24,33.27,33.37,33.15,33.57,33.54,33.29,33.52,33.41,33.44,33.57,33.57,33.74,33.91,33.78,34.1,34.16,34.18,34.18,34.3,34.48,34.08,34.3,34.33,34.35,34.38,34.21,34.04,33.96,33.69,33.79,33.74,33.44,33.52,33.71,33.36,33.49,33.24,33.24,33.15,33.29,33.37,33.04,33.1,32.95,32.01,31.52,30.45,27.99,24.48,22.93,22.63,22.27,22.58,22.14,22.24,22.09,22.09,21.9,21.99,21.84,21.99,21.9,22.02,21.87
21.47,21.42,21.27,21.42,21.43,21.53,21.42,21.23,21.5,21.8,21.47,21.62,21.57,21.95,22.36,22.96,25.07,28.48,29.87,30.04,30.33,30.58,31.32,30.9,31.27,31.19,31.4,31.52,31.32,31.61,31.57,31.69,31.91,32.11,32.23,32.57,32.94,33.04,33.04,32.77,33.02,32.77,32.78,32.73,32.65,32.6,32.65,32.35,32.43,32.6,32.62,32.4,32.2,32.43,32.36,32.28,32.4,32.26,32.03,32.18,32.11,31.94,32.03,31.77,31.74,31.81,31.61,31.47,31.56,31.66,31.47,31.56,31.29,31.24,31.57,31.32,31.52,31.66,31.77,32.06,32.14,32.11,32.36,32.36,32.09,32.14,32.28,32.85,32.77,32.82,32.62,32.51,32.78,33.1,33.04,33.15,33.32,33.2,33.36,33.57,33.37,33.27,33.52,33.36,33.32,33.62,33.52,33.54,33.78,33.79,33.96,33.99,33.78,33.93,33.86,34.21,34.3,34.16,34.3,34.13,34.35,34.41,34.6,34.43,34.01,34.01,34.08,33.79,33.91,34.13,33.93,33.66,33.71,33.54,33.44,33.49,33.27,33.15,33.12,32.43,32.14,31.35,30.73,27.47,24.44,23.0,22.78,22.58,22.06,22.29,22.24,21.99,22.29,21.9,22.12,21.8,22.06,21.95,21.99,21.79
21.47,21.69,21.47,21.28,21.38,21.43,21.38,21.6,21.5,21.47,21.65,21.69,21.57,22.17,22.06,22.29,23.06,25.32,28.34,29.56,30.38,30.33,30.98,30.75,31.1,31.29,31.15,31.27,31.77,31.4,31.64,31.89,32.28,32.53,32.57,33.32,33.2,32.94,33.07,32.77,32.87,32.7,32.85,32.68,32.6,32.36,32.57,32.48,32.4,32.31,32.2,32.35,32.26,32.23,32.4,32.26,32.01,32.2,32.11,31.86,32.06,31.77,31.74,31.66,31.81,31.61,31.47,31.77,31.81,31.77,31.56,31.4,31.56,31.49,31.49,31.44,31.72,31.69,32.09,32.14,31.94,32.31,32.36,32.65,32.26,32.65,32.53,32.31,32.45,32.7,32.68,32.95,32.77,32.95,32.87,32.94,33.2,33.24,33.1,33.29,33.32,33.41,33.46,33.44,33.32,33.61,33.61,33.52,33.44,33.62,33.74,33.69,33.88,33.78,33.88,33.69,34.01,34.04,34.33,34.41,34.16,34.41,34.33,34.57,34.52,34.26,34.52,34.18,34.08,34.3,34.33,33.91,33.74,33.86,33.88,33.54,33.24,33.1,32.7,32.53,32.09,31.57,30.58,27.91,24.39,23.27,22.58,22.48,22.27,22.29,22.27,21.99,21.95,22.09,21.8,21.84,21.9,22.12,21.95,22.12
21.35,21.38,21.62,21.5,21.28,21.43,21.57,21.57,21.62,21.62,21.72,21.8,21.57,21.95,22.02,22.12,22.51,22.91,24.51,27.12,29.03,29.96,30.18,30.61,30.98,31.07,31.27,31.03,31.57,31.81,31.86,32.51,32.68,33.07,33.1,32.94,33.1,33.02,32.99,32.77,32.7,32.36,32.62,32.53,32.53,32.31,32.2,32.6,32.01,32.35,32.26,32.23,32.36,32.28,32.35,32.26,32.11,32.23,32.11,31.94,31.91,31.74,31.64,31.77,31.81,31.57,31.74,31.52,31.72,31.72,31.72,31.49,31.32,31.89,31.4,31.66,31.61,31.91,31.89,31.83,32.18,32.28,32.35,32.4,32.31,32.28,32.31,32.65,32.57,32.7,32.68,32.87,32.78,33.04,32.85,33.1,33.19,33.46,33.2,33.24,33.44,33.69,33.66,33.37,33.74,33.62,33.52,33.61,33.74,33.52,33.66,33.71,33.66,33.61,33.78,33.88,33.93,34.04,34.25,34.21,34.16,33.91,34.26,34.01,34.18,34.26,34.38,34.47,34.04,34.13,33.86,34.08,33.79,33.71,33.49,33.61,33.32,32.99,32.7,32.26,32.09,31.27,30.65,27.49,24.39,23.37,22.78,22.39,21.99,21.9,22.21,22.24,21.95,22.17,22.06,21.95,21.95,21.95,21.87,21.99
21.43,21.43,21.32,21.53,21.53,21.72,21.28,21.2,21.5,21.62,21.38,21.35,21.65,21.43,21.95,22.06,22.32,22.43,22.58,23.67,25.33,27.35,28.63,29.72,30.24,30.61,31.27,31.47,31.47,31.72,32.06,32.35,32.85,33.27,33.04,33.04,33.27,32.65,32.68,32.7,32.26,32.57,32.28,32.18,32.26,32.28,32.31,32.18,32.23,32.06,32.36,32.14,31.98,32.09,32.09,32.09,32.45,32.01,32.2,31.86,31.91,31.91,31.69,31.66,31.64,31.61,31.69,31.47,31.77,31.81,31.61,31.89,31.29,31.69,31.47,31.74,31.61,31.89,31.81,31.89,31.98,32.28,32.03,32.03,32.45,32.28,32.28,32.31,32.48,32.7,32.73,32.65,32.78,32.9,32.73,32.85,33.36,33.19,33.29,33.19,33.24,33.37,33.27,33.27,33.29,33.69,33.37,33.46,33.61,33.69,33.49,33.86,33.74,33.62,33.79,33.54,33.93,33.91,34.01,33.79,33.99,34.18,34.1,34.26,34.25,34.08,34.08,34.01,33.96,34.01,33.86,33.62,33.61,33.52,33.46,33.44,32.99,33.04,32.43,32.36,31.66,31.2,30.13,27.67,24.51,23.23,22.61,22.43,22.27,22.39,22.29,22.09,22.36,22.09,22.29,21.94,21.95,21.65,21.99,21.9
21.27,21.42,21.42,21.38,21.6,21.32,21.23,21.43,21.69,21.43,21.42,21.72,21.6,21.95,21.95,22.27,21.72,22.02,22.36,22.09,23.03,23.48,24.44,25.7,26.7,28.43,30.26,31.02,31.19,31.03,31.72,32.6,32.82,32.94,32.85,32.73,32.6,32.7,32.48,32.28,32.4,32.57,32.09,32.06,32.26,32.18,32.06,31.91,32.01,32.14,32.03,31.89,32.18,31.91,31.86,32.03,31.91,32.06,31.86,31.86,31.56,31.77,31.56,31.64,31.94,31.94,31.52,31.61,31.74,31.61,31.61,31.49,31.56,31.39,31.69,31.72,31.81,31.77,31.83,31.94,32.01,32.11,32.11,32.4,32.35,32.28,32.51,32.57,32.53,32.82,32.73,32.73,32.85,32.77,32.87,32.78,32.99,32.99,33.15,33.1,33.36,33.57,33.32,33.37,33.27,33.37,33.37,33.71,33.52,33.54,33.69,33.36,33.27,33.29,33.62,33.62,33.71,33.88,33.69,33.83,33.99,33.74,33.91,34.01,33.93,34.04,33.96,33.78,34.1,33.78,33.49,33.86,33.27,33.37,33.24,33.1,32.95,32.82,32.23,31.64,31.57,30.92,30.21,27.52,24.21,23.06,22.61,22.48,22.02,22.36,22.21,21.53,21.99,21.87,21.69,22.06,21.95,21.79,21.75,22.09
21.42,21.28,21.27,21.53,21.43,21.42,21.16,21.69,21.6,21.5,21.47,21.57,21.43,21.62,21.69,22.06,21.75,22.12,22.29,22.21,22.46,22.63,23.17,23.18,24.06,26.14,29.27,30.75,30.7,30.92,31.61,31.94,32.23,32.65,32.73,32.78,32.7,32.73,32.53,32.57,32.6,32.4,32.31,32.31,32.09,32.09,31.98,32.14,32.14,32.03,32.14,32.26,32.18,32.01,32.31,32.01,31.89,31.81,32.06,31.89,31.49,31.57,31.77,31.64,31.72,31.66,31.89,31.56,31.47,31.69,31.56,31.83,31.56,31.77,31.64,31.72,31.94,31.72,31.83,31.64,32.2,31.94,32.03,32.26,32.2,32.36,32.65,32.45,32.36,32.78,32.87,32.95,32.7,32.78,32.87,33.04,33.24,33.2,33.32,33.36,33.19,33.57,33.32,33.29,33.29,33.52,33.61,33.46,33.61,33.54,33.66,33.61,33.54,33.69,33.79,33.54,33.71,33.93,33.49,33.78,33.78,33.71,34.08,33.99,33.69,33.96,33.78,33.71,33.91,33.71,33.61,33.49,33.57,33.12,33.19,32.94,32.78,32.57,32.14,32.06,31.66,31.03,30.36,27.64,24.14,23.22,22.58,22.36,22.09,22.14,22.06,22.36,22.02,21.9,22.24,22.02,22.02,22.02,22.09,21.69
21.23,21.47,21.47,21.43,21.38,21.69,21.35,21.28,21.32,21.43,21.32,21.62,21.94,21.42,21.79,21.6,22.14,22.02,22.09,21.99,22.09,22.27,22.43,22.63,23.22,26.06,29.76,30.78,30.83,30.92,31.02,31.64,32.11,32.35,32.2,32.51,32.36,32.35,32.48,32.43,32.26,32.35,32.36,32.31,32.09,32.14,32.23,32.09,32.11,32.06,32.06,31.74,31.81,32.35,31.98,32.03,31.83,31.83,31.91,31.69,31.83,31.39,31.64,31.77,31.86,31.61,31.83,31.66,31.44,31.52,31.47,31.77,31.49,31.72,31.39,31.81,31.61,31.72,32.2,31.91,31.98,32.03,32.11,32.23,32.26,32.36,32.43,32.31,32.7,32.77,32.7,32.85,32.77,32.9,32.78,32.9,33.12,32.85,33.36,33.41,33.37,33.41,33.44,33.46,33.41,33.44,33.41,33.37,33.41,33.61,33.44,33.49,33.41,33.37,33.44,33.52,33.62,33.61,33.69,33.78,33.57,33.93,33.83,33.62,33.46,33.88,33.86,33.83,33.66,33.57,33.62,33.44,33.44,33.19,33.02,32.68,32.68,32.62,32.31,31.83,31.32,31.19,30.16,27.2,24.02,23.0,22.63,22.69,22.21,22.21,22.32,22.21,21.87,21.95,22.43,21.99,22.09,21.8,22.12,21.99
21.43,21.62,21.38,21.53,21.5,21.32,21.28,21.38,21.43,21.62,21.62,21.62,21.47,21.75,21.95,21.38,22.09,21.79,21.75,22.02,22.12,21.75,22.39,22.91,23.3,26.81,29.59,30.46,30.92,30.58,30.78,31.56,31.91,32.18,32.65,32.57,32.4,32.31,32.36,32.28,32.4,32.26,32.06,32.09,32.01,32.06,32.11,32.09,32.2,32.03,32.14,31.89,32.2,31.83,31.94,32.03,32.14,31.83,31.61,31.74,31.83,31.56,31.81,31.64,31.57,31.32,31.44,31.69,31.77,31.74,31.39,31.74,31.47,31.77,31.64,31.74,31.56,31.56,32.01,31.83,31.89,32.11,32.14,32.09,32.09,32.45,32.48,32.48,32.62,32.51,32.6,32.65,32.68,32.65,32.94,32.99,32.9,33.24,33.32,33.1,33.49,33.24,33.27,33.37,33.49,33.29,33.24,33.37,33.83,33.52,33.54,33.52,33.62,33.37,33.46,33.71,33.78,33.62,33.71,33.36,33.57,33.79,33.66,33.57,33.52,33.88,33.49,33.66,33.83,33.54,33.49,33.62,33.1,32.95,32.99,32.51,32.36,32.48,32.31,31.66,31.49,31.19,30.09,27.29,24.36,22.88,22.93,22.73,22.27,22.48,22.12,22.02,22.39,22.29,22.09,21.9,21.65,22.09,22.06,21.99
