29.4,29.56,29.67,29.81,29.61,29.98,29.93,30.13,30.29,30.33,30.5,30.46,30.53,30.53,30.87,30.9,30.61,30.87,30.9,30.78,31.19,31.24,31.69,31.81,32.31,32.09,31.91,31.77,31.69,31.27,31.49,31.03,31.27,31.27,31.52,30.92,31.4,31.35,30.95,31.2,31.32,31.66,31.39,31.64,31.2,31.12,31.24,31.2,31.07,30.7,30.26,29.39,29.07,27.37,26.38,28.76,29.64,30.29,30.98,30.95,31.2,31.81,31.91,32.43,32.28,32.35,32.31,32.18,32.11,31.69,31.72,31.74,31.64,31.49,31.19,31.4,31.29,31.15,31.47,31.72,31.49,31.86,31.77,31.81,31.81,31.49,31.4,31.19,31.29,31.24,31.24,31.1,31.44,31.27,31.49,31.4,32.03,31.57,31.61,31.29,30.66,29.77,27.25,23.54,20.83,20.51,20.39,20.51,20.98,21.94,23.87,25.45,27.23,27.96,28.8,28.76,29.24,29.19,29.24,29.29,29.4,29.59,29.69,29.67,29.81,29.81,29.52,29.93,30.24,30.21,30.7,31.1,31.03,31.27,31.32,31.4,30.98,31.1,31.07,30.98,31.07,30.78,30.95,30.78,30.41,30.5,30.5,30.78,30.36,30.5,30.36,30.13,30.29,30.29,30.26,30.13,30.21,29.96,30.24,30.04
29.27,29.56,29.49,29.49,30.09,29.89,29.81,30.01,30.26,30.24,30.33,30.45,30.55,30.75,30.83,30.73,30.87,31.07,31.02,31.24,31.19,31.72,31.69,31.83,32.23,32.06,31.74,31.89,31.39,31.56,31.35,31.44,31.4,31.29,31.56,31.2,31.1,31.44,31.27,31.56,31.27,31.39,31.39,31.29,31.32,31.52,31.27,31.07,31.12,31.03,31.12,30.75,30.65,30.13,29.89,30.08,29.87,30.26,30.61,31.1,31.2,31.69,31.83,31.86,32.01,32.31,32.03,32.11,31.89,31.69,31.49,31.1,31.19,30.78,30.92,30.65,30.38,30.75,30.5,30.78,30.41,30.53,30.65,30.66,30.7,30.75,30.61,30.75,30.73,30.92,30.83,30.95,30.87,31.07,31.61,31.29,31.44,31.74,31.47,30.75,30.61,30.21,29.07,27.35,24.39,21.94,22.54,24.26,26.11,27.02,28.11,28.51,29.07,29.29,29.52,29.77,29.67,29.69,29.61,29.4,29.64,29.69,29.72,30.01,30.08,30.08,30.33,29.84,30.09,30.04,30.41,30.83,31.07,31.4,31.49,31.56,31.29,31.69,31.39,30.95,30.83,30.9,31.12,30.66,30.87,30.45,30.55,30.46,30.58,30.36,30.5,30.13,30.18,30.36,30.09,30.08,30.08,29.77,30.04,29.69
29.24,29.39,29.49,29.69,29.98,30.13,29.93,30.06,30.36,30.04,30.24,30.55,30.41,30.66,30.58,30.78,30.7,30.75,31.12,31.35,31.44,31.72,32.01,32.03,32.11,31.83,31.69,31.29,31.24,31.24,31.02,30.95,31.19,31.03,31.49,31.66,31.27,30.65,30.95,31.15,30.75,31.4,31.39,31.69,31.64,31.4,31.69,31.49,31.27,31.39,31.02,31.02,30.95,30.92,31.2,31.24,30.95,30.95,30.95,31.32,31.35,31.4,31.61,31.86,31.74,31.77,32.26,31.83,31.74,31.4,31.52,31.39,31.2,30.98,30.65,30.38,30.18,30.13,30.04,30.16,29.96,29.77,29.67,30.04,30.04,29.87,30.18,30.33,30.38,30.36,30.65,30.55,30.75,30.87,31.2,31.03,31.29,31.32,31.02,31.03,30.66,30.36,30.01,29.07,28.02,27.0,27.47,28.28,28.71,29.03,29.27,29.72,29.64,29.69,29.87,29.77,30.16,29.81,30.08,30.13,30.01,30.41,30.24,30.46,30.21,30.18,30.21,30.41,30.09,30.21,30.24,30.58,31.2,31.29,31.47,31.66,31.64,31.61,31.39,31.24,30.98,31.2,31.15,30.92,30.83,30.53,30.38,30.41,30.55,30.73,30.29,30.36,30.55,30.18,30.04,30.18,30.01,29.89,29.59,29.76
29.19,29.27,29.76,29.59,29.69,29.98,29.96,30.11,30.36,30.29,30.13,30.26,30.45,30.78,30.75,30.95,31.07,31.07,31.32,31.4,31.72,31.74,31.94,31.86,31.91,31.69,31.44,31.35,31.07,31.12,31.12,31.02,30.7,31.02,31.4,31.27,31.02,30.95,31.19,31.02,31.07,31.27,31.44,31.32,31.4,31.29,31.27,31.15,31.44,31.07,31.35,31.49,31.57,31.39,31.47,31.24,31.29,31.44,31.27,31.47,31.47,31.64,31.32,31.47,31.52,31.81,31.81,31.69,31.39,31.47,31.35,31.2,31.32,30.92,30.73,30.38,30.41,29.98,29.89,29.96,29.64,29.84,29.56,29.96,29.84,30.13,30.18,29.81,30.09,30.21,30.38,30.45,30.7,30.78,30.78,30.66,31.1,30.87,31.15,30.78,30.58,30.33,29.87,29.44,29.27,29.2,29.24,29.61,29.64,29.64,30.18,29.77,29.52,29.93,29.87,29.81,30.18,29.96,30.38,30.65,30.73,30.21,30.41,30.65,30.41,30.21,30.29,30.24,30.29,30.04,30.16,30.45,30.5,30.9,31.56,31.74,31.74,31.94,31.74,31.81,31.07,31.4,31.35,31.12,31.12,30.9,30.55,30.33,30.55,30.38,30.41,30.58,30.46,30.29,30.55,30.04,29.93,29.93,29.61,29.69
29.08,29.32,29.72,29.77,30.01,30.09,30.04,29.77,29.89,30.18,30.41,30.38,30.5,30.38,30.75,30.83,30.87,31.24,31.02,31.64,31.91,31.98,32.2,32.11,31.56,31.39,31.4,31.24,31.32,31.02,31.03,30.92,30.98,30.82,30.9,30.98,31.12,30.92,30.95,30.98,31.24,31.24,31.29,31.47,31.32,31.57,31.24,31.32,31.24,31.4,31.35,31.15,31.29,31.49,31.35,31.52,31.64,31.44,31.52,31.49,31.39,31.49,31.2,31.4,31.35,31.32,31.57,31.24,31.44,31.19,31.12,31.1,30.92,31.03,30.7,30.82,30.55,30.16,29.96,30.13,29.72,29.84,29.98,29.76,29.84,29.98,29.93,30.01,30.09,30.45,30.24,30.55,30.73,31.1,30.95,30.78,30.92,30.82,30.55,30.7,30.45,30.21,30.13,29.69,29.81,29.72,29.67,29.77,29.44,29.72,29.96,29.89,29.72,30.01,30.04,30.13,30.24,30.33,30.36,30.87,30.61,30.92,30.5,30.38,30.29,30.18,30.16,30.26,30.18,30.04,30.04,30.36,30.61,30.7,31.2,31.69,31.77,32.06,32.2,31.44,31.66,31.4,31.56,31.32,30.9,30.92,30.9,30.33,30.87,30.18,30.61,30.36,30.24,30.29,29.96,29.93,29.87,30.01,29.93,29.81
29.27,29.4,29.49,29.59,30.13,29.84,30.18,30.38,30.09,30.08,30.18,30.66,30.53,30.65,30.78,30.46,31.07,31.52,31.32,31.57,32.01,31.94,32.2,31.86,31.94,31.49,31.39,31.03,30.83,30.82,30.78,30.65,30.83,30.87,30.95,30.73,31.02,30.92,31.03,31.07,31.24,31.47,31.29,31.61,31.47,31.61,31.4,31.4,31.56,31.4,31.39,31.29,31.32,31.27,31.29,31.35,31.29,31.44,31.4,31.64,31.72,31.47,31.39,31.32,31.19,31.2,31.02,31.1,31.35,31.1,31.12,31.15,31.02,30.92,30.66,30.83,30.75,30.26,30.26,30.38,29.77,29.69,29.77,30.09,30.29,30.04,30.21,30.16,29.98,30.29,30.58,30.82,30.82,31.07,31.15,31.02,31.1,30.9,30.87,30.53,30.41,30.29,30.13,29.98,29.64,29.89,29.87,29.93,29.67,29.84,29.72,30.21,29.96,29.77,29.96,29.96,30.16,30.29,30.61,30.7,31.1,31.02,31.02,30.9,30.16,30.29,30.01,30.01,30.08,30.08,30.41,30.01,30.45,30.78,31.29,31.64,31.81,32.35,32.11,32.09,31.69,31.74,31.57,31.4,31.2,30.92,30.53,30.41,30.65,30.61,30.41,30.53,30.29,30.29,30.21,30.08,30.09,30.08,29.77,29.61
28.88,28.87,29.24,29.69,29.81,30.01,30.04,30.24,30.09,30.08,30.16,30.21,30.46,30.41,30.58,30.83,30.98,31.35,31.52,31.66,32.09,31.64,32.06,31.86,31.57,31.44,31.2,30.92,31.1,30.98,30.83,30.53,30.83,30.66,30.87,30.75,30.78,31.02,30.82,31.12,30.98,31.1,31.2,31.29,30.98,31.32,31.44,31.44,31.56,31.74,31.29,31.4,31.29,31.44,31.27,31.29,31.15,31.44,31.32,31.32,31.1,31.12,31.32,31.32,31.1,30.98,30.95,30.73,30.87,30.92,31.1,31.1,30.92,30.78,30.65,30.58,30.61,30.61,30.61,30.16,30.33,30.16,30.08,30.09,30.21,30.24,30.16,30.24,30.18,30.36,30.73,30.58,30.87,30.87,31.12,31.12,30.9,30.83,30.53,30.53,30.58,30.26,30.24,30.13,30.09,29.61,29.76,29.77,29.61,30.01,29.89,30.01,29.98,29.77,29.61,29.93,29.96,30.18,30.29,30.38,30.82,31.03,31.12,30.9,30.38,30.38,30.13,30.24,30.08,30.01,30.24,30.13,30.26,30.33,30.73,31.61,31.61,32.03,32.2,32.23,31.86,31.64,31.49,31.32,31.12,31.12,30.87,30.58,30.58,30.53,30.61,30.45,30.38,30.24,30.26,29.81,30.08,30.01,29.64,29.4
28.87,29.19,29.44,29.76,29.76,29.77,29.77,30.36,30.26,30.21,30.21,30.18,30.29,30.46,30.38,30.75,31.15,31.32,31.56,31.91,32.03,31.91,31.91,31.74,31.4,31.35,31.2,31.24,31.03,31.24,30.95,30.45,30.55,30.83,31.07,31.03,31.12,31.15,30.83,30.65,30.87,30.83,30.83,30.98,30.92,31.19,31.12,31.35,31.35,31.4,31.49,31.15,31.29,31.1,31.1,31.12,31.2,31.4,31.2,31.24,31.2,31.19,31.07,31.19,31.03,30.9,30.61,30.78,30.73,30.66,30.92,30.82,31.02,30.87,30.82,30.65,30.73,30.38,30.55,30.65,30.24,30.38,30.21,30.18,30.26,30.5,30.13,30.38,30.66,30.66,30.78,30.61,31.03,30.95,31.03,31.2,30.98,30.95,30.61,30.38,30.83,30.26,29.81,30.09,30.04,30.13,29.84,29.93,29.89,29.64,29.72,29.89,29.81,29.87,29.61,30.04,30.21,30.04,30.08,30.36,30.53,30.65,30.92,30.78,30.73,30.33,30.26,29.89,29.77,30.08,29.81,30.13,30.16,30.38,30.95,31.15,31.35,32.06,32.2,32.62,32.03,31.86,31.64,31.35,31.12,30.9,30.7,30.65,30.46,30.61,30.83,30.45,30.46,29.98,30.08,30.13,30.01,29.59,29.84,29.39
28.83,28.83,29.44,29.52,29.64,29.96,30.04,29.87,29.87,30.08,30.26,30.18,30.26,30.45,30.92,31.07,31.1,31.69,31.49,31.56,31.69,31.98,31.81,31.44,31.4,31.29,31.07,31.39,31.02,30.95,30.65,30.73,30.5,30.45,30.53,31.19,31.03,30.61,30.33,30.5,30.41,30.83,30.38,30.66,30.87,30.75,30.9,31.02,31.32,31.24,31.47,31.27,31.39,31.39,31.15,31.12,31.02,30.92,30.95,31.02,31.15,31.19,30.87,31.02,31.07,30.75,30.98,30.65,30.58,30.45,30.5,30.61,30.7,30.73,30.73,30.61,30.29,30.21,30.33,30.16,30.29,30.38,30.09,30.09,30.04,30.26,30.38,30.55,30.41,30.38,30.92,30.75,30.66,30.82,30.46,30.73,30.7,30.87,30.58,30.53,30.29,30.18,30.26,30.01,30.13,30.16,29.69,29.72,29.81,29.89,29.96,29.84,29.81,29.77,29.84,29.72,29.81,29.96,29.96,30.13,30.36,30.45,30.41,30.78,30.75,30.5,30.36,30.16,29.84,29.72,29.52,29.96,29.93,30.45,30.65,31.03,31.66,31.86,32.23,32.53,32.11,32.06,31.89,31.49,31.19,31.29,30.61,30.87,30.7,30.5,30.46,30.46,30.38,30.18,30.08,29.87,30.16,29.84,29.56,29.29
28.76,28.87,29.2,29.59,29.24,30.18,30.09,29.96,30.08,30.09,29.93,29.96,30.26,30.5,30.83,30.92,30.9,31.32,31.77,31.86,31.74,31.66,31.47,31.49,31.47,31.35,30.95,31.29,30.98,30.65,30.41,30.21,30.38,30.16,31.03,30.92,30.87,30.53,30.45,30.21,30.53,30.46,30.36,30.36,30.65,30.65,30.5,30.98,30.92,31.07,31.19,31.02,30.98,31.03,31.02,31.02,31.07,31.24,31.02,30.83,30.83,30.98,30.98,31.03,31.07,30.82,30.78,30.66,30.65,30.73,30.36,30.61,30.36,30.7,30.58,30.61,30.55,30.26,30.36,30.5,30.38,30.36,30.41,30.18,30.18,30.16,30.18,30.01,30.45,30.36,30.55,30.53,30.61,30.46,30.61,30.5,30.5,30.65,30.26,30.65,30.21,30.01,30.16,30.08,29.89,30.18,29.76,29.84,29.77,29.93,30.08,29.56,29.67,29.67,29.87,29.87,29.77,29.96,30.16,30.24,30.66,30.13,30.5,30.46,30.78,30.58,30.66,30.21,30.01,29.81,29.87,29.93,30.04,30.18,30.58,31.1,31.19,31.64,31.83,32.23,32.18,31.98,32.03,31.44,31.47,31.02,30.95,30.78,30.65,30.66,30.55,30.38,30.24,30.38,30.16,30.33,29.96,29.72,29.35,29.29
28.56,28.98,29.03,29.29,29.72,29.69,29.77,30.18,30.09,29.98,30.29,30.41,30.61,30.46,30.78,31.03,31.29,31.64,31.61,32.11,31.83,31.66,31.44,31.4,31.52,31.39,31.07,31.35,30.82,30.58,30.36,30.26,30.45,30.46,30.75,30.95,30.78,30.38,30.46,30.29,30.5,30.18,30.16,30.16,30.01,30.36,30.38,30.61,30.83,31.03,31.19,31.2,31.02,31.02,30.73,30.83,30.87,31.07,30.95,30.75,31.02,30.95,30.87,30.98,31.02,30.82,30.73,30.78,30.98,30.75,30.61,30.9,30.36,30.73,30.58,30.5,30.7,30.41,30.7,30.38,30.53,30.61,30.41,30.38,30.36,30.26,30.13,30.41,30.13,30.24,30.36,30.21,30.66,30.36,30.41,30.29,30.41,30.55,30.55,30.36,30.36,30.36,30.55,30.16,30.08,29.96,30.09,29.96,30.24,30.24,30.08,29.87,30.01,29.96,29.93,29.89,30.09,30.09,30.21,29.98,30.24,30.53,30.53,30.33,30.45,30.65,30.53,30.7,30.41,29.96,30.16,30.01,29.96,30.29,30.58,30.95,31.27,31.69,32.11,32.57,32.36,32.09,31.89,31.69,31.29,31.1,31.07,30.66,30.55,30.78,30.9,30.7,30.41,30.36,30.21,30.08,29.87,29.64,29.29,29.44
28.56,28.66,29.12,29.2,29.24,29.64,29.81,30.08,30.09,30.26,30.41,30.16,30.13,30.65,30.95,31.2,31.39,31.81,31.77,31.77,31.69,31.39,31.61,31.4,31.49,31.1,31.29,30.98,30.45,30.16,30.13,30.26,30.33,30.45,30.73,30.7,30.66,30.46,30.66,30.18,30.13,30.41,30.26,30.01,30.13,30.61,30.36,30.73,30.95,30.9,31.35,30.9,30.75,31.02,30.75,30.66,30.73,30.75,31.12,30.9,31.02,30.95,30.75,30.7,30.66,30.55,30.7,30.41,30.53,30.38,30.36,30.7,30.53,30.58,30.09,30.58,30.61,30.5,30.65,30.53,30.29,30.29,30.45,30.5,30.41,30.53,30.24,30.29,29.93,30.24,30.38,30.21,30.04,30.5,30.38,30.45,30.73,30.46,30.66,30.29,30.24,30.55,30.29,30.33,30.21,30.01,29.98,30.09,30.18,30.13,29.93,30.18,29.89,30.21,29.89,29.87,29.89,29.89,30.24,30.04,29.93,30.26,30.66,30.53,30.41,30.58,30.41,30.38,30.53,30.01,30.13,29.77,29.89,30.08,30.33,30.66,31.1,31.49,31.89,31.91,32.14,31.98,32.18,31.72,31.44,31.12,31.07,30.83,30.95,30.95,30.75,30.45,30.45,30.38,30.08,30.04,29.96,29.47,29.56,29.35
28.11,28.87,28.76,29.19,29.39,29.44,29.59,29.72,29.98,29.98,30.01,30.46,30.65,30.55,30.92,31.15,31.4,31.56,31.64,31.29,31.19,31.19,31.39,31.15,31.27,31.15,31.07,30.92,30.38,30.13,30.21,29.89,29.89,30.29,30.29,30.53,30.55,30.38,30.18,30.01,30.09,30.24,29.93,30.16,30.24,30.09,30.01,30.16,30.24,30.61,30.73,30.87,30.95,30.95,30.78,30.92,30.83,30.73,30.75,30.83,30.78,30.75,30.46,30.75,30.33,30.55,30.53,30.24,30.04,30.46,30.18,30.38,30.41,30.29,30.61,30.26,30.53,30.9,30.65,30.29,30.38,30.33,30.18,30.33,30.55,30.38,30.18,30.13,30.18,30.26,30.09,30.13,30.04,30.04,30.13,30.46,30.53,30.09,30.41,30.18,30.41,30.58,30.36,30.61,30.36,30.26,30.36,30.26,29.98,30.16,30.09,30.21,30.04,29.84,30.01,29.81,30.01,29.96,30.21,30.08,30.26,30.21,30.26,30.41,30.24,30.16,30.61,30.46,30.24,30.38,30.04,29.87,30.21,30.08,30.01,30.5,30.66,31.52,31.56,32.09,31.66,32.01,32.18,31.72,31.39,31.12,30.61,30.73,30.55,30.87,30.9,30.01,30.29,30.29,29.89,29.52,29.67,29.27,29.24,29.03
28.04,28.36,28.88,28.95,29.29,29.47,29.35,30.01,29.96,30.09,30.13,30.29,30.41,30.7,31.27,31.27,31.47,31.47,31.56,31.35,31.15,31.24,31.32,31.1,30.92,30.78,30.5,30.7,30.18,30.08,29.87,30.18,30.18,30.29,30.36,30.36,30.26,30.45,30.21,30.21,30.16,30.36,30.13,30.16,30.24,30.09,30.09,30.08,30.01,30.21,30.5,30.21,30.41,30.33,30.18,30.33,30.45,30.7,30.55,30.13,30.24,30.73,30.75,30.45,30.36,30.41,30.08,29.98,30.01,29.96,30.41,30.16,30.08,30.13,30.33,30.33,30.45,30.45,30.16,30.5,30.5,30.24,30.41,30.38,30.13,30.29,29.81,30.04,30.26,30.13,30.29,30.04,30.08,29.96,30.24,30.26,30.26,30.29,30.18,30.36,30.24,30.26,30.38,30.36,30.36,30.45,29.96,30.18,29.93,30.09,30.01,30.36,30.18,30.24,30.08,30.13,30.09,30.13,30.26,30.04,30.08,30.24,30.45,30.21,30.18,30.04,30.26,30.58,30.61,30.33,30.33,30.18,30.33,29.98,30.36,30.41,30.92,31.27,31.47,31.74,32.03,31.89,31.98,31.77,31.32,30.98,30.83,30.92,30.95,30.82,30.61,30.46,30.33,30.08,29.98,29.69,29.64,29.08,28.98,28.92
27.87,28.31,28.66,28.56,28.8,29.32,29.52,29.59,29.87,30.08,30.08,30.29,30.38,30.82,30.98,31.61,31.57,31.32,31.39,31.02,31.02,31.03,31.29,30.82,31.1,31.03,30.55,30.53,30.18,30.09,29.84,30.16,30.01,30.08,30.65,30.5,30.33,30.29,30.26,30.36,30.18,30.24,30.09,29.87,30.13,29.96,29.61,29.87,29.89,30.09,29.84,29.81,30.24,30.09,30.04,30.04,29.81,30.04,30.21,30.04,29.98,29.93,30.26,30.5,30.08,30.33,30.09,29.84,29.84,29.93,29.89,30.13,30.01,30.01,29.87,30.08,30.08,30.29,30.09,30.24,30.38,30.09,30.29,30.5,30.33,30.24,30.16,30.29,30.21,29.87,30.04,30.13,30.13,30.16,30.29,29.84,30.08,30.08,30.53,30.36,30.18,30.21,30.26,30.73,30.41,30.36,30.38,30.18,30.24,30.29,30.08,30.16,30.08,30.09,30.26,30.01,30.24,30.38,30.45,29.98,30.33,30.38,30.18,30.36,30.21,30.41,30.21,30.36,30.24,30.45,30.13,30.26,30.16,30.26,30.41,30.45,30.73,31.12,31.35,31.72,31.69,31.77,32.01,31.56,31.2,31.19,30.82,30.65,31.03,30.87,30.7,30.38,30.09,30.08,29.72,29.93,29.44,29.15,28.71,28.55
27.96,28.04,28.87,28.71,28.92,29.15,29.27,29.87,29.87,30.04,30.16,29.98,30.53,30.78,31.29,31.64,31.83,31.35,31.39,31.15,31.19,31.02,31.1,31.03,31.07,31.12,30.7,30.55,30.16,30.18,30.08,30.45,30.26,30.55,30.55,30.5,30.24,30.29,30.18,29.59,29.93,29.89,30.18,30.01,30.04,29.89,30.08,30.09,29.96,29.96,29.96,29.89,29.84,29.77,29.93,30.04,29.77,29.72,29.96,29.84,29.67,29.93,29.93,29.96,30.16,29.84,29.72,29.93,29.72,29.87,29.84,29.69,29.76,29.76,29.87,29.96,30.04,30.09,30.41,30.55,30.46,30.26,30.36,30.29,30.18,30.18,30.13,30.16,30.18,30.18,30.04,29.98,29.87,29.52,29.98,29.93,29.98,30.18,29.98,30.38,30.24,30.78,30.33,30.36,30.58,30.18,30.26,30.38,30.09,30.45,30.09,30.7,30.65,30.33,30.29,30.5,30.13,30.13,30.08,30.04,30.38,30.29,30.13,30.26,30.38,30.33,30.61,30.24,30.58,30.65,30.38,30.55,30.38,30.38,30.5,30.53,30.58,30.92,31.57,31.49,31.57,31.89,31.86,31.72,31.35,31.32,31.02,31.1,31.15,30.7,30.7,30.24,30.24,30.01,29.67,29.49,29.59,29.27,28.83,27.91
27.71,28.43,28.55,28.71,29.0,29.32,29.87,30.08,29.96,30.38,30.33,30.16,30.61,31.07,31.66,31.64,32.03,31.49,31.2,31.19,30.98,31.12,31.03,31.12,30.9,30.83,30.58,30.66,30.18,30.18,30.33,30.36,30.21,30.36,30.7,30.7,30.55,30.09,30.08,29.72,30.13,29.96,29.98,30.01,30.13,30.13,30.08,30.13,29.72,29.87,30.01,29.96,30.08,29.81,30.21,29.89,29.96,29.67,29.98,29.98,29.81,29.64,29.77,29.89,29.47,30.16,30.09,29.61,29.81,29.77,29.84,29.64,29.87,29.81,29.84,29.81,30.08,30.08,30.13,30.16,30.13,30.09,30.24,30.29,30.08,30.41,29.96,29.98,30.01,29.89,30.18,29.87,30.01,29.64,30.04,30.16,29.77,30.16,30.21,30.13,30.24,30.33,30.21,30.26,30.5,30.38,30.24,30.41,30.55,30.45,30.7,30.61,30.78,30.7,30.73,30.41,30.46,30.5,30.58,30.18,30.41,30.01,30.26,30.36,30.36,30.41,30.45,30.46,30.36,30.58,30.61,30.36,30.55,30.58,30.75,30.53,30.61,31.2,31.24,31.64,31.83,31.81,31.94,31.83,31.49,31.15,31.1,31.02,30.95,31.24,30.55,30.36,30.29,30.26,29.72,29.47,29.24,29.08,28.6,28.14
27.64,27.99,28.34,28.51,28.71,29.07,29.32,29.59,29.77,30.04,30.29,30.24,30.65,31.07,31.35,31.91,31.72,31.32,31.24,31.19,30.95,30.98,31.39,31.07,30.95,30.7,30.38,30.41,30.45,30.16,30.33,30.13,30.41,30.29,30.75,30.53,30.26,30.13,29.87,30.01,29.93,30.01,30.38,30.16,30.04,30.01,29.76,29.84,29.87,30.16,30.21,29.87,29.76,30.08,29.93,29.84,29.67,29.72,29.87,29.49,29.56,29.59,29.96,29.44,29.77,29.47,29.87,29.52,29.76,29.56,29.72,29.64,29.89,29.93,29.84,29.98,29.98,29.81,29.89,30.18,29.89,29.89,29.61,29.98,30.18,29.96,29.93,30.21,30.01,30.16,29.84,29.81,29.84,30.01,29.81,29.77,29.96,30.13,29.96,30.09,30.21,30.04,30.13,30.21,30.41,30.45,30.24,30.01,30.41,30.53,30.36,30.61,30.55,30.36,30.5,30.38,30.7,30.45,30.26,30.18,30.5,30.41,30.5,30.33,30.53,30.46,30.46,30.53,30.75,30.7,30.46,30.73,31.03,31.02,30.78,31.1,30.82,30.98,31.19,31.24,31.52,31.56,31.81,31.39,31.19,31.27,31.27,30.98,31.44,30.45,30.73,30.41,30.45,29.98,30.04,29.39,29.47,28.87,28.31,27.99
27.17,27.87,28.19,28.71,28.71,29.15,29.2,29.52,29.89,30.09,30.16,30.36,30.24,31.02,31.27,31.69,31.47,31.4,31.2,31.07,30.82,31.12,31.24,31.1,30.9,30.78,30.38,30.46,30.29,30.24,30.46,30.38,30.36,30.7,30.38,30.16,30.41,30.18,30.13,29.87,30.21,30.13,29.93,30.08,29.93,29.96,30.13,30.01,29.87,29.77,30.04,30.13,29.98,29.96,29.98,29.89,29.76,29.77,29.89,29.69,29.87,29.81,29.81,29.96,29.84,29.89,29.87,29.56,29.69,29.59,29.67,29.69,29.84,29.84,29.72,30.13,29.72,29.96,29.77,30.04,29.56,29.81,30.08,29.77,29.98,29.98,29.89,30.04,30.08,29.98,29.89,29.56,29.72,29.81,29.89,29.72,29.72,29.81,29.87,29.72,29.89,29.84,29.98,30.18,30.01,30.33,30.36,30.18,30.18,30.41,30.45,30.73,30.58,30.58,30.73,30.36,30.36,30.5,30.21,30.61,30.46,30.45,30.33,30.65,30.66,30.9,30.73,30.75,31.4,30.98,31.19,31.07,31.07,31.27,31.29,31.07,30.75,31.1,31.29,31.52,31.47,31.61,31.77,31.56,31.35,31.4,31.4,31.2,31.02,30.65,30.66,30.21,30.01,30.01,29.49,29.52,28.88,28.55,27.99,27.08
27.0,27.59,27.72,28.08,28.55,29.2,29.29,29.61,29.77,29.81,30.18,30.24,30.61,30.9,31.49,31.61,31.47,31.24,31.35,31.12,30.58,30.87,31.03,30.73,30.66,30.45,30.33,30.33,30.29,30.53,30.26,30.38,30.38,30.46,30.55,30.18,29.93,30.38,30.41,29.96,30.04,30.04,30.04,30.04,30.16,30.01,30.09,30.13,29.81,30.18,29.98,29.84,30.08,30.08,29.89,29.84,29.93,29.84,29.64,29.64,29.76,29.69,30.08,29.64,29.52,29.76,29.67,29.69,29.89,29.87,29.89,29.61,29.61,29.64,29.84,29.77,29.96,29.81,29.77,29.89,29.87,29.87,29.87,29.77,29.81,29.96,29.89,29.96,30.13,29.96,29.84,29.81,29.77,29.81,29.64,29.84,29.67,29.59,29.76,29.93,29.44,29.64,29.77,29.72,29.67,29.93,30.18,29.93,30.21,29.77,30.16,30.01,30.16,30.24,30.55,30.36,30.26,30.38,30.24,30.55,30.83,30.36,30.45,30.53,30.7,30.5,30.83,31.1,31.1,30.92,30.9,31.44,31.24,31.03,31.1,31.15,30.95,30.83,30.82,31.07,31.27,31.35,31.49,31.74,31.57,31.52,31.27,31.35,31.1,30.95,30.82,30.36,29.87,29.96,29.49,29.15,29.19,28.43,27.79,25.49
26.53,27.44,27.67,28.28,28.51,28.63,29.24,29.47,29.87,29.72,30.09,30.36,30.33,30.78,31.2,31.4,31.12,31.07,30.92,31.07,30.82,31.07,30.9,30.61,30.55,30.29,30.65,30.65,30.41,30.33,30.21,30.24,30.55,30.5,30.7,30.41,30.61,30.24,30.26,30.04,30.33,30.13,29.89,30.01,29.98,29.93,29.87,29.93,30.13,30.09,29.89,29.81,29.98,29.96,29.98,30.09,29.98,30.01,29.76,29.76,29.81,29.72,29.72,29.69,29.64,30.13,30.04,29.81,29.87,29.64,29.89,29.76,29.59,29.67,29.77,29.72,29.89,29.61,29.98,29.93,29.96,29.96,29.77,30.13,29.89,30.13,29.89,30.04,29.84,29.87,29.77,29.59,29.76,29.87,29.69,29.56,29.56,29.72,29.61,29.52,29.61,29.59,29.67,29.69,29.69,29.93,29.76,29.84,29.84,30.04,30.21,30.08,30.36,30.13,30.24,30.08,30.26,30.29,30.08,30.36,30.45,30.58,30.58,30.65,30.55,30.58,30.98,31.24,30.75,30.98,31.1,31.1,30.95,31.15,31.39,31.2,30.98,30.87,30.75,31.02,31.1,31.39,31.4,31.56,31.4,31.39,31.47,31.24,31.07,30.73,30.75,30.24,30.09,29.72,29.32,29.0,28.68,28.04,26.97,23.06
25.45,27.02,27.47,27.84,29.07,28.71,29.2,29.35,29.47,29.98,30.18,30.58,30.78,31.03,31.2,31.27,31.32,31.27,31.29,30.98,30.7,31.07,30.66,30.82,30.82,30.61,30.41,30.5,30.53,30.45,30.29,30.38,30.46,30.45,30.45,30.53,30.41,30.16,30.26,30.36,29.96,30.18,30.08,30.24,29.96,30.16,30.29,30.18,30.29,30.16,29.87,29.89,30.24,30.13,30.13,30.18,30.01,29.81,29.98,29.93,29.67,29.67,29.89,30.04,29.76,29.87,29.77,29.61,29.93,29.98,29.69,29.77,29.81,29.81,29.96,29.76,29.84,29.84,29.89,29.89,29.56,30.04,29.93,30.08,30.16,30.09,29.96,29.87,29.84,29.89,30.09,29.89,29.67,29.98,29.56,29.84,29.64,29.81,29.56,29.49,29.77,29.56,29.69,29.76,29.84,29.81,29.96,29.77,29.76,29.93,30.24,30.04,30.09,30.24,29.84,30.16,30.09,30.36,30.21,30.5,30.5,30.29,30.46,30.73,30.66,30.87,30.9,30.9,30.98,30.75,31.19,30.98,31.19,31.35,31.44,31.44,31.24,31.12,31.35,31.39,30.98,31.32,31.49,31.4,31.66,31.72,31.32,31.4,30.95,31.1,30.53,30.18,30.24,30.04,29.35,28.87,28.6,27.84,25.33,21.2
22.63,26.76,27.47,28.02,28.51,28.83,28.92,29.19,29.56,29.93,30.04,30.33,30.75,31.03,30.95,30.98,31.24,31.03,30.78,30.82,30.82,30.58,30.55,30.41,30.46,30.58,30.5,30.16,30.29,30.66,30.55,30.41,30.33,30.45,30.55,30.21,30.45,30.04,30.24,30.21,30.18,30.16,30.21,29.93,30.04,29.84,30.36,29.98,30.04,30.21,30.04,29.84,30.18,29.93,30.13,30.04,29.84,29.84,29.77,29.61,29.77,29.84,29.87,29.81,29.96,29.84,29.72,29.84,29.61,29.61,29.81,29.76,29.69,29.81,29.84,29.47,29.61,29.89,29.93,29.84,30.01,29.81,29.81,30.16,29.84,29.84,29.93,29.93,30.01,29.96,30.18,29.69,30.08,29.64,29.89,29.89,29.93,29.61,29.64,29.59,29.61,29.59,29.67,29.81,29.81,29.64,29.89,29.84,29.87,29.96,30.01,30.16,29.89,29.87,29.84,30.08,29.98,29.87,30.26,30.41,30.38,30.58,30.5,30.46,30.61,30.92,30.9,30.73,31.07,30.98,30.92,31.07,31.07,31.12,31.61,31.83,31.49,31.29,30.98,31.07,31.27,30.82,31.12,31.27,31.4,31.61,31.12,31.56,31.12,30.7,30.38,29.98,30.09,29.67,29.56,28.8,28.8,26.88,23.11,20.17
20.17,24.63,27.32,27.59,28.14,28.46,28.95,29.07,29.61,29.72,30.26,30.29,30.33,30.58,30.83,30.75,30.92,30.98,30.7,30.82,30.46,30.36,30.29,30.26,30.46,30.41,30.36,30.41,30.46,30.41,30.55,30.45,30.65,30.65,30.38,30.53,30.09,30.24,30.13,30.24,30.26,30.24,30.24,30.38,30.01,30.09,29.89,29.96,29.72,30.26,30.09,29.96,29.89,30.26,29.89,30.04,29.84,29.84,29.81,29.84,29.69,30.01,29.93,29.61,29.72,29.69,29.81,29.77,29.77,29.77,29.69,29.76,29.84,29.59,29.61,29.84,29.47,29.87,29.84,30.16,29.98,29.81,29.84,29.98,29.87,30.01,30.04,29.98,30.18,30.09,30.01,29.89,29.87,29.84,30.01,29.81,29.72,29.49,29.56,29.64,29.76,29.93,29.52,29.39,29.59,29.47,29.49,29.81,29.77,29.81,30.01,29.93,29.84,29.87,29.84,29.96,29.93,30.21,30.38,30.21,30.18,30.5,30.58,30.46,30.78,30.45,31.07,30.82,31.19,31.03,31.24,31.15,31.02,31.32,31.32,32.23,31.77,31.35,31.35,31.1,31.24,30.98,31.15,31.27,31.07,31.27,31.69,31.07,31.03,30.75,30.61,30.04,29.87,29.56,28.95,28.55,27.84,25.22,21.27,19.33
19.0,22.43,26.53,27.52,28.11,28.28,29.19,29.0,29.39,29.69,29.81,30.16,30.55,30.98,30.78,30.55,30.92,30.65,30.61,30.78,30.18,30.21,30.33,30.08,29.98,30.36,30.38,30.41,30.24,30.73,30.73,30.7,30.65,30.66,30.53,30.55,30.29,30.21,30.16,30.38,30.18,30.26,30.55,30.5,30.13,30.33,30.24,30.09,30.13,30.04,30.08,29.89,30.08,29.98,29.89,30.08,29.69,29.69,29.72,29.69,29.89,29.98,29.77,29.59,30.04,29.81,29.76,29.64,29.56,29.96,29.84,29.56,29.96,29.69,29.76,29.93,29.96,29.76,29.81,29.84,29.98,30.01,30.16,30.13,29.96,30.09,30.26,29.98,30.09,30.18,30.26,29.76,29.98,30.01,29.72,29.93,29.89,29.87,29.81,29.69,29.52,29.77,29.67,29.72,29.64,29.64,29.44,29.64,29.76,29.77,29.84,29.76,29.87,29.76,29.84,29.84,30.08,30.13,30.24,30.29,30.24,30.36,30.58,30.41,30.82,30.55,30.87,30.98,30.82,30.98,31.19,31.07,30.82,30.83,31.35,31.83,31.94,31.4,30.9,31.1,30.83,30.66,31.24,31.24,31.24,31.44,31.4,31.44,31.15,30.41,30.45,30.01,29.56,29.27,28.76,28.28,26.76,22.58,19.68,19.03
18.56,20.14,24.33,26.97,27.87,28.43,28.56,28.76,29.61,29.64,30.01,30.24,30.24,30.46,30.29,30.46,30.78,30.53,30.45,30.5,30.09,29.96,30.29,30.04,30.33,30.21,30.36,30.41,30.53,30.55,30.73,30.78,30.55,30.65,30.41,30.38,30.36,30.33,30.24,30.26,30.18,30.04,30.18,30.41,30.13,30.29,30.36,30.09,29.98,30.18,29.96,30.01,30.08,30.01,30.04,29.98,29.56,29.76,29.76,29.52,29.59,29.76,29.84,29.77,29.76,29.72,29.72,29.77,29.81,29.76,29.72,29.81,29.69,29.84,29.76,29.69,30.04,30.18,30.01,30.08,29.84,29.89,30.18,30.13,30.16,30.26,30.21,30.01,30.13,30.36,30.24,30.08,30.16,30.04,29.93,30.13,29.81,29.81,29.89,29.93,29.72,29.69,29.81,29.64,29.52,29.76,29.67,29.98,29.69,29.76,29.69,29.81,29.87,29.61,29.84,29.84,29.96,29.93,30.26,30.24,30.01,30.18,30.16,30.24,30.65,30.38,30.46,30.9,30.75,31.02,30.87,31.15,30.98,30.66,30.87,31.74,31.83,31.32,31.03,31.15,31.03,30.87,31.03,30.83,31.27,31.32,31.4,31.32,31.27,30.65,30.13,29.64,29.4,29.08,28.55,27.44,24.59,20.54,19.18,18.61
18.14,18.86,21.47,25.94,27.23,27.87,28.46,28.95,29.27,29.56,29.72,30.09,30.04,30.21,30.21,30.5,30.41,30.26,30.16,30.26,29.89,30.04,30.13,30.01,30.13,30.08,30.08,30.08,30.7,30.55,30.78,30.75,30.55,30.46,30.36,30.53,30.36,30.26,30.09,30.01,30.33,30.18,30.08,29.98,30.16,30.21,30.01,29.93,30.18,30.13,29.93,29.84,29.96,30.04,29.84,30.08,29.76,29.81,29.49,29.56,29.49,29.39,29.67,29.76,29.61,29.59,29.96,29.69,29.87,29.87,29.67,29.87,29.84,29.69,29.98,30.08,29.69,29.98,29.89,29.96,30.24,29.76,30.16,30.41,30.16,30.33,30.36,30.26,30.33,30.36,30.16,30.29,30.01,29.76,29.98,30.01,29.89,29.96,29.89,29.76,29.67,29.69,29.87,29.49,29.76,29.59,29.67,29.87,29.89,29.67,29.49,29.84,29.93,29.76,29.72,30.01,30.01,29.96,29.89,29.98,30.04,29.81,30.13,30.36,30.38,30.5,30.29,30.82,30.7,30.95,30.95,31.03,30.98,30.95,30.95,31.32,31.72,31.32,30.87,31.15,31.19,30.87,31.02,30.82,31.02,31.4,31.47,31.12,30.66,30.55,30.08,29.47,29.32,29.08,27.99,25.91,21.62,19.47,18.83,18.36
18.31,18.71,19.4,23.48,26.93,27.84,28.24,29.15,29.24,29.56,29.72,29.89,30.13,30.21,30.21,30.36,30.61,30.26,30.33,29.98,30.01,29.72,30.01,30.18,30.08,30.04,30.18,30.29,30.53,30.55,30.46,30.7,30.55,30.26,30.73,30.41,30.24,30.13,30.21,29.93,30.26,30.04,29.93,30.01,30.41,30.16,29.96,30.21,30.36,30.36,29.96,30.16,30.04,30.13,29.89,29.69,29.64,29.77,29.61,29.81,29.61,29.76,29.61,29.77,29.84,29.59,29.84,29.64,29.72,29.77,29.76,29.89,29.93,30.04,29.87,29.98,30.16,30.21,30.21,30.16,30.46,30.33,30.36,30.36,30.46,30.53,30.55,30.26,30.5,30.33,30.24,30.33,30.29,30.38,30.16,30.5,30.01,30.09,30.13,29.77,29.81,29.69,29.72,29.56,29.67,29.72,29.61,29.47,29.67,29.96,30.13,29.81,29.67,30.04,29.89,29.96,29.93,29.84,30.01,29.93,30.18,30.16,30.13,30.21,30.66,30.53,30.9,30.65,30.55,30.98,30.87,31.1,31.19,30.82,31.03,31.12,31.44,31.44,31.32,31.12,31.19,31.27,30.9,30.78,31.02,31.4,31.32,31.03,30.61,30.29,30.09,29.64,29.19,28.51,27.02,23.52,20.49,19.11,18.46,17.85
18.05,18.24,19.0,20.54,25.37,27.13,27.91,28.71,29.08,29.49,29.93,30.04,30.26,30.08,30.29,30.33,30.38,30.08,29.77,29.98,29.69,29.89,30.01,29.98,30.08,30.26,30.41,30.55,30.41,30.41,30.36,30.55,30.46,30.38,30.46,30.21,29.98,30.18,29.98,30.21,30.16,30.01,29.87,30.08,30.04,30.29,30.26,30.08,30.04,29.77,30.26,30.08,30.13,30.08,30.08,29.81,29.93,29.87,29.84,29.76,29.89,29.67,29.64,29.89,29.81,30.04,29.64,29.56,29.87,29.89,29.87,29.87,29.89,29.93,29.87,30.09,30.36,30.04,30.26,30.18,30.29,29.98,30.53,30.65,30.46,30.5,30.58,30.53,30.55,30.41,30.53,30.5,30.21,30.55,30.41,30.58,30.09,30.18,30.13,29.89,30.08,29.89,29.61,29.72,29.89,29.47,29.81,29.77,30.01,29.96,29.96,29.98,30.04,29.89,30.08,29.76,29.93,30.13,29.93,30.04,29.98,30.04,30.24,30.24,30.24,30.45,30.45,30.7,30.92,30.83,31.12,31.1,31.2,31.12,30.9,31.27,31.27,31.35,31.27,31.07,31.12,30.92,31.12,30.75,31.32,31.47,31.15,31.02,30.7,30.13,29.69,29.19,28.76,27.81,24.78,20.68,19.4,18.81,18.36,18.07
17.78,18.17,18.83,19.05,22.06,26.56,27.72,28.28,28.87,29.08,29.76,30.08,29.89,29.89,30.16,30.26,30.08,30.16,30.08,29.98,29.89,30.04,29.89,29.77,30.09,29.84,30.04,30.66,30.26,30.36,30.33,30.58,30.66,30.08,30.24,29.93,30.09,30.41,30.24,30.09,29.87,30.16,30.01,30.16,30.36,30.45,30.33,30.16,30.09,30.04,29.96,29.98,30.08,30.18,29.87,30.01,29.76,29.84,29.96,29.87,29.96,29.59,29.69,29.98,29.98,29.76,29.84,29.84,30.04,29.89,29.96,29.87,29.76,30.01,30.26,30.09,30.08,30.08,30.21,30.46,30.18,30.53,30.58,30.73,30.7,30.82,30.75,31.02,30.66,30.73,30.46,30.55,30.24,30.36,30.29,30.21,30.41,30.38,30.45,29.89,29.87,30.21,30.13,29.89,29.59,30.01,29.89,29.96,29.89,30.21,30.09,29.84,30.16,29.77,29.87,29.81,30.04,29.93,29.98,29.72,29.96,30.04,30.24,30.24,30.26,30.45,30.46,30.73,30.61,30.83,30.83,30.83,31.02,30.98,30.98,30.75,30.73,30.92,31.07,30.83,30.9,30.61,30.82,30.82,31.1,31.03,31.19,30.73,30.55,30.01,29.89,29.0,28.31,25.52,21.6,19.55,18.96,18.61,18.39,17.92
17.85,18.17,18.36,18.96,19.65,23.6,27.25,28.14,28.66,29.07,29.67,29.84,29.93,29.81,29.81,30.09,29.89,29.98,29.98,30.09,29.81,29.87,30.09,30.16,30.08,30.24,30.26,30.24,30.09,29.96,30.21,30.26,30.29,30.01,30.04,30.24,30.01,30.24,30.08,30.01,30.16,30.26,29.96,30.04,30.53,30.21,30.18,30.13,30.09,29.98,29.93,29.93,29.77,29.89,30.04,30.09,29.98,29.81,29.76,29.96,29.93,29.72,29.59,29.67,29.76,29.84,29.84,29.72,29.69,29.69,29.89,29.77,29.72,30.04,29.96,30.18,30.26,30.38,30.18,30.73,30.5,30.82,30.73,30.66,30.73,30.73,30.73,30.65,30.73,30.7,30.83,30.5,30.55,30.61,30.53,30.55,30.36,30.5,30.24,30.18,30.46,30.26,29.84,30.01,29.96,29.87,29.96,29.96,30.18,29.89,30.18,30.21,30.21,29.98,29.59,29.81,29.96,29.52,30.26,30.04,29.93,29.98,30.04,30.18,30.01,30.08,30.33,30.53,30.65,30.82,31.12,31.03,31.02,30.83,31.02,30.66,30.61,31.15,31.03,30.66,30.9,30.61,30.7,30.61,30.73,31.29,31.1,30.78,30.55,29.98,29.59,28.43,26.81,22.48,19.73,19.05,18.57,18.2,18.17,18.39
17.77,18.05,17.95,18.2,18.93,20.54,25.25,27.59,28.34,29.15,29.39,29.98,30.36,29.76,29.96,29.98,30.04,30.18,30.09,30.04,29.69,29.93,30.18,30.09,29.98,30.08,30.21,30.09,30.26,30.18,30.18,30.33,30.04,30.08,30.13,29.84,29.89,29.87,29.93,29.96,30.21,30.29,29.96,30.45,30.18,30.26,30.04,30.58,30.21,30.08,29.76,29.93,29.87,29.93,29.89,30.04,29.98,30.13,29.64,29.87,29.69,29.61,29.98,29.72,29.96,29.81,29.84,29.76,29.87,29.76,30.04,29.96,30.04,30.09,29.98,30.01,30.33,30.53,30.55,30.55,30.58,30.58,30.9,30.82,30.78,31.03,30.9,30.87,30.87,30.87,30.98,30.61,30.53,30.41,30.53,30.5,30.55,30.46,30.18,30.38,30.29,30.24,30.09,29.81,29.87,29.96,29.81,30.13,29.81,30.09,30.45,29.93,29.98,29.87,29.89,29.72,30.18,29.96,29.96,30.08,30.24,30.09,30.18,30.16,30.13,30.26,30.46,30.61,30.7,30.55,30.5,31.15,31.12,30.9,30.95,30.82,30.83,30.61,30.82,30.75,30.58,30.87,30.75,30.82,30.73,31.2,31.15,30.75,30.26,29.59,29.0,27.2,23.37,20.32,18.96,18.49,18.39,18.1,17.82,18.17
17.73,18.07,18.07,18.17,18.56,19.47,22.02,26.7,27.96,28.87,29.32,29.84,29.77,29.84,29.98,29.87,29.93,30.04,29.93,30.04,30.18,30.08,30.09,29.87,30.04,30.33,30.13,30.04,30.21,30.16,29.98,30.26,30.04,29.81,29.76,30.08,30.09,30.09,29.96,29.87,30.01,30.16,30.08,30.08,30.08,30.04,30.29,30.18,30.38,30.24,30.46,29.77,30.09,30.09,30.01,30.26,29.84,29.89,30.08,30.08,29.81,29.87,29.89,29.98,29.77,29.69,30.01,29.87,29.96,29.72,29.77,29.89,30.01,30.04,30.24,30.24,30.46,30.45,30.5,30.98,30.65,30.87,30.7,30.95,30.82,31.07,31.07,30.98,31.27,30.95,30.82,30.75,30.87,30.75,30.82,30.73,30.55,30.66,30.24,30.29,30.46,30.21,30.26,30.13,30.16,29.87,30.04,30.16,29.93,29.93,30.24,30.29,30.26,29.84,30.08,30.01,30.08,29.98,29.98,29.77,29.93,30.18,30.04,30.16,30.04,30.16,30.01,30.16,30.75,30.65,30.7,30.55,31.19,31.1,31.19,30.95,30.87,30.7,30.55,30.83,30.46,30.73,30.78,30.5,30.83,31.12,31.02,30.38,29.87,29.27,28.02,24.59,20.73,19.52,18.68,18.32,18.36,17.99,17.77,17.73
17.45,17.77,18.32,18.14,18.32,18.96,19.84,23.69,27.4,28.71,29.27,29.61,29.69,29.64,29.59,29.61,29.87,30.01,30.24,30.01,30.01,30.13,30.16,30.01,30.18,30.26,30.09,30.18,30.21,30.13,30.08,30.01,29.89,30.16,30.01,29.87,30.18,29.69,29.93,29.77,29.81,30.36,30.09,30.13,30.21,30.04,30.38,30.21,30.08,30.26,30.18,29.81,29.89,29.93,29.72,30.08,29.84,30.26,29.81,30.08,29.87,30.01,30.08,30.13,29.52,29.69,29.89,29.67,29.69,29.81,29.84,29.77,30.08,30.16,30.09,30.5,30.65,30.53,30.61,30.73,31.1,30.98,30.92,31.02,31.19,31.24,31.19,30.9,31.24,31.2,30.75,30.9,30.75,30.78,30.65,30.78,30.61,30.58,30.65,30.24,30.53,30.46,30.13,30.09,30.08,30.09,29.93,29.89,29.89,30.18,30.01,30.45,30.09,29.93,29.84,29.76,29.98,29.93,30.04,29.87,30.18,30.04,30.24,29.96,30.29,29.93,30.13,30.26,30.46,30.58,30.16,30.55,30.98,30.73,31.52,31.32,30.98,30.29,30.38,30.09,30.26,30.16,30.33,30.33,30.53,31.02,30.65,30.08,29.81,28.46,25.22,21.28,19.48,18.96,18.57,18.24,18.05,18.02,17.99,17.89
17.52,17.63,17.89,17.85,18.1,18.56,18.81,20.24,25.37,28.02,29.08,29.29,29.27,29.44,29.77,29.64,29.81,30.16,30.04,30.29,30.08,30.16,30.13,30.18,30.04,30.26,30.01,29.93,29.89,29.84,30.13,29.93,29.96,29.87,29.96,29.76,29.72,29.77,29.96,29.81,29.93,30.04,30.24,30.24,29.98,30.16,30.33,29.87,30.04,29.96,29.93,30.29,29.87,30.29,30.01,30.01,29.96,30.13,30.09,29.87,29.72,29.87,30.01,29.64,29.64,29.69,29.67,29.72,29.93,29.81,30.01,30.09,30.18,30.21,30.08,30.53,30.58,30.65,30.75,31.02,30.66,31.07,31.39,31.12,31.19,31.27,31.29,31.39,31.29,31.19,31.12,31.07,31.07,31.03,30.87,30.9,30.61,30.95,30.55,30.53,30.7,30.55,30.29,30.09,30.09,30.09,29.96,30.29,29.81,29.93,30.18,30.08,30.16,29.76,29.81,29.98,30.01,29.84,30.01,29.81,30.24,29.98,29.76,30.09,29.98,30.13,30.09,30.24,30.24,30.24,30.29,30.53,30.75,30.78,31.15,31.2,31.24,30.9,30.53,30.41,29.84,30.09,30.24,30.36,30.5,30.78,30.45,29.96,28.98,26.23,21.9,19.65,19.08,18.61,18.64,18.1,18.1,17.57,17.92,17.53
17.45,17.63,17.67,17.95,17.85,18.39,18.64,19.47,21.01,26.31,28.39,29.2,29.27,29.56,29.29,29.69,30.08,30.41,30.09,30.26,30.33,29.98,30.26,30.24,30.24,30.26,30.08,30.01,30.16,30.08,29.93,30.16,29.77,29.72,29.61,29.59,29.96,30.01,29.96,29.84,29.77,29.89,30.08,30.04,30.21,30.21,30.16,30.09,29.81,30.26,29.98,30.04,30.5,30.24,30.13,29.89,30.04,30.04,29.96,29.77,30.36,30.08,29.76,29.69,29.81,29.89,29.93,30.08,29.87,30.08,30.09,29.93,30.01,30.21,30.18,30.5,30.7,30.83,30.83,30.92,30.92,31.39,31.27,31.66,31.52,31.27,31.57,31.64,31.69,31.44,31.24,31.19,31.03,31.32,31.03,31.02,30.82,30.73,30.61,30.5,30.73,30.55,30.5,30.41,30.41,30.09,30.01,29.98,29.87,29.96,30.13,29.93,30.16,29.93,29.93,29.72,30.24,29.87,30.04,30.13,29.87,30.04,30.04,30.18,30.29,30.13,29.77,30.16,30.13,30.24,30.36,30.29,30.45,30.45,30.98,31.52,31.19,30.92,30.58,30.24,30.18,30.18,30.38,30.26,30.45,30.29,29.93,29.0,27.13,22.63,20.14,19.26,18.89,18.57,18.56,18.07,18.14,18.02,18.05,17.89
17.35,17.82,17.48,18.14,18.32,18.32,18.74,18.96,19.7,22.48,27.59,28.63,29.08,29.32,29.49,29.84,29.89,29.93,30.13,30.41,30.16,30.13,30.18,30.38,30.18,30.24,29.81,29.89,29.84,29.84,29.93,30.04,29.67,29.84,29.96,29.69,29.81,29.72,29.89,29.61,30.08,30.04,30.36,30.09,30.16,30.08,30.33,30.01,29.93,30.09,30.08,29.93,30.18,30.13,30.04,30.01,29.98,29.89,29.96,29.67,29.84,29.81,30.24,29.96,29.67,29.81,29.93,29.87,29.69,29.81,30.01,30.16,30.33,30.26,30.26,30.58,30.61,30.53,30.65,30.92,31.07,31.03,31.27,31.56,31.35,31.56,31.52,31.77,31.29,31.69,31.39,31.47,31.24,31.12,31.07,31.03,30.98,31.15,30.95,30.75,30.66,30.65,30.46,30.45,30.38,30.33,29.96,30.26,29.76,29.76,29.98,29.96,29.76,29.76,29.96,29.81,29.98,29.93,29.87,30.08,30.04,29.81,30.04,30.16,30.09,30.09,30.09,30.08,30.36,30.09,30.24,30.36,30.5,30.53,30.83,30.78,31.12,30.98,30.78,30.36,30.18,29.76,30.13,30.58,30.21,30.5,29.81,27.87,23.79,20.42,19.26,18.74,18.64,18.64,18.2,18.1,18.27,18.05,17.89,17.73
17.25,17.48,17.63,17.85,17.99,18.49,18.2,18.83,19.05,20.68,24.59,28.14,28.95,29.29,29.39,29.76,30.08,29.93,30.18,30.36,30.16,30.16,30.33,30.18,30.5,30.21,30.13,30.04,29.87,29.93,29.96,30.13,29.87,29.77,29.84,29.72,29.76,29.77,29.81,29.89,30.16,29.89,30.01,30.16,30.24,30.09,30.01,29.96,30.13,29.84,30.09,30.16,30.29,30.16,30.09,29.89,29.84,29.93,29.87,30.09,29.98,29.84,30.09,30.09,29.77,29.96,29.89,29.81,30.04,30.09,30.13,30.16,30.41,30.45,30.5,30.73,30.36,30.7,30.9,31.07,31.19,31.44,31.32,31.35,31.4,31.69,31.64,31.72,31.64,31.86,31.66,31.27,31.39,31.2,31.15,31.2,31.12,30.95,31.02,30.9,30.87,30.7,30.66,30.65,30.24,30.21,30.21,30.04,30.08,29.84,29.64,29.89,29.96,29.61,30.21,29.72,30.08,29.67,29.93,29.98,30.08,30.01,29.98,30.01,30.09,30.18,30.18,30.13,30.08,30.09,30.26,30.09,30.21,30.18,30.58,30.53,30.61,30.73,30.82,30.46,30.01,29.52,29.77,29.96,29.98,29.69,28.75,25.01,21.28,19.68,19.08,18.27,18.31,18.64,18.14,18.07,18.02,17.73,17.57,18.02
17.25,17.7,17.7,17.78,17.77,17.95,18.36,18.49,19.0,19.48,21.47,26.38,28.46,29.07,29.44,29.69,29.96,30.24,30.09,30.13,29.96,30.13,30.36,30.09,30.36,30.21,30.16,30.13,29.89,29.89,29.89,29.87,29.89,29.72,29.77,29.72,29.32,29.69,29.39,29.59,29.56,29.67,29.72,29.84,29.87,30.08,29.84,29.67,29.77,29.76,29.84,29.84,29.84,30.09,29.93,29.81,29.72,29.76,29.81,29.81,29.98,29.81,29.81,29.87,29.84,29.84,29.96,29.72,29.96,30.29,29.98,30.09,30.26,30.26,30.18,30.66,30.26,30.7,30.7,30.7,30.83,31.19,31.35,31.56,31.74,31.74,31.81,31.86,31.69,31.81,31.57,31.64,31.44,31.29,31.35,31.24,31.15,31.1,30.92,30.82,30.98,30.78,30.7,30.46,30.38,30.38,29.84,29.98,29.72,29.77,29.69,29.77,29.72,29.49,29.64,29.61,29.76,29.87,29.72,30.01,29.84,29.76,29.84,29.72,30.09,30.04,30.21,29.87,30.21,30.13,30.04,29.93,30.04,30.46,30.29,30.75,30.41,30.29,30.38,30.16,30.26,29.96,29.4,29.93,29.56,29.15,26.53,21.9,20.14,18.78,18.68,18.36,18.32,18.05,18.05,17.67,18.1,17.63,17.38,17.7
17.35,17.63,17.7,17.67,18.05,17.78,18.1,18.31,18.71,19.43,20.14,23.23,27.96,28.92,29.44,29.64,29.77,30.01,30.01,30.08,30.26,30.04,30.16,30.33,30.21,30.21,30.01,30.16,29.89,29.87,30.08,29.77,29.81,29.56,29.61,29.81,29.89,29.72,29.47,29.61,30.01,29.67,29.89,29.89,29.76,29.81,29.69,29.49,29.32,29.72,29.84,29.87,29.89,29.67,29.96,29.81,29.52,29.64,29.61,29.69,29.49,29.52,29.69,29.64,29.81,29.96,29.81,29.89,30.04,30.04,30.18,30.5,30.29,30.41,30.24,30.41,30.61,30.82,30.78,30.78,30.83,31.39,31.44,31.61,31.72,31.81,31.64,31.47,31.69,31.66,31.83,31.44,31.69,31.35,31.24,31.47,31.15,31.03,31.12,30.78,30.65,30.75,30.7,30.78,30.45,30.46,30.33,30.13,29.93,29.98,29.87,29.81,29.49,29.56,29.49,29.76,29.77,29.59,29.69,29.56,29.69,29.87,29.89,29.87,29.77,29.96,29.96,30.09,30.01,29.87,29.89,30.04,30.24,30.16,30.08,30.5,29.96,29.98,30.55,30.04,29.93,29.44,29.47,29.27,29.12,28.6,23.94,20.27,19.11,18.74,18.57,18.42,17.99,17.85,17.78,17.85,18.07,17.95,17.67,17.63
17.28,17.6,17.85,17.41,17.57,17.95,18.17,18.14,18.31,19.05,19.95,22.27,27.52,28.88,29.29,29.67,30.01,30.09,30.38,30.38,30.55,30.26,30.18,30.08,30.29,30.08,30.18,30.16,30.04,30.41,30.13,30.09,29.72,29.84,29.39,29.64,29.72,29.89,29.47,29.76,29.77,29.93,29.59,29.67,29.69,29.61,29.76,29.69,29.59,29.93,29.47,29.67,29.47,29.47,29.72,29.64,29.56,29.32,29.52,29.72,29.56,29.59,29.49,29.61,29.64,29.87,29.93,30.04,30.16,30.21,30.41,30.16,30.18,30.58,30.61,30.61,30.58,30.83,30.75,31.07,30.9,31.27,31.47,31.49,31.89,31.66,31.83,31.77,31.89,32.01,31.77,31.83,31.61,31.66,31.69,31.32,31.2,31.19,31.03,31.03,31.07,30.75,30.83,30.5,30.65,30.36,30.53,30.01,30.24,29.96,29.96,29.64,29.81,29.84,29.69,29.64,29.84,29.64,29.69,29.76,29.84,29.93,29.56,29.98,29.96,30.04,29.98,30.21,30.16,30.21,30.08,30.01,29.89,30.21,30.01,30.58,30.24,30.24,30.04,30.09,29.84,29.84,29.12,29.2,29.2,26.85,21.8,19.47,19.18,18.42,18.56,18.24,18.05,17.95,18.07,17.63,17.57,17.63,17.85,17.82
17.35,17.41,17.38,17.7,17.7,17.95,18.02,18.49,18.61,19.03,19.43,22.21,27.84,28.71,29.24,29.69,29.81,30.09,30.01,30.26,30.29,30.38,30.29,30.04,30.18,30.33,30.45,30.46,30.5,30.46,30.18,30.04,29.87,29.87,29.64,29.52,29.61,29.49,29.67,29.61,29.89,29.72,29.64,29.87,29.64,29.49,29.47,29.56,29.69,29.4,29.47,29.4,29.27,29.39,29.35,29.56,29.56,29.35,29.24,29.61,29.59,29.47,29.76,29.77,29.67,29.87,29.89,30.21,30.01,30.24,30.41,29.98,30.33,30.38,30.75,30.66,30.87,30.55,30.7,31.2,31.35,31.39,31.74,31.61,32.11,31.74,32.01,31.94,32.01,31.98,31.98,31.81,31.57,31.74,31.52,31.44,31.29,31.29,31.27,31.12,30.98,31.07,30.83,30.9,30.65,30.66,30.36,30.36,30.24,30.04,30.18,29.84,29.72,29.76,29.77,29.39,29.64,29.72,29.56,29.61,29.84,29.64,29.67,29.84,29.64,29.76,29.67,29.93,30.01,29.87,30.04,30.45,30.08,30.26,30.24,30.26,30.21,30.01,29.93,29.77,29.64,29.76,29.32,29.08,28.6,25.1,20.64,19.25,18.96,18.71,18.61,18.1,18.02,17.92,17.95,17.73,18.05,17.57,17.57,17.89
17.23,17.82,17.77,17.41,17.6,17.89,18.07,17.77,18.74,18.89,19.26,22.36,27.59,28.71,29.24,29.56,29.76,29.96,30.36,30.41,30.21,30.13,30.08,30.04,30.13,30.36,30.46,30.36,30.13,30.45,30.09,29.72,29.76,29.59,29.61,29.72,29.59,29.49,29.72,29.24,29.56,29.67,29.72,29.69,29.52,29.64,29.4,29.4,29.39,29.39,29.32,29.12,29.29,29.24,29.39,29.32,29.03,29.35,29.2,29.32,29.39,29.59,29.44,29.59,29.61,29.89,30.13,29.96,30.33,30.26,30.33,30.29,30.73,30.65,30.58,30.78,30.45,30.87,31.03,31.24,31.15,31.07,31.56,31.56,31.94,32.14,32.28,32.14,32.14,32.31,31.91,31.89,31.77,31.74,31.61,31.35,31.39,31.12,31.02,31.1,30.92,30.58,30.7,30.55,30.41,30.29,30.53,30.38,30.26,30.26,29.96,29.96,30.04,29.49,29.59,29.81,29.72,29.77,29.72,29.61,29.72,29.81,29.87,29.81,29.93,29.84,29.59,30.04,29.76,29.93,30.01,30.18,30.13,30.29,30.04,30.24,30.16,30.16,29.89,29.84,29.72,29.39,29.69,28.75,28.66,24.29,20.39,19.11,19.05,18.57,18.24,18.05,17.99,17.89,17.78,17.89,17.95,17.78,17.53,17.2
17.2,17.41,17.52,17.67,17.53,17.73,17.85,18.2,18.36,18.83,19.58,22.91,27.67,28.71,29.27,29.47,29.72,30.29,30.33,30.46,30.04,29.98,30.09,29.87,30.36,30.58,29.87,29.64,29.72,30.13,30.01,29.93,29.72,29.61,29.67,29.72,29.67,29.4,29.47,29.24,29.67,29.49,29.61,29.29,29.29,29.19,29.29,29.32,29.35,29.35,29.44,29.12,29.24,29.24,29.2,29.0,28.88,29.07,29.24,29.15,29.27,29.49,29.59,29.64,29.52,30.01,29.96,30.21,30.41,30.26,30.21,30.58,30.5,30.38,30.75,30.78,30.55,30.66,31.03,30.95,31.1,31.2,31.69,31.83,31.83,32.18,32.18,32.35,31.89,32.18,31.91,32.23,31.66,31.57,31.56,31.72,31.52,31.27,31.07,31.1,30.83,30.66,30.75,30.73,30.55,30.36,30.45,30.38,30.33,30.29,30.29,29.93,30.16,29.81,29.84,29.67,29.76,29.56,29.61,29.47,29.64,29.72,29.81,29.96,29.61,29.61,29.89,29.89,29.87,29.67,29.98,29.87,30.24,30.24,30.16,29.96,30.01,29.89,30.01,29.69,29.87,29.19,29.35,28.87,28.36,24.48,20.21,19.52,18.64,18.81,18.68,17.89,17.99,17.85,17.73,17.6,17.99,17.6,17.6,17.7
17.41,17.67,17.73,17.48,17.7,17.57,17.95,18.05,18.31,18.68,19.26,22.93,27.55,28.68,29.2,29.69,29.89,29.87,30.24,30.13,30.04,29.87,30.55,30.33,30.38,29.84,29.59,29.81,29.32,29.56,29.69,29.69,29.47,29.76,29.4,29.72,29.47,29.44,29.27,29.2,29.52,29.59,29.52,29.2,29.35,29.4,29.35,29.49,29.4,29.03,29.08,28.92,29.08,29.12,28.88,28.88,28.63,29.15,29.15,29.4,29.27,29.61,29.64,29.89,30.04,29.84,30.04,30.29,29.93,30.58,30.53,30.58,30.73,30.65,30.75,30.73,30.9,30.73,30.73,30.98,31.02,31.24,31.64,32.06,32.18,32.36,32.35,32.03,32.09,32.18,32.03,32.2,31.77,31.72,31.61,31.66,31.32,31.12,31.27,30.95,30.9,30.73,30.73,30.65,30.65,30.38,30.46,30.41,30.45,30.45,30.26,30.16,29.96,30.18,29.59,29.61,29.49,29.81,29.89,29.72,29.67,29.76,29.89,29.81,29.93,29.52,29.72,29.72,29.89,29.93,29.72,30.04,30.29,29.98,30.01,29.96,30.08,29.87,30.16,29.98,29.64,29.72,29.49,29.32,28.43,25.05,20.64,19.4,19.26,18.56,18.68,18.07,18.05,17.92,17.89,17.77,17.6,17.77,17.89,17.82
17.28,17.53,17.45,17.53,17.77,17.45,17.78,18.27,18.49,18.64,19.47,22.78,27.52,28.39,29.27,29.96,29.77,29.87,29.93,30.04,30.26,30.65,30.5,30.09,29.52,29.56,29.39,29.32,29.49,29.24,29.35,29.59,29.27,29.69,29.39,29.4,29.32,29.39,29.2,29.39,29.49,29.35,29.35,29.12,29.03,29.35,29.08,29.19,28.98,29.15,29.15,28.92,28.83,28.95,28.63,28.68,28.76,29.0,29.0,29.08,29.32,29.56,29.61,29.77,30.13,30.21,30.36,30.38,30.38,30.36,30.41,30.58,30.58,30.78,30.83,30.66,30.83,31.03,31.1,31.1,31.07,31.24,31.74,31.91,32.28,32.23,32.4,32.2,32.28,32.48,32.28,32.09,31.98,31.91,31.64,31.57,31.56,31.2,31.44,30.87,31.03,30.78,30.73,30.46,30.66,30.55,30.24,30.46,30.55,30.38,30.16,30.46,30.24,29.98,29.87,29.87,29.84,29.77,29.93,29.84,29.76,29.77,29.87,29.87,29.93,29.76,29.87,29.67,29.76,29.81,29.69,29.93,29.67,29.84,30.38,29.72,29.84,29.98,29.84,29.87,29.56,29.61,29.39,29.07,28.66,25.57,20.61,19.72,19.05,18.46,18.1,18.17,17.85,18.02,17.89,17.78,17.78,18.2,17.57,17.48
17.41,17.45,17.63,17.57,17.45,17.6,17.85,18.02,18.39,18.89,19.48,22.61,27.6,28.43,29.56,29.59,29.49,29.32,29.93,30.33,30.41,30.13,29.67,29.4,29.19,29.27,29.07,29.27,29.29,29.15,29.35,29.59,29.35,29.12,29.12,29.19,29.0,29.24,29.15,29.35,29.19,29.12,29.27,29.35,29.0,29.2,29.08,29.12,29.08,28.88,28.95,28.71,28.92,28.87,28.83,28.92,29.12,29.07,29.2,29.03,29.29,29.47,29.64,29.87,30.18,30.46,30.33,30.16,30.41,30.58,30.66,30.73,30.78,30.73,30.61,31.07,30.83,30.61,31.1,31.2,31.69,31.52,31.64,32.01,32.2,32.18,32.36,32.53,32.4,32.26,32.35,31.77,32.01,32.23,31.77,31.83,31.56,31.69,31.27,30.87,31.03,30.98,30.7,30.5,30.66,30.66,30.45,30.38,30.45,30.38,30.24,30.41,30.16,29.98,29.96,29.89,29.84,29.77,29.89,29.72,29.89,29.89,29.84,29.81,29.77,29.67,29.81,29.69,29.69,29.59,29.67,29.84,29.81,29.69,29.93,29.69,30.01,29.81,30.08,29.77,29.77,29.39,29.49,28.8,28.87,27.37,22.78,19.84,19.18,18.36,18.57,18.17,18.05,17.95,17.67,17.6,17.95,17.78,17.6,17.67
17.13,17.35,17.48,17.25,17.53,17.63,17.85,18.2,18.52,18.78,19.43,23.03,27.76,28.8,29.49,29.47,29.24,29.77,30.09,30.38,29.81,29.44,29.27,29.07,29.39,29.4,29.03,28.98,29.32,29.07,29.19,29.4,29.2,29.19,29.07,29.39,29.15,29.07,28.98,28.98,28.83,29.27,28.98,29.0,29.12,29.07,28.71,28.98,28.63,28.83,28.98,28.55,28.68,28.87,28.71,28.88,28.76,28.98,28.92,29.29,29.44,29.47,29.76,29.96,30.16,30.33,30.55,30.66,30.46,30.55,30.5,30.61,30.75,30.83,30.75,30.83,30.75,31.02,30.95,31.24,31.52,31.56,31.81,32.01,32.26,32.45,32.36,32.28,32.31,32.48,32.26,32.23,32.35,31.94,31.89,31.72,31.64,31.64,31.27,31.27,31.02,30.78,30.58,30.65,30.58,30.61,30.13,30.45,30.41,30.26,30.38,30.36,30.08,29.98,30.29,29.84,29.96,29.84,29.84,29.72,29.77,29.77,29.93,30.01,29.72,29.89,29.67,29.72,29.67,29.81,29.67,29.35,29.61,29.2,29.49,30.04,29.84,29.81,29.93,29.49,29.76,29.56,29.27,28.98,28.8,28.04,25.84,21.5,19.18,18.89,18.31,18.14,17.85,18.02,17.7,17.52,17.89,17.78,17.57,17.6
17.2,17.52,17.41,17.53,17.85,17.77,17.95,17.92,18.24,18.56,19.11,23.84,27.81,29.08,29.27,29.49,29.59,30.04,29.98,29.44,29.24,29.03,28.88,28.76,29.08,29.27,29.12,28.98,29.03,29.19,29.03,29.12,29.15,29.08,29.07,29.19,29.19,29.19,29.2,28.8,29.12,28.95,28.98,29.08,29.24,29.03,29.03,28.75,28.75,29.15,28.83,28.66,28.63,28.95,28.87,28.83,28.8,29.12,29.03,29.15,29.35,29.56,29.72,29.81,30.21,30.18,30.36,30.41,30.41,30.38,30.45,30.61,30.75,30.87,30.82,30.9,31.07,30.98,31.27,31.19,31.72,31.72,31.98,32.31,32.36,32.53,32.68,32.14,32.48,32.65,32.48,32.35,32.28,32.35,32.23,32.01,31.72,31.81,31.56,31.29,31.03,30.92,30.83,30.78,30.55,30.36,30.46,30.41,30.41,30.5,30.24,30.26,30.13,30.29,30.13,29.98,29.96,29.93,29.67,29.61,30.18,29.69,29.76,29.96,29.61,29.72,29.49,29.67,29.4,29.67,29.35,29.47,29.44,29.72,29.72,29.67,29.49,29.77,29.84,29.98,29.56,29.59,29.52,29.49,28.8,28.36,27.52,25.05,20.46,19.05,18.61,18.42,18.05,17.82,17.77,17.52,17.77,17.23,17.67,17.63
17.2,17.35,17.6,17.53,17.78,18.2,17.78,18.14,18.39,18.52,19.47,24.17,27.92,28.88,29.19,28.95,29.47,29.56,29.47,28.6,28.75,28.51,28.68,28.92,28.88,29.03,28.8,29.19,29.08,29.24,29.27,29.07,28.95,29.0,28.98,28.76,28.98,29.15,28.87,29.07,28.66,28.68,28.95,28.88,28.92,29.0,28.92,28.83,28.87,28.71,28.88,28.76,28.39,28.76,28.51,28.71,29.07,29.24,29.12,29.27,29.39,29.59,29.89,29.87,30.18,30.18,30.33,30.46,30.7,30.66,30.66,30.83,30.75,30.7,30.78,31.15,31.02,31.07,31.32,31.49,31.47,31.98,32.06,32.26,32.45,32.51,32.6,32.51,32.4,32.57,32.51,32.4,32.18,32.51,32.57,32.35,32.14,31.86,31.56,31.44,31.52,31.15,30.92,30.73,30.83,30.53,30.46,30.55,30.46,30.5,30.38,30.36,30.45,30.29,30.13,29.87,29.98,29.89,30.01,29.89,30.04,29.84,30.41,29.93,29.87,29.61,29.72,29.61,29.47,29.64,29.32,29.4,29.59,29.47,29.67,29.61,29.52,29.67,29.77,29.49,29.84,29.61,29.61,29.35,29.19,28.87,28.19,27.17,23.52,19.62,19.08,18.31,18.14,18.27,17.95,17.85,17.7,17.57,17.52,17.6
17.31,17.77,17.45,17.38,17.82,17.89,17.95,17.99,18.05,18.61,19.4,24.71,27.96,28.98,29.0,28.88,29.64,29.32,29.08,28.66,28.71,28.6,28.8,28.71,29.0,28.76,28.88,29.15,29.03,29.12,28.98,29.12,28.68,29.0,28.75,28.83,28.76,28.76,28.55,28.8,28.92,28.83,28.87,29.24,28.83,29.0,28.76,28.88,28.8,28.51,28.66,28.87,28.87,28.83,28.55,29.19,28.87,29.15,29.03,29.49,29.47,29.69,29.93,30.01,30.21,30.33,30.36,30.55,30.36,30.46,30.66,30.58,30.82,30.92,31.24,31.2,31.03,31.24,31.44,31.56,31.69,32.11,32.35,32.68,32.51,32.68,32.43,32.36,32.35,32.45,32.45,32.73,32.65,32.57,32.31,32.23,32.11,31.89,31.83,31.64,31.44,31.24,31.02,30.82,30.9,30.58,30.66,30.75,30.55,30.46,30.38,30.46,30.36,30.45,29.96,30.09,30.18,30.36,30.21,30.04,30.38,30.36,30.18,30.33,30.09,30.13,29.98,29.67,29.96,29.77,29.81,29.56,29.61,29.87,29.76,29.61,29.39,29.64,29.77,29.93,29.76,29.61,29.52,29.32,29.76,28.88,28.68,28.23,26.41,21.42,19.3,18.56,18.36,18.36,17.92,18.05,17.89,17.52,18.07,17.53
17.25,17.53,17.41,17.7,17.41,17.7,17.63,18.07,18.07,18.78,19.84,25.72,28.19,28.87,29.07,28.95,29.19,28.71,29.0,28.66,28.39,28.55,28.63,28.55,28.8,28.95,28.71,29.12,29.0,28.83,28.55,28.95,28.66,29.12,28.71,28.63,28.55,28.75,28.87,28.55,28.68,28.75,28.76,28.75,28.8,28.75,28.56,28.92,28.39,28.75,28.71,28.83,28.83,28.98,28.76,28.88,29.03,29.08,29.08,29.4,29.39,29.4,30.08,30.09,29.89,30.29,30.61,30.5,30.46,30.61,30.5,30.58,30.7,30.87,30.95,30.95,31.12,31.52,31.2,31.49,31.83,32.23,32.51,32.73,32.7,32.62,32.53,32.53,32.45,32.35,32.48,32.45,32.43,32.62,32.23,32.48,32.36,32.14,31.69,31.56,31.49,31.24,31.35,31.03,30.83,30.87,30.73,30.65,30.26,30.83,30.55,30.29,30.08,30.36,30.41,30.36,30.18,30.21,30.45,30.13,30.46,30.29,30.36,30.26,30.13,30.16,29.87,29.87,29.89,29.81,29.76,29.69,29.59,29.52,29.24,29.69,29.59,29.59,29.64,29.98,29.61,29.61,29.59,29.67,29.47,29.32,29.07,28.51,27.76,24.63,20.05,19.03,18.39,18.27,18.36,17.82,18.05,17.67,17.48,17.6
17.41,17.67,17.38,17.48,17.57,17.52,18.14,17.73,18.27,18.61,20.14,25.91,28.28,28.56,28.98,28.76,28.76,28.8,28.56,28.31,28.31,28.23,28.48,28.6,28.68,28.68,28.87,28.55,28.56,28.46,28.76,28.66,28.46,28.48,28.66,28.63,28.71,28.66,28.6,28.48,28.71,28.55,28.66,28.71,28.63,28.75,28.56,28.63,28.56,28.51,28.95,28.76,28.83,28.87,28.87,29.03,28.83,29.19,29.19,29.44,29.49,29.76,29.77,30.04,30.08,30.09,30.38,30.45,30.36,30.45,30.46,30.65,30.87,30.7,30.98,30.9,30.92,31.12,31.47,31.72,31.81,32.36,32.85,32.4,32.53,32.48,32.36,32.35,32.14,32.45,32.28,32.68,32.43,32.28,32.65,32.53,32.43,32.31,32.11,31.81,31.72,31.29,31.39,31.27,31.07,30.82,30.58,30.73,30.7,30.5,30.53,30.41,30.46,30.45,30.53,30.36,30.46,30.53,30.26,30.36,30.38,30.5,30.45,30.18,30.55,30.16,29.87,29.77,29.87,29.64,29.84,29.69,29.47,29.49,29.52,29.4,29.44,29.81,29.44,29.72,29.59,29.29,29.49,29.76,29.72,29.35,29.15,28.88,28.43,26.93,22.17,19.52,18.46,18.36,18.07,18.14,17.92,17.78,17.78,17.52
17.31,17.53,17.53,17.6,17.82,17.45,17.78,17.95,18.02,18.83,20.36,26.49,28.24,28.51,28.56,28.43,28.51,28.36,28.02,28.36,28.28,28.28,28.56,28.46,28.56,28.36,28.48,28.46,28.56,28.66,28.68,28.55,28.43,28.43,28.39,28.36,28.24,28.66,28.51,28.51,28.75,28.56,28.83,28.71,29.07,28.75,28.8,28.88,28.51,28.87,28.68,28.66,28.87,28.76,28.88,28.83,28.88,29.24,29.27,29.69,29.72,29.76,29.89,30.04,30.13,30.26,30.36,30.46,30.5,30.7,30.58,30.87,30.92,30.73,31.19,31.27,31.2,31.29,31.77,32.06,32.35,32.85,33.07,32.78,32.6,32.45,32.48,32.4,32.18,32.2,32.35,32.73,32.95,32.53,32.65,32.68,32.68,32.35,32.4,31.94,31.69,31.61,31.52,31.32,31.03,31.15,30.7,30.82,30.66,30.92,30.75,30.55,30.55,30.13,30.24,30.36,30.7,30.58,30.75,30.41,30.73,30.65,30.5,30.45,30.45,30.41,30.41,30.26,30.08,30.08,29.96,29.87,29.93,29.67,29.56,29.52,29.59,29.72,29.44,29.59,29.47,29.47,29.56,29.64,29.59,29.64,29.19,29.19,28.68,27.84,25.01,20.42,19.05,18.52,18.07,18.05,18.07,18.07,17.85,17.63
17.31,17.52,17.38,17.52,17.25,17.89,17.92,18.05,18.49,18.83,21.05,27.25,28.11,27.99,28.39,28.31,28.36,28.36,28.34,28.14,28.14,28.08,28.63,28.55,28.39,28.36,28.34,28.31,28.28,28.51,28.55,28.63,28.83,28.39,28.19,28.36,28.43,28.19,28.43,28.6,28.51,28.66,28.75,28.66,28.66,28.87,28.68,28.8,28.75,28.55,28.8,28.87,28.88,29.07,29.24,29.24,29.2,29.12,29.47,29.47,29.64,29.87,30.16,30.33,30.24,30.16,30.36,30.29,30.75,30.55,30.65,30.78,30.87,30.95,31.19,31.47,31.72,31.72,31.81,32.11,32.53,32.73,32.87,32.6,32.31,32.35,32.28,32.14,32.28,32.23,32.26,32.18,32.23,32.9,32.68,32.68,32.85,32.57,32.35,31.98,32.14,31.49,31.56,31.49,31.35,31.2,31.12,30.7,30.78,30.66,30.98,30.5,30.61,30.58,30.38,30.53,30.55,30.33,30.75,30.36,30.92,30.73,30.61,30.82,30.73,30.65,30.36,30.21,30.58,29.84,29.98,29.49,29.89,29.69,29.72,29.59,29.52,29.69,29.64,29.67,29.72,29.76,29.98,29.76,29.89,29.87,29.59,29.56,29.08,28.23,26.92,22.78,19.48,18.56,18.27,17.89,17.67,17.82,17.7,17.77
17.52,17.52,17.38,17.52,17.77,17.73,17.99,18.17,18.56,19.33,22.96,27.2,27.99,28.24,28.23,28.02,28.16,28.14,27.87,28.16,28.16,28.16,28.04,28.23,28.14,28.08,28.28,28.08,28.55,28.39,28.46,28.6,28.46,28.24,28.16,28.36,28.31,28.46,28.28,28.46,28.43,28.48,28.71,29.0,28.88,28.76,28.56,28.68,28.6,28.87,28.95,28.76,29.08,29.2,29.24,29.4,29.32,29.56,29.93,29.56,29.69,30.04,30.45,30.46,30.29,30.65,30.46,30.36,30.41,30.73,30.82,30.92,31.02,31.27,31.47,31.56,31.52,31.86,32.18,32.36,32.73,32.78,32.78,32.6,32.28,32.57,32.43,32.14,32.2,32.36,32.36,32.4,32.45,32.68,32.6,32.57,32.65,32.62,32.68,32.48,32.2,32.01,31.91,31.72,31.52,31.32,30.92,30.95,30.95,30.87,31.02,30.66,30.82,30.7,30.55,30.78,30.55,30.92,31.02,30.83,31.1,30.92,31.07,30.92,30.87,30.7,30.46,30.5,30.58,30.04,30.13,29.87,30.18,30.04,29.64,29.69,29.84,29.61,29.69,29.69,29.52,29.47,29.64,29.76,30.13,30.26,30.18,29.67,29.49,28.51,27.91,25.01,20.42,18.86,18.52,18.2,17.99,17.92,17.78,17.7
17.31,17.77,17.48,17.52,17.63,17.77,17.99,18.27,18.52,19.8,25.25,27.67,28.14,28.11,28.16,28.28,28.28,28.11,27.81,27.92,27.91,28.02,28.14,27.96,28.02,28.34,28.28,28.39,28.19,28.28,28.34,28.34,28.19,28.23,28.28,28.48,28.43,28.34,28.19,28.66,28.39,28.56,28.43,28.8,28.51,28.63,28.6,28.63,28.92,28.51,28.76,28.95,29.2,29.0,29.32,29.2,29.32,29.67,29.69,29.93,29.93,30.29,30.5,30.5,30.41,30.29,30.58,30.73,30.7,30.65,30.95,31.1,31.15,31.03,31.24,31.64,31.69,32.11,32.73,32.94,32.82,32.78,32.85,32.68,32.51,32.45,32.35,32.35,32.09,32.03,32.2,32.23,32.31,32.4,32.6,32.73,32.65,32.82,32.7,32.78,32.51,32.11,31.83,32.01,31.52,31.4,31.2,31.57,31.35,31.19,30.87,31.07,31.15,30.92,30.75,30.66,30.82,30.9,30.83,31.15,31.19,30.98,30.92,31.15,30.75,30.83,30.61,30.82,30.55,30.73,30.38,30.18,30.13,29.93,29.98,29.93,29.81,29.84,29.84,29.72,29.93,29.67,29.87,29.84,30.5,30.58,30.26,29.77,29.59,28.95,28.28,26.7,22.48,19.48,18.71,18.31,18.17,17.63,17.7,17.82
17.2,17.41,17.35,17.6,17.77,17.57,17.92,18.56,19.0,21.28,26.41,27.59,28.16,28.16,28.11,28.02,27.76,27.79,27.91,27.99,28.08,27.96,28.24,28.08,27.99,28.23,28.23,28.14,28.23,28.24,28.48,28.43,28.28,28.34,28.34,28.19,28.23,28.46,28.31,28.43,28.6,28.63,28.6,28.8,28.56,28.8,28.76,28.98,28.68,29.07,28.87,29.0,29.32,29.27,29.12,29.44,29.47,29.59,29.61,29.81,30.21,30.33,30.5,30.73,30.55,30.75,30.26,30.75,30.73,30.66,30.9,31.19,31.12,31.47,31.61,31.89,31.89,32.4,32.82,32.9,33.04,32.68,32.65,32.95,32.6,32.45,32.11,31.98,32.23,32.06,32.01,32.31,32.23,32.65,32.48,32.45,32.94,32.87,32.9,32.6,32.68,32.43,32.2,31.91,31.81,31.74,31.35,31.44,31.35,31.32,31.32,31.1,31.03,30.87,31.2,30.83,31.19,30.92,31.24,31.49,31.39,31.19,31.32,31.1,30.92,30.87,31.07,30.75,30.7,30.26,30.36,30.26,30.21,30.16,30.08,30.04,30.09,30.04,29.87,29.64,29.59,29.52,29.52,29.61,30.21,30.53,30.24,29.64,29.69,29.12,28.48,27.35,24.29,20.24,19.0,18.46,18.32,17.89,17.85,17.95
17.48,17.7,17.52,17.52,17.89,18.07,17.89,18.14,19.03,23.79,27.29,27.4,27.84,28.11,27.84,27.76,27.87,27.71,27.76,27.79,27.96,27.84,28.02,28.23,27.99,28.16,28.24,28.24,28.23,28.24,28.43,28.04,28.23,28.23,28.46,28.23,28.19,28.48,28.31,28.48,28.55,28.48,28.66,28.68,28.63,28.55,28.63,28.68,28.83,28.8,28.95,28.92,29.32,29.12,29.32,29.52,29.81,29.52,30.16,29.87,30.09,30.5,30.73,30.65,30.82,30.73,30.5,30.7,30.73,30.92,30.82,31.1,31.35,31.4,31.64,31.94,31.98,32.48,33.1,32.87,32.94,32.99,32.68,32.57,32.78,32.35,32.14,32.23,31.91,31.91,32.03,32.01,32.03,32.2,32.36,32.43,32.6,32.99,32.53,32.9,32.82,32.7,32.31,32.48,32.06,32.01,31.44,31.61,31.56,31.52,31.39,31.2,31.12,31.35,30.9,31.02,31.1,31.19,31.47,31.66,31.64,31.72,31.64,31.02,30.92,30.82,30.55,30.5,30.53,30.41,30.58,30.41,30.26,30.53,30.18,30.01,29.84,30.08,30.16,30.04,29.76,29.67,29.69,29.77,30.04,30.26,30.33,29.61,29.61,29.27,29.0,27.87,26.11,21.13,19.15,18.31,18.05,17.99,17.85,17.78
17.45,17.67,17.53,17.63,17.73,17.77,17.99,18.24,20.09,25.55,27.0,27.6,27.81,27.84,27.64,27.35,27.4,27.59,27.71,28.04,27.6,27.99,27.92,27.99,27.91,27.96,27.92,28.14,27.84,27.96,28.16,28.31,28.31,28.36,28.23,28.14,28.43,28.11,28.43,28.31,28.31,28.6,28.76,28.56,28.66,28.48,28.63,28.76,28.92,28.92,28.98,29.03,29.27,29.29,29.35,29.44,29.4,29.44,29.96,29.93,30.08,30.09,30.55,30.65,30.7,30.65,30.7,30.75,30.75,30.58,30.83,31.47,31.35,31.64,31.81,32.11,32.2,32.85,32.95,32.95,32.82,32.95,32.65,32.43,32.23,32.11,32.11,31.98,31.89,32.09,32.01,32.03,31.91,32.26,32.43,32.23,32.36,32.87,32.62,32.9,32.85,33.04,32.73,32.53,32.09,32.01,31.66,31.44,31.89,31.72,31.56,31.29,31.39,31.32,31.27,31.07,31.12,31.29,31.19,31.66,31.47,31.24,31.19,31.07,30.95,30.92,30.9,30.55,30.46,30.73,30.26,30.83,30.5,30.46,30.36,30.21,30.18,30.09,29.98,30.16,29.89,29.96,29.77,29.69,30.04,30.16,30.61,30.01,29.24,29.24,29.24,28.24,27.17,22.66,19.47,18.61,18.02,17.85,17.82,17.82
17.52,17.23,17.67,17.67,17.99,17.82,18.14,18.93,22.76,26.58,27.13,27.59,27.59,27.35,27.6,27.49,27.55,27.71,27.87,27.99,27.91,27.67,28.08,27.87,28.02,27.87,27.96,28.02,28.11,28.19,28.14,28.23,28.48,28.36,28.16,28.36,28.19,28.39,28.28,28.16,28.48,28.39,28.51,28.66,28.68,28.75,28.87,28.56,28.75,28.95,28.95,28.92,29.39,29.47,29.39,29.56,29.59,29.98,30.01,30.21,30.26,30.29,30.53,30.75,30.66,30.78,30.98,30.95,30.87,30.92,31.15,31.4,31.49,31.81,31.98,32.4,32.94,33.1,33.1,32.99,32.9,32.65,32.7,32.31,32.36,32.28,31.91,32.11,31.98,31.86,31.83,31.94,31.72,32.06,31.94,32.53,32.4,32.9,32.48,32.87,33.32,32.94,32.94,32.68,32.62,32.43,32.03,31.98,31.83,31.94,31.91,31.89,31.72,31.4,31.52,31.15,31.4,31.12,31.35,31.29,31.52,31.27,31.56,31.27,31.1,30.75,31.03,31.02,30.82,30.66,30.55,30.53,30.61,30.36,30.38,30.36,30.33,30.24,30.38,30.04,30.09,30.04,29.87,29.72,29.59,29.81,30.61,30.13,29.89,29.87,29.19,28.36,27.59,24.66,19.95,18.74,18.2,18.2,17.95,17.78
17.35,17.38,17.38,17.57,17.67,18.24,18.2,19.62,25.37,26.93,27.37,27.37,27.13,27.47,27.29,27.71,27.71,27.87,27.76,27.81,27.96,27.91,28.16,27.99,27.99,28.14,27.96,28.02,28.14,27.91,27.91,28.23,28.43,28.6,28.31,28.43,28.31,28.34,28.31,28.39,28.46,28.31,28.43,28.36,28.75,28.92,28.83,28.92,28.92,28.92,29.08,29.27,29.12,29.61,29.64,29.67,29.69,29.67,29.77,29.93,30.38,30.58,30.66,31.07,30.7,30.92,31.1,30.87,31.2,31.49,31.56,31.77,31.83,31.72,32.2,32.65,33.46,33.41,33.02,32.85,32.77,32.57,32.57,32.35,32.43,32.11,32.06,31.91,32.11,31.86,32.01,32.06,32.14,31.98,32.14,32.18,32.48,32.85,32.48,32.9,33.07,33.1,33.27,32.95,33.07,32.51,32.4,32.45,32.06,32.26,31.91,31.83,31.74,31.66,31.64,31.35,31.4,31.24,31.29,31.49,31.29,31.32,31.47,31.19,31.15,30.83,30.65,30.82,30.87,30.46,30.9,30.65,30.87,30.66,30.55,30.75,30.58,30.41,30.41,30.08,29.98,29.87,29.87,29.84,29.93,29.89,30.16,29.89,30.16,30.01,29.49,28.6,28.02,26.19,20.86,18.96,18.24,17.82,17.85,17.89
17.6,17.63,17.73,17.89,17.67,18.42,18.52,21.72,26.19,27.05,27.47,27.29,27.17,27.2,27.23,27.12,27.71,27.67,27.87,27.72,27.99,28.11,28.11,28.11,28.19,28.19,28.08,28.14,28.16,28.46,28.28,28.55,28.51,28.66,28.51,28.39,28.24,28.55,28.19,28.48,28.34,28.56,28.6,28.8,28.6,28.83,28.87,28.88,29.0,29.08,29.39,29.2,29.32,29.67,29.72,29.98,29.72,30.04,30.13,30.45,30.13,30.65,30.83,30.87,30.92,30.82,31.07,31.07,31.47,31.57,31.77,31.66,32.14,32.43,32.65,33.32,33.37,33.2,33.15,33.04,32.57,32.7,32.43,32.35,32.03,32.35,32.01,31.77,31.86,31.77,31.83,31.72,32.18,32.03,32.14,32.28,32.45,32.48,32.48,32.7,32.78,32.99,33.04,33.1,33.37,32.99,32.9,32.51,32.43,32.45,32.11,32.2,31.74,31.57,31.72,31.44,31.49,31.49,31.39,31.39,31.52,31.35,31.47,31.2,31.29,31.15,31.07,30.87,30.75,30.7,30.83,30.66,30.83,30.73,30.7,30.61,30.53,30.45,30.38,30.41,30.24,29.81,30.21,30.04,29.59,29.64,29.72,29.98,30.16,29.87,29.61,28.87,28.31,26.56,21.75,19.11,18.57,18.32,17.77,17.92
17.45,17.53,17.63,17.99,18.02,18.27,19.18,24.36,26.7,26.92,27.32,27.35,27.08,27.13,27.17,27.37,27.49,27.84,27.99,28.14,28.04,28.23,28.14,27.92,28.34,28.16,28.16,28.08,28.36,28.39,28.39,28.24,28.56,28.71,28.46,28.43,28.23,28.51,28.19,28.34,28.46,28.39,28.63,28.75,28.66,28.66,28.76,28.95,28.87,29.39,29.08,29.32,29.61,29.67,29.49,29.89,29.84,30.13,30.29,30.33,30.29,30.53,30.95,30.95,31.19,31.12,31.35,31.35,31.47,31.49,31.94,31.74,32.14,32.45,33.12,33.37,33.36,33.04,32.78,32.62,32.6,32.51,32.43,32.06,32.09,32.31,31.94,31.91,31.74,31.91,31.57,31.81,31.89,31.77,32.31,32.11,32.2,32.51,32.4,32.65,32.57,32.99,32.87,33.07,33.1,32.99,32.9,32.68,32.77,32.62,32.4,32.28,32.14,32.28,31.74,31.72,31.72,31.64,31.69,31.4,31.19,31.29,31.4,31.12,31.27,31.27,31.02,30.98,30.98,31.03,30.65,30.82,30.7,30.38,30.66,30.5,30.38,30.46,30.53,30.7,29.98,30.45,30.33,29.76,29.87,29.76,29.67,29.76,29.61,29.72,29.47,28.95,28.14,26.8,22.51,19.36,18.68,17.95,17.85,17.77
17.57,17.6,17.89,17.89,18.36,18.56,21.28,25.75,26.7,26.93,27.23,27.2,26.93,27.13,27.17,27.35,27.71,27.79,27.92,28.08,28.11,28.19,28.36,28.36,28.51,28.46,28.34,28.28,28.48,28.43,28.6,28.43,28.76,28.6,28.51,28.46,28.63,28.46,28.63,28.6,28.51,28.66,28.76,28.63,28.8,29.08,28.98,28.8,28.87,29.35,29.24,29.56,29.47,29.67,30.01,29.98,29.76,30.29,30.38,30.53,30.65,30.9,31.19,31.19,31.15,31.44,31.57,31.72,31.66,31.98,31.98,32.23,32.65,33.12,33.41,33.27,33.52,33.29,32.9,32.99,32.65,32.48,32.45,32.23,32.28,32.18,31.83,32.03,31.81,31.77,31.81,31.81,31.86,31.81,32.03,32.23,31.98,32.4,32.36,32.31,32.78,32.99,33.27,33.19,33.29,33.2,33.27,33.61,33.04,32.65,32.82,32.43,32.51,32.18,32.01,31.89,31.81,31.49,31.64,31.47,31.66,31.61,31.32,31.29,31.1,31.35,31.44,31.29,31.15,31.03,30.9,30.83,31.02,30.75,30.78,30.73,30.45,30.38,30.55,30.75,30.21,30.36,30.18,29.98,29.87,29.84,29.72,29.67,29.52,29.72,29.84,29.08,28.56,27.72,22.96,19.62,18.64,17.99,18.1,17.57
17.41,17.77,17.77,17.99,18.32,19.15,23.18,26.41,27.2,27.02,27.2,27.13,26.85,26.97,27.23,27.49,27.59,27.87,27.81,28.08,28.08,28.08,28.56,28.46,28.43,28.31,28.68,28.87,28.48,28.55,28.66,28.6,28.51,28.56,28.48,28.56,28.76,28.63,28.66,28.6,28.63,28.55,28.55,28.76,28.92,28.71,28.76,29.03,29.07,29.27,29.2,29.39,29.52,29.98,29.72,29.89,29.98,30.24,30.24,30.36,30.75,30.98,31.2,31.24,31.64,31.56,31.56,31.49,31.91,31.86,32.26,32.73,32.99,33.29,33.49,33.29,33.15,32.94,32.9,32.68,32.35,32.35,32.14,31.89,32.03,32.11,32.06,31.89,31.86,31.57,31.64,31.81,31.74,31.72,31.74,31.69,32.06,32.35,32.23,32.31,32.2,32.57,32.78,33.07,33.27,33.15,33.41,33.37,33.27,32.85,32.87,32.77,32.43,32.11,32.14,31.81,31.72,31.86,31.94,31.49,31.56,31.47,31.81,31.27,31.39,31.39,31.24,31.35,31.15,31.12,31.1,31.02,30.7,30.65,30.87,30.83,30.5,30.82,30.65,30.5,30.29,30.58,30.29,29.98,29.64,30.04,29.69,29.49,29.52,29.61,29.47,29.07,28.75,27.59,24.06,19.65,18.71,18.17,17.89,17.67
17.77,17.73,17.85,18.2,18.56,20.31,24.98,26.68,26.93,27.17,27.13,27.23,27.05,27.29,27.37,27.81,27.81,27.91,27.87,28.04,28.34,28.34,28.56,28.48,28.66,28.83,28.68,28.63,28.63,28.88,28.95,28.68,28.55,28.56,28.87,28.8,28.71,28.55,28.43,28.48,28.46,28.63,28.87,28.92,28.8,28.95,28.66,29.07,28.87,29.2,29.49,29.47,29.84,29.98,30.01,30.16,30.21,30.55,30.41,30.53,30.82,31.12,31.03,31.49,31.64,31.69,32.01,31.91,32.03,32.51,32.6,32.9,33.46,33.62,33.37,33.07,32.99,32.95,32.78,32.6,32.45,32.48,32.35,32.26,32.14,31.89,31.83,31.72,31.61,31.89,31.72,31.61,31.77,31.74,31.69,31.98,31.94,31.94,32.06,32.4,32.31,32.51,32.7,32.85,32.94,33.32,33.19,33.79,33.27,33.41,33.2,33.04,33.02,32.82,32.51,32.26,32.2,31.91,32.18,31.77,31.98,31.86,31.61,31.39,31.32,31.49,31.27,31.29,31.2,31.1,31.1,31.02,31.07,30.87,30.95,30.87,30.65,30.58,30.66,30.5,30.36,30.24,30.26,30.01,29.69,30.09,29.61,29.67,29.76,29.67,29.15,29.07,28.71,28.02,24.63,19.73,18.74,18.32,17.99,17.85
17.67,17.52,18.24,18.07,18.61,21.75,26.06,26.65,26.88,27.2,27.12,27.02,27.37,27.02,27.52,27.59,27.81,28.14,27.99,28.04,28.34,28.23,28.68,28.63,28.83,28.8,28.76,29.15,28.66,28.56,28.92,28.88,28.88,28.87,28.56,28.87,28.68,28.87,28.63,28.43,28.8,28.87,28.68,28.98,28.68,29.19,29.19,29.35,29.47,29.32,29.67,29.56,29.76,30.04,29.89,30.13,30.66,30.53,30.73,30.75,31.1,31.15,31.39,31.81,31.57,31.64,32.11,32.14,32.23,32.65,32.9,33.24,33.46,33.2,33.54,33.27,32.45,32.73,32.99,32.48,32.28,32.43,32.35,31.86,31.94,31.72,31.83,31.98,31.69,31.69,31.47,31.35,31.4,31.86,31.74,31.66,31.81,32.01,32.03,32.11,32.45,32.7,32.9,33.07,32.94,33.19,33.32,33.44,33.54,33.57,33.41,33.46,33.19,32.87,32.65,32.53,32.62,32.36,32.28,32.18,32.06,31.81,31.83,31.74,31.52,31.4,31.39,31.35,31.35,31.02,31.2,30.9,31.2,30.87,30.9,31.12,30.95,30.78,30.61,30.65,30.36,30.16,30.24,30.24,30.21,29.96,29.76,29.35,29.64,29.47,29.24,28.76,28.48,28.04,25.07,20.21,19.25,18.1,17.99,17.99
17.67,17.67,18.14,18.1,19.0,23.54,26.34,26.88,27.12,26.93,27.29,27.02,27.4,27.71,27.76,27.79,28.04,28.04,28.39,28.16,28.36,28.34,28.6,28.55,28.71,28.68,28.98,29.15,29.07,28.71,28.92,29.07,28.92,28.63,28.8,28.75,29.12,28.63,28.92,28.66,28.63,28.8,28.95,28.88,28.98,29.03,29.32,29.35,29.59,29.61,29.61,30.18,30.13,30.13,30.33,30.5,30.58,30.9,30.87,30.98,31.29,31.57,31.47,31.83,32.09,32.2,32.36,32.31,32.7,33.2,33.41,33.41,33.71,33.27,33.32,33.32,33.02,32.51,32.7,32.43,32.36,32.26,32.35,32.14,32.18,32.03,31.72,31.98,31.56,31.69,31.72,31.49,31.47,31.69,31.83,31.66,31.83,31.81,31.98,32.57,32.48,32.53,32.68,32.62,32.65,33.2,32.99,33.57,33.78,33.69,33.86,33.54,33.41,33.1,32.78,32.94,32.51,32.6,32.45,32.28,32.01,32.01,31.91,31.66,31.89,31.61,31.47,31.66,31.47,31.02,31.24,31.24,30.95,30.95,30.95,30.98,31.2,30.66,31.1,30.75,30.41,30.38,30.41,30.04,30.18,30.04,29.77,29.64,29.47,29.39,29.4,29.03,28.48,28.23,25.79,20.27,19.0,18.32,17.7,17.85
17.73,18.07,18.17,18.61,20.36,25.25,26.38,27.0,27.23,27.17,26.97,27.2,27.29,27.49,27.64,27.79,28.02,27.96,28.24,28.43,28.19,27.55,27.4,27.91,28.19,28.92,29.19,29.07,29.2,28.75,28.68,28.92,28.92,28.98,28.76,28.92,28.76,28.51,28.88,28.6,28.87,28.87,28.95,28.98,29.19,29.27,29.15,29.44,29.52,29.76,29.81,29.96,30.36,30.38,30.5,30.53,30.65,31.02,31.24,31.19,31.2,31.61,32.14,32.23,31.91,32.23,32.57,32.65,33.32,33.36,33.52,33.32,33.41,33.12,33.2,32.87,32.78,32.65,32.6,32.36,32.4,32.11,32.11,32.01,31.91,31.83,31.91,31.91,31.66,31.39,31.49,31.49,31.52,31.56,31.47,31.81,31.64,31.83,31.94,32.26,32.18,32.4,32.51,32.6,32.78,32.99,33.02,32.99,33.41,33.44,33.96,33.88,33.69,33.61,33.36,33.2,32.87,32.77,32.43,32.28,32.62,32.14,32.2,32.03,32.06,31.94,31.89,31.44,31.39,31.1,31.29,31.29,31.35,31.03,30.95,30.83,30.61,30.87,31.03,30.9,30.55,30.58,30.36,30.24,30.13,29.69,29.76,29.52,29.52,29.35,29.27,29.24,28.76,28.19,25.94,20.73,18.86,18.36,17.92,18.05
17.99,18.17,18.64,18.96,21.9,26.19,26.8,27.17,27.05,27.12,27.23,27.23,27.44,27.6,27.64,27.84,27.99,28.04,28.31,28.36,27.96,26.92,27.29,27.47,28.08,28.66,29.35,29.29,29.08,28.92,29.03,28.98,28.98,28.87,28.95,28.63,29.07,28.83,28.66,28.87,29.08,29.0,29.19,29.03,29.64,29.39,29.44,29.61,29.89,29.84,29.96,30.13,30.38,30.33,30.5,30.83,30.95,31.12,31.32,31.66,31.72,31.81,32.09,32.31,32.48,32.68,33.19,33.19,33.62,33.71,33.86,33.49,33.41,33.1,32.95,32.82,32.57,32.51,32.43,32.31,32.26,32.36,32.14,31.98,32.14,32.28,31.72,31.81,31.52,31.66,31.49,31.52,31.27,31.49,31.69,31.49,31.83,31.61,31.98,31.94,31.83,32.31,32.48,32.57,32.78,32.78,33.07,32.85,33.32,33.61,33.78,33.74,33.96,34.04,33.62,33.66,33.19,33.12,32.9,32.35,32.48,32.45,32.48,32.18,32.28,32.2,31.94,31.74,31.91,31.27,31.57,31.64,31.64,31.44,31.03,31.27,31.02,31.24,30.98,30.83,31.03,30.7,30.53,30.36,30.08,29.77,29.61,29.61,29.61,29.72,29.44,28.88,28.8,28.6,25.67,20.51,19.08,18.32,17.99,17.85
18.2,18.02,18.64,18.93,23.75,26.49,26.85,27.05,27.13,27.05,27.17,27.35,27.32,27.6,27.92,28.08,28.16,28.39,28.43,28.36,28.24,27.2,27.29,27.52,28.24,28.63,29.24,29.12,29.0,29.27,28.92,29.07,28.95,29.07,28.95,28.76,28.98,29.08,29.07,29.08,28.95,29.59,29.19,29.27,29.47,29.47,29.67,29.59,30.01,30.13,30.08,30.61,30.73,30.87,30.83,30.98,31.15,31.32,31.49,31.61,31.81,32.11,32.4,32.4,32.85,32.99,33.12,33.49,33.44,33.61,33.36,33.46,33.37,33.02,32.94,32.73,32.2,32.4,32.51,32.53,32.23,32.09,32.03,31.86,31.94,31.89,31.98,31.66,31.94,31.66,31.64,31.61,31.64,31.66,31.66,31.72,31.56,31.66,31.64,32.01,32.06,32.23,32.35,32.35,32.94,32.94,32.99,33.1,33.29,33.24,33.36,33.62,33.93,34.18,34.16,33.99,33.86,33.36,33.24,32.94,32.77,32.6,32.36,32.36,32.31,31.94,32.26,31.91,32.11,31.77,31.77,31.52,31.61,31.57,31.29,31.15,31.32,31.2,31.24,31.02,30.78,30.65,30.5,30.33,30.13,30.26,29.96,29.87,29.67,29.52,29.32,29.08,28.66,28.6,24.93,20.61,19.03,18.61,18.1,17.63
18.17,18.31,18.68,20.09,25.22,26.76,26.97,27.0,27.08,27.2,27.2,27.49,27.64,27.64,27.79,27.84,28.11,28.39,28.39,28.39,28.46,27.35,27.37,27.59,28.23,28.95,29.19,29.15,29.03,29.03,29.08,28.98,28.95,28.87,28.92,29.0,28.98,29.08,28.98,29.08,29.27,29.24,29.39,29.4,29.52,29.77,30.04,30.04,30.01,30.16,30.36,30.55,30.61,30.87,31.1,31.35,31.24,31.56,31.57,31.94,31.81,32.4,32.78,32.94,33.04,33.24,33.54,33.46,33.54,33.52,33.36,33.24,33.12,33.07,32.9,32.62,32.48,32.26,32.45,32.23,32.03,32.11,32.2,31.91,32.09,32.23,32.23,31.91,31.66,31.64,31.49,31.47,31.56,31.27,31.61,31.56,31.64,31.89,31.4,32.09,31.94,32.35,32.28,32.43,32.87,32.85,32.78,33.1,33.02,33.46,33.36,33.46,33.71,33.96,33.99,34.35,34.04,33.99,33.62,33.27,33.44,33.02,32.9,32.48,32.7,32.35,31.94,32.11,32.06,31.94,31.83,31.66,31.89,31.49,31.57,31.64,31.29,31.52,31.39,31.29,30.92,30.83,30.5,30.61,30.21,30.29,29.61,29.84,29.52,29.76,29.89,29.08,28.68,27.79,24.41,20.02,18.86,18.24,18.2,17.7
17.85,18.24,18.81,21.23,25.67,26.8,26.7,27.08,27.17,26.97,27.6,27.23,27.71,27.87,27.79,28.04,28.16,28.51,28.66,28.36,28.6,28.43,28.11,28.16,28.66,29.19,28.95,29.07,28.76,28.66,29.03,29.15,29.08,29.08,29.07,29.2,28.98,29.2,29.27,29.56,29.49,29.29,29.49,29.72,29.76,30.04,29.93,30.24,30.18,30.46,30.46,30.46,30.78,30.98,31.39,31.35,31.49,31.64,31.86,32.36,32.43,32.6,32.82,32.7,33.46,33.52,33.69,33.37,33.49,33.36,33.19,33.04,32.9,32.6,32.65,32.62,32.36,31.98,32.2,32.35,32.09,32.06,32.18,32.31,32.23,32.14,31.83,31.86,32.06,31.61,31.83,31.57,31.72,31.64,31.56,31.61,31.61,31.83,31.52,31.57,32.14,32.03,32.28,32.2,32.4,32.73,32.85,33.27,32.99,33.32,33.15,33.37,33.52,34.01,33.93,34.1,34.01,34.08,33.96,33.71,33.46,33.12,32.99,32.7,32.73,32.31,32.43,32.57,32.4,32.26,32.18,32.03,32.01,31.47,31.66,31.83,31.52,31.74,31.35,31.12,31.07,30.53,30.82,30.21,30.26,30.08,29.77,29.77,30.13,29.87,29.59,29.08,28.83,28.24,24.09,19.8,18.78,18.27,18.07,17.73
18.02,18.46,18.83,22.32,26.34,27.12,27.05,27.0,27.13,27.0,27.47,27.32,27.79,27.67,28.14,28.08,28.23,28.48,28.23,28.8,29.07,29.03,28.92,29.07,28.95,28.98,29.2,29.12,28.98,29.2,28.6,29.12,29.07,29.2,29.4,29.12,29.39,29.4,29.39,29.4,29.52,29.64,29.72,29.89,29.98,29.98,30.26,30.38,30.18,30.45,30.61,30.92,31.07,31.1,31.56,31.52,31.77,31.94,32.18,32.6,32.35,32.77,33.32,33.52,33.49,33.49,33.66,33.46,33.46,33.29,32.99,32.99,32.7,32.7,32.4,32.7,32.18,32.31,32.2,32.26,32.03,31.94,32.03,32.14,32.11,32.26,32.09,32.06,31.91,31.72,31.61,31.81,31.64,31.39,31.77,31.56,31.74,31.83,31.57,31.86,31.94,31.86,32.06,32.18,32.36,32.68,32.48,33.1,33.1,33.27,33.15,33.02,33.36,33.79,33.86,33.91,34.16,34.1,34.13,33.96,33.99,33.79,33.49,33.24,32.95,32.77,32.6,32.65,32.62,32.26,32.14,32.28,32.06,31.86,31.83,31.81,31.61,31.61,31.52,31.03,31.1,30.92,30.98,30.5,30.21,30.18,29.81,29.69,30.01,29.81,29.35,29.15,28.8,28.19,24.36,20.17,18.93,18.2,18.2,17.67
18.14,18.39,19.03,23.72,26.61,27.0,27.12,26.92,27.25,27.6,27.47,27.49,27.55,27.76,28.16,28.19,28.36,28.51,28.43,28.87,28.75,28.75,29.03,29.12,29.12,29.0,29.12,28.98,28.76,28.8,29.15,29.03,29.2,29.47,29.32,29.44,29.44,29.67,29.61,29.96,29.89,29.81,29.98,29.89,29.93,30.29,30.33,30.61,30.26,30.61,30.82,30.83,31.35,31.27,31.39,31.69,32.01,32.11,32.57,32.7,32.62,33.02,33.49,33.41,33.44,33.66,33.61,32.77,32.99,32.95,32.48,32.82,32.78,32.65,32.35,32.35,32.26,32.26,32.2,32.28,32.09,32.11,32.31,32.09,31.81,31.91,31.83,32.06,31.64,31.86,31.64,31.57,31.49,31.52,31.47,31.49,31.57,31.77,31.74,31.66,31.89,32.01,31.98,32.26,32.36,32.31,32.45,32.78,32.73,32.73,33.15,33.12,33.27,33.46,33.79,33.74,33.99,34.25,34.25,34.26,34.25,34.41,34.13,33.57,33.41,32.99,32.77,33.02,32.45,32.28,32.4,32.4,32.2,31.81,31.61,32.03,31.86,31.56,31.49,31.44,31.15,30.9,30.83,30.5,30.21,30.09,30.04,29.69,29.96,29.77,29.47,29.07,29.2,28.28,25.25,20.09,18.78,18.24,17.77,18.05
18.1,18.64,19.52,24.9,26.81,26.85,27.05,27.35,27.17,27.44,27.52,27.59,27.71,27.84,28.08,28.14,28.11,28.34,28.48,28.8,28.92,28.66,28.76,29.0,29.07,29.08,29.27,28.75,29.29,29.27,29.08,29.52,29.4,29.56,29.69,29.76,29.72,29.77,29.89,29.84,30.01,30.08,30.24,30.36,30.21,30.45,30.66,30.78,30.55,30.98,31.12,31.32,31.61,31.72,31.69,32.03,32.28,32.6,32.6,33.02,33.46,33.54,33.71,33.46,33.49,33.12,33.2,33.07,33.07,32.73,32.78,32.6,32.6,32.53,32.31,32.4,32.14,32.14,32.31,32.2,32.01,31.89,31.94,32.26,31.98,31.86,31.98,31.64,31.77,31.64,31.56,31.74,31.57,31.4,31.61,31.77,31.61,31.89,31.72,31.57,31.74,31.61,31.74,31.91,32.18,32.45,32.57,32.53,32.62,32.85,33.07,32.99,33.2,33.29,33.36,33.83,33.71,33.91,33.99,34.18,34.13,34.35,34.57,34.35,34.3,33.79,33.44,33.07,33.15,32.65,32.77,32.53,32.45,32.31,32.26,32.36,32.18,31.69,31.94,31.44,31.27,31.29,30.73,30.61,30.53,30.08,30.04,30.09,30.08,29.77,29.59,29.07,29.24,28.66,25.49,20.42,19.0,18.56,18.1,17.7
18.36,18.61,20.17,25.55,26.7,27.0,27.2,27.35,27.55,27.4,27.72,27.64,27.79,27.87,27.84,28.19,28.46,28.51,28.56,28.76,28.6,28.98,29.12,28.92,29.32,29.0,28.95,29.12,28.98,29.29,29.44,29.59,29.59,29.87,29.81,29.87,30.09,29.98,30.13,30.24,29.98,30.13,30.38,30.58,30.61,30.58,30.78,30.82,30.95,31.32,31.47,31.69,31.86,31.94,32.18,32.35,32.7,32.73,33.19,33.44,33.61,33.29,33.69,33.66,33.36,33.27,33.24,32.95,32.94,32.73,32.65,32.77,32.53,32.48,32.36,32.31,32.23,32.28,32.35,32.51,32.09,31.94,32.09,31.94,31.98,32.01,31.72,31.94,31.57,31.94,31.81,31.66,31.57,31.35,31.61,31.64,31.56,31.89,31.89,31.69,31.74,31.94,31.91,31.89,32.03,32.31,32.11,32.48,32.53,32.77,32.94,33.02,32.99,32.85,33.2,33.27,33.54,33.62,33.83,33.96,33.96,34.38,34.3,34.38,34.38,34.01,33.79,33.83,33.62,33.24,33.12,32.87,32.65,32.26,32.23,32.48,32.2,32.03,31.81,31.91,31.39,31.12,30.95,30.83,30.66,30.38,30.26,30.55,30.18,29.77,29.44,29.35,29.27,28.75,25.32,20.42,19.21,18.1,17.92,17.6
17.99,18.32,20.86,25.6,26.97,27.32,27.29,27.52,27.44,27.37,27.47,27.84,27.79,28.14,28.14,28.19,28.24,28.46,28.66,28.51,28.71,28.71,28.98,28.92,29.15,28.83,29.03,29.08,29.24,29.19,29.39,29.47,29.98,29.93,29.98,30.36,29.89,30.13,30.21,30.29,30.29,30.46,30.66,30.53,30.53,30.9,31.12,31.02,30.98,31.56,31.69,31.77,32.11,32.36,32.48,32.7,32.82,33.1,33.36,33.52,33.41,33.54,33.46,33.37,33.27,33.32,33.32,32.77,33.02,32.65,32.6,32.35,32.62,32.26,32.26,32.11,32.01,32.06,32.18,32.23,31.98,31.91,32.09,31.94,31.91,31.98,31.89,31.83,31.86,31.49,31.61,31.72,31.35,31.44,31.69,31.72,31.64,31.77,31.69,31.69,31.61,31.61,31.66,31.69,31.66,31.98,32.11,32.28,32.4,32.53,32.45,32.73,32.99,32.95,33.02,33.37,33.46,33.46,33.71,33.88,33.78,34.1,34.13,34.04,34.38,34.48,34.26,33.88,33.88,33.37,33.49,33.04,33.15,32.78,32.68,32.73,32.2,32.2,32.14,31.89,31.94,31.49,31.44,31.12,30.92,31.1,30.73,30.33,30.04,30.04,29.61,29.47,29.24,28.87,25.49,20.27,19.18,18.27,18.05,18.14
18.24,18.83,21.2,26.07,26.76,27.12,27.37,27.4,27.35,27.44,27.47,27.84,27.81,27.92,28.11,28.31,28.34,28.43,28.56,29.07,28.6,28.71,28.63,29.03,28.92,29.19,29.03,29.03,29.35,29.52,29.72,29.84,30.04,30.21,30.58,30.24,30.58,30.7,30.82,30.53,30.7,30.66,30.78,30.78,30.73,31.02,31.29,31.52,31.47,31.91,31.98,32.09,32.4,32.53,32.87,32.95,33.37,33.69,33.69,33.29,33.27,33.46,33.24,33.29,33.07,33.02,33.04,32.73,32.53,32.6,32.36,32.23,32.85,32.43,32.14,32.26,32.14,32.18,31.89,32.14,32.01,31.91,32.14,31.91,31.72,31.69,32.01,32.03,31.56,31.57,31.4,31.52,31.47,31.47,31.69,31.56,31.69,31.72,31.64,31.64,31.64,31.57,31.47,31.47,32.06,32.11,32.01,32.36,32.51,32.6,32.87,32.94,32.77,32.82,32.99,33.15,33.1,33.54,33.46,33.54,33.86,34.13,33.79,34.35,34.25,34.41,34.13,33.99,33.99,33.78,33.52,33.49,33.32,33.19,32.95,32.7,32.62,32.65,32.4,32.23,31.74,31.64,31.66,31.61,31.02,30.92,30.82,30.55,30.38,29.96,30.24,29.61,29.29,28.76,25.6,20.49,19.08,18.42,17.95,17.77
18.32,18.93,21.95,26.02,26.61,27.05,27.29,27.35,27.4,27.52,27.76,27.91,27.91,27.92,28.11,27.99,28.48,28.66,28.66,28.83,28.75,28.83,29.19,28.83,29.03,28.92,29.08,29.32,29.52,29.69,29.89,30.08,30.13,30.41,30.78,30.66,30.87,30.53,30.55,30.55,30.73,30.95,30.9,30.87,31.07,31.2,31.35,31.47,31.49,31.72,32.35,32.14,32.6,32.87,33.12,33.54,33.19,33.44,33.46,33.19,33.36,32.9,33.44,32.87,33.1,32.85,32.77,32.48,32.65,32.28,32.36,32.45,32.18,32.43,32.09,32.18,32.09,31.83,31.89,32.11,31.98,32.01,31.89,32.09,31.98,31.86,31.91,31.83,31.69,31.69,31.56,31.44,31.27,31.24,31.52,31.77,31.74,31.72,31.35,31.61,31.39,31.56,31.4,31.57,31.69,31.4,31.94,32.18,32.26,32.31,32.4,32.6,32.48,32.77,32.6,32.82,32.95,33.12,33.52,33.36,33.69,33.66,33.49,33.78,34.04,34.3,33.93,33.93,33.99,33.86,33.79,33.49,33.69,33.36,33.36,33.32,32.99,32.77,32.7,32.57,32.14,32.01,31.83,31.57,31.44,31.52,30.78,31.03,30.82,30.21,30.36,29.72,29.52,28.71,25.55,20.42,19.05,18.42,18.1,17.73
18.2,18.71,22.27,26.29,26.8,27.35,27.44,27.29,27.29,27.71,27.87,28.04,28.14,28.14,28.28,28.19,28.31,28.8,28.8,28.98,29.08,28.76,28.76,28.92,29.27,29.08,29.12,29.35,29.64,29.96,30.01,30.09,30.58,30.46,30.73,30.98,30.7,30.87,30.5,30.65,30.78,30.95,31.02,31.2,31.4,31.4,31.72,31.91,32.03,32.03,32.4,32.7,33.15,33.19,33.46,33.32,33.04,33.41,33.15,33.1,33.15,33.07,32.85,32.9,32.68,32.7,32.6,32.48,32.53,32.51,32.2,32.31,32.01,32.26,32.09,32.06,31.81,31.74,32.01,31.77,31.74,32.09,31.83,32.09,32.09,32.14,31.86,31.94,31.81,31.66,31.61,31.47,31.57,31.56,31.39,31.15,31.19,31.29,31.44,31.24,31.29,31.52,31.61,31.52,31.56,31.56,31.49,31.77,31.94,31.77,32.35,32.51,32.31,32.57,32.77,32.73,32.95,32.99,33.29,33.2,33.41,33.12,33.57,33.86,33.66,33.88,34.01,33.91,33.83,33.62,34.01,33.74,33.62,33.52,33.44,33.36,33.2,32.7,32.78,32.77,32.43,32.06,31.89,31.81,31.57,31.32,31.24,30.82,30.73,30.26,29.93,29.69,29.19,28.24,25.17,20.46,18.78,18.14,17.99,17.89
18.52,19.15,22.14,26.06,26.68,27.29,27.29,27.2,27.6,27.59,27.91,27.91,28.14,28.08,28.04,27.96,28.16,28.6,28.76,28.8,28.87,28.98,29.15,28.8,29.24,29.35,29.44,29.98,30.08,30.29,30.46,30.73,30.78,30.82,30.78,30.95,30.9,30.83,30.78,31.1,30.95,31.32,31.2,31.39,31.35,31.77,31.86,32.23,31.94,32.48,32.85,33.12,33.27,33.44,33.2,33.24,33.07,32.95,32.94,33.1,32.78,32.73,32.82,32.87,32.53,32.31,32.48,32.68,32.26,32.09,32.2,32.18,32.11,32.06,31.83,31.66,31.66,31.83,31.77,31.64,31.89,31.91,31.77,31.91,31.83,31.72,31.56,31.91,31.64,31.86,31.64,31.24,31.32,31.39,31.74,31.15,31.35,31.35,31.32,31.35,31.15,31.24,31.27,31.35,31.12,31.24,31.39,31.72,31.86,31.91,32.06,32.14,32.28,32.35,32.45,32.62,32.45,32.77,32.87,32.73,33.27,33.1,33.29,33.61,33.71,33.57,33.86,33.99,33.93,33.99,34.04,33.61,33.83,33.62,33.46,33.66,33.2,33.2,32.99,32.62,32.43,32.26,32.14,32.14,31.81,31.57,31.29,30.9,31.2,30.73,30.18,29.96,29.12,28.43,25.1,20.32,18.89,18.27,18.02,17.57
18.32,18.49,22.12,26.56,26.92,27.17,27.35,27.37,27.47,27.35,27.79,28.14,27.67,28.04,27.99,28.36,28.28,28.55,28.71,28.88,28.92,29.15,29.29,29.03,29.27,29.44,29.64,30.09,30.29,30.46,30.65,30.83,30.65,30.73,31.02,31.27,30.82,31.2,30.7,31.1,31.12,31.56,31.44,31.89,31.72,32.01,32.11,32.2,32.6,33.29,33.12,33.24,33.27,33.12,32.73,32.99,32.77,32.7,32.82,32.62,32.65,32.82,32.35,32.51,32.53,32.51,32.51,32.31,32.48,32.14,32.26,32.09,31.86,32.11,31.61,31.94,31.83,31.83,31.61,31.86,31.56,31.77,31.98,31.91,31.83,32.06,31.91,31.81,31.61,31.56,31.69,31.4,31.56,31.19,31.47,31.39,31.35,31.2,31.19,31.24,31.1,31.19,31.39,31.02,31.29,31.27,31.24,31.44,31.83,31.56,31.94,32.06,31.94,32.28,32.31,32.43,32.62,32.62,32.9,32.9,32.87,33.1,33.1,33.27,33.54,33.71,33.83,33.71,33.91,33.71,33.91,33.91,33.83,33.54,33.57,33.32,33.29,33.12,33.07,32.7,32.53,32.35,32.26,32.01,31.98,31.83,31.32,31.19,30.98,30.5,30.29,29.67,29.19,28.19,24.53,20.46,18.86,18.46,18.07,17.73
18.2,18.83,21.95,26.44,27.0,27.2,27.23,27.37,27.64,27.49,27.99,27.91,28.04,28.14,28.16,28.28,28.34,28.75,28.68,28.98,29.12,29.19,29.12,29.4,29.49,29.81,29.84,30.09,30.13,30.55,30.73,30.75,30.65,30.83,31.12,31.1,31.19,31.1,31.2,31.29,31.64,31.49,31.47,31.91,32.14,32.65,33.02,33.1,33.19,33.2,33.07,32.78,32.87,32.6,32.68,32.62,32.53,32.73,32.87,32.6,32.51,32.57,32.6,32.36,32.18,32.2,32.35,32.18,32.36,32.09,31.98,32.11,32.06,31.91,31.66,31.77,31.77,31.47,31.69,31.89,31.72,31.69,31.72,31.81,31.86,31.69,31.52,31.64,31.72,31.69,31.49,31.4,31.35,31.2,31.02,31.07,31.07,31.2,30.82,31.1,31.02,30.95,30.92,30.87,31.19,31.1,31.32,31.52,31.35,31.56,31.81,31.74,32.06,32.01,32.23,32.35,32.31,32.36,32.45,32.53,32.6,32.7,33.02,33.29,33.32,33.57,33.61,33.62,33.57,33.66,33.52,33.66,33.74,33.66,33.62,33.62,33.32,33.32,32.95,33.15,32.99,32.62,32.23,32.45,31.94,31.69,31.29,30.92,30.75,30.41,30.33,29.67,29.15,27.99,23.91,19.7,18.68,18.14,17.89,17.73
18.36,18.74,21.08,25.96,26.8,27.32,27.37,27.4,27.52,27.47,27.91,28.04,27.99,28.24,28.14,28.24,28.23,28.66,28.43,28.87,29.08,29.24,29.56,29.39,29.81,29.76,29.87,30.29,30.46,30.7,30.82,30.98,30.87,30.73,31.27,31.1,31.47,31.2,31.15,31.56,31.49,31.74,31.86,32.53,32.99,33.27,33.1,33.29,32.85,32.9,32.82,32.65,32.65,32.51,32.51,32.45,32.36,32.48,32.45,32.36,32.45,32.28,32.35,32.36,32.51,32.11,32.26,32.11,32.18,32.11,31.66,31.69,31.66,31.83,31.56,31.72,31.61,31.64,31.66,31.61,31.56,31.66,31.64,31.49,31.72,31.81,31.66,31.64,31.39,31.49,31.57,31.2,31.32,31.44,31.19,31.24,31.03,30.98,30.92,30.83,30.87,30.98,30.87,30.87,31.1,30.92,31.02,31.27,31.39,31.29,31.39,31.47,31.69,31.81,31.83,31.94,32.28,32.18,32.35,32.48,32.51,32.73,32.87,33.1,33.2,33.27,33.19,33.29,33.37,33.44,33.46,33.71,33.93,33.88,33.54,33.78,33.29,33.15,33.07,32.85,32.94,32.73,32.43,32.23,32.14,31.72,31.52,31.2,30.92,30.53,30.04,29.64,29.0,27.91,23.54,19.47,18.64,18.2,17.73,17.6
17.85,18.89,20.58,25.82,26.88,27.47,27.29,27.71,27.64,27.76,27.76,27.91,28.16,28.36,28.51,28.43,28.55,29.0,29.0,29.19,29.27,29.32,29.52,29.84,30.04,30.18,30.24,30.46,30.73,30.78,30.73,30.95,30.98,31.35,31.35,31.32,31.32,31.29,31.61,31.74,31.98,32.57,33.04,33.24,33.12,33.27,32.94,32.85,33.02,32.82,32.62,32.51,32.6,32.62,32.43,32.14,32.35,32.26,32.43,32.03,32.31,32.57,31.86,32.18,32.03,32.01,32.01,31.81,32.03,31.77,31.56,31.61,31.64,31.52,31.52,31.47,31.4,31.57,31.27,31.57,31.29,31.69,31.72,31.72,31.61,31.66,31.72,31.66,31.77,31.74,31.47,31.47,31.19,31.24,31.03,31.03,30.82,30.82,30.83,30.9,30.65,30.73,30.87,30.5,30.82,30.9,31.07,30.98,31.07,31.15,31.32,31.49,31.52,31.56,31.77,31.74,31.94,32.36,32.31,32.06,32.43,32.53,32.65,32.68,32.87,33.07,32.94,33.12,33.37,33.46,33.44,33.49,33.57,33.52,33.78,33.57,33.52,33.29,33.57,33.27,32.94,33.02,32.62,32.4,31.81,31.94,31.56,30.78,30.83,30.5,30.18,29.47,29.03,27.32,22.73,19.47,18.46,17.92,17.78,17.7
18.17,18.71,19.8,24.9,26.92,27.23,27.47,27.52,27.79,27.76,28.08,27.81,27.91,28.43,28.43,28.34,28.83,28.87,28.98,29.29,29.52,29.29,29.56,29.89,30.01,30.24,30.5,30.75,30.65,30.87,30.92,31.19,31.12,31.2,31.32,31.66,31.72,31.72,32.2,32.45,33.04,33.2,33.2,33.36,33.24,32.87,32.78,32.87,32.57,32.7,32.23,32.26,32.4,32.51,32.43,32.35,32.26,32.31,32.09,32.14,32.11,32.18,31.83,32.14,31.83,31.83,32.31,31.72,31.66,31.83,31.91,31.74,31.64,31.81,31.72,31.61,31.74,31.44,31.24,31.39,31.57,31.57,31.72,31.74,31.66,31.86,31.74,31.29,31.47,31.57,31.44,31.15,31.19,31.15,30.98,30.78,30.92,30.78,30.9,30.75,30.73,30.46,30.55,30.61,30.45,30.61,30.7,31.15,31.19,31.15,31.03,31.03,31.19,31.56,31.27,31.66,31.98,31.86,32.06,32.35,32.31,32.31,32.51,32.36,32.57,32.78,32.77,32.87,33.41,32.95,33.12,33.54,33.54,33.49,33.61,33.66,33.69,33.57,33.44,33.27,33.04,32.65,32.68,32.2,32.11,31.77,31.61,31.02,30.92,30.55,30.16,29.44,28.8,26.8,21.32,19.15,18.64,18.17,17.89,17.92
18.02,18.36,19.18,23.87,26.85,27.32,27.72,27.67,27.6,27.84,27.99,28.28,28.24,28.55,28.63,28.68,29.03,29.03,29.07,29.32,29.4,29.72,29.96,29.84,30.08,30.46,30.24,30.9,30.61,31.03,31.2,31.27,31.56,31.47,31.77,31.44,32.01,32.4,32.7,33.19,33.2,33.29,33.15,33.07,33.02,32.62,32.65,32.51,32.43,32.4,32.48,32.23,32.09,32.4,32.09,32.06,32.03,32.06,31.98,31.91,32.03,32.01,31.89,31.94,31.77,31.77,31.86,31.83,31.64,31.81,31.64,31.52,31.66,31.29,31.27,31.27,31.47,31.47,31.27,31.44,31.57,31.64,31.57,31.61,31.72,31.44,31.64,31.72,31.35,31.57,31.61,31.24,31.27,31.29,30.92,31.19,30.87,30.92,30.75,30.82,30.78,30.41,30.45,30.7,30.53,30.7,30.61,30.95,30.92,30.95,31.2,31.02,31.1,31.44,31.52,31.49,31.61,31.81,32.14,32.01,32.36,32.06,32.36,32.28,32.28,32.51,32.95,32.78,32.85,32.82,32.9,33.1,33.24,33.36,33.62,33.57,33.52,33.52,33.57,33.07,33.02,32.73,32.51,32.35,32.03,31.74,31.69,31.1,30.95,30.65,30.24,29.47,28.31,25.6,20.68,19.26,18.42,18.02,17.89,17.73
18.14,18.31,19.0,22.27,26.31,27.17,27.67,27.72,27.67,27.91,28.14,28.36,28.34,28.76,28.92,28.8,28.95,29.27,29.24,29.47,29.67,29.96,30.18,30.01,30.24,30.7,31.02,30.87,31.12,31.29,31.27,31.56,31.57,31.89,32.18,32.62,33.07,32.99,33.12,33.24,33.29,33.24,33.12,32.94,32.68,32.6,32.4,32.43,32.48,32.36,32.43,32.01,32.2,32.2,32.11,31.89,31.91,32.06,32.01,31.72,31.69,31.89,31.98,31.91,31.74,31.66,31.72,31.61,31.69,31.64,31.64,31.47,31.35,31.24,31.56,31.2,31.27,31.29,31.4,31.39,31.35,31.1,31.52,31.52,31.56,31.52,31.49,31.44,31.32,31.66,31.2,31.4,31.47,31.39,31.19,31.03,31.12,30.95,30.82,30.83,30.65,30.36,30.36,30.38,30.41,30.61,30.61,30.58,30.75,30.98,31.03,30.95,30.98,30.9,31.15,31.27,31.52,31.49,31.69,32.06,31.89,32.11,32.26,32.35,32.4,32.51,32.57,32.65,32.6,32.45,32.99,33.04,32.9,33.07,33.12,33.49,33.27,33.32,33.61,33.32,33.24,32.7,32.85,32.35,32.14,31.72,31.39,31.2,31.03,30.9,30.41,29.72,28.24,24.33,20.46,18.74,18.36,18.05,17.89,17.77
18.27,18.32,18.74,20.36,25.25,27.29,27.67,28.19,28.04,28.55,28.55,28.55,28.88,28.88,28.63,29.07,29.2,29.32,29.44,29.81,29.67,30.08,30.08,30.26,31.07,30.87,30.66,30.75,31.32,31.4,31.4,31.77,32.01,32.82,32.99,32.94,32.95,33.07,32.95,33.1,33.1,32.94,32.82,32.68,32.7,32.36,32.35,32.6,32.18,32.26,32.45,31.98,32.01,32.01,32.03,31.86,31.89,32.03,31.61,31.83,31.74,31.64,31.83,31.69,31.66,31.72,31.52,31.57,31.47,31.64,31.49,31.57,31.32,31.27,31.02,31.27,31.32,31.19,31.27,31.29,31.32,31.66,31.47,31.44,31.29,31.27,31.35,31.47,31.39,31.29,31.39,31.39,31.35,31.15,30.82,31.02,31.02,30.7,30.61,30.61,30.75,30.53,30.53,30.29,30.55,30.41,30.26,30.55,30.45,30.87,30.87,30.73,30.92,30.98,31.1,31.29,31.39,31.24,31.49,31.72,31.83,31.72,32.01,32.26,32.26,32.26,32.26,32.31,32.35,32.4,32.43,32.7,32.94,32.87,32.62,32.99,33.2,33.37,33.27,32.87,32.82,32.94,32.87,32.4,32.06,31.66,31.64,31.35,30.98,30.55,30.18,29.19,27.76,22.69,19.99,18.61,18.17,17.73,17.89,17.57
18.02,18.27,18.31,19.4,23.6,26.85,27.59,27.99,28.23,28.48,28.8,28.88,29.08,29.03,29.07,29.39,29.47,29.61,29.56,29.84,30.21,30.01,30.45,30.92,30.95,31.03,31.02,31.52,31.57,31.83,32.23,32.65,32.85,33.02,33.24,33.1,33.19,33.04,32.68,32.82,32.53,32.99,32.6,32.7,32.45,32.14,32.35,32.26,32.26,32.36,32.11,32.03,32.14,32.03,31.81,31.69,31.83,31.64,31.77,31.72,31.57,31.61,31.44,31.49,31.61,31.81,31.66,31.89,31.4,31.32,31.66,31.61,31.39,31.4,31.29,31.29,31.24,31.02,31.19,31.4,31.32,31.2,31.61,31.56,31.35,31.39,31.39,31.32,31.66,31.39,31.57,31.19,30.83,31.1,31.02,31.12,30.92,31.03,30.73,30.61,30.65,30.66,30.45,30.36,30.5,30.29,30.41,30.9,30.5,30.7,30.5,30.66,30.75,30.82,31.29,31.32,31.07,31.1,31.27,31.2,31.61,31.52,31.77,32.01,32.18,31.89,32.28,32.2,32.45,32.23,32.28,32.65,32.4,32.6,32.57,32.57,33.07,33.12,33.24,33.12,33.1,33.07,32.68,32.53,32.4,31.89,31.35,31.1,31.15,30.7,29.98,28.92,26.07,21.42,19.3,18.46,18.24,17.92,17.73,17.63
17.82,18.31,18.46,18.68,20.76,25.57,27.29,27.67,28.16,28.28,28.55,29.08,29.15,29.12,29.08,29.29,29.72,29.52,29.84,30.24,30.5,30.61,30.87,31.03,31.52,31.72,31.56,32.06,32.35,32.45,32.73,32.9,33.07,33.12,32.77,32.87,32.82,32.65,32.68,32.51,32.77,32.51,32.85,32.51,32.26,32.48,32.11,32.18,32.28,32.18,32.09,31.83,31.91,31.83,31.77,31.74,31.56,31.61,31.27,31.49,31.56,31.35,31.81,31.81,31.69,31.32,31.49,31.32,31.39,31.56,31.61,31.49,31.4,31.24,31.15,31.15,31.27,31.1,31.03,31.4,31.03,31.12,31.03,31.12,31.07,31.12,31.19,31.39,31.03,31.2,31.24,31.15,31.03,31.07,30.92,30.95,30.55,30.65,30.55,30.58,30.38,30.5,30.33,30.18,30.21,30.16,30.13,30.58,30.45,30.55,30.58,30.58,30.66,30.53,30.61,30.98,30.53,31.2,31.07,30.87,31.32,31.24,31.74,31.57,31.98,31.94,31.81,32.03,31.94,32.01,31.81,32.11,32.43,32.45,32.4,32.45,32.73,32.94,33.04,33.12,33.12,32.9,33.07,32.2,32.14,31.91,31.27,31.19,31.27,30.41,29.89,28.43,24.8,20.58,19.25,18.49,18.17,17.85,17.77,17.45
17.67,18.2,18.42,18.46,19.15,22.39,26.46,27.44,27.96,28.24,28.71,28.8,29.0,29.61,29.24,29.47,29.84,29.96,30.36,30.21,30.7,30.83,31.02,31.39,31.89,32.03,32.36,32.45,32.65,32.68,32.78,32.77,32.9,32.73,32.87,32.73,32.77,32.6,32.6,32.53,32.43,32.62,32.48,32.4,32.48,32.18,32.48,32.14,32.2,31.98,31.89,31.89,31.91,31.98,31.47,31.57,31.44,31.52,31.61,31.52,31.52,31.35,31.2,31.32,31.47,31.57,31.49,31.15,31.47,31.39,31.35,31.29,31.2,31.27,31.27,31.03,31.1,31.07,31.1,31.12,31.15,31.2,31.2,31.29,31.12,30.98,31.2,31.1,31.2,31.32,31.47,31.19,31.24,31.02,30.95,31.03,30.9,30.87,30.7,30.73,30.65,30.61,30.46,30.18,30.18,30.18,30.21,30.16,30.33,30.46,30.41,30.5,30.5,30.55,30.7,30.75,30.95,30.98,30.82,30.83,31.12,31.2,31.2,31.49,31.56,31.86,31.69,31.81,31.86,31.81,31.89,31.94,32.06,31.94,32.36,31.98,32.62,32.62,32.85,33.02,32.99,33.02,32.82,32.68,32.31,31.69,31.47,31.35,30.82,30.21,29.39,27.2,22.54,19.58,18.57,17.99,18.17,17.89,17.63,17.52
17.78,18.1,18.56,18.49,18.42,19.73,22.88,26.44,27.72,27.99,28.76,28.88,29.15,29.15,29.49,29.87,30.18,29.98,30.45,30.9,31.03,31.32,31.57,32.06,32.28,32.23,32.43,32.65,32.73,32.53,32.51,32.77,32.87,32.7,32.68,32.85,32.73,32.68,32.45,32.57,32.57,32.51,32.57,32.23,32.18,32.23,32.11,32.01,32.11,31.94,31.98,31.64,31.72,31.69,31.74,31.4,31.57,31.74,31.61,31.2,31.44,31.27,31.47,31.4,31.07,31.39,31.44,31.1,31.32,31.19,31.1,31.39,31.24,31.15,31.12,31.12,30.92,31.12,31.15,30.98,30.9,30.98,30.92,31.1,31.1,31.19,31.19,31.35,31.4,31.29,31.15,31.24,31.15,31.15,31.12,30.98,30.9,30.78,30.53,30.73,30.65,30.46,30.46,30.18,30.41,30.21,30.36,29.96,30.26,30.45,30.33,30.53,30.58,30.61,30.29,30.73,30.61,30.53,30.65,30.82,31.15,30.92,31.1,31.27,31.66,31.4,31.64,31.4,31.83,31.47,31.35,31.83,31.83,31.81,31.91,32.09,32.11,32.4,32.6,32.82,32.7,32.85,33.04,32.2,32.43,31.89,31.69,31.07,30.65,30.13,28.63,24.68,20.86,18.96,18.61,18.14,18.07,17.63,17.82,17.63
17.99,17.92,17.92,18.02,18.78,18.83,19.62,23.42,26.46,27.91,28.28,28.66,28.98,29.32,29.61,29.87,29.96,30.26,30.75,31.24,31.83,31.86,31.86,31.91,31.94,32.36,32.36,32.53,32.26,32.45,32.28,32.51,32.65,32.48,32.45,32.51,32.57,32.45,32.26,32.53,32.11,32.18,32.26,32.11,32.11,32.06,32.11,32.01,31.57,31.94,31.91,31.66,31.64,31.66,31.2,31.4,31.24,31.4,31.29,31.29,31.19,31.39,31.29,31.19,31.12,31.19,31.44,31.39,31.39,31.29,31.24,31.2,31.19,31.27,30.95,30.98,30.9,30.87,30.82,30.9,30.66,30.82,30.73,30.92,31.12,31.1,31.2,31.12,31.2,31.19,31.12,31.35,31.12,30.92,30.95,30.73,30.92,30.61,30.75,30.41,30.58,30.58,30.5,30.04,29.96,30.21,30.08,30.09,30.01,30.26,30.38,30.26,30.38,30.55,30.41,30.33,30.55,30.58,30.73,30.75,30.78,30.87,31.07,31.03,31.19,31.07,31.44,31.03,31.29,31.35,31.29,31.47,31.61,31.66,31.91,31.94,31.81,32.03,32.26,32.28,32.6,32.77,32.73,32.68,32.03,31.86,31.24,31.02,30.5,29.32,26.81,21.75,19.95,18.96,18.61,18.27,17.92,17.48,17.6,17.31
17.82,17.45,18.32,18.05,18.24,18.61,18.68,19.84,22.73,25.17,27.25,28.19,28.66,29.2,29.44,29.52,29.98,30.5,30.95,31.27,31.86,31.77,31.83,32.01,32.23,32.03,32.14,31.89,32.14,32.53,32.36,32.35,32.35,32.48,32.65,32.4,32.35,32.36,32.14,32.26,32.18,32.2,32.4,32.06,32.18,32.28,31.77,31.56,31.83,31.66,31.61,31.4,31.49,31.27,31.47,31.2,31.12,30.9,31.15,31.1,31.2,31.2,31.2,31.29,30.92,31.07,31.2,31.12,30.95,31.2,30.98,31.12,30.9,30.95,31.02,30.83,30.83,30.53,30.9,30.82,30.73,30.95,30.83,30.83,30.92,31.07,31.02,31.1,31.27,31.2,31.24,31.12,31.12,30.92,31.19,30.9,30.78,30.5,30.53,30.5,30.53,30.7,30.75,30.29,30.08,30.21,29.89,30.09,30.04,30.24,30.04,30.26,30.18,30.26,30.58,30.36,30.66,30.73,30.83,30.58,30.7,30.95,30.92,30.73,31.12,31.15,31.12,30.98,31.03,30.82,31.24,31.35,31.66,31.32,31.52,31.77,31.57,31.91,32.03,31.91,32.4,32.6,32.68,32.7,32.36,31.81,31.35,30.53,29.67,27.72,23.6,19.95,19.0,18.78,17.95,18.14,17.7,17.53,17.48,17.41
17.7,18.05,17.99,18.02,17.92,18.42,18.49,18.83,19.65,20.79,22.39,25.13,27.2,28.16,28.8,29.27,29.59,30.16,30.55,31.12,31.4,31.56,31.49,31.83,31.98,31.89,32.26,32.35,32.23,31.89,32.14,32.23,32.26,32.06,32.2,32.11,32.11,32.03,32.09,32.14,32.03,32.06,32.03,31.98,31.91,31.89,31.66,31.74,31.64,31.61,31.72,31.4,31.39,31.47,31.1,31.29,31.12,31.12,30.95,31.1,30.98,31.2,31.24,31.15,31.15,31.15,30.92,31.07,31.07,31.19,30.78,31.03,30.82,30.83,30.78,30.75,30.7,30.73,30.55,30.7,30.75,30.53,30.65,30.78,30.66,30.98,30.98,31.02,30.95,31.32,31.02,30.95,30.95,30.95,31.1,30.92,30.82,30.83,30.66,30.46,30.53,30.41,30.46,30.38,30.08,30.16,30.04,29.84,30.16,30.13,30.16,30.13,30.04,30.38,30.24,30.36,30.45,30.46,30.55,30.61,30.75,30.58,30.65,30.66,30.98,30.78,30.82,30.98,30.98,31.02,31.1,31.12,31.2,31.27,31.39,31.49,31.4,31.4,31.57,31.86,31.69,32.09,32.35,32.43,31.77,31.1,30.46,29.19,27.37,23.38,20.95,19.11,18.56,18.07,17.77,17.67,17.52,17.52,17.38,17.7
17.6,17.53,17.7,18.05,18.32,18.24,18.2,18.31,18.78,18.83,19.52,20.61,23.23,25.67,27.37,27.92,28.28,28.6,30.09,31.02,31.15,31.49,31.4,31.4,31.69,31.69,31.89,31.72,31.91,31.98,32.09,31.94,32.14,32.09,32.11,32.06,31.91,32.09,31.81,32.06,31.83,31.94,31.72,31.89,32.01,31.69,31.56,31.52,31.4,31.56,31.44,31.03,31.19,31.29,31.19,31.15,31.03,30.9,30.92,31.2,31.15,31.29,31.19,31.39,31.15,31.02,30.9,30.82,30.73,30.75,30.87,30.95,30.95,30.78,30.55,30.87,30.61,30.46,30.73,30.55,30.75,30.73,30.41,30.7,30.95,30.87,30.82,30.95,30.9,30.98,31.12,30.98,31.03,30.9,30.87,30.61,30.66,30.65,30.5,30.7,30.04,30.45,30.5,29.89,30.16,29.89,29.84,29.98,30.04,29.96,29.93,29.89,30.04,30.09,30.29,30.46,30.33,30.26,30.61,30.5,30.61,30.53,30.58,30.65,30.45,30.66,31.1,31.03,30.82,30.78,30.92,30.92,31.12,31.4,31.24,31.29,31.19,31.29,31.29,31.56,31.57,31.81,31.89,31.89,31.12,30.01,28.04,25.67,22.96,20.49,19.52,18.64,18.36,18.05,17.92,17.77,17.6,17.52,17.7,17.6
17.31,17.92,17.57,17.7,18.17,18.14,18.02,18.02,18.49,18.31,18.78,19.15,19.95,20.91,22.69,23.15,23.22,24.26,29.12,30.58,31.07,30.98,31.4,31.52,31.61,31.64,31.56,31.47,31.66,31.83,31.89,31.64,31.98,32.01,31.69,32.03,32.11,31.94,32.03,31.89,31.86,31.72,31.83,31.52,31.56,31.44,31.44,31.39,31.52,31.47,31.4,31.39,31.19,31.15,31.1,31.19,30.75,31.02,30.78,30.83,30.87,30.83,30.83,31.15,31.15,30.83,30.92,30.82,30.75,30.73,30.58,30.73,30.75,30.7,30.9,30.45,30.45,30.61,30.36,30.46,30.29,30.61,30.66,30.61,30.65,30.66,30.7,31.03,30.78,31.1,31.1,31.15,31.27,31.07,30.75,30.7,30.41,31.02,30.55,30.45,30.53,30.5,30.13,30.09,30.04,29.87,29.84,29.84,29.89,29.52,29.84,29.96,29.89,30.16,30.09,30.29,30.33,30.16,30.09,30.53,30.58,30.58,30.78,30.53,30.53,30.7,30.92,30.78,30.92,30.82,30.82,30.87,30.87,30.9,30.75,30.95,31.19,31.19,31.24,31.12,31.35,31.07,31.49,31.27,30.61,27.12,23.42,21.38,20.17,19.68,18.86,18.61,18.02,18.07,18.14,17.53,17.82,17.53,17.52,17.38
17.48,17.85,17.78,17.82,17.89,18.07,17.85,18.24,18.07,18.32,18.71,19.0,19.21,19.18,19.92,20.02,20.98,24.86,29.69,30.66,30.9,31.12,31.15,31.35,31.56,31.47,31.56,31.66,31.52,31.91,31.86,31.81,31.91,31.69,31.72,31.81,31.77,31.61,31.74,32.06,31.91,31.86,31.35,31.72,31.44,31.29,31.4,31.52,31.35,31.15,31.1,31.19,30.92,30.87,31.03,30.87,30.95,31.19,30.73,30.95,31.03,31.19,30.83,31.19,30.98,30.87,30.7,31.02,30.65,30.5,30.65,30.66,30.5,30.66,30.41,30.7,30.65,30.21,30.7,30.7,30.53,30.65,30.41,30.5,30.58,30.78,30.83,30.58,31.07,30.95,30.95,31.02,31.35,31.15,30.95,30.65,30.61,30.65,30.53,30.33,30.21,30.38,29.93,30.29,29.87,29.87,29.67,29.98,29.64,30.01,30.08,30.09,29.84,30.13,30.09,30.29,30.24,30.38,30.24,30.36,30.58,30.46,30.53,30.58,30.45,30.65,30.92,30.83,30.75,30.75,30.87,30.7,30.73,30.78,31.07,31.03,31.12,30.87,31.24,31.02,30.92,30.73,30.95,30.92,30.13,26.06,21.69,20.32,19.47,18.83,18.61,17.99,17.78,17.92,17.95,17.78,17.77,17.78,17.77,17.45
17.73,17.63,17.73,17.95,17.92,17.73,17.85,18.07,18.14,18.24,18.42,18.74,19.0,19.11,19.3,19.62,21.35,27.44,29.64,30.33,30.75,30.98,31.1,31.03,31.35,31.52,31.47,31.2,31.49,31.47,31.4,31.72,31.72,31.49,31.72,31.83,31.81,31.94,31.57,31.64,31.83,31.47,31.47,31.44,31.1,31.07,30.98,31.07,31.19,31.29,31.03,30.92,30.95,30.87,30.92,30.58,30.66,31.07,30.65,30.95,30.9,30.98,31.07,30.7,31.12,30.83,30.65,30.7,30.41,30.5,30.65,30.55,30.58,30.65,30.38,30.38,30.46,30.53,30.55,30.53,30.24,30.36,30.55,30.7,30.61,30.75,30.78,30.66,30.65,30.92,31.1,31.02,31.02,30.9,31.12,30.78,30.55,30.53,30.46,30.29,30.61,30.18,30.08,29.98,29.98,29.93,30.01,30.08,29.84,29.67,30.08,29.98,30.16,30.04,30.24,30.36,30.33,30.5,30.45,30.61,30.7,30.36,30.5,30.61,30.75,30.87,30.75,31.27,30.82,30.75,30.61,30.75,30.73,30.41,31.03,31.03,31.24,31.03,31.15,30.83,31.12,30.66,30.58,30.55,30.09,27.44,21.99,19.58,19.3,19.11,18.36,18.32,18.39,17.89,17.52,17.78,17.57,17.41,17.45,17.6
17.52,17.57,17.52,17.6,17.82,17.63,17.95,18.05,17.78,18.42,18.24,18.42,18.42,18.78,19.11,19.65,23.87,28.34,29.47,30.26,30.38,30.38,30.9,31.03,31.24,30.92,31.32,31.4,31.03,31.47,31.57,31.47,31.29,31.49,31.74,31.4,31.74,31.52,31.47,31.57,31.39,31.12,31.29,31.47,31.19,30.92,30.95,31.2,30.92,30.82,31.19,30.58,30.73,30.66,30.92,30.83,30.83,30.61,30.5,30.9,30.73,30.7,30.9,30.53,30.65,30.65,30.78,30.61,30.38,30.41,30.5,30.65,30.66,30.53,30.26,30.61,30.65,30.33,30.66,30.41,30.5,30.33,30.45,30.65,30.61,30.45,30.58,30.78,30.75,30.83,30.87,30.75,30.98,30.83,30.73,30.73,30.45,30.46,30.38,30.36,30.24,30.09,30.29,29.81,29.98,29.69,29.77,29.72,29.87,30.01,29.84,30.13,29.98,29.98,29.98,30.41,30.21,30.26,30.53,30.46,30.65,30.41,30.7,30.53,30.41,30.66,30.66,30.83,31.02,30.75,31.07,30.5,30.53,30.75,30.7,31.12,30.92,30.9,31.1,30.83,30.46,30.61,30.33,30.18,30.26,28.98,23.99,20.21,19.25,18.61,18.27,18.32,17.78,18.02,17.63,17.82,17.78,17.52,17.35,17.7
17.78,17.53,17.67,17.85,17.99,17.95,17.92,18.07,18.07,18.24,18.2,18.52,18.64,18.81,19.26,21.08,26.23,28.43,29.44,29.93,30.13,30.53,30.82,31.02,31.1,30.98,30.95,31.2,31.12,31.24,31.07,31.03,31.52,31.03,31.66,31.47,31.4,31.44,31.47,31.47,31.19,31.1,31.29,31.15,30.9,30.58,30.78,31.2,30.65,30.87,30.66,30.46,30.66,30.75,30.7,30.87,30.9,30.7,30.5,30.65,30.58,30.61,30.65,30.55,30.82,30.55,30.46,30.65,30.29,30.41,30.65,30.73,30.46,30.45,30.41,30.33,30.53,30.38,30.45,30.73,30.29,30.46,30.65,30.73,30.75,30.75,30.53,30.55,30.73,30.53,30.66,30.53,30.53,30.66,30.66,30.82,30.41,30.41,30.29,30.58,30.18,30.21,30.09,30.24,29.98,29.89,29.81,29.87,29.84,29.81,29.84,30.18,29.89,30.29,30.01,30.09,30.46,30.29,30.61,30.46,30.61,30.58,30.78,30.7,30.83,30.66,30.66,30.82,30.9,30.82,30.9,30.87,30.75,30.5,30.66,30.75,30.87,30.66,30.78,30.82,30.5,30.5,30.18,30.04,30.29,29.39,25.79,20.86,19.21,18.57,18.39,18.24,17.78,17.82,17.77,17.67,17.77,17.48,17.57,17.63
17.7,17.63,17.53,17.85,18.05,17.63,17.99,17.85,17.92,17.92,18.31,18.36,18.39,18.96,19.47,22.81,27.23,28.71,29.44,29.64,30.13,30.58,30.95,30.9,30.9,30.78,31.02,31.02,31.12,30.9,31.19,31.32,31.12,31.29,31.4,31.35,31.35,31.29,31.24,31.27,30.87,31.19,30.92,31.03,30.87,30.83,30.98,30.87,30.53,30.78,30.61,30.82,30.41,30.5,30.65,30.65,30.53,30.58,30.46,30.38,30.73,30.75,30.58,30.55,30.33,30.53,30.53,30.38,30.45,30.55,30.58,30.73,30.46,30.5,30.41,30.46,30.55,30.53,30.75,30.53,30.38,30.66,30.73,30.65,30.7,30.82,30.45,30.55,30.73,30.78,30.65,30.46,30.61,30.55,30.75,30.58,30.58,30.82,30.18,30.33,30.18,30.09,30.38,30.24,30.09,29.89,29.84,29.93,29.93,30.09,30.09,29.67,29.93,30.08,30.26,30.29,30.09,30.46,30.55,30.46,30.45,30.65,30.61,30.55,30.29,30.83,30.78,30.78,30.95,30.75,30.66,30.5,30.53,30.65,30.58,30.58,31.03,30.73,30.82,30.65,30.58,30.09,29.93,29.84,29.93,29.32,27.44,22.48,19.68,18.83,18.27,18.31,18.27,18.05,18.05,17.95,17.57,17.78,17.63,17.31
17.7,17.31,17.7,17.53,17.7,17.57,17.92,17.92,17.85,17.95,18.27,18.56,18.46,18.57,19.55,24.71,27.37,28.55,29.4,29.61,30.29,30.09,30.53,30.61,30.82,30.83,30.75,30.98,30.92,30.7,30.61,31.03,30.9,31.12,31.15,31.2,31.07,31.24,30.95,31.29,30.82,31.15,30.75,30.5,30.55,30.53,30.5,30.65,30.61,30.61,30.45,30.55,30.78,30.5,30.55,30.41,30.46,30.55,30.58,30.53,30.26,30.45,30.46,30.41,30.38,30.46,30.24,30.29,30.09,30.46,30.38,30.24,30.53,30.26,30.45,30.33,30.41,30.55,30.41,30.65,30.29,30.65,30.7,30.61,30.58,30.55,30.55,30.7,30.55,30.5,30.78,30.55,30.65,30.5,30.5,30.55,30.46,30.61,30.29,30.24,30.09,30.16,30.09,30.08,29.81,29.81,29.84,29.81,29.81,30.08,29.96,29.81,30.18,30.04,30.26,30.08,30.33,30.41,30.33,30.5,30.75,30.58,30.9,30.9,30.83,30.83,31.1,30.61,30.95,31.03,30.7,30.58,30.75,30.46,30.46,30.75,30.55,30.75,30.75,30.83,30.55,30.36,30.21,29.87,29.69,29.2,28.34,24.71,20.42,19.25,18.57,18.36,18.2,17.92,17.73,17.7,17.52,17.45,17.31,17.45
17.63,17.85,17.7,17.77,17.77,17.82,18.14,18.1,17.85,17.99,18.32,18.14,18.39,18.83,20.27,25.44,27.6,28.76,29.12,29.69,29.96,30.21,30.18,30.5,30.61,30.36,30.9,30.55,30.75,30.55,30.82,31.03,30.92,30.95,31.27,31.12,31.15,30.95,31.03,31.02,30.9,30.95,30.65,30.53,30.65,30.65,30.36,30.41,30.46,30.73,30.5,30.53,30.66,30.75,30.41,30.21,30.66,30.5,30.46,30.29,30.24,30.41,30.29,30.38,30.16,30.09,30.24,30.16,30.18,30.41,30.55,30.29,30.36,30.45,30.33,30.24,30.04,30.26,30.55,30.33,30.45,30.55,30.61,30.65,30.55,30.36,30.61,30.36,30.45,30.46,30.26,30.61,30.55,30.16,30.29,30.58,30.45,30.38,30.33,30.21,30.18,29.96,30.08,29.84,30.01,30.13,29.93,29.64,29.67,29.93,29.84,30.01,29.98,30.21,30.09,30.29,30.09,30.26,30.53,30.55,30.65,30.82,30.66,30.82,30.9,30.53,31.02,30.95,30.92,30.75,30.78,30.7,30.65,30.7,30.46,30.75,30.53,30.53,30.55,30.58,30.45,30.46,30.18,29.87,29.39,29.15,28.8,27.12,22.06,19.43,18.56,18.2,17.78,18.17,17.85,17.53,17.89,17.52,17.53,17.63
17.45,17.53,17.45,17.82,17.82,17.63,17.6,17.85,17.85,17.73,18.27,18.39,18.83,18.89,21.1,26.44,27.76,28.56,29.03,29.56,29.77,30.09,30.29,30.41,30.53,30.26,30.09,30.38,30.5,30.5,30.61,30.75,30.66,30.73,31.15,31.07,31.07,31.03,30.87,30.98,30.61,30.87,30.24,30.36,30.41,30.55,30.38,30.18,30.16,30.66,30.38,30.61,30.46,30.55,30.41,29.98,30.38,30.45,30.13,30.41,30.24,29.89,30.08,30.08,30.13,30.26,30.21,30.09,30.04,30.45,30.33,30.41,30.41,30.13,30.26,30.38,30.01,30.36,30.45,30.29,30.46,30.46,30.58,30.65,30.38,30.45,30.24,30.33,30.36,30.33,30.5,30.29,30.24,30.55,30.08,30.45,30.16,30.41,30.16,30.38,30.18,30.26,29.98,29.87,29.93,29.76,29.89,29.69,30.01,29.89,29.76,29.84,30.01,30.13,30.08,30.09,30.33,30.53,30.55,30.33,30.61,30.66,30.98,31.02,31.27,30.87,30.73,30.78,30.78,30.66,31.03,30.83,30.78,30.58,30.53,30.45,30.53,30.66,30.5,30.46,30.33,30.61,29.87,29.89,29.67,28.98,28.63,28.16,24.38,20.42,19.05,18.07,18.31,17.77,17.92,17.73,17.63,17.45,17.38,17.57
17.35,17.77,17.77,17.67,17.63,17.77,17.82,17.85,17.78,17.89,18.27,18.64,18.57,19.05,22.12,26.56,27.84,28.87,29.29,29.77,29.87,29.98,30.24,30.29,30.26,30.01,30.26,30.38,30.13,30.38,30.65,30.82,30.83,30.92,31.03,30.83,30.95,30.83,30.65,30.55,30.58,30.36,30.53,30.55,30.26,30.45,30.41,30.45,30.36,30.53,30.36,30.46,30.33,30.45,30.26,30.26,30.53,30.29,30.24,30.45,29.89,30.18,29.96,30.18,30.33,29.84,30.08,29.96,30.33,30.08,29.98,30.04,30.46,30.36,30.33,30.41,30.13,30.33,30.24,30.26,30.04,30.58,30.5,30.58,30.21,30.29,30.45,30.24,30.26,30.36,30.36,30.33,30.09,30.18,30.29,30.41,30.33,30.58,30.36,30.18,30.08,30.08,30.01,30.08,29.81,29.77,29.76,29.72,29.96,30.09,29.96,29.77,30.09,29.98,30.13,30.36,30.61,30.21,30.7,30.33,30.5,30.66,30.73,31.03,31.19,30.95,30.87,30.82,30.7,30.78,30.73,30.53,30.73,30.61,30.45,30.58,30.24,30.65,30.5,30.36,30.24,30.26,30.38,30.16,29.67,29.29,28.92,28.56,26.85,21.69,19.33,18.68,17.92,17.78,17.82,17.67,17.41,17.38,17.25,17.52
17.78,17.53,17.63,17.92,17.7,17.48,17.77,17.92,17.82,17.89,18.14,18.36,18.86,19.03,22.58,26.73,27.67,28.6,29.12,29.52,29.81,30.01,29.72,30.01,29.87,30.08,29.98,30.04,30.36,30.73,30.58,30.82,30.82,30.7,30.65,30.75,30.55,30.53,30.55,30.24,30.13,30.5,30.33,30.04,30.08,30.18,29.98,30.26,30.26,30.46,30.09,30.33,30.29,30.26,30.33,30.36,29.98,30.09,29.84,30.04,30.04,29.93,30.13,30.13,30.18,30.04,29.89,29.81,29.93,30.09,30.21,30.04,30.16,29.96,30.13,30.26,30.04,30.33,30.5,30.09,30.21,30.36,30.29,30.33,30.04,29.89,30.33,30.08,30.5,30.36,30.41,30.13,30.38,30.09,29.98,30.26,30.13,30.53,30.55,30.33,30.26,30.26,29.89,29.96,30.04,29.87,29.77,29.84,29.84,29.76,29.69,29.98,30.13,30.09,30.04,29.87,30.46,30.36,30.26,30.21,30.87,30.24,30.73,30.9,30.66,30.65,30.55,30.82,30.65,30.41,30.26,30.55,30.53,30.5,30.36,30.38,30.36,30.29,30.38,30.38,30.36,30.18,30.16,29.76,29.84,29.24,28.92,28.63,28.11,24.44,20.02,18.81,18.39,17.78,17.92,17.82,17.67,17.78,17.52,17.41
17.53,17.38,17.82,17.6,17.48,17.73,17.85,17.73,18.17,17.99,18.27,18.56,18.81,19.33,23.37,27.12,27.99,28.66,29.12,29.49,29.72,29.56,30.04,29.96,29.87,30.04,29.89,30.13,30.55,30.5,30.73,30.83,30.55,30.66,30.95,30.7,30.58,30.36,30.46,30.24,30.26,30.13,30.09,30.08,30.33,30.13,30.21,30.01,30.29,30.13,30.38,30.13,30.08,30.36,30.08,29.98,30.04,30.09,30.04,30.24,30.29,30.08,30.38,29.84,30.13,30.18,29.77,30.26,30.01,29.93,29.89,29.93,30.24,30.09,30.21,30.29,30.33,30.08,30.24,30.29,30.36,29.96,29.93,30.21,30.21,30.41,30.16,29.98,30.5,30.45,30.33,30.36,30.33,30.45,30.09,30.24,30.45,30.45,30.61,30.46,30.13,30.16,30.18,30.09,29.98,29.89,29.77,29.76,29.81,30.04,29.81,30.08,29.77,29.89,30.16,30.18,30.21,30.36,30.36,30.33,30.46,30.38,30.65,30.87,30.82,30.5,30.73,30.66,30.73,30.61,30.41,30.53,30.7,30.45,30.5,30.46,30.5,30.55,30.5,30.53,30.46,30.45,30.38,30.04,30.13,29.27,29.47,28.71,28.71,26.26,21.27,19.03,18.61,18.17,17.52,18.02,17.78,17.57,17.31,17.25
17.41,17.7,17.25,17.52,17.6,17.48,17.77,17.77,17.82,18.27,18.14,18.49,18.71,19.52,24.29,27.2,28.34,28.8,29.35,29.56,29.29,29.76,29.81,29.64,29.93,30.24,30.13,30.26,30.21,30.46,30.75,30.65,30.61,30.83,30.83,30.82,30.65,30.38,30.33,30.29,30.41,30.21,29.87,30.16,30.33,30.24,30.04,30.26,30.36,30.16,30.21,30.21,30.18,30.01,30.33,30.36,30.04,30.26,29.87,30.08,29.98,29.98,30.36,30.13,30.09,29.64,30.16,29.84,30.38,30.09,30.09,30.04,30.08,30.08,30.16,30.24,30.24,29.89,30.09,30.29,30.21,30.04,30.16,30.13,30.08,30.41,30.36,30.24,30.24,30.33,30.09,30.21,30.26,30.26,30.38,30.55,30.45,30.38,30.5,30.61,30.45,29.87,30.09,30.18,30.08,30.09,29.81,29.89,30.13,29.64,30.01,29.84,30.16,30.21,30.18,30.04,30.18,30.33,30.53,30.45,30.45,30.41,30.29,30.66,30.58,30.46,30.73,30.78,30.55,30.66,30.65,30.7,30.82,30.53,30.58,30.61,30.61,30.73,30.5,30.41,30.18,30.5,30.26,30.33,30.18,29.81,29.15,28.87,29.03,27.59,23.3,19.58,18.89,18.24,17.78,17.78,17.63,17.48,17.41,17.28
17.53,17.63,17.38,17.57,17.89,17.89,17.52,17.92,18.2,17.78,18.42,18.36,18.83,20.17,25.32,27.44,28.23,29.12,29.08,29.27,29.49,29.64,29.81,29.67,29.77,29.98,30.16,30.29,30.33,30.75,30.46,30.65,30.5,30.61,30.46,30.58,30.58,30.33,30.21,29.98,30.13,30.33,30.04,29.96,30.09,30.36,30.16,30.09,30.29,30.38,30.5,30.09,30.21,30.36,30.04,30.38,30.13,30.18,29.84,30.16,30.01,30.29,30.04,29.96,29.98,29.98,29.93,29.77,30.04,30.08,29.87,29.96,30.21,29.84,30.08,29.89,29.98,29.96,30.13,30.18,30.09,30.09,30.01,30.08,29.89,30.41,30.09,30.26,30.33,30.41,29.89,30.41,30.18,30.13,30.5,30.5,30.5,30.87,30.46,30.24,30.21,30.21,30.13,29.89,29.96,30.08,29.76,29.87,29.93,30.04,29.77,29.93,29.72,30.01,29.87,30.16,30.01,30.08,30.41,30.16,30.61,30.55,30.21,30.36,30.36,30.65,30.55,30.45,30.53,30.58,30.29,30.45,30.5,30.38,30.16,30.58,30.58,30.55,30.65,30.45,30.29,30.16,30.29,30.18,30.18,29.98,29.64,29.12,28.95,28.63,25.64,20.42,19.11,18.39,17.99,17.89,17.78,17.57,17.53,17.52
17.77,17.41,17.7,17.31,17.52,17.82,17.67,17.99,18.07,17.99,18.52,18.71,19.03,21.57,26.61,27.6,28.39,29.03,28.88,29.44,29.35,29.4,29.87,29.49,29.72,29.84,30.01,30.38,30.36,30.33,30.53,30.82,30.75,30.65,30.36,30.55,30.5,30.08,30.09,29.96,29.98,30.04,30.16,30.08,30.16,29.96,30.26,30.26,30.04,29.98,30.21,30.46,30.26,30.29,30.26,30.16,30.13,29.96,30.04,29.81,29.93,30.21,30.04,29.84,30.08,30.13,30.13,30.09,29.93,29.98,29.96,29.89,30.08,29.89,29.98,29.89,30.08,29.89,30.01,30.01,30.01,30.04,30.16,30.29,30.21,30.29,30.45,30.26,30.38,30.33,30.18,30.36,30.21,30.46,30.55,30.46,30.38,30.58,30.53,30.5,30.21,30.08,29.96,29.96,30.24,30.13,30.01,29.69,29.84,29.98,29.84,29.93,29.89,29.76,29.81,29.76,30.18,30.01,30.33,30.45,30.41,30.36,30.21,30.75,30.38,30.87,30.45,30.55,30.46,30.46,30.26,30.45,30.36,30.58,30.38,30.41,30.53,30.58,30.38,30.45,30.33,30.33,30.33,30.16,30.33,30.18,29.77,29.15,28.92,29.0,26.88,21.94,19.25,18.27,17.99,18.1,17.78,17.78,17.53,17.41
17.6,17.52,17.73,17.48,17.7,17.77,17.73,17.77,18.07,18.14,18.32,18.68,19.47,23.52,27.13,28.16,28.75,29.29,29.2,29.35,29.39,29.29,29.47,29.69,29.84,30.08,30.13,30.24,30.5,30.78,30.5,30.65,30.53,30.82,30.83,30.61,30.38,30.33,30.21,30.09,29.98,29.96,30.09,30.08,30.16,30.46,30.08,30.09,29.96,30.24,30.13,30.33,30.09,30.04,30.26,30.13,29.76,30.21,30.18,30.01,30.01,30.13,30.16,30.01,30.16,30.04,30.04,30.01,29.98,29.89,29.93,29.84,29.89,30.04,29.77,29.81,29.98,29.98,30.18,29.87,30.16,30.24,30.38,30.53,30.24,30.66,30.46,30.73,30.7,30.26,30.21,30.24,30.18,30.33,29.93,30.45,30.46,30.7,30.18,30.21,30.36,30.29,30.24,30.08,30.08,30.24,29.72,29.84,30.01,29.77,29.98,29.98,29.77,29.77,29.84,30.13,30.13,29.96,30.36,30.21,30.24,30.08,30.33,30.38,30.13,30.38,30.36,30.58,30.36,30.55,30.58,30.46,30.61,30.46,30.13,30.58,30.45,30.73,30.61,30.18,30.29,30.41,30.13,30.21,30.33,30.38,29.98,29.61,29.15,28.8,28.16,23.87,19.92,18.83,18.17,17.95,17.89,17.85,17.35,17.67
17.48,17.78,17.6,17.6,17.63,17.99,17.53,18.05,17.99,18.24,18.39,18.74,20.17,25.28,27.81,28.31,28.71,28.95,29.15,29.47,29.4,29.32,29.47,29.81,30.16,30.18,30.29,30.58,30.38,30.58,30.53,30.58,30.61,30.55,30.53,30.41,30.41,30.21,30.01,30.21,30.13,29.96,30.01,30.18,30.21,29.98,30.36,30.08,30.16,30.26,30.26,30.36,30.04,30.36,30.33,30.16,30.21,30.04,30.21,30.01,29.98,30.09,30.08,30.13,29.98,30.09,29.87,29.84,29.81,29.84,29.81,29.81,29.98,30.18,29.96,29.87,29.84,29.89,30.13,29.87,29.98,30.36,30.24,30.38,30.41,30.61,30.45,30.55,30.46,30.38,30.41,30.41,30.5,30.13,30.24,30.53,30.29,30.41,30.33,30.21,29.98,29.98,29.81,30.01,30.09,30.01,29.98,30.01,30.04,30.09,29.52,29.98,30.08,29.76,30.01,29.87,30.08,30.04,30.13,30.08,30.18,30.36,30.38,30.24,30.7,30.33,30.38,30.66,30.38,30.46,30.41,30.5,30.41,30.24,30.29,30.58,30.7,30.29,30.33,30.26,30.21,30.21,30.24,30.46,30.18,30.26,30.04,29.69,29.4,28.95,28.36,25.55,20.98,19.11,18.36,18.2,18.14,17.78,17.67,17.53
17.77,17.7,17.63,17.57,17.89,17.7,17.53,18.1,18.1,18.27,18.81,19.25,21.9,26.68,28.08,28.63,28.71,29.07,29.56,29.29,29.61,29.35,29.61,29.93,30.09,30.24,30.53,30.58,30.58,30.61,30.83,30.7,30.55,30.66,30.45,30.55,29.98,30.26,30.24,30.08,29.96,30.18,29.84,30.04,29.98,30.41,30.21,30.13,30.21,30.21,30.38,30.26,30.36,30.36,30.08,30.13,29.98,30.24,30.04,29.98,30.09,30.09,29.96,30.16,30.13,29.77,29.98,29.81,30.01,29.93,29.93,29.93,29.87,29.89,29.67,29.87,29.67,29.98,29.89,30.21,30.36,30.18,30.7,30.66,30.61,30.87,30.7,30.82,30.65,30.5,30.58,30.61,30.36,30.53,30.29,30.33,30.16,30.38,30.36,30.01,30.08,30.33,30.18,29.98,29.84,30.08,29.96,30.01,29.81,29.87,29.98,29.69,29.59,29.59,29.89,30.01,30.08,29.89,30.08,30.04,30.33,30.13,30.46,30.46,30.41,30.29,30.18,30.33,30.7,30.38,30.33,30.45,30.55,30.53,30.08,30.58,30.73,30.33,30.38,29.96,30.16,29.87,30.18,30.24,30.5,30.36,30.16,29.76,29.69,29.32,28.92,26.97,22.46,19.47,18.61,18.36,18.02,17.82,17.52,17.85
17.77,17.53,17.63,17.63,17.85,18.07,17.95,18.32,18.27,18.31,18.89,19.65,23.87,27.32,28.14,28.68,29.08,29.24,29.47,29.4,29.52,29.56,29.87,29.93,30.16,30.46,30.55,30.78,30.58,30.5,30.5,30.7,30.46,30.55,30.53,30.13,30.41,30.13,30.04,29.98,30.08,29.98,29.87,30.04,30.38,30.04,30.21,30.41,30.58,30.33,30.55,30.55,30.45,30.53,30.21,30.01,30.01,30.21,30.29,30.09,30.01,30.09,30.09,30.13,30.21,30.04,29.84,29.69,29.89,30.04,29.64,30.04,29.76,29.98,29.87,29.93,30.09,29.93,30.16,30.21,30.29,30.58,30.75,30.65,30.66,30.66,30.95,30.87,30.73,30.65,30.58,30.61,30.33,30.09,30.5,30.33,30.24,30.18,30.24,30.29,30.09,30.24,29.72,29.98,29.64,30.13,29.72,30.04,30.08,29.64,29.89,30.09,30.13,29.76,29.89,29.76,29.77,30.18,29.93,29.98,30.45,30.08,30.29,30.29,30.24,30.24,30.18,30.29,30.29,30.16,30.33,30.45,30.5,30.33,30.45,30.53,30.13,30.29,30.13,30.24,30.13,29.93,30.33,30.45,30.41,30.16,30.36,30.09,29.61,29.0,28.92,28.08,23.84,20.05,18.71,18.42,18.02,17.63,18.1,17.67
17.52,17.7,17.89,17.77,17.6,17.99,17.63,17.99,17.95,18.39,18.81,20.31,25.94,27.49,28.48,28.8,29.07,29.19,29.44,29.56,29.47,29.52,29.61,29.72,30.08,30.46,30.66,30.7,30.55,30.65,30.65,30.82,30.55,30.26,30.33,30.21,30.04,29.87,29.98,29.72,30.09,29.89,30.36,30.16,30.29,30.38,30.5,30.24,30.38,30.24,30.58,30.53,30.16,30.41,30.16,30.04,30.01,30.01,30.36,30.01,30.16,29.96,29.81,30.13,30.09,29.87,29.76,29.77,29.81,29.64,29.69,29.87,29.56,29.4,29.76,29.98,29.84,29.98,30.38,30.5,30.55,30.53,30.87,30.73,30.9,30.92,30.92,30.73,30.53,30.61,30.45,30.61,30.36,30.16,30.08,30.09,30.08,29.89,29.98,30.29,29.98,29.96,30.13,29.84,29.84,29.81,29.96,29.96,29.77,30.01,29.72,30.01,29.67,29.72,29.81,29.77,29.89,29.77,30.01,29.89,29.76,30.18,30.18,30.38,30.04,30.41,30.33,30.24,30.33,30.18,30.33,30.36,30.53,30.38,30.26,30.55,30.55,30.18,30.26,30.33,29.87,30.08,30.24,30.13,30.33,30.58,30.41,30.29,29.76,29.32,29.07,28.48,25.72,20.79,19.33,18.27,18.24,17.77,17.92,17.57
17.52,17.78,17.63,17.41,17.67,17.92,18.02,18.05,17.99,18.31,18.93,21.32,26.56,27.81,28.71,28.8,29.35,29.39,29.39,29.4,29.49,29.4,29.72,30.01,30.18,30.24,30.33,30.08,30.41,30.61,30.45,30.33,30.33,30.26,30.46,30.16,30.09,30.04,30.09,30.01,30.18,30.01,30.08,30.38,30.16,30.55,30.45,30.36,30.36,30.53,30.66,30.53,30.21,30.01,30.01,30.16,30.26,29.98,30.09,30.04,29.87,29.96,30.16,29.84,29.77,29.72,29.52,30.01,29.69,29.69,29.56,29.77,29.64,29.93,29.61,30.26,29.89,29.89,30.41,30.41,30.45,30.78,30.87,30.87,30.75,30.87,30.65,30.9,30.7,30.41,30.38,30.41,30.36,29.98,30.18,29.96,29.96,30.18,30.24,29.89,30.21,29.98,30.01,29.96,30.01,29.87,29.67,29.89,29.93,30.04,29.93,29.84,29.64,29.72,29.69,29.93,29.67,29.69,30.04,29.84,30.08,30.33,30.04,30.18,30.26,30.29,30.09,30.09,30.33,30.21,30.33,30.29,30.36,30.38,30.53,30.38,30.36,30.21,30.01,30.29,30.09,29.89,30.21,30.41,30.29,30.09,30.29,30.5,30.08,29.47,29.2,28.83,27.17,22.32,19.36,18.52,18.05,17.99,17.92,17.73
