32.4,32.9,32.87,33.29,33.12,33.24,33.36,33.59,33.86,33.83,33.66,33.83,33.79,33.83,33.93,34.16,33.93,33.83,34.01,33.99,34.04,34.1,33.99,34.04,33.93,34.01,33.93,33.83,34.18,34.18,34.21,33.99,33.96,33.83,33.66,33.49,33.88,33.57,33.54,33.46,33.46,33.1,32.77,32.43,31.52,28.76,25.13,22.73,22.29,22.27,22.48,22.69,22.93,23.69,27.67,31.77,31.83,32.01,32.36,31.83,32.03,32.26,31.98,32.09,32.09,32.03,32.03,31.86,31.39,31.27,31.35,31.29,31.24,31.03,31.19,31.69,31.56,31.61,31.32,31.69,31.72,31.77,31.52,31.72,32.2,32.35,32.45,32.28,32.36,32.23,32.23,32.36,32.35,32.68,32.73,32.48,32.7,31.49,24.93,22.32,21.95,21.8,21.6,21.47,20.95,21.47,21.35,21.57,21.32,21.72,22.06,22.17,24.26,25.52,28.56,30.33,31.69,32.2,32.23,32.36,32.43,32.68,32.78,32.68,32.7,32.87,32.78,33.02,33.46,33.69,33.88,33.91,33.83,34.21,33.99,34.01,34.21,34.18,34.26,34.1,34.18,34.25,34.04,34.01,33.66,33.88,34.04,34.13,33.78,34.04,33.71,33.49,33.69,33.29,33.49,33.24,33.36,33.27,33.12,32.68
32.82,32.94,32.68,32.87,33.37,33.37,33.52,33.29,33.69,33.79,33.61,33.79,33.62,34.18,33.93,34.08,33.96,34.08,34.16,34.21,34.04,34.04,34.08,33.86,33.93,33.88,33.99,34.13,34.52,34.26,34.21,34.26,34.21,33.78,33.91,33.69,33.62,33.71,33.52,33.71,33.62,33.2,33.24,32.51,32.23,31.66,29.77,25.72,23.0,22.73,22.73,22.63,23.06,23.27,27.55,31.61,31.81,32.28,32.18,32.31,32.06,32.06,32.01,31.77,32.09,31.89,31.83,31.64,31.29,31.27,31.19,31.29,30.95,30.65,30.92,31.1,31.27,31.44,31.32,31.32,31.24,31.69,31.64,32.03,32.03,32.28,32.31,32.35,32.48,32.45,32.48,32.65,32.77,32.99,33.36,33.07,32.57,31.83,25.37,22.51,22.21,21.87,21.87,21.72,21.94,21.27,21.94,21.84,21.65,22.29,23.72,26.06,28.46,29.84,31.1,31.83,31.98,32.09,32.14,32.48,32.57,32.36,32.65,32.65,32.73,33.02,33.12,33.41,33.46,33.41,33.66,34.13,33.79,34.04,34.04,34.26,34.18,34.18,34.41,34.1,34.04,33.83,33.93,33.96,34.08,33.83,34.01,33.71,33.78,33.79,33.57,33.57,33.78,33.83,33.61,33.19,33.2,32.9,32.85,32.48
32.57,32.65,32.99,33.27,33.2,33.2,33.52,33.51,33.69,33.78,33.83,33.96,33.86,33.93,33.86,33.91,34.08,33.79,34.01,34.3,34.38,34.04,34.3,34.26,34.16,34.3,34.18,34.08,34.3,34.21,34.08,34.08,34.3,34.01,34.04,34.13,33.79,33.54,33.69,33.61,33.71,33.71,33.49,33.19,32.94,32.6,32.28,30.41,26.02,23.15,22.91,23.18,23.33,24.33,29.19,32.31,32.4,32.6,32.36,32.18,32.35,32.18,31.86,31.91,32.14,32.18,32.11,31.91,31.44,31.44,30.98,30.98,30.95,30.92,30.95,30.95,31.12,31.56,31.2,31.4,31.56,31.74,31.69,32.09,32.2,32.18,32.53,32.77,33.07,32.82,32.9,32.99,33.27,33.74,33.66,33.61,33.29,32.51,27.67,24.48,22.76,22.54,22.12,21.84,22.06,21.79,22.09,22.17,22.63,25.25,28.39,29.93,31.07,31.61,32.03,32.36,32.28,32.35,32.65,32.28,32.6,32.65,32.7,32.85,32.9,33.29,33.27,33.62,33.69,33.78,33.88,33.99,34.35,34.01,34.13,34.1,34.41,34.33,34.41,34.16,34.18,34.3,34.1,34.16,33.93,33.96,33.88,34.16,33.96,34.16,33.79,33.74,33.78,33.37,33.2,33.41,33.46,32.9,32.9,32.7
32.45,32.7,33.07,33.02,32.9,33.54,33.54,33.54,33.69,33.57,33.78,33.88,33.88,34.01,34.04,33.88,34.16,33.99,34.35,34.26,34.18,34.33,34.13,34.04,34.3,34.04,34.33,34.68,34.9,34.35,34.65,34.6,34.26,34.38,33.96,34.01,33.69,33.99,34.04,33.86,33.79,33.62,33.79,33.41,33.19,32.94,32.82,31.86,30.33,25.52,23.48,23.38,25.82,28.88,31.89,32.6,32.82,32.65,32.73,32.73,32.51,32.06,32.09,32.01,32.26,32.31,31.91,31.98,31.81,31.44,31.02,31.03,31.03,30.73,31.03,30.83,31.2,31.02,31.15,31.32,31.44,31.89,31.61,32.18,32.11,32.57,32.78,32.85,33.07,33.32,33.15,33.44,33.79,33.88,33.57,33.37,33.62,32.99,31.94,29.69,27.17,24.06,22.93,22.46,22.17,22.29,22.39,23.38,26.7,29.08,31.1,31.47,32.03,31.98,32.36,32.48,32.45,32.2,32.43,32.68,32.6,32.53,32.9,33.1,33.36,33.2,33.52,33.44,33.78,33.79,34.08,34.21,34.52,33.99,34.33,34.6,34.41,34.57,34.3,34.43,34.18,34.3,34.25,34.1,34.35,34.1,33.93,33.96,33.96,33.83,33.93,33.69,33.54,33.54,33.36,33.19,32.99,33.19,32.77,32.45
32.62,32.77,32.85,33.02,33.15,33.27,33.69,33.2,33.52,33.62,33.86,33.86,33.91,33.91,34.1,34.01,34.08,34.1,33.83,34.3,33.96,34.26,34.1,34.38,34.18,34.26,34.35,34.77,34.57,34.65,34.41,34.47,34.38,34.25,34.04,33.83,33.93,33.66,33.61,33.66,33.91,33.71,33.78,33.78,33.37,33.37,33.04,32.45,31.86,29.96,25.84,26.34,30.58,32.68,33.02,33.04,33.07,32.62,32.77,32.6,32.18,32.36,31.72,32.28,32.31,32.06,32.23,31.98,31.83,31.52,31.02,31.02,30.73,30.83,30.95,30.9,30.98,31.12,31.27,31.77,31.57,31.94,31.81,32.06,32.7,32.57,32.77,33.12,33.46,33.41,33.62,33.69,33.79,33.69,33.74,33.74,33.83,33.79,33.04,32.53,31.72,29.76,26.14,23.87,22.91,22.78,23.64,26.26,29.47,31.02,32.18,32.18,32.28,32.6,32.78,32.65,32.62,32.48,32.65,32.65,32.51,33.07,32.94,32.95,33.19,33.36,33.62,33.66,34.1,33.78,34.25,34.33,34.35,34.41,34.52,34.68,34.35,34.33,34.52,33.96,34.41,34.13,34.18,34.21,34.01,34.1,34.26,33.79,34.18,33.93,34.01,33.74,33.36,33.46,33.19,33.04,33.07,32.99,32.77,32.43
32.51,32.48,32.99,33.27,33.32,33.41,33.49,33.71,33.62,33.79,33.54,33.88,33.93,33.88,34.16,34.21,34.3,34.21,34.18,34.43,34.6,34.16,34.33,34.25,34.41,34.68,34.77,34.65,34.6,34.57,34.6,34.41,34.26,34.26,34.16,34.01,34.1,33.71,33.74,33.93,33.79,33.96,33.69,33.71,33.79,33.37,33.15,33.15,32.68,31.69,30.87,30.7,32.82,33.32,33.71,33.57,33.19,33.12,33.02,33.07,32.73,32.65,32.45,32.35,32.2,32.4,32.14,32.23,32.01,31.74,31.47,31.02,30.78,30.92,30.9,31.29,31.32,31.24,31.47,31.83,31.83,31.47,31.66,32.31,32.57,32.73,33.12,33.15,33.62,33.62,33.78,33.71,33.57,33.79,33.96,33.86,33.96,34.16,34.01,33.44,33.02,32.09,30.78,29.08,25.45,24.39,26.53,29.64,31.35,31.89,32.28,32.7,32.31,32.7,32.77,32.6,32.77,32.68,32.65,32.82,32.94,33.07,33.27,33.2,33.27,33.52,33.69,33.86,33.88,34.08,34.72,34.65,34.41,34.55,34.65,34.57,34.38,34.6,34.52,34.47,34.3,34.1,34.48,34.35,34.25,34.13,34.08,33.96,33.93,33.79,33.32,33.71,33.62,33.69,33.36,33.15,33.02,32.99,32.85,32.4
32.36,32.65,32.82,32.95,33.1,33.46,33.24,33.69,33.96,33.74,33.83,33.66,33.57,33.69,33.96,34.18,34.1,34.13,34.18,34.26,34.25,34.08,34.52,34.3,34.25,34.82,34.8,34.63,34.95,34.85,34.57,34.55,34.48,34.16,34.18,33.83,33.99,33.57,33.66,33.66,33.83,33.86,33.79,33.86,33.46,33.46,33.15,33.2,33.24,33.1,32.95,32.85,33.52,33.99,33.88,34.21,33.62,33.54,33.49,33.32,33.02,33.02,32.82,32.7,32.4,32.31,32.23,32.31,32.18,31.94,31.69,31.35,31.15,31.07,30.87,30.73,31.15,31.61,31.47,31.66,31.89,31.98,32.28,32.45,32.7,33.15,33.44,33.71,33.54,33.71,33.74,33.62,33.71,33.83,34.08,34.38,34.25,34.6,34.16,34.13,33.57,32.57,32.28,31.89,30.58,28.76,29.98,31.4,32.28,32.62,32.85,32.87,32.9,32.73,32.65,32.45,32.68,32.51,32.77,32.7,32.94,33.04,33.15,33.29,33.62,33.52,33.86,33.96,33.88,34.55,34.57,34.85,34.6,34.65,34.48,34.85,34.65,34.47,34.47,34.35,34.38,34.18,34.35,34.13,34.16,34.26,34.04,33.74,34.13,33.61,33.86,33.57,33.57,33.62,33.29,32.94,33.24,33.02,32.82,32.28
32.51,32.6,32.77,32.95,33.12,33.04,33.57,33.57,33.54,33.79,33.52,33.74,33.91,34.01,34.08,34.25,34.43,34.43,34.38,34.55,34.47,34.43,34.41,34.82,34.55,34.95,34.82,34.85,34.85,34.9,34.55,34.55,34.26,34.26,33.86,34.08,33.91,33.78,33.69,33.79,33.96,33.83,33.86,33.66,33.86,33.66,33.69,33.62,33.49,33.41,33.54,33.41,33.66,34.01,33.93,34.04,34.13,33.91,33.54,33.46,33.15,33.29,33.07,32.95,33.04,32.95,32.48,32.36,32.51,32.03,31.91,31.47,31.2,31.39,31.2,31.29,31.32,31.24,31.72,31.83,32.26,32.26,32.43,33.02,33.12,33.54,33.74,33.52,33.57,33.93,33.61,33.79,33.78,34.25,34.57,34.73,34.73,34.43,34.21,33.99,33.96,33.29,33.12,32.73,32.03,31.83,32.23,32.6,32.95,33.04,33.1,32.87,33.1,32.73,32.7,32.87,32.7,32.62,32.82,32.99,32.65,33.24,33.37,33.07,33.37,33.57,33.66,33.99,33.99,34.18,34.68,34.77,35.02,34.89,34.9,34.73,34.73,34.89,34.63,34.73,34.38,34.3,34.21,34.33,34.18,34.13,34.16,34.16,33.83,33.74,33.91,33.57,33.46,33.36,33.15,33.04,33.07,32.48,32.65,32.26
32.23,32.65,32.9,32.87,33.29,33.37,33.49,33.46,33.61,33.83,33.66,33.96,33.61,33.86,34.1,34.08,33.86,34.26,34.38,34.35,34.48,34.68,34.38,34.43,34.94,34.99,34.73,35.04,34.9,34.73,34.41,34.48,34.33,34.08,33.93,33.93,33.74,33.74,33.44,33.61,33.78,33.88,33.86,33.88,34.04,33.83,33.74,33.46,33.49,33.46,33.61,33.93,33.96,34.26,34.38,34.38,34.01,34.16,33.83,33.71,33.27,33.41,33.15,33.12,33.12,32.87,33.07,32.78,32.77,32.09,32.35,31.89,31.52,31.81,31.57,31.49,31.72,31.69,31.98,32.09,32.53,32.85,32.94,33.15,33.19,33.36,33.37,33.57,33.78,33.46,34.04,33.88,34.1,34.47,34.99,34.55,34.65,34.55,34.43,34.35,34.16,33.69,33.52,33.29,32.9,33.02,33.12,33.29,33.44,33.54,33.2,33.2,33.12,32.99,32.9,32.73,32.57,32.53,32.85,32.77,32.87,33.2,33.2,33.41,33.37,33.54,33.71,33.96,33.91,33.99,34.3,34.89,34.8,34.99,35.02,34.94,34.94,34.6,34.68,34.73,34.26,34.18,34.52,34.35,34.01,34.35,33.88,34.01,34.1,33.66,33.52,33.57,33.46,33.15,33.1,33.1,32.73,32.43,32.53,32.06
32.31,32.53,32.62,33.1,32.87,33.71,33.54,33.62,33.96,33.57,33.62,34.01,33.83,34.21,34.21,34.08,34.13,34.3,34.47,34.48,34.63,34.55,34.57,34.8,34.94,35.26,34.89,35.07,34.8,34.85,34.72,34.72,34.48,34.16,34.3,33.83,33.96,33.91,33.62,33.74,34.08,34.08,34.04,33.96,33.96,33.44,33.52,33.71,33.61,33.49,33.57,33.96,34.08,34.3,34.41,34.41,34.55,34.33,34.21,33.93,33.62,33.46,33.29,33.61,33.41,33.37,33.41,32.85,33.04,32.99,32.51,32.53,32.06,31.94,32.09,32.09,32.11,32.26,32.65,32.95,33.07,33.2,33.27,33.37,33.19,33.36,33.52,33.29,33.62,33.78,33.91,34.08,34.41,34.65,35.07,34.73,34.43,34.43,34.04,34.47,34.3,34.01,34.04,33.57,33.37,33.69,33.66,33.69,33.46,33.61,33.91,33.1,33.41,32.9,33.15,32.65,32.7,32.9,32.94,33.15,33.57,33.19,33.46,33.07,33.44,33.57,33.69,33.74,34.25,34.43,34.8,35.04,35.15,35.24,35.37,35.29,35.07,34.77,34.82,34.65,34.57,34.33,34.48,34.43,34.25,34.3,34.16,34.08,34.01,33.49,33.69,33.52,33.19,33.27,33.37,33.27,32.6,32.85,32.2,32.11
32.28,32.57,32.43,32.94,33.12,33.24,33.37,33.71,33.71,33.57,33.99,33.93,33.88,33.99,34.21,34.26,33.99,34.35,34.26,34.6,34.47,34.65,34.6,34.9,35.21,35.24,35.02,35.1,35.02,34.65,34.55,34.18,34.08,33.99,33.93,33.93,33.93,33.78,33.71,33.62,34.01,33.83,33.86,33.79,33.57,33.61,33.61,33.83,33.62,33.86,33.93,34.25,33.96,34.3,34.43,34.13,34.43,34.43,34.33,34.47,34.43,33.79,33.36,32.99,33.27,33.54,33.46,33.29,33.2,33.07,32.7,32.94,32.48,32.36,32.35,32.23,32.53,32.82,33.24,33.27,33.54,33.24,33.04,32.95,32.68,33.04,33.36,33.61,33.52,33.74,33.93,34.41,34.47,34.47,34.72,34.48,34.33,34.26,34.47,34.38,34.25,34.26,34.35,34.01,33.88,34.01,33.93,34.04,34.01,33.99,33.83,33.46,33.41,33.15,33.12,32.95,32.65,33.04,33.12,33.1,33.32,33.24,33.52,33.37,33.52,33.79,33.54,33.96,34.18,34.26,34.73,34.95,35.15,35.19,35.37,35.34,35.26,34.8,34.99,34.85,34.68,34.85,34.38,34.52,34.55,34.26,34.18,34.16,33.93,33.91,33.91,33.74,33.49,33.46,33.29,33.07,32.87,32.53,32.35,32.03
31.91,32.35,32.51,32.85,32.99,33.12,33.36,33.57,33.79,33.78,33.99,33.96,33.91,33.83,33.96,34.18,33.96,34.25,34.25,34.38,34.16,34.6,34.73,34.99,34.99,35.32,35.12,34.82,34.57,34.38,34.3,34.47,34.21,34.16,34.13,33.78,33.74,33.61,33.54,33.57,33.83,33.62,33.71,33.71,33.61,33.71,33.46,33.71,33.83,33.69,34.3,33.96,34.18,34.43,34.43,34.55,34.48,34.35,34.01,34.38,34.52,34.47,33.83,33.29,33.19,32.9,33.04,33.02,33.41,32.94,32.95,32.78,32.94,32.6,32.45,32.35,32.78,32.73,33.41,33.37,33.19,32.94,32.65,32.48,32.62,32.78,32.87,33.32,33.49,33.99,34.16,34.04,34.38,34.68,34.52,34.57,34.52,34.26,34.25,34.08,34.33,34.38,34.16,34.01,33.93,33.96,33.71,33.79,34.01,34.01,33.71,33.57,33.32,33.27,33.41,33.12,33.02,33.02,33.19,33.32,33.27,33.32,33.57,33.57,33.66,33.71,33.66,33.71,34.08,34.3,34.6,34.73,34.99,35.32,35.19,35.24,35.04,34.95,34.94,34.8,34.82,34.63,34.52,34.38,34.38,34.25,34.21,34.04,33.99,33.83,33.88,33.61,33.62,33.61,33.15,32.85,32.82,32.31,32.2,31.56
31.61,32.14,32.4,32.78,33.07,33.02,33.12,33.19,33.74,33.74,33.78,34.21,34.1,34.25,34.18,34.13,34.33,34.43,34.3,34.33,34.55,34.6,35.02,35.04,35.15,34.99,34.9,34.82,34.85,34.26,34.21,34.25,33.78,33.96,33.93,33.86,33.78,33.74,33.62,33.46,33.74,33.78,33.46,33.69,33.78,33.69,33.36,33.74,33.46,33.62,33.78,33.78,34.1,33.99,34.33,34.55,34.41,34.33,34.1,34.21,34.3,34.43,33.99,33.79,33.27,33.12,32.99,32.85,32.73,32.99,32.62,32.95,32.65,32.78,32.4,32.36,32.62,33.1,33.04,32.77,32.77,32.35,32.23,32.48,32.53,32.82,33.04,33.57,33.49,34.26,34.01,34.16,33.96,34.6,34.65,34.55,34.52,34.26,34.13,34.35,34.35,34.35,34.35,34.55,33.99,34.01,33.86,34.04,33.91,33.99,33.71,33.62,33.37,33.27,33.15,33.1,33.07,33.15,33.62,33.41,33.49,33.29,33.24,33.78,33.44,33.32,33.54,33.91,34.04,34.38,34.63,34.9,35.21,35.32,35.24,35.19,34.99,35.26,35.1,34.72,34.65,34.99,34.77,34.26,34.41,34.33,34.04,34.1,34.16,33.91,33.83,33.62,33.46,33.32,33.02,32.57,32.65,32.23,31.91,31.35
31.52,32.28,32.36,32.57,32.77,33.04,33.44,33.49,33.69,33.74,33.71,34.01,34.16,34.16,34.33,34.26,33.99,34.16,34.68,34.72,34.68,34.94,35.02,35.46,35.29,34.9,34.77,34.85,34.55,34.26,34.21,34.41,34.1,34.13,33.99,33.91,33.69,33.74,33.62,33.66,33.52,33.54,33.61,33.69,33.74,33.61,33.66,33.83,33.74,33.86,33.86,34.18,34.25,34.26,34.33,34.43,34.48,34.3,34.55,34.38,34.21,34.43,34.16,34.13,33.62,33.24,32.9,32.51,32.26,32.45,32.45,32.51,32.4,32.36,32.6,32.36,32.6,32.62,32.7,32.65,32.35,32.2,32.09,32.35,32.23,32.48,33.15,33.46,33.57,33.78,34.01,34.08,34.33,34.43,34.8,34.33,34.57,34.63,34.65,34.52,34.33,34.18,34.52,34.3,34.25,34.04,33.96,33.79,33.83,34.01,33.66,34.01,33.57,33.52,33.54,33.37,33.52,33.27,33.49,33.57,33.29,33.44,33.49,33.61,33.41,33.41,33.44,34.01,34.33,34.26,34.77,34.8,35.32,35.19,35.56,35.19,35.49,35.37,35.02,34.82,34.73,34.47,34.47,34.8,34.47,34.26,34.21,34.04,34.04,33.88,33.88,33.32,33.52,33.24,33.15,32.77,32.78,31.98,31.72,31.02
31.57,32.11,32.57,32.43,32.82,33.07,33.41,33.52,33.71,33.93,33.91,34.1,33.96,33.83,34.16,34.18,34.38,34.16,34.43,34.47,34.9,35.04,35.12,35.29,35.41,35.1,34.68,34.8,34.33,34.48,34.21,33.96,33.86,33.93,33.88,33.86,33.78,33.46,33.69,33.69,33.57,33.54,33.46,33.46,33.61,33.83,33.36,33.69,33.61,33.69,33.91,33.71,34.01,33.91,34.25,34.43,34.35,34.41,34.26,34.21,34.52,33.99,34.26,34.04,33.54,33.32,32.95,32.77,32.35,32.23,31.91,32.06,31.91,31.83,31.69,31.83,31.74,31.98,31.91,31.86,31.83,31.56,31.77,32.18,32.51,32.68,33.12,33.29,33.83,33.91,34.01,34.18,34.38,34.63,34.47,34.47,34.6,34.48,34.47,34.41,34.25,34.21,34.13,34.18,33.91,34.16,33.99,34.04,33.71,33.88,33.71,33.86,33.74,33.69,33.71,33.41,33.66,33.62,33.52,33.49,33.54,33.36,33.2,33.44,33.41,33.49,33.57,33.52,34.13,34.41,34.47,34.89,34.95,35.07,35.21,35.34,35.51,35.37,35.12,34.94,34.68,34.35,34.43,34.63,34.57,34.43,34.48,34.3,34.16,33.93,33.74,33.71,33.24,33.15,32.73,32.77,32.45,31.91,31.4,30.73
31.57,31.98,32.36,32.26,32.4,32.95,33.15,33.44,33.69,33.96,33.91,33.83,34.01,33.83,34.08,34.01,34.1,34.26,34.43,34.63,35.26,35.26,35.29,35.15,35.12,34.99,34.52,34.63,34.26,34.26,33.96,34.16,34.04,33.69,33.96,33.62,33.66,33.57,33.66,33.32,33.41,33.44,33.46,33.54,33.62,33.61,33.52,33.79,33.96,34.04,33.86,34.3,33.83,33.79,33.99,34.41,34.47,34.1,33.99,34.16,34.18,34.43,34.16,33.96,34.01,33.78,33.19,33.29,32.43,32.09,32.09,31.74,31.52,31.39,31.49,31.64,31.47,31.56,31.52,31.44,31.77,31.64,31.98,32.28,32.36,32.6,33.27,33.29,33.79,33.71,33.91,34.08,34.26,34.3,34.63,34.35,34.73,34.35,34.08,34.43,34.16,34.33,34.16,34.13,34.01,33.96,33.91,33.99,33.74,33.71,33.74,33.86,33.79,33.69,33.74,33.99,33.52,33.49,33.36,33.27,33.46,33.49,33.36,33.66,33.57,33.41,33.69,33.71,33.96,34.41,34.57,35.21,34.85,35.15,35.34,35.51,35.41,35.12,35.46,34.77,34.6,34.72,34.82,34.63,34.47,34.38,34.55,34.21,33.96,33.71,33.91,33.57,33.49,32.95,33.07,32.51,32.31,31.98,31.64,29.47
31.66,31.94,32.2,32.57,32.51,32.87,33.54,33.78,33.62,33.93,33.93,34.16,34.01,33.96,34.21,34.18,34.3,34.16,34.63,34.94,34.89,35.1,35.1,35.19,35.12,34.72,34.72,34.57,34.73,34.38,34.04,34.08,33.86,33.88,33.93,33.61,33.79,33.46,33.54,33.29,33.57,33.57,33.62,33.49,33.74,33.54,33.69,33.74,33.52,33.88,33.91,33.96,34.04,33.91,34.48,34.16,34.35,34.18,34.01,34.01,34.33,34.04,34.33,34.16,33.86,33.78,33.49,33.24,32.73,32.4,32.18,31.83,31.74,31.66,31.49,31.2,31.24,31.24,31.1,31.27,31.47,31.39,31.94,32.23,32.36,32.62,33.29,33.32,33.79,33.78,34.04,33.96,34.26,34.13,34.55,34.52,34.48,34.65,34.25,34.33,34.3,34.26,34.13,34.04,33.99,33.93,33.93,33.96,33.88,33.71,33.66,33.61,33.96,33.93,33.78,33.78,33.71,33.79,33.46,33.41,33.49,33.19,33.54,33.27,33.66,33.49,33.52,33.69,33.88,34.41,34.68,34.68,35.07,35.26,35.32,35.32,35.63,35.34,35.15,34.99,35.24,34.48,34.63,34.43,34.3,34.18,34.35,34.35,34.01,33.99,33.52,33.2,33.2,33.27,32.85,32.7,32.26,31.69,30.95,28.19
31.15,31.72,32.09,32.43,32.65,32.77,33.02,33.24,33.66,33.66,33.96,33.91,34.16,34.13,34.13,34.18,34.55,34.21,34.57,34.82,34.94,35.07,35.24,34.99,35.12,35.04,34.72,34.65,34.41,34.25,33.99,33.79,33.96,33.41,33.78,33.71,33.29,33.54,33.37,33.62,33.49,33.52,33.78,33.69,33.71,33.66,33.36,33.69,33.52,33.74,33.78,33.69,33.46,33.71,33.88,34.01,33.99,33.99,33.99,33.86,33.74,34.16,34.1,33.93,33.71,33.49,33.41,33.1,32.82,32.57,32.35,31.91,31.72,31.15,31.32,31.44,31.07,31.27,31.15,31.52,31.44,31.77,31.69,32.18,32.45,32.57,33.32,33.71,33.79,34.01,33.71,34.35,34.25,34.6,34.57,34.21,34.21,34.33,34.43,34.21,34.33,33.91,33.96,34.16,34.01,33.91,33.96,33.79,33.99,33.86,33.83,33.88,33.91,33.83,33.71,33.83,34.1,33.79,33.66,33.36,33.32,33.61,33.41,33.27,33.37,33.46,33.71,33.44,34.08,34.21,34.26,34.77,34.94,35.1,35.46,35.37,35.34,35.24,35.24,34.55,34.94,34.57,34.57,34.33,34.57,34.21,34.35,34.21,33.96,33.71,33.54,33.19,33.32,32.99,32.94,32.53,32.2,31.4,30.16,25.84
31.1,31.66,32.03,32.28,32.6,32.73,32.94,33.27,33.49,33.88,33.91,33.88,33.99,34.18,34.43,34.26,34.3,34.57,34.6,34.89,35.24,35.15,35.26,35.02,35.02,34.57,34.57,34.57,34.38,34.16,34.35,34.04,33.83,33.78,33.57,33.61,33.46,33.57,33.52,33.54,33.44,33.41,33.54,33.71,33.66,33.88,33.57,33.44,33.69,33.66,33.83,33.83,33.74,33.83,33.91,33.71,33.66,33.93,34.01,33.88,33.96,33.99,34.01,33.74,33.93,33.61,33.37,33.24,33.12,32.87,32.35,32.06,31.86,31.39,31.35,31.32,31.02,31.27,31.07,31.29,31.27,31.64,31.64,32.28,32.51,33.02,33.1,33.78,33.79,33.71,34.1,33.86,34.35,34.18,34.3,33.99,34.21,34.41,34.13,34.16,34.1,33.83,33.78,34.16,33.86,33.93,33.74,33.79,33.69,33.83,33.69,33.74,33.88,33.54,33.52,33.78,33.79,33.71,33.54,33.66,33.49,33.44,33.36,33.36,33.57,33.29,33.41,33.61,34.13,34.35,34.43,34.68,35.1,34.99,35.24,35.26,35.41,35.37,35.29,35.07,34.85,34.77,34.9,34.57,34.63,34.63,34.43,34.1,34.1,33.74,33.49,33.54,33.36,32.94,32.68,32.35,31.91,31.02,28.88,23.33
30.82,31.44,31.81,31.94,32.4,32.77,32.9,33.24,33.62,33.91,33.99,34.08,34.13,34.26,34.6,34.55,34.48,34.63,34.72,35.02,34.95,35.15,34.99,34.89,34.9,34.9,34.55,34.21,34.35,34.25,33.99,33.96,33.86,33.62,33.52,33.46,33.46,33.62,33.54,33.66,33.49,33.41,33.54,33.46,33.88,33.86,33.71,33.74,33.62,34.08,33.86,33.71,33.91,33.69,33.86,33.78,33.93,33.88,33.54,33.66,33.66,33.78,33.74,33.78,33.46,33.69,33.15,33.2,32.95,32.87,32.57,32.26,31.83,31.74,31.66,31.49,31.35,31.39,31.32,31.66,31.61,32.14,32.01,32.36,32.6,33.12,33.29,33.57,33.83,34.18,33.78,33.99,34.18,34.01,34.38,34.21,34.3,34.21,34.08,34.21,33.99,33.93,33.93,33.74,33.79,33.83,34.1,34.01,33.74,33.36,33.79,33.49,33.54,33.74,34.01,33.86,33.79,33.69,33.62,33.83,33.78,33.41,33.2,33.29,33.49,33.44,33.69,33.83,34.01,34.1,34.25,34.72,34.73,35.04,35.26,35.42,35.34,35.41,35.04,35.1,34.94,34.8,34.73,34.95,34.73,34.68,34.3,34.43,34.01,33.86,33.62,33.54,33.2,32.78,32.6,32.03,31.72,30.75,27.0,22.17
30.65,31.29,31.89,32.11,32.14,32.65,32.94,33.52,33.66,33.78,34.04,33.88,34.16,34.33,34.3,34.55,34.47,34.65,34.99,35.15,35.15,35.02,34.8,34.82,34.77,34.47,34.95,34.57,34.6,34.08,33.96,33.69,33.86,33.62,33.69,33.54,33.52,33.57,33.49,33.52,33.69,33.74,33.69,33.52,33.69,33.44,33.69,33.96,33.86,33.88,33.86,33.86,33.69,33.86,33.66,33.78,33.54,33.91,33.44,33.86,33.71,33.61,33.52,33.57,33.54,33.71,33.41,33.49,33.12,32.77,32.95,32.48,32.14,31.89,31.52,31.66,31.52,31.66,31.77,31.83,31.72,32.2,32.11,32.62,32.82,33.36,33.37,33.91,33.91,34.04,33.86,34.18,33.99,34.41,34.04,34.1,34.16,34.01,34.08,33.99,33.99,33.83,33.79,33.69,33.61,33.66,33.74,33.83,33.61,33.79,33.57,33.37,33.96,33.66,33.57,33.54,33.54,33.78,33.54,33.71,33.66,33.52,33.52,33.49,33.37,33.29,33.46,33.86,33.74,34.08,34.41,34.6,34.89,35.21,35.24,35.37,35.12,35.32,35.15,34.8,34.77,34.82,34.63,34.99,34.63,34.72,34.63,34.01,33.88,33.57,33.57,33.19,33.02,33.04,32.65,32.01,31.39,29.67,24.44,21.13
29.69,31.2,31.94,31.91,32.62,32.73,32.78,33.15,33.44,33.91,34.08,34.18,34.18,34.38,34.33,34.47,34.72,35.02,34.9,35.24,34.77,35.07,34.77,35.07,35.1,34.8,34.9,34.9,34.43,34.33,33.91,33.79,33.66,33.54,33.57,33.66,33.71,33.83,33.44,33.54,33.54,33.71,33.52,33.29,33.66,33.46,33.71,33.78,33.83,33.71,33.62,33.69,33.54,33.86,33.46,33.66,33.66,33.69,33.52,33.88,33.52,33.61,33.69,33.69,33.19,33.61,33.41,33.29,33.49,33.24,32.9,32.45,32.28,32.23,32.11,31.91,31.56,31.64,31.74,32.01,31.98,32.23,32.23,32.78,32.95,33.24,33.62,33.78,33.78,34.01,34.55,34.08,34.35,34.52,34.04,33.86,34.38,34.13,33.91,34.1,34.13,33.91,34.01,33.83,33.69,33.46,33.83,33.69,33.54,33.61,33.71,33.74,33.57,33.36,33.54,33.62,33.54,33.57,33.69,33.66,33.88,33.69,33.57,33.27,33.2,33.62,33.57,33.66,33.83,34.1,34.1,34.63,34.85,35.21,35.19,35.21,35.42,35.24,35.42,35.26,34.99,34.94,34.99,34.89,34.68,34.72,34.35,34.1,33.91,33.93,33.69,33.15,33.27,32.65,32.6,31.72,31.07,27.81,22.66,20.64
29.19,31.2,31.57,32.14,32.35,32.7,32.73,33.2,33.78,33.99,33.93,34.26,34.25,34.38,34.55,34.47,34.77,35.21,34.9,35.1,34.95,34.8,34.94,34.89,34.8,34.82,34.41,34.52,34.26,33.93,33.86,33.61,33.66,33.66,33.54,33.52,33.74,33.57,33.83,33.52,33.07,33.69,33.54,33.24,33.32,33.37,33.46,33.49,33.54,33.69,33.54,33.61,33.78,33.46,33.62,33.71,33.57,33.62,33.41,33.49,33.52,33.49,33.32,33.27,33.52,33.32,33.2,33.19,33.27,33.04,32.95,32.7,32.45,32.28,32.09,32.18,32.06,32.06,32.01,31.72,32.18,32.36,32.7,32.65,32.78,32.94,33.37,33.74,34.01,34.18,34.04,34.33,34.35,34.08,34.13,33.96,34.25,33.99,33.93,33.93,33.74,33.88,33.83,33.96,33.52,33.74,33.86,33.57,33.57,33.54,33.71,33.61,33.62,33.32,33.62,33.62,33.57,33.54,33.78,33.66,33.83,33.61,33.54,33.62,33.44,33.52,33.78,33.62,33.96,33.96,34.33,34.57,34.72,34.99,34.95,35.02,35.24,35.49,35.34,35.21,34.99,34.8,34.43,34.65,34.55,34.52,34.25,34.43,33.91,33.62,33.46,33.29,32.87,32.65,32.51,31.83,30.29,25.44,21.79,20.32
26.7,30.13,31.49,31.69,31.98,32.57,33.07,33.46,33.66,33.78,34.16,34.3,34.47,34.57,34.72,34.73,34.77,35.19,35.19,35.12,34.89,34.85,34.72,34.82,34.77,34.89,34.57,34.55,34.35,34.1,33.57,33.74,33.74,33.46,33.46,33.66,33.32,33.71,33.46,33.49,33.44,33.32,33.66,33.61,33.27,33.46,33.12,33.41,33.19,33.74,33.78,33.74,33.36,33.49,33.54,33.62,33.62,33.52,33.71,33.46,33.46,33.57,33.49,33.29,33.52,33.61,33.61,33.32,33.37,33.36,33.1,32.77,32.62,32.35,32.01,32.11,32.01,32.26,32.23,32.4,32.4,32.48,32.62,32.94,32.78,33.15,33.46,33.78,34.08,33.79,33.93,33.93,33.99,34.13,34.21,34.21,33.93,33.86,33.79,33.96,34.1,34.04,33.91,33.62,33.61,33.57,33.52,33.52,33.79,33.46,33.78,33.62,33.36,33.57,33.91,33.69,33.78,33.57,33.61,33.41,33.57,33.57,33.71,33.44,33.88,33.54,33.52,33.86,33.74,33.88,34.35,34.63,34.73,35.04,35.07,35.21,35.19,35.26,35.26,35.15,35.02,34.6,34.77,34.55,34.77,34.52,34.38,34.25,33.99,33.62,33.36,33.04,32.85,32.77,32.23,31.32,28.95,23.37,21.1,20.27
24.02,29.56,31.19,31.66,32.14,32.43,32.85,33.24,33.07,33.71,33.91,34.08,34.43,34.68,34.43,34.77,34.82,35.26,35.04,34.99,34.9,34.68,34.85,34.68,34.89,34.8,34.6,34.43,33.93,33.71,33.62,33.46,33.61,33.54,33.37,33.71,33.62,33.41,33.24,33.36,33.46,33.19,33.19,33.27,33.1,33.24,33.27,33.27,33.46,33.52,33.62,33.52,33.44,33.41,33.37,33.49,33.27,33.49,33.36,33.29,33.46,33.37,33.27,33.41,33.32,33.19,33.29,33.32,33.15,33.24,32.94,32.77,32.7,32.23,32.28,32.51,32.28,32.06,32.23,32.23,32.43,32.62,32.85,32.87,33.19,33.04,33.86,33.69,33.74,33.78,33.99,33.74,34.01,34.33,33.86,33.74,34.08,34.1,33.69,33.62,33.86,33.69,33.52,33.61,33.71,33.46,33.36,33.62,33.37,33.32,33.36,33.36,33.32,33.44,33.49,33.78,33.61,33.86,33.61,33.49,33.54,33.69,33.54,33.37,33.54,33.52,33.62,34.04,33.96,33.88,34.3,34.1,34.33,34.72,35.12,35.21,35.24,34.94,35.26,34.89,35.15,34.68,34.68,35.07,34.63,34.43,34.1,34.01,33.83,33.37,33.32,32.82,32.85,32.31,31.57,30.83,26.44,21.53,20.51,20.02
22.29,28.23,30.83,31.81,31.98,32.6,32.65,32.87,33.61,33.54,33.99,34.1,34.26,34.35,34.33,34.9,34.89,35.29,35.1,35.04,34.82,34.63,34.73,34.77,34.8,34.55,34.43,34.25,33.88,33.69,33.74,33.44,33.69,33.57,33.61,33.44,33.62,33.52,33.52,33.37,33.36,33.1,33.1,33.41,33.27,33.49,33.27,33.1,33.36,33.46,33.52,33.54,33.62,33.41,33.36,33.44,33.29,33.61,33.44,33.2,33.37,33.2,33.41,33.32,33.29,33.27,33.61,33.12,33.1,33.24,32.99,32.99,32.65,32.62,32.23,32.73,32.36,32.45,32.35,32.2,32.43,32.7,32.87,32.99,32.82,33.1,33.19,33.27,33.57,33.79,33.74,33.57,34.01,34.1,33.79,33.69,33.78,33.74,33.78,33.78,33.71,33.41,33.66,33.49,33.36,33.52,33.36,33.78,33.24,33.44,33.37,33.29,33.32,33.36,33.54,33.74,33.62,33.61,33.78,33.78,33.52,33.74,33.62,33.44,33.83,33.54,33.61,33.93,33.78,34.16,34.41,34.33,34.72,34.57,34.73,35.21,35.04,35.19,35.32,35.1,35.1,34.82,34.95,34.68,34.38,34.35,34.08,34.01,33.62,33.52,33.29,32.73,32.51,32.18,31.44,29.07,24.36,20.9,20.39,19.8
20.98,25.17,30.29,31.2,31.83,32.09,32.62,33.2,33.37,33.49,33.96,33.93,34.38,34.55,34.77,34.9,34.94,35.24,34.8,34.77,35.02,34.73,34.77,34.82,34.55,34.41,34.33,34.08,33.86,33.52,33.71,33.36,33.36,33.46,33.27,33.52,33.41,33.36,33.12,33.1,33.27,33.27,33.1,33.07,33.15,33.07,33.19,33.44,33.36,33.46,33.54,33.52,33.44,33.69,33.19,33.41,33.27,33.19,33.15,33.12,33.19,32.87,33.49,33.54,33.15,32.94,33.02,33.2,33.12,33.19,32.87,33.1,32.73,32.45,32.65,32.6,32.4,32.28,32.45,32.26,32.68,32.51,32.51,32.94,32.77,33.15,33.27,33.15,33.29,33.41,33.49,33.66,33.61,33.66,33.62,33.44,33.69,33.69,33.32,33.32,33.54,33.37,33.37,33.44,33.52,33.62,33.57,33.44,33.29,33.2,33.1,33.29,33.49,33.37,33.54,33.71,33.49,33.61,33.41,33.54,33.46,33.29,33.69,34.01,33.52,33.52,33.66,33.96,34.04,34.18,34.21,34.48,34.55,34.68,35.02,34.99,35.04,34.95,34.73,35.04,34.82,34.63,34.99,34.65,34.43,34.35,34.08,33.83,33.62,33.61,33.04,32.51,32.53,32.09,30.95,26.76,21.99,20.79,20.12,19.77
20.64,22.96,28.75,30.82,31.49,32.26,32.45,33.24,33.44,33.78,34.1,34.01,34.57,34.65,34.72,34.8,34.77,35.34,35.04,35.12,34.6,34.77,34.55,34.63,34.72,34.52,34.35,34.26,34.21,33.69,33.49,33.46,33.54,33.1,33.71,33.46,33.27,33.27,33.66,33.19,33.46,33.2,33.36,33.1,33.29,33.07,32.99,33.24,33.74,33.29,33.44,33.41,33.44,33.27,33.1,33.37,33.12,33.27,33.19,33.41,33.36,33.37,33.27,33.15,33.24,33.2,33.24,32.77,32.85,32.99,32.9,32.6,32.65,32.53,32.48,32.4,32.68,32.43,32.51,32.48,32.6,32.57,32.65,32.77,32.85,32.99,32.95,33.04,33.12,33.49,33.44,33.46,33.69,33.83,33.66,33.83,33.78,33.61,33.74,33.36,33.57,33.36,33.2,33.46,33.41,33.71,33.24,33.07,33.24,33.2,33.49,33.37,33.24,33.52,33.49,33.49,33.54,33.52,33.57,33.57,33.54,33.61,33.61,33.79,33.66,34.04,33.93,34.04,33.99,34.38,34.26,34.43,34.68,34.68,35.04,34.89,34.9,34.99,34.95,35.21,34.85,34.9,34.94,34.65,34.72,34.55,34.52,33.96,33.61,33.52,33.07,32.87,32.31,31.44,29.52,24.24,21.32,20.42,19.87,19.65
20.51,21.53,26.7,30.53,31.44,31.77,32.45,33.2,33.37,33.66,33.99,34.01,34.33,34.43,34.65,34.72,34.89,35.32,34.77,34.77,34.73,34.8,34.63,34.9,34.65,34.38,34.43,34.04,33.91,33.61,33.32,33.54,33.52,33.61,33.44,33.44,33.32,33.41,33.37,33.41,33.27,33.24,32.95,32.94,33.12,32.94,33.04,33.2,33.57,33.54,33.32,33.29,33.41,33.41,33.41,33.27,33.15,33.46,33.24,33.46,33.24,33.41,33.04,33.02,33.41,33.24,32.78,32.68,32.87,33.1,32.9,32.78,32.7,32.62,32.6,32.4,32.62,32.31,32.4,32.35,32.36,32.53,32.51,32.6,32.7,32.51,32.53,33.12,32.78,33.07,33.07,33.24,33.41,33.69,33.71,33.69,33.54,33.49,33.66,33.41,33.49,33.29,33.46,33.41,33.29,32.9,33.41,33.37,33.32,33.37,33.24,33.2,33.36,33.46,33.52,33.37,33.36,33.49,33.41,33.37,33.29,33.86,33.69,33.74,33.62,33.61,33.88,33.88,34.04,34.16,34.48,34.52,34.48,34.72,34.43,34.95,34.99,34.94,35.12,34.82,34.82,34.77,34.9,34.85,34.63,34.26,33.86,33.83,33.61,33.36,32.99,32.7,32.09,30.78,27.25,22.27,20.58,20.39,19.99,19.65
20.02,20.79,23.84,29.44,30.95,31.69,32.28,32.62,33.1,33.61,33.71,34.08,34.35,34.47,34.82,34.94,34.99,35.04,34.95,34.63,34.82,34.73,34.77,34.43,34.6,34.55,34.16,34.13,33.96,33.66,33.52,33.69,33.54,33.44,33.41,33.32,33.74,33.54,33.49,33.29,33.2,33.32,33.32,33.02,33.12,33.2,33.15,33.19,33.46,33.41,33.32,33.37,33.27,33.57,33.24,33.27,33.07,32.99,32.94,33.36,33.41,33.12,33.04,33.04,33.15,33.19,33.04,32.87,33.02,32.9,32.53,32.65,32.51,32.78,32.36,32.6,32.31,32.36,32.26,32.43,32.2,32.4,32.28,32.62,32.45,32.45,32.78,33.04,32.62,33.15,32.95,33.15,33.37,33.32,33.37,33.49,33.46,33.66,33.44,33.49,33.36,33.44,33.29,33.44,33.19,33.02,33.19,33.41,33.02,33.32,33.37,33.1,33.52,33.29,33.19,33.2,33.54,33.44,33.52,33.2,33.69,33.52,33.78,33.88,33.79,33.86,33.96,34.13,34.18,34.48,34.52,34.35,34.68,34.68,34.35,34.85,34.8,34.94,34.77,34.94,34.8,34.77,34.9,34.82,34.77,34.04,34.1,33.52,33.46,33.12,32.82,32.45,31.57,29.2,23.67,21.1,20.36,19.92,19.8,19.43
19.87,20.98,21.62,26.8,30.46,31.52,32.4,32.77,33.36,33.57,33.96,34.04,34.43,34.6,34.72,35.07,34.8,34.94,35.07,34.9,34.6,34.68,34.65,34.72,34.6,34.55,34.3,33.96,33.86,33.79,33.69,33.71,33.46,33.52,33.57,33.32,33.49,33.74,33.57,33.32,33.46,33.29,33.12,32.77,33.32,33.19,32.99,33.27,33.24,33.29,33.37,33.36,33.15,33.07,33.07,33.07,33.2,33.02,33.36,33.24,33.52,33.15,32.95,33.15,32.99,32.94,32.87,32.73,32.73,32.78,32.65,32.73,32.48,32.65,32.53,32.57,32.48,32.6,32.36,32.35,32.53,32.26,32.48,32.35,32.51,32.28,32.36,32.77,32.68,32.82,32.95,32.99,32.78,33.1,33.12,33.19,33.24,33.49,33.24,33.41,33.57,33.62,33.24,33.36,33.24,33.2,33.19,33.36,33.66,33.29,33.2,33.19,33.27,33.15,33.37,33.37,33.49,33.44,33.61,33.44,33.61,33.71,33.86,33.91,33.71,33.93,34.13,34.41,34.41,34.57,34.57,34.57,34.77,34.57,34.72,34.77,34.48,35.12,34.99,34.73,34.82,34.82,34.99,34.73,34.25,34.1,34.18,33.88,33.07,33.04,32.53,31.66,30.26,26.07,21.47,20.71,19.92,19.65,19.7,19.65
20.12,20.49,20.91,23.33,29.52,31.44,31.77,32.6,33.04,33.74,33.78,34.26,34.72,34.63,34.82,35.02,34.72,34.8,34.94,34.89,34.68,34.55,34.68,34.6,34.43,34.55,34.35,33.74,33.83,33.49,33.71,33.74,33.52,33.66,33.66,33.62,33.41,33.62,33.27,33.32,33.37,33.36,33.19,33.12,33.02,33.07,33.07,33.54,33.27,33.29,33.49,33.1,33.19,33.29,33.04,33.37,33.36,33.52,33.1,33.36,32.9,32.94,33.2,32.73,32.94,32.82,32.87,32.7,32.65,32.7,32.77,32.68,32.62,32.68,32.65,32.45,32.68,32.62,32.31,32.43,32.31,32.4,32.26,32.57,32.31,32.65,32.51,32.7,32.51,32.51,32.78,32.7,32.87,33.19,33.12,33.12,33.44,33.32,33.37,33.54,33.54,33.44,33.52,33.24,32.99,33.29,33.12,33.15,32.85,33.27,33.29,33.07,33.19,33.27,33.32,33.32,33.41,33.54,33.36,33.44,33.74,33.74,33.86,33.66,33.88,34.1,34.3,34.41,34.38,34.65,34.52,34.8,34.68,34.3,34.8,34.77,34.94,35.04,34.82,34.85,34.95,34.94,35.21,34.73,34.47,34.33,33.86,33.74,33.19,32.77,32.14,31.27,27.71,22.78,20.73,20.17,20.12,19.33,19.62,19.48
19.92,20.58,20.71,21.65,26.8,30.9,31.66,32.6,33.04,33.44,33.86,33.99,34.26,34.52,34.82,34.85,34.72,34.63,34.63,34.89,34.63,34.57,34.63,34.35,34.57,34.43,34.01,33.86,33.78,33.69,33.57,33.79,33.57,33.37,33.41,33.71,33.79,33.46,33.37,33.24,33.1,33.12,32.99,33.24,33.04,32.99,33.32,33.2,33.19,33.19,33.44,33.2,33.32,33.1,33.15,33.32,33.27,32.99,33.07,33.24,32.95,33.02,32.82,33.1,32.65,32.68,32.6,32.6,32.68,32.4,32.4,32.53,32.35,32.48,32.62,32.65,32.57,32.53,32.2,32.43,31.94,32.31,32.26,32.51,32.35,32.45,32.57,32.53,32.62,32.45,32.78,32.48,32.99,32.85,33.02,32.85,33.29,33.32,33.2,33.29,33.29,33.49,33.36,33.32,32.82,33.27,33.57,33.24,33.24,33.32,33.37,33.24,33.1,33.29,33.36,33.2,33.49,33.52,33.46,33.61,33.71,33.69,33.78,33.93,34.16,33.88,34.25,34.13,34.55,34.6,34.52,34.47,34.72,34.77,34.63,34.68,34.99,34.73,34.89,34.9,34.72,34.99,34.85,34.35,34.57,34.08,33.79,33.44,32.65,32.53,31.29,29.29,24.33,21.35,20.49,19.9,19.73,19.55,19.58,19.25
19.9,20.32,20.49,20.79,23.33,29.44,31.2,32.48,32.87,33.44,33.69,34.04,34.55,34.65,34.63,34.68,34.65,34.72,34.72,34.68,34.6,34.57,34.6,34.55,34.25,33.99,33.96,33.93,33.91,33.69,33.74,33.57,33.62,33.69,33.57,33.79,33.74,33.41,33.36,33.04,33.02,33.12,32.94,32.94,33.02,32.87,33.02,33.29,32.9,33.07,33.1,33.04,33.07,33.12,33.04,33.12,33.12,33.32,33.2,33.02,32.9,32.9,32.94,32.85,32.45,32.53,32.53,32.48,32.4,32.57,32.43,32.57,32.4,32.51,32.62,32.94,32.43,32.45,32.11,32.26,32.57,32.43,32.28,32.28,32.43,32.4,32.51,32.35,32.31,32.51,32.48,32.48,32.73,32.36,33.1,32.87,33.24,33.04,33.36,33.24,33.24,33.54,33.29,33.15,32.99,33.29,33.27,33.07,33.19,33.46,33.46,33.32,33.37,33.24,33.19,33.2,33.62,33.66,33.66,33.61,33.78,33.61,34.25,33.93,34.21,34.25,34.38,34.38,34.43,34.63,34.52,34.48,34.8,34.57,34.68,34.82,34.85,34.57,34.65,34.6,34.73,34.72,34.63,34.33,34.13,34.01,33.54,33.37,32.87,31.72,30.38,25.87,21.84,20.46,20.24,19.9,19.62,19.4,19.52,19.47
19.52,20.09,19.99,20.76,21.27,26.31,30.73,32.11,32.73,33.49,33.49,33.79,34.18,34.52,34.65,34.68,34.43,34.6,34.68,34.63,34.3,34.63,34.16,34.35,34.13,34.21,34.16,33.78,33.79,33.52,33.78,33.83,33.37,33.57,33.78,33.83,33.57,33.12,33.2,33.32,33.07,33.1,33.1,33.02,32.94,32.82,32.94,32.77,32.9,32.68,32.9,32.82,32.82,33.07,32.99,33.19,33.1,33.27,33.2,33.04,32.94,33.02,33.02,32.7,32.48,32.48,32.2,32.23,32.28,32.48,32.35,32.77,32.48,32.48,32.43,32.65,32.82,32.6,32.23,32.31,32.03,32.53,32.68,32.28,32.48,32.43,32.36,32.73,32.62,32.45,32.65,32.43,32.82,32.78,32.94,32.9,32.95,33.04,33.07,33.2,33.19,33.07,33.29,32.99,33.1,33.32,33.44,33.44,33.41,33.12,33.61,33.24,33.15,33.29,33.32,33.37,33.61,33.66,33.62,33.88,34.18,33.74,33.86,34.13,33.91,34.3,34.33,34.47,34.18,34.52,34.72,34.48,34.99,34.73,34.72,34.57,34.82,34.8,34.63,34.77,34.57,34.43,34.41,34.3,33.99,33.69,33.54,32.85,32.31,31.03,26.97,22.54,20.73,20.51,20.02,19.73,19.77,19.36,19.7,19.26
19.68,20.09,20.12,20.49,21.05,22.66,28.56,31.86,32.26,32.65,33.52,33.96,34.35,34.41,34.38,34.43,34.41,34.65,34.57,34.43,34.72,34.13,34.26,34.3,34.33,34.01,34.1,33.91,33.86,33.61,33.61,33.71,33.52,33.37,33.41,33.44,33.46,33.15,33.02,32.99,32.9,32.95,32.94,33.04,32.99,32.7,32.7,32.6,32.6,32.77,32.7,32.7,32.99,32.62,32.9,32.82,33.04,32.73,33.02,32.99,32.95,32.99,32.78,32.57,32.53,32.26,32.31,32.2,32.11,32.51,32.28,32.31,32.31,32.6,32.48,32.57,32.6,32.82,32.45,32.7,32.35,32.82,32.4,32.53,32.68,32.14,32.45,32.48,32.57,32.36,32.6,32.53,32.65,32.6,32.95,32.85,32.82,32.99,33.1,33.19,32.99,33.37,33.41,33.15,33.04,33.15,33.32,33.27,33.24,32.99,33.32,33.12,33.07,33.36,33.61,33.46,33.57,33.62,33.61,33.62,33.71,34.08,33.93,34.1,34.25,34.18,34.21,34.41,34.52,34.33,34.65,34.68,34.94,34.48,34.43,34.9,34.57,34.82,34.47,34.48,34.43,34.68,34.48,34.16,33.79,33.57,33.02,32.51,31.4,28.71,23.6,21.2,20.42,20.14,20.12,19.55,19.68,19.33,19.43,19.15
19.47,20.09,19.58,20.31,20.42,21.35,25.32,30.83,32.11,32.9,33.37,33.54,34.08,34.26,34.47,34.35,34.52,34.47,34.57,34.47,34.1,34.13,34.26,34.21,34.04,33.93,33.69,33.91,33.74,33.71,33.79,33.54,33.71,33.54,33.83,33.52,33.32,33.04,33.12,32.77,32.99,32.99,32.85,32.82,32.68,32.7,32.7,32.45,32.45,32.36,32.45,32.48,32.48,32.51,32.7,32.78,32.73,32.68,32.85,32.57,32.85,32.62,32.73,32.7,32.2,32.36,32.14,32.18,31.89,32.11,32.23,32.35,32.7,32.6,32.73,32.62,32.51,32.68,32.45,32.28,32.31,32.31,32.23,32.45,32.2,32.51,32.23,32.53,32.31,32.68,32.23,32.4,32.57,32.51,32.53,32.87,33.12,32.95,32.7,32.95,33.04,33.15,33.1,33.27,33.37,33.27,33.24,33.27,33.19,33.12,33.37,33.07,33.32,33.2,33.54,33.29,33.49,33.52,33.57,33.69,33.91,33.69,34.13,33.61,34.01,34.08,34.16,34.25,34.35,34.55,34.77,34.8,34.72,34.57,34.77,34.6,34.73,34.3,34.3,34.26,34.35,34.25,34.33,34.33,33.86,33.69,32.73,32.01,29.72,24.17,21.16,20.64,20.12,19.92,19.77,19.84,19.36,19.58,19.11,19.43
19.62,19.65,19.65,20.21,20.36,20.76,22.06,27.91,31.39,32.48,33.29,33.49,33.88,33.93,34.43,34.35,34.48,34.47,34.26,34.35,34.65,34.33,34.08,34.08,34.33,33.88,33.91,34.16,33.93,33.61,33.69,33.57,33.61,33.61,33.69,33.2,33.49,33.15,33.04,33.04,33.07,32.94,33.04,32.85,32.94,32.7,32.43,32.7,32.73,32.28,32.7,32.65,32.62,32.45,32.9,32.35,32.7,32.26,32.85,32.82,32.57,32.28,32.53,32.36,32.35,32.28,32.01,31.94,31.91,32.18,32.18,32.09,32.36,32.73,32.43,32.6,32.68,32.51,32.57,32.28,32.48,32.51,32.51,32.48,32.48,32.51,32.14,32.4,32.43,32.65,32.26,32.18,32.2,32.53,32.65,32.31,32.77,32.62,32.78,32.95,33.2,33.12,33.2,33.07,33.07,33.24,33.41,33.27,33.04,33.15,33.19,33.46,33.71,33.2,33.44,33.12,33.71,33.66,33.99,33.93,33.93,33.71,33.79,34.18,34.01,33.93,34.25,34.25,34.48,34.47,34.6,34.72,34.8,34.68,34.63,34.47,34.41,34.33,34.43,34.3,34.43,34.04,34.25,33.93,33.71,33.19,32.2,30.83,25.79,21.9,20.58,20.02,19.95,19.87,19.77,19.55,19.58,19.15,19.4,19.36
19.52,19.68,19.68,19.84,20.12,20.17,21.13,23.94,29.98,32.01,32.77,33.36,33.88,34.16,34.08,34.13,34.38,34.16,34.47,34.41,34.16,33.99,33.99,34.16,33.91,34.08,34.13,33.86,33.93,33.71,33.78,33.78,33.79,33.44,33.62,33.36,32.99,33.02,32.78,33.15,32.77,32.85,32.87,32.68,32.51,32.82,32.4,32.35,32.51,32.45,32.65,32.35,32.43,32.77,32.23,32.68,32.65,32.57,32.43,32.62,32.31,32.53,32.53,32.4,32.23,32.01,31.86,32.11,32.01,32.11,31.91,31.98,32.14,32.31,32.4,32.78,32.48,32.51,32.57,32.53,32.36,32.35,32.26,32.43,32.18,32.45,32.57,32.45,32.51,32.51,32.26,32.4,32.36,32.68,32.57,32.82,32.77,32.94,32.68,32.6,33.02,33.04,32.9,32.78,33.07,33.36,33.1,33.52,33.12,33.12,33.12,33.49,33.2,33.15,33.62,33.49,33.66,33.61,33.86,33.74,33.96,33.96,33.83,33.99,34.18,33.93,34.18,34.38,34.18,34.55,34.47,34.63,34.8,34.6,34.43,34.72,34.52,34.55,34.25,33.88,34.25,34.16,34.16,34.01,33.69,32.68,31.02,27.49,22.39,20.61,20.24,19.87,19.65,19.58,19.47,19.21,19.4,19.26,19.15,19.0
19.33,19.52,19.58,19.9,20.02,20.42,20.83,21.6,25.96,31.19,32.11,32.99,33.54,33.79,34.01,33.96,33.91,34.01,33.91,33.99,34.25,34.08,33.83,34.3,33.88,33.74,33.74,33.93,33.91,33.78,33.61,33.66,33.66,33.61,33.41,33.37,33.57,33.19,32.87,32.85,33.04,32.78,32.87,32.45,32.48,32.7,32.45,32.43,32.28,32.57,32.53,32.51,32.36,32.35,32.43,32.31,32.26,32.51,32.35,32.23,32.35,32.03,32.6,32.23,32.23,32.09,31.98,31.94,31.91,31.94,31.94,32.23,32.11,32.28,32.23,32.6,32.4,32.45,32.36,32.53,32.36,32.53,32.53,32.53,32.53,32.57,32.2,32.06,32.26,32.2,32.4,32.11,32.28,32.26,32.65,32.51,32.45,32.62,32.77,32.53,32.77,32.82,33.1,32.95,32.85,33.12,32.99,33.27,32.95,33.36,33.1,33.32,33.19,33.2,33.2,33.54,33.52,33.54,33.29,33.69,33.71,33.69,33.93,34.01,33.86,33.86,34.04,34.04,33.99,34.18,34.38,34.6,34.6,34.35,34.33,34.47,34.21,34.18,34.43,34.3,33.93,33.86,34.1,33.32,33.15,32.23,28.66,23.6,21.01,20.51,20.12,19.84,19.65,19.55,19.4,19.36,19.65,19.33,19.21,19.08
18.96,19.58,19.47,19.68,19.65,19.92,20.24,20.51,22.32,28.31,32.11,32.6,33.2,33.71,33.91,33.96,34.16,34.25,34.16,34.08,34.04,33.91,33.88,34.01,34.04,33.86,33.83,33.88,33.78,33.83,33.78,33.79,33.66,33.54,33.12,33.24,33.2,33.2,32.7,32.82,32.77,32.85,32.6,32.62,32.73,32.26,32.43,32.6,32.31,32.36,32.28,32.35,32.23,32.2,32.23,32.36,32.2,32.09,32.14,32.48,32.28,32.51,32.18,32.09,31.91,31.89,31.89,31.86,31.83,32.09,32.01,32.03,32.28,32.14,32.53,32.36,32.36,32.73,32.48,32.57,32.31,32.45,32.57,32.36,32.23,32.14,32.2,32.26,32.36,32.36,32.09,32.31,32.23,32.31,32.36,32.2,32.45,32.57,32.6,32.51,32.85,32.78,32.77,32.68,32.9,32.99,33.15,33.12,33.2,33.2,33.07,32.87,33.32,33.12,33.46,33.44,33.52,33.79,33.61,33.57,33.79,33.91,33.66,33.96,33.88,33.96,34.16,34.25,34.13,34.26,34.26,34.43,34.65,34.65,34.33,34.35,34.33,34.18,34.08,33.88,33.86,33.57,33.69,33.66,32.68,30.58,25.05,21.53,20.71,19.99,19.92,19.84,19.87,19.52,19.25,19.26,18.93,19.08,19.43,19.05
19.47,19.55,19.21,19.68,19.65,19.87,20.12,20.39,21.1,23.64,29.96,32.2,33.12,33.36,33.78,33.91,33.99,33.91,34.04,33.74,33.99,33.91,33.91,33.99,33.83,34.18,33.83,33.78,33.61,33.61,33.57,33.79,33.69,33.62,33.52,33.24,33.15,33.15,32.85,32.9,33.1,32.62,32.62,32.77,32.6,32.53,32.53,32.73,32.6,32.35,32.51,32.28,32.26,32.31,32.36,32.26,32.53,32.2,31.89,32.48,32.31,32.18,32.31,32.2,32.03,31.94,31.89,31.94,31.91,32.01,31.98,31.89,32.03,32.14,32.4,32.28,32.53,32.23,32.4,32.36,32.36,32.53,32.43,32.36,32.45,32.26,32.28,32.36,32.31,32.23,32.14,32.18,32.18,32.36,32.45,32.11,32.2,32.82,32.06,32.77,32.62,32.7,32.4,32.68,32.7,32.99,32.78,32.85,33.02,33.02,33.19,33.19,33.32,33.61,33.66,33.12,33.52,33.46,33.54,33.57,33.57,33.62,34.13,33.71,33.62,33.79,33.93,34.08,33.79,34.13,34.25,34.52,34.43,34.41,34.1,34.21,34.1,34.04,34.08,33.99,33.57,33.69,33.62,33.1,31.74,27.84,22.78,20.91,20.39,20.46,20.09,19.9,19.55,19.68,19.3,19.25,19.55,19.05,19.33,19.21
19.15,19.52,19.33,19.65,19.48,19.92,19.99,20.05,20.83,21.65,26.11,31.52,32.53,33.19,33.79,33.83,33.78,33.83,33.88,33.91,33.86,33.78,33.88,33.83,33.88,33.88,33.93,33.83,33.83,33.93,33.66,33.91,33.52,33.62,33.46,33.62,33.1,32.77,33.19,32.9,32.73,32.9,32.78,32.78,32.53,32.31,32.48,32.62,32.68,32.57,32.45,32.45,32.36,32.48,32.53,32.35,32.28,32.36,32.4,32.03,32.35,32.11,31.86,32.23,31.98,32.03,31.94,31.74,31.91,31.81,31.72,32.03,32.11,32.26,32.14,32.14,32.2,32.4,32.31,32.43,32.57,32.53,32.68,32.73,32.45,32.4,32.4,32.28,32.36,32.28,32.43,32.23,32.53,32.23,32.31,32.2,32.26,32.45,32.31,32.57,32.65,32.57,32.4,32.53,32.6,32.6,32.77,32.7,32.73,32.94,33.12,33.19,33.32,32.94,33.04,33.66,33.36,33.61,33.24,33.62,33.66,33.83,33.79,33.96,34.04,33.74,34.16,34.01,33.79,34.16,34.3,34.3,34.33,34.41,34.08,34.33,34.1,34.41,33.91,33.93,33.71,33.15,33.52,32.73,30.9,25.07,21.5,20.51,20.49,19.92,19.58,19.7,19.4,19.58,19.33,19.48,19.08,19.4,19.03,18.93
19.26,19.3,19.3,19.43,19.62,20.02,19.92,20.39,20.46,20.98,22.61,29.39,32.06,33.1,33.37,33.69,33.86,33.88,33.86,33.83,33.91,33.74,33.83,33.71,33.91,33.79,33.79,33.74,33.52,33.93,33.74,33.83,34.01,33.71,33.29,33.29,33.19,33.07,33.19,32.73,33.1,32.68,32.87,32.57,32.62,32.4,32.68,32.6,32.6,32.4,32.51,32.36,32.51,32.57,32.68,32.62,32.48,32.26,32.4,31.94,32.11,32.23,31.94,31.77,31.91,31.81,31.66,31.86,31.89,31.86,31.66,32.09,31.98,32.03,32.26,32.23,32.09,32.31,32.28,32.11,32.2,32.4,32.35,32.57,32.35,32.14,32.48,32.23,32.35,32.28,32.48,32.6,32.09,32.14,32.36,32.2,32.11,32.26,32.26,32.48,32.45,32.51,32.53,32.48,32.65,32.28,32.7,32.73,32.68,32.95,33.12,32.78,33.15,33.2,33.2,33.37,33.37,33.44,33.66,33.44,33.61,33.66,33.74,33.74,33.78,33.99,33.93,34.01,33.86,34.1,34.04,34.04,34.3,34.16,34.25,34.1,33.88,34.01,33.96,33.96,33.41,33.32,33.19,32.31,28.6,23.15,20.76,20.83,20.12,19.9,19.7,19.48,19.4,19.36,19.18,19.18,19.18,18.93,19.33,18.93
19.21,19.43,19.48,19.36,19.68,19.48,19.99,19.92,20.14,20.64,21.2,25.28,31.4,32.87,32.95,33.71,33.52,33.57,33.79,33.83,33.66,33.83,34.08,33.71,33.79,33.61,33.52,33.86,33.62,33.69,33.78,33.88,33.88,33.83,33.46,33.66,33.36,33.29,32.94,33.02,32.85,33.1,32.85,32.7,32.7,32.43,32.45,32.82,32.36,32.28,32.48,32.2,32.53,32.36,32.36,32.45,32.35,32.23,32.2,32.35,32.09,32.18,32.06,32.23,31.86,31.77,31.86,31.64,31.74,31.81,31.94,32.01,31.98,32.11,32.09,32.35,32.23,32.26,32.7,32.45,32.4,32.65,32.4,32.62,32.35,32.68,32.45,32.09,32.18,32.26,32.18,32.45,32.35,32.23,32.18,32.51,32.28,32.26,32.4,32.18,32.36,32.43,32.4,32.62,32.62,32.65,32.36,32.77,32.82,32.57,32.87,33.02,33.04,33.46,33.36,33.24,33.15,33.57,33.61,33.62,33.69,33.49,33.79,33.88,33.91,33.57,33.83,34.1,34.3,33.96,34.25,34.35,34.26,34.26,34.21,34.21,34.13,33.74,33.93,33.86,33.41,33.24,32.9,31.74,26.81,22.58,20.95,20.39,20.31,19.95,19.58,19.36,19.55,19.15,19.43,19.18,19.21,19.18,19.18,19.08
19.0,19.48,19.3,19.0,19.3,19.4,19.73,19.95,20.14,20.42,21.16,22.93,29.98,32.36,32.99,33.46,33.44,33.83,33.74,33.71,33.71,33.69,33.93,33.78,33.93,33.78,33.78,33.54,33.88,33.66,33.74,33.88,33.61,33.83,33.66,33.52,33.44,33.15,33.12,33.07,33.04,33.02,32.99,32.78,32.85,32.6,32.35,32.73,32.7,32.62,32.7,32.62,32.53,32.48,32.53,32.4,32.23,32.26,31.94,32.23,32.2,31.89,31.98,31.89,31.81,31.52,31.72,31.61,31.49,31.81,31.69,31.83,31.69,31.94,32.23,32.14,32.06,32.23,32.4,32.2,32.31,32.2,32.43,32.43,32.62,32.48,32.51,32.31,32.45,32.48,32.43,32.18,32.06,32.48,31.94,32.11,32.18,32.45,32.18,32.45,32.2,32.35,32.4,32.35,32.53,32.45,32.31,32.62,32.62,32.9,32.65,32.94,33.02,33.02,33.32,33.49,33.36,33.36,33.62,33.54,33.49,33.83,33.79,33.62,33.88,33.88,33.99,34.01,34.1,34.08,33.93,34.04,34.01,34.08,34.21,33.88,34.08,34.08,33.78,33.66,33.27,33.07,32.7,31.15,25.64,21.69,20.42,20.27,20.05,19.58,19.36,19.48,19.33,19.36,19.33,18.96,18.64,19.36,19.11,18.86
19.55,18.96,19.33,19.26,19.11,19.4,19.68,19.92,20.24,20.27,20.86,21.6,27.49,31.86,33.29,33.37,33.41,33.32,33.41,33.69,33.86,33.78,33.69,33.79,33.66,33.37,33.83,33.79,33.62,33.74,33.66,33.83,33.71,33.71,33.36,33.41,33.49,33.1,33.04,33.07,32.94,32.95,32.94,32.82,32.6,32.77,32.28,32.77,32.48,32.26,32.51,32.35,32.28,32.6,32.35,32.53,32.31,32.11,32.01,32.14,32.06,32.03,32.11,31.69,31.89,31.83,31.94,31.52,31.64,31.69,31.66,31.86,32.09,31.77,31.91,32.09,32.2,32.06,32.09,32.51,32.57,32.53,32.4,32.51,32.48,32.48,32.51,32.43,32.31,32.2,32.45,32.01,32.09,32.28,32.26,31.91,32.09,32.35,32.2,32.18,32.62,32.31,32.35,32.26,32.51,32.48,32.57,32.57,32.28,32.57,32.62,33.02,33.15,33.07,33.1,33.32,33.32,33.37,33.54,33.44,33.69,33.74,33.61,33.88,33.79,33.83,33.99,33.83,34.08,33.99,33.99,33.99,33.96,33.66,33.79,33.96,33.79,33.69,33.93,33.69,33.32,32.68,32.45,30.24,23.87,21.35,20.54,20.24,20.05,19.65,19.68,19.77,19.25,19.36,19.15,19.0,19.21,19.25,19.08,18.96
19.15,19.33,19.18,19.0,19.36,19.7,19.3,19.8,19.8,20.42,20.46,21.38,25.32,31.81,32.87,33.2,33.24,33.52,33.71,33.54,33.79,33.78,33.88,33.93,33.91,34.08,33.78,33.79,33.83,33.49,33.69,33.46,33.61,33.44,33.61,33.61,33.29,33.19,33.24,33.04,33.12,32.94,32.85,32.82,32.82,32.85,32.6,32.65,32.26,32.68,32.68,32.43,32.53,32.57,32.35,32.53,32.14,32.28,32.11,32.28,32.23,32.01,32.01,31.86,32.03,31.74,31.83,31.74,31.83,31.94,31.77,32.06,31.91,31.86,31.83,32.14,32.09,32.28,32.11,32.35,32.45,32.53,32.31,32.45,32.43,32.73,32.62,32.65,32.11,32.4,32.35,32.18,32.4,32.2,32.2,31.94,32.18,32.36,32.01,32.53,32.28,32.14,32.31,32.51,32.45,32.48,32.31,32.36,32.57,32.65,32.78,32.95,33.02,32.95,33.41,33.29,33.36,33.36,33.52,33.54,33.37,33.52,33.57,33.71,33.86,33.86,33.74,33.91,33.79,34.16,33.91,33.71,33.86,33.61,33.79,34.04,33.69,33.91,33.74,33.41,33.41,32.9,32.14,29.61,23.37,20.83,20.51,20.27,19.8,19.4,19.68,19.15,19.18,19.43,19.08,19.11,19.25,18.89,19.21,18.86
19.26,19.36,19.08,19.03,19.3,19.55,19.58,19.73,20.14,20.27,20.42,20.95,24.59,31.29,32.9,33.12,33.37,33.49,33.79,33.69,33.99,33.78,33.86,33.61,33.61,33.66,33.57,33.57,33.44,33.49,33.37,33.27,33.46,33.37,33.61,33.37,33.41,33.32,33.24,33.07,33.24,33.02,32.99,32.9,32.99,32.82,32.57,32.9,32.43,32.94,32.62,32.68,32.57,32.45,32.53,32.28,32.26,32.14,32.28,32.26,32.01,31.83,31.83,31.83,32.01,31.86,31.81,31.57,31.72,31.66,31.77,31.89,31.81,31.89,32.11,32.18,32.2,32.4,32.36,32.35,32.62,32.45,32.43,32.53,32.26,32.57,32.77,32.48,32.53,32.48,32.28,32.14,32.4,32.11,32.36,32.26,32.14,32.43,32.18,32.31,32.23,32.26,32.53,32.35,32.23,32.45,32.43,32.68,32.53,32.94,32.77,32.82,33.02,33.52,33.24,33.29,33.15,33.49,33.24,33.44,33.78,33.52,33.86,34.13,33.46,34.1,33.78,34.08,33.91,34.04,33.93,33.96,33.83,33.96,34.08,33.74,33.49,33.71,33.61,33.54,33.19,32.87,32.36,29.59,23.11,20.95,20.58,20.14,20.05,19.58,19.58,19.77,19.33,19.18,19.18,18.71,19.18,19.05,19.08,19.0
19.4,19.03,19.21,19.26,19.33,19.68,19.73,19.62,19.7,20.31,20.51,21.1,23.79,30.95,32.7,32.94,33.15,33.41,33.71,33.29,33.66,33.49,33.49,33.74,33.62,33.61,33.52,33.62,33.69,33.49,33.49,33.54,33.54,33.46,33.46,33.46,33.24,33.32,33.02,33.29,33.2,32.87,33.15,32.78,33.07,33.02,32.6,32.87,32.78,32.6,32.77,32.43,32.43,32.6,32.26,32.43,32.45,32.36,32.2,32.4,32.11,31.89,31.89,31.74,31.89,31.83,31.77,31.77,31.72,31.89,31.83,32.06,31.98,31.94,32.14,32.03,32.14,32.26,32.14,32.51,32.36,32.51,32.4,32.62,32.65,32.48,32.68,32.53,32.53,32.57,32.4,32.43,32.11,32.14,32.45,32.11,32.51,32.11,32.36,32.31,32.31,32.4,32.18,32.18,32.18,32.36,32.45,32.57,32.77,32.77,32.68,33.04,33.15,33.27,33.2,33.44,32.99,33.36,33.41,33.49,33.66,33.86,33.71,34.01,33.91,33.54,33.88,34.01,33.57,33.88,33.71,33.79,33.88,33.61,33.79,33.69,33.66,33.57,33.54,33.19,33.29,32.9,31.89,28.76,23.03,21.08,20.27,19.95,19.87,19.58,19.48,19.21,19.08,19.25,19.11,19.26,19.08,19.18,19.05,19.18
19.26,19.47,19.26,19.25,19.4,19.62,19.47,19.68,19.48,19.92,20.24,20.91,23.08,30.13,32.48,32.6,33.07,33.57,33.57,33.44,33.69,33.69,33.69,33.46,33.69,33.86,33.52,33.62,33.12,33.36,33.27,33.52,33.2,33.52,33.2,33.12,32.99,33.07,32.95,33.32,33.15,33.27,32.77,33.27,32.94,32.95,33.1,32.95,32.94,32.7,32.48,32.6,32.94,32.57,32.18,32.62,32.2,32.14,32.26,32.18,32.2,32.09,31.83,31.81,31.94,31.61,31.66,31.44,31.64,31.57,31.94,31.89,31.91,32.01,32.09,32.11,32.2,32.23,32.31,32.2,32.48,32.53,32.36,32.51,32.48,32.48,32.65,32.68,32.57,32.6,32.48,32.53,32.28,32.45,32.06,32.09,32.01,32.14,32.18,32.23,32.28,32.48,32.4,32.14,32.4,32.45,32.6,32.68,32.6,32.85,32.9,32.7,32.99,33.15,33.2,33.27,33.41,33.52,33.52,33.54,33.66,33.61,33.37,33.91,33.86,33.69,34.01,33.91,33.91,33.86,34.08,33.99,33.96,34.25,33.71,33.99,33.71,33.57,33.46,33.41,33.15,32.78,31.91,28.48,22.93,20.9,20.32,20.02,19.52,19.65,19.62,19.26,19.25,19.26,19.3,19.15,19.15,18.83,19.25,18.86
19.36,19.4,18.96,19.48,18.86,19.68,19.48,19.68,19.55,20.32,20.42,20.91,22.48,29.67,32.43,32.82,33.15,33.19,33.49,33.49,33.78,33.37,33.66,33.74,33.69,33.54,33.44,33.54,33.41,32.94,33.02,33.32,33.24,33.19,32.95,32.99,32.78,33.1,33.12,33.15,33.1,33.12,33.19,32.99,33.04,33.27,32.87,32.94,32.77,32.35,32.78,32.7,32.43,32.28,32.43,32.45,32.45,32.14,32.11,32.2,32.03,31.86,31.98,31.86,31.94,32.06,31.74,31.74,31.74,32.01,31.66,31.81,31.64,31.77,32.03,32.06,32.18,32.35,32.35,32.65,32.4,32.48,32.4,32.78,32.62,32.68,32.51,32.94,32.7,32.51,32.53,32.45,32.18,32.09,32.28,31.91,32.09,32.11,32.06,32.09,32.14,32.14,32.48,32.51,32.4,32.18,32.68,32.62,32.4,32.82,32.85,32.7,32.7,32.95,33.32,33.37,33.07,33.37,33.41,33.46,33.78,33.79,33.62,33.71,33.41,33.99,33.93,34.1,34.18,33.83,33.88,33.83,33.93,33.54,33.61,33.96,33.88,33.46,33.66,33.12,33.27,32.87,32.11,28.56,22.73,20.54,20.17,19.8,19.52,19.36,19.18,19.21,19.26,19.05,19.55,19.0,19.26,19.05,19.08,19.0
19.4,19.55,19.03,19.08,19.21,19.4,19.55,19.48,19.65,20.05,20.31,21.01,22.58,29.98,32.53,32.65,33.12,33.41,33.52,33.57,33.69,33.66,33.44,33.52,33.37,33.49,33.44,33.49,33.12,33.41,32.99,33.36,33.2,33.12,32.99,33.1,32.87,32.73,32.87,32.95,32.87,33.02,33.12,33.1,33.27,33.02,32.78,32.78,32.65,32.48,32.78,32.57,32.23,32.53,32.31,32.48,32.23,32.31,32.26,32.14,32.14,31.94,32.11,31.77,31.57,31.77,31.52,31.77,31.57,31.52,31.56,31.72,31.69,31.69,32.11,32.03,32.26,32.09,32.28,32.2,32.36,32.36,32.68,32.4,32.85,32.77,32.65,32.94,32.53,32.53,32.36,32.4,32.43,32.36,32.2,32.09,32.2,32.2,32.11,32.31,32.18,32.2,32.57,32.57,32.53,32.35,32.48,32.65,32.73,32.73,32.87,32.77,32.7,33.04,33.27,33.19,33.29,33.24,33.36,33.37,33.54,33.54,33.78,33.62,33.93,33.79,33.86,33.86,33.93,34.13,34.01,34.01,33.78,33.79,33.69,33.29,33.29,33.69,33.12,33.29,33.15,32.48,31.77,28.39,22.63,20.51,19.95,19.8,19.8,19.43,19.48,19.18,19.26,18.89,19.18,19.05,19.18,19.05,19.08,18.96
19.62,19.18,19.4,19.3,19.25,19.25,19.62,19.36,19.62,19.87,20.36,20.83,22.46,30.08,32.4,32.6,33.32,33.19,33.2,33.61,33.62,33.37,33.74,33.49,33.78,33.61,33.66,33.57,33.44,33.49,33.2,32.87,33.1,32.94,32.9,32.82,32.9,32.94,33.1,32.73,32.94,32.9,33.2,32.95,33.32,33.07,32.87,32.65,32.43,32.62,32.26,32.62,32.35,32.53,32.4,32.43,32.23,32.2,32.11,32.23,32.43,32.14,31.98,31.69,31.64,31.83,31.69,31.57,31.77,31.74,31.57,31.77,31.86,31.77,32.26,32.11,32.14,32.03,32.35,32.51,32.43,32.87,32.73,32.62,32.57,32.65,32.77,32.73,32.65,32.4,32.31,32.51,32.62,32.35,32.35,31.94,32.23,32.09,32.2,32.18,32.06,32.01,32.45,32.62,32.48,32.68,32.53,32.68,32.43,32.94,32.99,32.94,32.82,33.02,33.2,33.32,33.46,33.32,33.66,33.36,33.74,33.49,33.71,33.78,33.83,33.88,33.93,33.88,34.16,34.21,34.04,33.99,34.1,33.78,33.78,33.61,33.46,33.78,33.24,33.15,32.85,32.53,31.64,28.39,22.12,20.61,20.05,19.99,19.48,19.52,19.55,19.55,19.11,19.25,19.21,19.0,19.62,18.96,19.03,19.18
19.21,19.43,19.11,19.25,19.21,19.52,19.68,19.68,19.77,19.9,20.27,20.73,22.29,29.69,32.31,32.48,32.95,33.29,33.44,33.27,33.49,33.49,33.54,33.74,33.49,33.49,33.19,33.61,33.15,33.32,33.2,33.1,33.1,33.24,32.99,32.78,32.85,32.65,32.77,33.04,32.9,32.57,32.87,32.85,33.1,33.04,33.04,32.78,32.6,32.45,32.4,32.62,32.31,32.4,32.65,32.65,32.23,32.23,32.11,32.11,32.23,31.98,31.98,31.94,31.83,31.72,31.47,31.47,31.44,31.91,31.57,31.66,31.66,31.81,32.31,32.31,32.23,32.31,32.28,32.6,32.48,32.57,32.68,32.53,32.48,32.73,32.77,32.51,32.73,32.73,32.73,32.65,32.68,32.36,32.23,32.2,32.2,32.11,32.03,32.01,32.31,31.98,32.43,32.45,32.45,32.48,32.62,32.53,32.51,32.7,32.9,32.7,33.1,32.99,32.99,33.12,33.2,33.15,33.49,33.15,33.49,33.57,33.54,33.49,33.74,33.91,33.78,33.74,34.38,33.91,34.13,33.88,34.04,33.66,33.62,33.24,33.52,33.52,33.41,33.24,32.9,32.6,31.74,28.31,22.24,20.61,20.21,19.73,19.55,19.68,19.58,19.3,19.11,19.0,18.96,19.05,18.86,19.11,19.3,19.3
19.11,19.33,19.08,18.93,18.83,19.3,19.4,19.68,19.77,20.09,20.24,20.24,22.32,29.61,32.18,32.36,32.94,33.24,33.41,33.44,33.32,33.44,33.46,33.44,33.2,33.36,33.66,33.29,33.46,32.95,32.95,32.94,32.94,32.62,32.94,32.87,32.73,32.7,32.62,32.7,32.9,32.7,32.87,32.95,33.12,33.04,32.95,32.77,32.51,32.7,32.68,32.4,32.65,32.68,32.48,32.35,32.26,32.51,32.51,32.11,32.06,32.03,32.2,32.18,31.69,31.74,31.64,31.61,31.49,31.69,31.77,31.72,32.06,31.98,32.43,32.36,32.14,32.4,32.45,32.18,32.95,32.53,32.82,32.78,32.6,32.95,33.02,33.1,32.77,32.78,32.77,32.7,32.51,32.23,32.45,32.43,32.36,32.18,32.35,32.48,32.18,32.4,32.53,32.4,32.57,32.4,32.45,32.7,32.45,32.82,32.94,32.65,33.07,33.02,33.1,33.1,33.04,33.36,33.44,33.19,33.74,33.46,33.74,33.71,33.69,33.83,33.62,33.88,33.88,33.96,33.93,33.69,33.93,33.83,33.66,33.37,33.41,33.44,33.49,33.19,32.95,32.53,31.61,28.48,22.66,20.68,20.24,19.99,19.77,19.25,19.25,19.26,19.3,19.15,19.43,19.05,19.15,19.05,19.03,18.93
19.3,19.21,19.25,19.36,19.52,19.48,19.26,19.48,19.8,20.05,20.12,21.27,22.02,29.24,32.2,32.78,32.9,33.19,33.46,33.49,33.49,33.71,33.57,33.54,33.2,33.86,33.71,33.44,33.24,33.2,33.12,33.07,32.87,32.68,32.68,33.04,32.68,32.78,32.62,32.9,32.65,32.62,32.73,33.04,32.99,32.94,33.07,32.68,32.9,32.77,32.78,32.65,32.65,32.51,32.48,32.65,32.4,32.53,32.2,32.06,31.94,31.86,32.03,31.86,31.56,31.77,31.66,31.98,31.81,31.61,31.81,31.89,32.06,32.11,32.09,32.36,32.2,32.45,32.68,32.68,32.77,32.57,32.68,32.82,32.7,32.94,32.9,33.15,32.82,32.65,32.85,32.65,32.48,32.26,32.45,32.31,32.14,32.26,32.51,32.06,32.4,32.28,32.51,32.53,32.43,32.57,32.6,33.02,32.78,32.7,32.68,32.87,32.99,32.99,32.95,32.87,33.02,32.99,33.49,33.36,33.32,33.27,33.32,33.86,33.52,33.96,33.54,34.04,33.93,33.86,33.99,33.71,33.71,33.69,33.61,33.41,33.41,33.44,33.44,33.15,33.29,32.77,31.86,28.71,22.81,20.58,20.21,19.7,19.52,19.65,19.08,19.26,19.52,19.26,19.15,19.08,19.0,19.05,19.18,19.08
19.36,19.25,19.08,19.48,19.25,19.26,19.18,19.62,19.87,20.02,20.09,20.54,22.12,28.56,31.98,32.43,32.77,33.24,33.24,33.57,33.49,33.41,33.61,33.66,33.44,33.57,33.57,33.32,33.15,33.2,33.04,33.12,32.87,32.78,32.73,32.68,32.77,32.65,32.43,32.68,32.68,32.68,32.73,32.57,33.1,32.77,32.68,32.85,32.95,32.68,32.62,32.62,32.68,32.62,32.6,33.02,32.23,32.28,32.43,31.89,32.23,31.81,31.98,31.81,31.74,31.74,31.72,31.98,31.77,31.66,31.83,31.98,31.86,31.89,32.14,32.57,32.14,32.45,32.73,32.82,32.68,32.78,32.82,33.12,32.9,32.95,32.65,32.68,33.04,32.85,32.57,32.62,32.57,32.45,32.53,32.35,32.43,32.62,32.09,32.23,32.45,32.48,32.57,32.65,32.53,32.68,32.48,32.62,33.04,32.85,32.73,32.78,32.94,33.04,33.12,32.87,33.07,33.27,33.37,33.32,33.49,33.12,33.46,33.71,33.46,33.78,33.86,33.86,33.69,33.99,33.91,33.74,33.66,33.61,33.62,33.46,33.69,33.37,33.44,33.36,33.1,32.6,31.57,28.63,22.46,20.71,20.24,19.7,19.8,19.48,19.0,19.08,19.43,18.83,19.26,18.89,19.25,18.96,19.15,19.33
19.11,19.4,19.33,19.15,19.05,19.3,19.33,19.48,19.62,19.95,20.14,20.68,21.95,28.76,31.81,32.62,33.12,33.1,33.2,33.61,33.49,33.49,33.69,33.69,33.71,33.78,33.52,33.46,33.36,33.29,33.2,33.02,32.9,32.9,32.65,32.99,32.78,32.57,32.73,32.6,32.85,32.65,32.99,32.87,32.87,32.9,32.78,32.68,32.78,32.65,32.48,32.6,32.87,32.73,32.48,32.77,32.9,32.45,32.18,32.14,32.45,31.94,32.01,31.86,31.89,31.89,31.72,31.83,31.72,31.94,31.72,31.94,32.11,32.01,32.2,32.51,32.48,32.65,32.78,32.48,32.9,32.85,33.02,33.15,32.99,33.19,32.65,33.02,32.95,32.68,32.6,32.62,32.45,32.43,32.43,32.2,32.43,32.43,32.23,32.31,32.28,32.4,32.43,32.43,32.48,32.82,32.45,32.77,32.48,32.85,32.85,33.02,32.82,33.07,32.87,33.02,33.07,33.04,33.12,33.24,33.29,33.24,33.46,33.41,33.66,33.41,33.44,33.49,33.66,33.88,33.83,33.57,33.62,33.78,33.74,33.57,33.32,33.49,33.19,33.24,33.02,32.7,32.06,28.43,22.78,20.79,19.9,19.77,19.73,19.84,19.33,19.4,19.18,19.08,19.0,18.86,19.18,19.18,19.05,18.89
19.08,19.21,19.52,19.08,19.15,19.15,19.55,19.21,19.33,19.84,20.12,20.46,21.9,28.76,31.89,32.45,32.4,32.95,33.15,33.41,33.49,33.62,33.52,33.29,33.27,33.52,33.44,33.46,33.24,32.87,33.15,32.77,33.02,32.77,32.68,32.87,32.9,32.43,32.51,32.57,32.77,32.7,32.78,32.7,32.65,32.73,32.65,33.07,32.82,32.6,32.7,32.57,32.6,32.48,32.45,32.45,32.2,32.4,32.31,32.14,31.94,31.86,31.94,32.09,32.06,31.74,31.74,31.66,31.89,31.83,31.94,32.2,32.01,32.28,32.06,32.4,31.98,32.51,32.51,32.73,32.82,33.2,32.94,33.27,33.04,32.99,32.94,32.99,32.99,32.95,32.73,32.73,32.43,32.48,32.62,32.4,32.35,32.45,32.26,32.35,32.43,32.43,32.2,32.53,32.65,32.2,32.62,32.51,32.78,32.68,32.73,32.43,32.65,32.87,33.02,32.9,33.02,33.19,33.07,32.99,33.15,33.02,33.07,33.27,33.46,33.49,33.49,33.71,33.54,33.37,33.44,33.74,33.62,33.62,33.66,33.61,33.44,33.36,32.95,33.15,33.1,32.68,31.74,28.55,22.76,20.91,20.24,19.9,19.4,19.36,19.52,19.26,19.4,19.15,19.18,19.03,19.0,19.0,18.96,19.48
19.08,19.08,19.03,19.0,19.08,19.52,19.47,19.84,19.65,19.99,20.14,20.49,21.75,27.79,31.98,32.4,32.78,33.27,33.52,33.54,33.71,33.57,33.46,33.69,33.19,33.32,33.54,33.36,33.41,33.1,32.87,32.7,33.1,32.78,32.45,32.51,32.68,32.78,32.53,32.2,32.82,32.53,32.7,32.57,32.73,32.68,32.85,32.73,32.48,32.77,32.57,32.68,32.68,32.7,32.36,32.45,32.36,32.26,32.53,32.23,32.11,31.86,32.01,31.94,31.98,31.91,31.94,31.4,31.83,31.94,32.06,31.89,32.01,32.31,32.35,32.35,32.62,32.7,32.7,32.85,33.04,33.32,32.99,33.24,33.2,33.04,32.82,32.94,33.04,32.87,32.95,32.87,32.53,32.43,32.4,32.28,32.31,32.31,32.28,32.31,32.57,32.26,32.53,32.31,32.43,32.62,32.53,32.62,32.78,32.85,32.9,32.99,32.9,32.94,33.2,32.95,33.12,32.78,33.1,33.04,33.1,33.07,33.1,33.19,33.24,33.12,33.44,33.79,33.61,33.66,33.52,33.37,33.57,33.52,33.44,33.49,33.37,33.52,33.07,32.9,32.99,32.65,31.98,28.19,22.21,20.73,20.36,19.92,19.33,19.62,19.18,19.15,19.15,19.0,18.86,19.25,19.05,19.21,19.18,18.86
19.25,19.18,19.11,19.03,19.25,19.55,19.55,19.25,19.58,19.73,20.17,20.24,21.9,27.6,31.56,32.51,32.87,33.04,33.37,33.69,33.78,33.62,33.62,33.52,33.44,33.44,33.15,33.2,33.15,33.1,32.95,32.73,32.87,32.7,32.36,32.85,32.26,32.6,32.68,32.43,32.73,32.53,32.57,32.36,32.82,32.7,32.65,32.87,32.51,32.65,32.87,32.77,32.68,32.57,32.36,32.43,32.2,32.2,32.18,32.14,32.23,31.83,31.86,32.09,32.03,31.81,31.81,31.69,31.72,32.01,31.98,32.01,32.03,31.98,32.57,32.45,32.73,32.95,32.87,32.95,33.07,33.36,33.24,33.2,33.32,33.37,33.46,33.12,33.04,32.87,32.94,33.02,32.65,32.65,32.68,32.28,32.53,32.45,32.36,32.45,32.57,32.45,32.4,32.6,32.57,32.62,32.65,32.65,32.4,32.65,32.85,32.87,32.53,32.87,33.29,32.87,33.1,33.12,32.94,33.19,32.99,33.12,33.1,33.07,33.24,33.15,33.27,33.71,33.86,33.52,33.61,33.15,33.54,33.66,33.44,33.54,33.19,33.29,33.1,32.78,32.57,32.99,32.09,28.39,22.63,21.28,20.17,20.12,19.8,19.62,19.18,19.08,19.25,18.96,19.0,18.81,18.96,18.89,19.18,19.0
19.03,19.03,19.52,19.33,19.08,19.43,19.36,19.7,19.77,19.65,20.17,20.64,21.42,27.29,31.57,32.2,32.77,32.95,33.36,33.36,33.49,33.49,33.44,33.2,33.36,33.49,33.37,33.32,33.27,33.2,32.99,33.1,32.77,32.62,32.65,32.57,32.62,32.53,32.51,32.36,32.57,32.4,32.36,32.78,32.57,32.68,32.68,32.68,32.77,32.9,32.82,32.53,32.7,32.65,32.57,32.31,32.06,32.43,32.4,32.2,31.83,32.14,32.09,31.86,31.77,31.74,31.83,31.61,32.03,32.28,32.06,32.03,32.11,32.4,32.48,32.7,32.9,32.94,32.99,33.2,33.24,33.32,33.41,33.49,33.36,33.46,33.27,33.12,33.27,33.2,32.65,32.94,32.99,32.78,32.57,32.57,32.23,32.51,32.11,32.4,32.14,32.35,32.51,32.31,32.53,32.65,32.6,32.7,32.7,32.48,32.26,33.02,32.62,32.87,32.85,32.6,32.99,32.99,32.95,33.12,33.02,32.99,33.32,32.95,33.04,33.36,33.27,33.41,33.62,33.62,33.66,33.15,33.62,33.27,33.52,33.41,33.24,33.12,32.99,33.1,32.7,32.77,32.31,29.47,23.38,20.9,20.21,19.92,20.17,19.58,19.73,19.4,19.25,19.15,19.08,18.93,19.05,19.25,19.15,19.08
19.21,18.86,19.18,19.43,19.36,19.48,19.3,19.33,19.73,19.73,20.24,20.49,21.43,26.73,31.27,32.31,33.07,32.95,33.44,33.37,33.69,33.69,33.44,33.36,33.54,33.78,33.29,33.32,33.61,33.1,33.07,32.82,32.85,32.78,32.57,32.65,32.14,32.45,32.23,32.11,32.43,32.23,32.43,32.48,32.28,32.7,32.62,32.6,32.57,33.02,32.7,32.48,32.43,32.28,32.28,32.2,32.26,32.35,32.09,32.36,31.81,32.06,32.14,31.83,32.03,31.81,32.09,31.94,31.86,31.89,31.94,31.91,32.01,32.35,32.6,32.7,33.07,32.94,33.29,33.36,33.46,33.52,33.54,33.49,33.29,33.71,33.49,33.36,33.49,33.02,33.07,32.99,32.68,32.53,32.85,32.51,32.53,32.43,32.51,32.43,32.35,32.11,32.26,32.36,32.18,32.62,32.53,32.53,32.65,32.51,32.57,32.87,32.6,33.12,33.19,32.6,32.82,32.95,32.95,32.82,32.99,32.85,32.99,32.73,33.02,33.07,33.36,33.41,33.49,33.36,33.37,33.12,33.19,33.12,33.29,33.2,33.2,33.1,33.37,32.85,32.7,32.78,32.43,30.75,24.63,21.28,20.24,20.27,19.62,19.65,19.15,19.25,19.18,19.15,19.25,19.18,18.81,19.11,19.25,18.86
19.05,19.08,19.52,19.25,19.4,19.26,19.3,19.48,19.25,19.55,19.8,20.54,21.35,26.34,31.27,32.4,32.9,32.87,33.24,33.46,33.46,33.32,33.24,33.37,33.27,33.27,33.41,33.52,33.27,33.1,33.24,33.1,32.87,32.68,32.35,32.36,32.31,32.03,32.11,32.28,32.53,32.53,32.51,32.14,32.57,32.62,32.7,32.53,32.62,32.94,32.48,32.43,31.98,32.53,32.43,32.4,31.89,32.03,32.28,32.28,31.98,32.18,32.01,31.91,32.03,31.81,31.83,32.14,32.03,32.14,32.06,31.98,32.06,32.23,32.7,32.62,33.15,33.07,33.19,33.46,33.61,33.62,33.86,33.79,33.74,33.54,33.37,33.19,33.37,33.24,33.15,33.12,32.94,32.73,32.82,32.48,32.45,32.43,32.31,32.14,32.4,32.2,32.48,32.31,32.2,32.28,32.45,32.48,32.31,32.18,32.82,32.51,32.51,32.82,32.6,32.85,32.68,32.87,32.94,32.68,33.12,33.02,32.82,32.7,32.99,33.02,33.37,33.1,33.04,33.37,33.27,33.36,33.27,33.07,33.24,33.27,33.2,32.85,32.87,32.9,32.77,32.4,32.43,31.35,26.85,21.69,20.39,20.21,19.84,19.65,19.58,19.48,19.4,19.05,18.96,19.18,18.93,19.0,19.15,18.96
19.21,19.05,19.33,19.03,19.33,19.33,19.26,19.62,19.8,19.9,20.09,20.39,21.23,26.56,31.47,32.48,32.73,32.82,33.12,33.1,33.41,33.15,33.27,33.52,33.49,33.44,33.69,33.71,33.62,33.61,33.32,33.04,32.82,32.7,32.51,32.57,32.48,32.48,32.6,32.23,32.26,32.01,32.36,32.65,32.85,32.36,32.62,33.04,32.7,32.73,32.53,32.36,32.6,32.31,32.23,32.11,32.06,32.09,31.89,31.94,31.98,32.06,32.09,32.11,32.2,32.11,31.86,32.18,32.03,31.74,32.11,32.23,32.09,32.53,32.48,32.9,33.24,33.07,33.32,33.37,33.46,33.96,33.66,33.74,33.57,33.79,33.69,33.52,33.54,33.37,33.44,33.07,33.07,32.95,32.9,32.51,32.7,32.82,32.26,32.45,32.26,32.2,32.4,32.65,32.28,32.48,32.26,32.26,32.14,32.35,32.51,32.48,32.43,32.4,32.73,32.82,32.65,32.82,32.65,32.73,32.87,32.73,33.1,33.1,33.1,33.02,32.9,33.04,33.29,33.27,33.36,32.9,32.95,33.04,33.12,33.02,32.85,33.02,32.94,32.9,32.78,32.57,32.6,31.74,28.24,22.12,20.58,20.24,19.92,19.87,19.36,19.36,19.36,18.93,19.26,19.0,19.15,19.18,18.93,18.93
19.11,19.15,19.18,19.26,19.3,19.55,19.25,19.68,19.55,19.92,20.12,20.54,21.28,26.56,31.56,32.77,32.7,32.95,32.95,33.44,33.29,33.62,33.37,33.54,33.74,33.57,33.74,33.44,33.36,33.52,33.29,33.07,32.99,32.7,32.7,32.7,32.09,32.26,32.51,32.18,32.2,32.18,32.6,32.65,32.36,32.62,32.43,32.82,32.35,32.36,32.28,32.6,32.57,32.45,32.51,32.28,32.2,32.09,32.28,32.18,31.91,32.18,32.06,32.36,32.36,31.83,32.11,31.81,32.09,32.2,32.11,32.11,32.31,32.51,32.78,32.65,33.12,33.2,33.44,33.78,33.83,33.96,33.96,34.18,33.88,33.86,33.83,33.83,33.61,33.83,33.36,33.37,33.27,33.2,33.07,32.87,32.85,32.77,32.26,32.62,32.28,32.23,32.26,32.14,32.26,32.28,32.28,32.31,32.09,32.26,32.28,32.23,32.65,32.65,32.57,32.73,32.68,32.85,32.87,32.99,32.87,32.99,33.02,32.78,33.07,33.07,33.24,33.15,33.1,33.41,33.41,33.19,33.04,32.87,33.32,33.1,32.95,33.07,32.94,32.7,32.78,32.48,32.51,32.09,29.61,23.54,20.91,20.21,20.21,19.65,19.47,19.33,19.15,19.15,19.05,18.68,19.11,19.03,18.96,19.05
19.15,18.89,19.48,18.93,19.08,19.11,19.55,19.65,19.7,19.92,20.09,20.27,21.27,26.65,31.86,32.6,32.57,33.07,32.95,33.15,33.61,33.62,33.78,33.66,33.54,33.86,33.52,33.54,33.02,32.99,33.12,33.29,33.19,32.57,32.28,32.45,32.14,32.14,32.06,32.06,32.36,32.28,32.65,32.48,32.6,32.7,32.68,32.6,32.68,32.35,32.35,32.31,32.28,32.26,32.26,32.18,32.18,32.01,32.23,32.2,32.23,31.83,31.98,32.06,31.86,32.11,32.01,31.94,32.11,32.14,32.23,32.57,32.43,32.53,33.02,32.95,32.9,33.2,33.78,33.74,33.91,34.18,34.25,34.08,33.88,34.04,34.01,33.91,33.54,33.66,33.61,33.37,33.24,33.19,33.02,32.87,32.85,32.62,32.35,32.4,32.4,32.36,32.4,32.09,32.18,32.31,32.45,32.14,32.18,32.23,32.51,32.35,32.18,32.36,32.6,32.48,32.45,32.7,32.6,32.7,32.78,32.78,32.77,33.02,32.9,33.1,33.04,33.24,33.19,33.37,33.27,33.04,33.1,32.95,32.94,32.78,33.04,33.15,32.53,32.73,32.65,32.28,32.48,32.09,30.82,25.44,21.35,20.54,19.77,19.62,19.43,19.3,19.33,19.18,19.08,19.26,19.05,18.93,19.0,18.71
19.11,19.15,19.3,18.81,18.93,19.18,19.52,19.36,19.73,19.58,19.99,20.46,21.75,27.67,32.14,32.82,32.73,32.85,33.12,33.41,33.54,33.79,33.71,33.74,33.54,33.44,33.37,33.19,33.02,32.95,33.1,33.15,32.99,32.82,32.6,32.53,32.45,32.26,32.31,32.36,32.4,32.53,32.6,32.85,32.87,32.73,32.87,32.53,32.35,32.36,32.35,32.2,32.31,32.03,32.26,32.31,32.01,32.18,32.28,32.03,32.11,32.09,32.01,31.89,32.26,32.23,32.2,32.03,32.2,32.51,32.26,32.57,32.82,32.65,32.99,33.15,33.37,33.44,33.44,33.86,34.18,34.13,34.16,34.13,34.52,33.99,34.16,33.93,33.66,33.66,33.71,33.32,33.12,33.37,33.37,32.87,32.87,32.95,32.62,32.68,32.6,32.51,32.51,32.35,32.06,32.28,32.11,32.11,32.06,31.89,32.03,32.18,32.11,32.23,32.51,32.68,32.6,32.62,32.7,32.85,32.9,32.87,33.02,33.04,33.07,32.99,33.04,33.19,33.19,33.19,33.27,33.2,32.77,33.04,33.12,32.73,33.1,32.87,33.02,33.12,32.68,32.57,32.57,32.23,31.29,27.55,22.06,20.61,19.95,19.73,19.48,19.4,19.33,19.21,19.26,19.18,19.26,19.0,19.11,19.11
19.0,19.26,19.15,19.25,18.93,19.43,19.55,19.55,19.9,20.05,20.27,21.05,21.84,27.99,31.83,32.35,32.94,32.73,33.12,33.46,33.61,33.79,33.37,33.62,33.2,33.32,33.12,33.02,33.02,32.87,33.04,33.07,33.07,33.02,32.6,32.48,32.26,32.36,32.51,32.2,32.26,32.68,32.73,32.85,32.77,32.87,32.35,32.45,32.35,32.06,32.2,32.09,32.43,32.28,32.26,32.2,32.18,32.28,32.45,31.94,32.01,32.4,32.18,32.09,32.01,32.11,32.31,32.18,32.4,32.2,32.48,32.45,32.73,32.62,33.02,33.27,33.24,33.46,33.83,34.01,34.01,34.38,34.26,34.3,34.33,34.38,34.21,34.13,34.18,33.88,33.44,33.61,33.41,33.27,33.19,33.24,32.82,33.12,32.73,32.53,32.18,32.48,32.31,32.14,32.14,32.11,32.11,31.98,31.98,32.14,32.35,32.14,32.26,32.18,32.36,32.53,32.7,32.57,32.57,32.43,32.73,32.77,32.95,33.07,33.02,32.87,32.95,33.07,32.99,33.1,32.99,32.94,33.12,33.07,32.82,32.68,32.77,32.78,32.99,33.07,32.99,32.53,32.73,32.45,31.83,29.64,23.69,21.23,20.14,20.12,19.65,19.3,19.4,19.4,19.21,19.25,19.25,18.89,19.18,19.47
19.47,19.26,19.33,19.52,19.18,19.47,19.55,19.8,19.73,19.77,20.36,20.73,22.29,28.56,31.91,32.53,32.77,33.04,33.04,33.62,33.27,33.19,33.32,33.2,33.32,32.68,33.02,33.02,32.99,32.77,33.12,33.32,33.07,32.95,32.85,32.4,32.68,32.45,32.68,32.45,32.65,32.68,32.85,32.68,32.94,32.57,32.14,32.26,32.06,31.94,32.14,32.14,32.03,32.09,32.09,32.06,32.09,32.26,32.18,32.03,32.18,32.01,31.94,32.31,32.28,32.03,32.18,32.18,32.35,32.65,32.7,32.82,32.68,32.99,33.19,33.1,33.44,33.57,33.71,33.99,34.41,34.57,34.55,34.38,34.38,34.65,34.25,34.35,33.91,34.01,33.93,33.88,33.52,33.61,33.41,32.95,33.15,33.02,32.6,32.7,32.65,32.62,32.23,32.01,31.94,32.03,32.09,32.01,32.01,32.11,32.31,32.06,32.11,32.53,32.4,32.48,32.45,32.4,32.6,32.53,32.65,33.07,32.87,32.94,33.19,32.95,33.41,33.07,33.02,33.07,33.07,33.04,33.15,32.85,32.99,32.9,32.94,33.19,32.78,32.95,32.9,32.62,32.73,32.35,32.23,31.07,25.99,21.72,20.49,20.31,19.84,19.55,19.47,19.52,19.43,19.08,19.11,19.25,19.15,18.71
19.3,19.03,19.08,19.25,19.33,19.58,19.33,19.7,19.92,19.92,20.05,20.79,22.61,29.49,31.98,32.57,32.62,33.07,33.12,33.2,33.36,33.19,33.29,33.07,33.04,32.87,32.87,32.95,32.82,32.82,32.85,32.9,32.78,32.85,32.78,32.6,32.65,32.87,32.68,32.53,32.57,32.73,32.35,32.62,32.23,32.23,32.14,32.03,31.83,31.91,32.03,32.06,32.09,32.03,32.01,31.98,31.98,31.94,32.09,31.91,31.94,32.06,31.74,31.74,31.98,32.31,32.36,31.91,32.2,32.36,32.45,32.7,32.78,32.95,33.1,33.29,33.49,33.66,34.01,34.04,34.3,34.55,34.43,34.63,34.33,34.35,34.35,34.08,34.16,33.79,34.1,33.91,33.66,33.71,33.69,33.12,33.12,33.19,32.7,32.68,32.45,32.36,32.28,32.06,32.09,31.98,31.86,32.14,32.23,31.94,32.23,31.91,32.11,32.03,31.89,32.28,32.51,32.23,32.57,32.2,32.31,32.51,32.51,32.9,32.82,32.85,32.87,33.04,33.2,33.02,32.99,32.94,33.12,33.07,32.87,32.87,32.9,32.95,33.02,32.48,32.68,32.68,32.57,32.51,32.2,31.61,28.71,23.22,20.91,20.12,19.73,19.52,19.4,19.33,19.08,19.26,19.33,19.26,19.11,18.83
19.26,19.0,19.26,19.4,19.08,19.47,19.52,19.58,19.58,19.87,20.51,20.73,23.48,30.21,31.89,32.51,32.45,32.9,33.19,33.2,33.07,32.9,33.04,32.65,32.7,32.6,32.73,32.62,32.57,32.7,32.9,32.62,32.7,32.68,32.36,32.62,32.45,32.36,32.7,32.51,32.6,32.31,32.51,32.45,32.23,32.26,31.86,32.01,31.74,31.91,31.83,31.61,31.72,31.83,32.01,32.03,31.94,31.91,31.64,31.91,32.03,31.89,32.01,32.01,32.14,32.18,32.31,32.18,32.23,32.65,32.73,32.68,32.94,33.1,33.41,33.37,33.52,33.93,33.99,34.43,34.52,34.41,34.57,34.89,34.52,34.65,34.57,34.55,33.93,33.88,33.83,33.79,33.71,33.37,33.41,33.02,33.1,33.15,32.82,32.82,32.77,32.62,32.14,32.06,31.89,31.91,32.01,32.23,31.89,32.09,31.89,32.09,31.94,31.91,32.26,32.14,32.06,32.28,32.57,32.14,32.28,32.73,32.36,32.53,32.85,32.77,32.9,32.82,32.9,32.94,32.94,32.87,32.95,33.07,33.07,32.9,32.68,33.19,33.12,33.04,32.73,32.53,32.62,32.68,32.01,31.35,30.04,25.55,21.35,20.36,19.58,19.48,19.65,19.08,19.3,18.89,19.26,19.21,19.25,18.89
18.81,19.15,19.26,19.55,19.08,19.55,19.15,19.7,19.68,19.99,20.46,21.28,24.75,31.24,32.06,32.31,32.94,32.78,33.1,32.94,32.95,32.77,32.7,32.77,32.7,32.53,32.45,32.4,32.31,32.43,32.6,32.68,32.28,32.45,32.53,32.53,32.7,32.28,32.4,32.48,32.18,32.31,32.31,32.43,31.89,31.91,31.66,31.98,31.61,31.4,31.77,31.56,31.89,31.61,31.89,31.74,31.69,31.69,31.83,31.86,31.74,31.89,32.03,31.86,32.09,32.09,32.11,32.14,32.43,32.68,32.6,32.62,32.78,32.99,33.07,33.54,33.62,33.57,33.96,34.3,34.13,34.57,34.82,34.52,34.68,34.82,34.48,34.33,34.38,34.25,34.25,33.88,33.74,33.57,33.24,32.99,33.15,33.24,32.6,32.68,32.6,32.45,32.36,32.26,32.01,32.14,32.06,32.03,32.01,32.06,32.09,31.81,31.77,32.18,32.06,31.94,32.06,32.09,32.26,32.18,32.31,32.36,32.28,32.48,32.77,32.78,32.78,32.9,32.82,32.99,32.94,32.95,33.1,32.85,32.85,32.68,32.62,33.02,32.99,32.73,32.77,32.45,32.73,32.45,32.26,31.72,31.03,27.67,22.17,20.58,19.92,19.52,19.36,19.36,19.36,18.96,19.0,18.96,19.18,19.15
18.83,19.36,19.08,19.26,19.47,19.48,19.33,19.48,20.09,19.95,20.58,21.28,26.97,31.27,32.43,32.53,32.82,32.82,32.82,33.02,32.9,32.7,32.51,32.65,32.51,32.45,32.68,32.68,32.43,32.51,32.4,32.26,32.35,32.4,32.53,32.4,32.51,32.43,32.09,32.06,32.09,32.11,32.35,32.2,32.03,31.56,31.56,31.72,31.24,31.64,31.44,31.83,31.74,31.49,31.83,31.66,31.77,31.83,31.69,31.77,31.81,31.94,31.94,31.91,32.18,32.18,32.48,32.11,32.77,32.6,32.65,32.9,32.9,33.2,33.15,33.52,33.66,33.79,34.21,34.41,34.65,34.6,34.57,34.73,34.68,34.65,34.73,34.77,34.25,34.18,33.96,34.13,33.78,33.44,33.78,33.44,33.15,33.24,32.87,32.82,32.73,32.35,32.45,32.28,32.03,32.26,31.89,31.98,32.06,32.06,32.09,31.94,32.18,32.11,31.91,32.18,32.01,32.14,31.98,32.03,32.35,32.18,32.2,32.28,32.45,32.62,32.77,32.65,32.78,32.82,33.07,33.07,32.95,33.04,32.68,32.95,32.7,32.99,32.9,32.85,32.78,32.48,32.99,32.78,32.31,31.98,31.07,29.56,23.42,20.42,19.92,19.84,19.21,19.36,18.81,19.25,19.43,18.93,19.0,18.61
19.18,19.08,19.33,19.26,19.15,19.33,19.25,19.33,19.92,20.14,20.68,21.95,28.6,31.66,32.11,32.45,32.78,32.7,32.57,32.94,32.7,32.73,32.73,32.68,32.36,32.36,32.62,32.23,32.11,32.03,32.09,32.23,32.14,32.31,32.06,32.23,32.14,32.09,32.09,32.01,32.18,32.09,32.14,31.98,31.64,31.69,31.72,31.52,31.39,31.35,31.49,31.15,31.39,31.32,31.4,31.39,31.56,31.49,31.52,31.64,31.69,31.57,31.83,31.83,31.86,32.2,32.14,32.18,32.31,32.53,32.57,32.68,32.82,33.24,33.49,33.41,33.61,33.79,34.16,34.33,34.68,34.68,34.68,34.82,34.72,34.85,34.77,34.68,34.43,34.33,34.01,33.83,33.62,33.54,33.37,33.15,33.04,32.87,32.78,32.7,32.9,32.65,32.48,32.09,32.03,31.98,31.98,32.11,31.98,31.81,32.09,32.14,31.89,31.94,31.91,31.94,31.86,31.91,32.23,31.91,32.03,32.2,32.31,32.2,32.36,32.18,32.77,32.85,32.87,32.82,32.94,32.95,32.77,32.82,32.73,32.87,32.65,32.68,32.82,32.85,32.62,32.78,32.65,32.51,32.26,31.77,31.44,30.55,25.52,21.23,20.05,19.99,19.55,19.33,19.4,18.93,19.21,18.86,18.81,19.08
19.05,18.93,19.25,19.25,19.47,19.15,19.52,19.87,20.02,20.32,21.16,23.38,29.93,31.64,32.06,32.31,32.51,32.68,32.73,32.68,32.53,32.51,32.57,32.11,32.14,32.4,32.65,32.23,32.09,32.03,32.06,32.11,32.14,32.03,32.09,31.91,31.89,31.83,31.94,31.61,31.74,32.01,32.14,31.94,31.83,31.44,31.35,31.66,31.32,31.49,31.49,31.72,31.12,31.57,31.19,31.39,31.35,31.52,31.49,31.72,31.52,31.49,31.89,31.77,32.03,31.86,32.31,32.48,32.43,32.6,32.65,32.94,33.07,33.2,33.52,33.44,33.69,34.01,34.13,34.48,34.68,34.63,34.72,35.02,34.6,34.82,34.68,34.89,34.47,34.38,34.04,33.91,33.71,33.52,33.41,33.36,33.12,33.32,32.85,32.78,32.9,32.53,32.2,32.28,32.09,32.11,31.83,32.09,31.77,32.18,32.23,32.09,32.26,32.18,31.91,32.06,32.03,31.69,32.18,32.09,31.98,32.18,32.14,32.18,32.06,32.18,32.4,32.35,32.78,32.65,32.62,33.19,32.9,32.94,33.12,33.07,33.15,33.15,33.1,32.65,32.7,32.94,32.77,32.51,32.73,32.03,31.89,31.39,27.91,21.9,20.39,19.77,19.87,19.36,19.25,19.21,19.4,19.08,19.26,19.11
19.3,19.18,19.55,19.21,18.96,19.33,19.3,19.77,20.02,20.31,21.08,25.13,30.66,31.72,32.26,32.43,32.57,32.68,32.48,32.7,32.62,32.51,32.45,32.11,32.6,32.28,32.31,32.14,32.01,32.06,31.81,32.06,31.74,31.98,31.69,31.72,31.89,31.83,31.77,31.57,31.56,31.72,32.06,31.89,31.57,31.61,31.44,31.19,31.44,31.39,31.39,31.29,31.49,31.2,31.35,31.56,31.4,31.27,31.12,31.4,31.52,31.83,31.81,31.89,32.14,31.98,32.2,32.06,32.62,32.77,32.94,33.24,33.24,33.57,33.54,33.49,33.79,34.08,34.48,34.77,34.82,34.82,35.07,34.99,34.8,35.07,34.8,34.82,34.6,34.57,34.48,34.3,33.96,33.74,33.36,33.24,33.24,33.15,33.12,32.94,32.65,32.48,32.57,32.36,32.23,32.01,32.2,32.09,32.28,31.91,32.23,32.18,31.91,31.83,32.26,32.03,32.09,32.09,31.86,31.94,31.86,31.98,32.01,31.98,32.06,32.4,32.06,32.4,32.48,32.51,32.9,32.68,33.07,32.95,32.94,33.27,33.19,33.29,33.07,33.37,32.85,32.95,32.85,32.65,32.28,32.11,32.26,31.77,29.12,23.18,20.71,20.31,19.7,19.55,19.18,19.25,19.15,19.3,19.21,19.15
19.25,18.93,19.47,19.36,19.3,19.7,19.33,19.95,19.99,20.24,21.28,27.47,31.02,31.77,32.11,32.06,32.14,32.48,32.35,32.48,32.2,32.36,32.18,31.89,32.18,32.31,32.14,32.11,31.83,31.91,31.66,31.83,31.89,31.98,31.89,31.57,31.52,31.52,31.66,31.44,31.47,31.81,31.81,31.77,31.66,31.29,31.1,31.57,31.02,31.27,31.2,31.27,31.15,31.19,31.07,31.35,31.27,31.12,31.27,31.64,31.44,31.49,31.39,31.94,32.23,32.18,32.45,32.23,32.53,32.95,32.73,33.07,33.2,33.37,33.49,33.78,33.78,34.25,34.63,34.68,35.1,34.85,34.72,34.77,34.9,34.85,34.94,34.95,34.94,34.99,34.65,34.3,34.08,33.74,33.52,33.49,33.12,33.37,33.04,32.95,32.77,32.82,32.65,32.2,32.26,32.06,32.26,32.2,32.06,31.86,32.2,31.81,32.31,32.03,32.01,32.36,32.26,32.03,31.91,31.86,31.77,32.28,31.83,31.77,31.77,32.18,32.31,32.11,32.11,32.62,32.73,32.82,32.73,32.82,32.95,33.19,32.95,33.02,32.85,33.02,33.12,33.07,32.95,32.73,32.6,32.36,32.2,31.66,29.81,24.33,20.95,20.12,19.62,19.68,19.25,19.03,19.25,18.81,19.03,19.18
19.15,19.25,19.3,19.21,19.47,19.21,19.99,19.99,20.42,20.49,22.76,29.0,31.27,31.81,32.18,32.35,32.4,32.4,32.43,32.78,32.14,32.09,31.86,32.28,32.28,32.35,31.98,31.86,31.74,31.69,31.69,31.91,31.66,31.64,31.52,31.24,31.24,31.56,31.69,31.44,31.49,31.81,31.98,31.69,31.47,31.61,31.24,31.4,31.15,31.27,31.1,31.35,31.1,31.2,31.29,31.03,31.2,31.24,31.44,31.24,31.39,31.57,31.56,31.91,32.01,32.23,32.35,32.4,32.6,32.82,32.94,32.87,33.52,33.78,33.46,33.91,33.96,34.25,34.65,34.85,34.85,35.07,34.85,34.9,34.85,34.77,34.9,34.9,35.07,34.9,34.73,34.33,34.08,33.78,33.86,33.49,33.36,33.15,33.24,33.07,32.94,32.82,32.73,32.6,32.6,32.6,32.14,32.48,32.23,32.26,31.91,32.18,32.03,32.06,32.09,32.23,32.2,32.09,31.91,31.74,31.83,32.06,31.74,32.26,31.89,32.23,32.18,32.26,32.35,32.36,32.62,32.7,32.94,32.87,33.07,33.02,33.02,33.19,33.02,33.12,33.12,33.1,32.94,32.77,32.36,32.36,31.98,31.83,30.66,25.28,21.57,20.39,19.92,19.68,19.68,19.33,19.15,19.11,19.25,19.05
19.05,19.21,19.33,19.47,19.4,19.47,19.58,19.8,20.17,21.05,23.94,30.36,31.24,31.56,32.06,32.09,32.36,32.48,32.31,32.4,32.06,32.03,32.06,32.11,32.18,32.18,32.18,31.77,31.49,31.64,31.44,31.86,31.52,31.61,31.74,31.61,31.44,31.29,31.19,31.29,31.72,31.72,31.86,31.56,31.56,31.4,31.35,31.1,31.2,31.12,30.98,31.02,31.19,31.15,30.98,31.27,30.87,31.2,31.19,31.07,31.49,31.66,32.01,31.66,32.01,31.94,32.4,32.18,32.6,32.6,32.87,33.19,33.24,33.66,33.44,33.91,34.01,34.13,34.73,35.15,35.12,34.68,34.95,34.73,34.94,34.99,35.24,35.07,35.15,35.12,34.63,34.52,34.08,34.01,33.91,33.52,33.57,33.41,33.04,33.2,32.94,32.95,32.7,32.82,32.2,32.06,32.31,32.26,32.14,32.03,32.28,32.2,32.18,32.14,32.06,32.01,32.06,32.03,31.89,31.81,32.01,31.61,31.83,32.06,32.01,31.86,32.11,32.45,32.31,32.48,32.53,32.51,32.95,32.87,33.02,33.07,33.36,33.2,33.32,33.36,33.27,33.12,33.02,32.62,32.65,32.48,31.91,32.01,31.19,26.31,21.47,20.31,19.95,19.4,19.33,19.18,19.08,19.26,19.55,19.05
19.0,19.21,19.08,19.33,19.62,19.73,20.05,19.99,20.27,21.28,26.18,30.9,31.57,31.77,32.03,32.14,32.28,32.6,32.36,32.57,32.23,32.06,31.94,32.4,32.43,31.77,31.72,31.47,31.61,31.39,31.39,31.49,31.52,31.32,31.35,31.52,31.27,31.44,31.03,31.4,31.44,31.64,31.72,31.61,31.47,31.35,31.44,31.27,31.29,31.02,31.2,31.07,30.95,31.32,31.03,31.03,30.82,31.47,31.2,31.19,31.2,31.66,31.61,32.18,31.98,32.28,32.45,32.48,32.68,33.15,33.07,33.29,33.36,33.66,33.69,33.86,34.16,34.33,35.1,34.68,35.07,35.15,34.95,34.82,34.82,34.99,35.1,35.19,35.15,35.26,35.04,34.8,34.47,34.35,33.93,33.71,33.2,33.37,33.46,33.02,32.99,33.02,32.6,32.57,32.57,32.4,32.18,32.4,32.23,31.89,32.4,32.36,32.2,32.01,32.18,31.81,32.09,31.86,31.77,31.77,31.91,31.69,31.89,31.86,32.01,31.89,32.01,32.01,32.23,32.43,32.68,32.45,32.82,32.99,33.07,33.2,33.41,33.19,33.54,33.36,33.32,33.24,32.78,32.73,32.82,32.53,32.31,32.01,30.98,27.29,22.02,20.36,20.24,19.33,19.43,19.25,19.08,18.86,19.08,19.18
19.25,19.25,18.89,19.52,19.11,19.52,19.87,20.09,20.46,21.95,28.16,31.35,31.66,32.01,32.06,32.11,32.28,32.26,32.45,32.18,32.36,32.26,32.48,32.09,32.14,31.57,31.52,31.4,31.49,31.39,31.44,31.39,31.32,31.19,30.95,31.29,30.95,31.19,31.15,31.24,31.35,31.57,31.66,31.57,31.29,31.27,31.12,31.4,31.12,31.02,31.03,30.95,31.1,31.12,31.02,31.2,31.15,31.24,31.2,31.44,31.47,31.39,31.81,31.89,31.77,31.94,32.45,32.77,32.68,32.9,33.29,33.37,33.46,33.57,33.79,33.88,33.96,34.52,34.95,34.95,34.8,35.1,34.73,35.02,34.77,34.77,34.73,34.94,35.04,35.26,35.19,34.52,34.8,34.21,34.01,33.57,33.57,33.62,33.36,33.1,32.99,32.87,32.68,32.87,32.53,32.35,32.51,32.53,32.35,32.4,32.36,32.14,32.28,32.11,32.23,32.03,31.89,31.83,32.01,31.72,31.81,31.81,31.66,31.89,31.91,31.91,31.91,32.2,32.09,32.35,32.62,32.28,32.9,33.2,33.29,33.44,33.52,33.71,33.54,33.61,33.07,32.99,33.02,33.12,32.82,32.43,32.26,32.2,31.24,28.02,21.84,20.58,20.14,19.8,19.36,19.15,19.11,19.15,19.21,18.86
19.15,19.0,19.25,19.43,19.52,19.58,19.58,20.05,20.71,22.76,29.49,31.39,31.56,31.94,32.06,32.09,32.18,32.26,32.23,32.45,32.31,32.18,32.11,31.81,31.61,31.56,31.35,31.52,31.07,31.29,31.39,31.29,31.29,31.07,31.27,31.29,30.82,31.32,31.24,31.19,31.49,31.66,31.57,31.47,31.19,30.98,31.24,31.2,30.78,31.32,30.87,31.19,30.98,30.78,30.83,31.15,30.83,31.07,30.87,31.35,31.52,31.32,31.74,31.94,32.06,32.26,32.36,32.68,33.07,32.9,33.04,33.32,33.36,33.37,33.54,33.86,34.25,34.72,34.65,34.77,34.73,34.8,34.85,34.94,34.77,34.95,35.1,35.19,35.07,35.07,35.07,34.95,34.9,34.48,34.26,33.54,33.61,33.41,33.41,33.24,33.1,32.87,32.78,32.82,32.6,32.57,32.23,32.28,32.65,32.2,32.48,32.6,32.18,32.18,32.06,32.09,32.01,31.98,32.01,31.91,31.81,31.72,31.86,31.74,31.74,32.01,31.98,32.2,32.36,32.28,32.36,32.35,32.73,33.02,33.49,33.52,33.54,33.36,33.19,32.99,33.12,33.12,32.87,32.82,32.85,32.73,32.45,32.11,31.27,28.56,22.66,20.46,19.87,19.8,19.55,19.25,19.3,19.25,18.96,19.0
19.03,19.25,19.33,19.48,19.21,19.4,19.87,20.14,21.01,25.01,30.36,31.24,31.64,31.74,31.98,32.28,32.26,32.57,32.2,32.09,32.23,32.11,31.77,31.56,31.29,31.27,31.39,31.1,31.27,31.32,31.12,31.27,31.02,31.39,30.9,31.2,31.27,30.95,31.27,31.07,31.49,31.32,31.4,31.07,30.95,31.07,31.12,30.98,31.27,31.24,30.78,31.15,31.03,30.92,30.73,30.9,31.2,31.1,31.4,31.44,31.32,31.56,31.77,31.77,32.01,32.2,32.45,32.77,33.02,32.85,33.2,33.44,33.46,33.78,33.61,34.04,34.57,34.8,34.95,34.99,35.02,34.72,34.57,34.65,34.6,34.77,34.82,35.1,35.1,35.32,35.07,35.15,35.04,34.73,34.43,33.86,33.88,33.54,33.2,33.15,33.29,33.1,32.87,32.9,32.53,32.65,32.65,32.73,32.36,32.35,32.53,32.43,32.43,32.26,32.4,32.23,32.03,31.94,31.77,31.86,31.64,31.52,31.94,32.06,31.91,31.86,31.98,32.2,32.14,32.36,32.26,32.51,32.65,33.1,33.41,33.93,33.41,33.27,32.82,33.07,33.37,33.04,32.85,32.9,32.57,32.51,32.45,32.01,31.32,28.66,22.69,20.58,19.92,19.68,19.25,19.33,19.21,19.05,19.11,18.81
19.21,19.21,19.43,19.21,19.33,19.58,19.73,20.27,21.27,26.81,30.36,31.29,31.4,31.89,32.11,32.06,32.06,32.36,32.03,32.09,31.74,31.44,31.44,31.12,31.19,31.2,30.95,31.44,30.9,31.27,30.98,31.15,31.2,30.87,30.95,31.27,31.35,30.87,30.92,31.19,31.44,31.44,30.95,31.2,30.7,31.15,31.27,30.98,30.95,30.92,30.82,30.75,30.9,30.82,31.02,30.98,30.95,31.02,31.27,31.35,31.57,31.4,32.03,32.03,32.35,32.28,32.62,32.62,32.73,33.27,33.29,33.29,33.52,33.91,33.79,34.25,34.68,34.9,35.02,34.8,34.99,34.77,34.77,34.57,34.72,34.47,34.94,35.15,34.9,35.32,35.07,35.49,35.1,35.04,34.55,33.99,33.54,33.54,33.29,33.41,33.37,33.15,33.1,33.02,33.12,32.6,32.85,32.65,32.78,32.57,32.48,32.65,32.45,32.51,32.4,32.11,32.11,31.81,32.01,31.86,32.03,31.64,31.94,31.86,31.86,31.94,31.77,31.98,32.06,32.28,32.43,32.43,32.68,33.29,33.52,33.54,33.41,33.15,32.78,32.77,33.2,33.04,33.04,33.07,32.87,32.62,32.62,32.4,31.44,29.0,22.51,20.51,19.73,19.9,19.33,19.11,19.33,19.26,19.05,18.86
19.0,19.26,19.52,19.52,19.4,19.58,20.02,20.49,22.17,28.83,30.9,31.24,31.4,31.66,32.03,32.11,32.18,32.09,32.06,31.94,31.57,31.57,31.27,31.35,31.29,31.27,31.1,30.78,31.03,31.07,31.07,31.39,30.98,31.27,31.27,30.98,31.07,30.95,31.27,31.24,31.24,31.29,31.2,30.9,31.02,30.98,30.82,31.1,30.98,31.35,30.87,31.32,31.19,31.2,30.83,31.02,31.07,31.4,31.47,31.4,31.81,31.83,31.66,32.03,32.14,32.26,32.51,32.65,33.02,33.02,33.2,33.46,33.79,33.79,33.91,34.3,34.95,35.15,34.89,34.89,34.8,34.82,34.68,34.82,34.68,34.47,34.82,35.12,35.15,35.26,35.15,35.42,35.41,35.21,34.82,34.3,34.16,33.91,33.44,33.61,33.27,33.1,33.32,33.04,32.82,32.95,32.94,32.7,33.02,32.9,32.85,32.68,32.9,32.57,32.28,32.48,32.28,32.45,32.14,31.89,32.18,32.01,31.98,32.11,31.64,31.72,32.03,31.98,32.14,32.48,32.51,32.57,32.62,33.1,33.57,33.66,33.52,33.29,32.73,33.04,33.1,33.36,32.65,33.07,32.78,32.68,32.35,31.91,31.4,28.66,23.23,20.76,19.95,19.68,19.43,19.21,19.11,19.03,19.03,19.05
19.11,18.96,19.4,19.33,19.33,19.68,20.24,20.64,23.84,29.87,31.15,31.24,31.35,31.81,31.89,31.91,32.18,31.89,31.77,31.69,31.69,31.07,31.32,31.35,30.95,31.15,30.98,31.15,30.95,30.87,31.19,31.02,31.1,30.98,31.15,31.12,30.95,30.87,31.07,31.27,31.24,31.03,31.24,31.1,31.07,31.12,30.87,31.02,31.15,31.32,31.15,31.12,30.9,31.1,31.12,31.24,31.27,31.29,31.44,31.4,31.69,31.74,31.64,32.09,31.98,32.48,32.9,32.6,32.82,33.32,33.62,33.46,33.78,33.91,34.13,34.43,35.24,34.95,34.9,34.9,34.89,34.9,34.65,34.8,34.72,34.82,34.77,34.85,34.85,34.99,35.49,35.24,35.24,35.37,35.07,34.43,34.33,33.99,33.99,33.74,33.44,33.36,33.46,32.87,33.07,32.82,32.82,33.1,33.07,32.94,32.9,32.82,32.87,32.99,32.48,32.57,32.35,32.36,32.43,32.28,32.06,31.86,32.14,31.98,31.86,32.06,32.11,32.11,32.57,32.35,32.28,32.51,32.78,33.07,33.36,33.41,33.62,33.41,33.36,33.52,33.2,33.27,32.87,32.9,32.73,32.73,32.53,32.43,31.64,29.07,23.3,20.64,19.95,19.95,19.4,19.4,19.15,19.25,19.11,19.0
19.0,19.18,19.18,19.26,19.65,19.99,19.95,21.01,25.82,29.96,30.78,31.52,31.44,31.77,31.94,31.86,31.77,31.91,31.57,31.69,31.15,31.12,31.1,30.92,30.75,30.87,30.92,31.27,31.19,31.07,31.15,31.12,31.24,30.78,30.75,30.78,31.02,30.92,30.95,31.29,31.1,30.92,31.27,30.98,30.98,30.83,31.02,30.95,30.98,31.32,31.1,31.19,31.03,31.07,30.92,31.2,30.95,31.03,31.27,31.47,31.77,31.83,31.94,32.06,32.28,32.62,32.62,33.1,33.04,33.19,33.49,33.62,33.52,34.08,34.3,34.41,35.34,35.07,35.04,34.65,34.55,34.77,34.48,34.6,34.73,34.41,34.82,34.73,35.04,35.12,35.26,35.15,35.29,35.54,35.34,34.89,34.35,34.1,33.83,33.78,33.49,33.57,33.52,33.37,33.37,32.99,33.24,33.12,32.95,33.24,33.02,33.12,32.65,32.95,32.73,32.45,32.4,32.45,32.45,32.23,32.4,32.09,32.23,32.03,32.18,32.2,32.36,32.26,32.43,32.4,32.35,32.62,32.82,32.9,33.41,33.29,33.46,33.46,33.54,33.24,32.95,33.1,33.1,32.77,32.7,32.7,32.35,32.14,31.89,29.24,23.42,20.71,20.09,19.58,19.58,19.4,19.25,19.03,19.0,19.05
19.21,19.4,19.33,19.21,19.52,19.77,20.36,21.5,27.23,30.36,30.95,31.39,31.2,31.74,32.11,31.64,31.72,31.57,31.47,31.52,31.44,31.2,31.07,30.9,30.78,31.07,31.03,31.1,31.1,30.92,30.92,30.9,30.73,30.95,30.82,31.19,31.03,30.95,31.2,31.12,31.15,31.15,31.12,30.78,31.2,30.83,30.9,31.07,31.27,31.07,31.44,30.95,31.35,31.2,31.02,31.1,30.95,31.24,31.35,31.35,31.56,31.74,32.09,32.18,32.26,32.6,32.82,32.99,33.12,33.41,33.61,33.74,33.69,33.93,34.41,34.73,34.9,35.02,34.73,35.07,34.52,34.35,34.72,34.52,34.63,34.57,34.57,35.02,34.94,34.94,35.02,35.19,35.51,35.56,35.24,35.32,35.21,34.57,34.08,33.93,33.88,33.61,33.54,33.46,33.2,33.12,33.37,33.19,33.19,33.15,33.36,33.2,32.99,32.9,32.95,32.94,32.73,32.6,32.53,32.57,32.51,32.4,32.28,32.23,32.11,32.35,32.35,32.31,32.28,32.35,32.4,32.57,32.85,33.02,33.41,33.15,33.37,33.36,33.69,33.24,33.19,33.07,32.94,32.87,32.99,32.7,31.98,32.26,31.81,29.72,23.37,21.13,19.87,19.65,19.8,19.0,19.26,19.21,19.4,19.03
19.15,19.03,19.18,19.62,19.58,19.8,20.27,22.85,29.03,30.73,31.07,31.4,31.72,31.74,31.69,31.86,31.64,31.77,31.44,31.52,30.95,31.32,30.9,30.95,31.12,31.02,30.82,30.75,30.92,30.82,30.92,31.1,30.9,31.19,30.9,30.95,30.75,30.95,31.1,31.29,30.9,30.95,30.95,30.9,31.39,30.95,31.12,31.2,31.24,31.35,31.39,31.2,31.29,31.07,31.27,31.35,31.35,31.32,31.49,31.89,31.57,32.01,32.06,32.36,32.51,32.95,33.07,32.78,33.29,33.62,33.57,33.99,34.04,34.1,34.38,35.02,35.19,35.02,34.99,34.57,34.72,34.85,34.6,34.68,34.41,34.63,34.85,34.9,34.94,34.82,34.95,35.32,35.51,35.46,35.19,35.26,35.26,34.73,34.43,34.33,34.33,33.86,33.66,33.52,33.49,33.41,33.24,33.32,33.32,33.44,33.41,33.07,33.12,32.87,32.94,33.1,32.77,32.7,32.68,32.62,32.45,32.31,32.26,32.51,32.4,32.48,32.45,32.45,32.43,32.48,32.73,32.7,32.94,33.07,32.78,32.99,33.1,33.52,33.2,33.04,33.1,33.07,33.07,32.7,32.9,32.9,32.6,32.14,31.57,29.64,23.69,20.9,20.17,19.62,19.55,19.15,19.3,18.96,19.11,19.08
19.08,19.11,19.52,19.65,19.68,19.92,20.64,23.82,29.52,30.75,31.12,31.52,31.4,31.72,31.52,31.81,31.47,31.56,31.24,31.27,31.29,30.98,30.82,30.87,30.78,31.03,30.95,31.07,30.95,30.92,30.82,31.07,30.83,30.95,31.1,31.2,30.82,31.15,30.95,30.95,30.78,31.03,31.19,30.87,31.12,30.82,30.98,31.29,31.2,31.19,31.12,31.19,31.15,31.44,31.35,31.39,31.74,31.24,31.56,31.64,31.91,31.94,31.98,32.51,32.53,32.78,33.1,32.99,33.29,33.54,33.54,33.78,34.16,34.18,34.89,34.8,35.12,34.94,34.8,34.82,34.82,34.77,34.85,34.68,34.3,34.68,34.65,34.77,34.73,34.99,35.12,35.32,35.15,35.41,35.59,35.34,35.32,35.21,34.89,34.63,34.48,34.38,33.93,33.74,33.52,33.44,33.52,33.74,33.37,33.1,33.37,33.1,33.24,33.2,33.41,33.1,33.07,32.77,32.85,32.53,32.73,32.48,32.7,32.31,32.4,32.26,32.35,32.53,32.95,32.65,32.51,32.94,32.68,32.95,32.94,33.02,33.04,33.29,33.19,32.9,32.94,32.68,32.77,32.73,32.94,32.82,32.11,32.18,31.72,29.89,23.48,21.23,20.24,19.87,19.43,19.26,19.15,19.11,19.11,19.0
18.89,19.18,19.47,19.36,19.55,20.21,21.05,25.07,30.01,30.53,30.9,31.61,31.57,31.56,31.56,31.49,31.52,31.19,31.27,31.32,31.39,30.82,31.15,30.9,31.24,30.95,31.24,31.07,31.02,30.7,30.9,30.92,30.83,31.12,30.83,30.95,30.75,30.98,30.83,31.24,30.83,30.87,30.92,30.95,31.27,31.07,31.24,31.35,31.27,31.39,31.29,31.15,31.32,31.35,31.57,31.81,31.64,31.72,31.72,31.83,32.11,31.89,32.31,32.48,32.73,32.85,33.02,33.36,33.49,33.57,33.54,34.18,33.96,34.38,35.15,35.07,35.15,35.12,34.73,34.9,34.6,34.41,34.63,34.41,34.43,34.48,34.65,34.73,34.85,34.77,35.1,34.9,35.02,35.42,35.37,35.51,35.41,35.29,35.34,34.9,34.35,34.35,34.04,33.83,33.78,33.52,33.46,33.52,33.61,33.46,33.36,33.37,33.62,33.24,33.19,33.24,32.9,33.12,32.94,32.62,32.7,32.78,32.57,32.51,32.45,32.82,32.68,32.7,32.77,32.87,32.85,32.9,32.82,33.04,33.32,33.02,33.04,32.99,32.94,33.07,32.68,32.85,33.27,32.78,32.95,32.6,32.23,31.98,31.72,29.03,23.99,20.86,20.24,19.95,19.62,19.47,19.18,19.11,19.03,19.05
19.05,19.62,19.65,19.33,19.55,19.9,21.28,26.58,30.09,30.58,30.98,31.2,31.57,31.66,31.61,31.61,31.52,31.19,31.49,30.95,31.03,30.82,30.83,31.07,31.03,31.2,30.92,30.83,30.83,30.78,30.82,30.78,30.9,30.95,31.02,30.65,31.03,30.98,31.12,31.12,30.95,31.2,31.1,30.98,31.4,31.15,31.39,31.44,31.39,31.57,31.35,31.29,31.61,31.61,31.47,31.74,31.77,31.72,31.69,32.09,32.35,32.28,32.57,32.77,32.94,33.24,32.99,33.32,33.44,33.54,33.62,34.08,34.38,34.6,35.19,35.02,34.95,34.94,34.8,34.94,34.52,34.57,34.55,34.52,34.41,34.43,34.38,34.57,34.89,34.89,34.9,35.07,35.26,35.29,35.37,35.54,35.63,35.76,35.42,35.68,34.95,34.82,34.3,34.1,33.79,33.71,34.1,33.74,33.61,33.61,33.78,33.36,33.57,33.36,33.61,33.32,33.37,33.37,33.02,33.02,32.94,32.68,32.85,32.62,32.6,32.6,32.78,32.95,32.99,33.1,32.99,32.99,32.99,32.94,33.19,33.15,33.29,32.82,33.04,33.07,32.78,32.94,33.04,33.07,32.99,32.48,32.62,32.28,31.29,28.87,23.42,20.9,20.05,19.68,19.55,19.11,19.21,19.26,18.93,18.86
19.05,19.21,19.25,19.8,19.77,20.36,21.53,27.32,30.21,30.75,31.32,31.29,31.56,31.35,31.39,31.61,31.52,31.39,31.19,31.2,31.1,30.98,30.75,31.02,30.98,30.92,31.2,30.82,31.19,30.78,30.87,30.98,30.83,30.78,30.7,31.24,31.12,31.07,31.12,30.98,31.24,31.07,31.24,31.1,31.35,31.35,31.44,31.35,31.29,31.32,31.72,31.4,31.49,31.56,31.72,31.83,31.81,31.94,32.18,32.2,32.28,32.53,32.65,32.99,32.6,33.29,33.41,33.46,33.57,33.57,33.69,34.26,34.6,34.94,35.21,35.29,35.1,34.95,34.77,34.94,34.6,34.48,34.41,34.57,34.41,34.3,34.47,34.82,34.94,34.94,34.82,35.04,35.04,35.34,35.15,35.41,35.68,35.68,35.51,35.51,35.59,34.95,34.68,34.35,34.01,34.1,34.04,33.54,33.83,33.83,33.69,33.79,33.71,33.61,33.2,33.37,33.37,32.99,32.94,33.02,33.27,33.27,33.07,32.99,32.87,33.02,32.85,33.12,33.07,33.02,32.87,33.19,33.1,33.1,33.07,33.15,33.02,32.99,32.85,32.77,33.1,32.73,33.19,32.57,32.95,32.94,32.45,31.94,31.12,28.51,22.91,20.58,20.32,19.65,19.52,19.18,19.47,19.0,19.4,18.78
19.21,19.3,19.36,19.7,20.02,20.09,21.69,27.96,30.45,30.75,31.03,31.24,31.2,31.52,31.35,31.35,31.27,31.32,31.2,31.1,31.15,31.02,30.95,30.92,31.12,31.03,31.03,30.87,31.03,30.75,30.73,30.98,31.02,30.92,30.92,30.92,30.98,31.03,30.83,31.07,30.83,31.03,31.29,30.92,31.35,31.03,31.72,31.49,31.35,31.61,31.72,31.57,31.69,31.74,31.91,31.86,31.56,32.2,32.06,32.51,32.57,32.53,32.82,33.04,32.99,33.02,33.36,33.54,33.57,33.83,34.08,34.08,34.94,35.26,35.04,35.12,34.9,34.85,34.65,34.6,34.65,34.52,34.3,34.41,34.16,34.41,34.48,34.55,34.6,34.47,34.89,34.99,35.12,34.9,35.12,35.15,35.54,35.51,35.64,35.59,35.71,35.49,35.02,34.52,34.18,34.13,33.99,34.18,33.86,34.01,33.66,33.71,33.86,33.71,33.57,33.37,33.52,33.24,33.29,33.36,33.02,33.27,33.24,33.04,33.04,33.02,33.19,32.95,33.19,33.12,32.9,32.87,33.24,33.19,32.95,32.95,33.15,33.04,32.9,32.78,32.95,32.65,33.2,33.27,33.02,32.65,32.45,32.11,31.35,27.87,22.54,20.49,20.02,19.77,19.36,19.36,19.3,19.15,19.15,19.03
19.08,19.25,19.73,19.52,19.77,20.39,21.79,28.14,30.41,30.5,31.03,31.03,31.39,31.49,31.52,30.9,31.2,31.29,31.2,31.35,31.03,31.03,31.03,31.27,31.07,31.27,30.98,30.82,30.9,30.82,30.87,30.83,30.92,30.82,31.07,31.12,30.87,31.15,30.98,31.12,30.92,31.07,31.39,31.1,31.57,31.4,31.49,31.4,31.57,31.77,31.86,31.61,31.61,32.06,31.83,32.06,32.09,32.03,32.45,32.62,32.51,32.78,32.82,33.1,33.12,33.44,33.29,33.46,33.54,33.86,34.18,34.43,34.95,35.19,35.24,34.9,35.04,34.8,34.57,34.63,34.52,34.47,34.26,34.26,34.38,34.33,34.33,34.48,35.02,34.68,34.72,34.94,34.95,35.1,35.26,35.49,35.54,35.46,35.56,35.63,35.68,35.89,35.56,34.99,34.25,34.48,34.04,34.26,34.13,34.1,34.1,34.16,33.86,33.91,34.08,33.78,33.54,33.46,33.49,33.46,33.49,33.29,33.32,33.1,33.32,33.1,33.12,33.15,33.19,33.41,33.27,33.36,33.32,32.99,33.1,33.29,33.12,33.19,33.15,33.07,33.1,33.32,33.32,33.07,32.95,32.68,32.4,32.06,30.9,26.97,22.02,20.71,20.09,19.7,19.4,19.36,19.15,19.26,19.08,18.96
19.36,19.52,19.25,19.87,19.73,20.58,22.36,28.8,30.29,30.65,30.83,31.02,31.57,31.24,31.27,31.29,31.07,31.29,31.12,31.4,30.95,30.87,31.12,31.29,31.32,31.15,31.39,31.24,30.95,30.73,31.02,30.95,31.1,30.92,30.95,30.83,31.07,31.07,31.15,31.03,30.98,31.1,31.2,31.2,31.44,31.77,31.64,31.72,31.77,31.89,32.14,32.01,31.94,31.91,32.18,32.2,32.4,32.68,32.53,32.65,33.04,33.07,32.99,33.29,33.2,33.52,33.41,33.69,33.88,34.35,34.3,35.04,35.02,35.51,35.26,34.89,35.19,34.82,34.57,34.68,34.6,34.38,34.43,34.38,34.43,34.21,34.41,34.48,34.52,34.65,34.77,34.65,34.95,35.02,34.94,35.12,35.37,35.51,35.64,35.68,35.64,35.54,35.79,35.54,34.8,34.43,34.6,34.47,34.41,34.48,34.43,34.16,34.04,33.79,33.74,33.79,33.71,33.46,33.24,33.52,33.61,33.44,33.36,33.44,33.29,33.27,33.12,33.27,33.36,33.52,33.32,33.32,33.24,33.41,33.37,33.12,33.1,33.12,33.15,33.36,33.04,33.1,33.15,33.02,32.87,32.85,32.28,31.91,30.5,26.02,21.6,20.31,20.02,19.4,19.11,19.18,19.11,19.36,19.08,18.71
18.89,19.15,19.21,19.84,20.21,20.46,22.58,28.71,30.26,30.66,31.12,31.12,31.02,31.4,31.47,31.39,31.07,31.1,30.98,31.2,31.03,31.1,31.03,31.03,31.32,31.15,31.19,31.02,31.07,31.02,30.83,31.02,31.07,30.92,31.02,31.03,31.03,31.4,31.1,31.2,31.29,31.39,31.44,31.4,31.64,31.74,31.66,31.64,31.69,32.06,32.01,32.03,32.01,32.2,32.36,32.35,32.53,32.62,32.6,32.94,33.12,33.24,33.2,33.36,33.44,33.41,33.74,33.78,33.93,33.99,34.52,35.37,35.24,35.04,34.99,35.26,34.89,34.73,34.55,34.72,34.85,34.52,34.21,34.47,34.18,34.35,34.3,34.55,34.41,34.41,34.55,34.52,34.57,34.9,34.95,35.12,35.32,35.42,35.34,35.63,35.63,35.73,35.68,35.59,35.56,35.19,34.73,34.68,34.6,34.26,34.33,34.21,34.21,33.91,33.88,33.96,33.86,33.78,33.78,33.49,33.71,33.71,33.27,33.74,33.24,33.32,33.44,33.49,33.32,33.32,33.32,33.27,33.27,33.57,33.36,33.54,33.36,33.24,33.49,33.27,33.36,33.57,33.52,33.15,33.2,32.78,32.09,31.81,29.98,24.95,20.95,20.21,19.7,19.21,19.3,19.18,19.18,18.86,19.08,19.03
19.15,19.33,19.33,19.77,19.84,20.42,22.39,28.66,30.41,30.5,30.92,31.29,31.19,31.47,31.29,31.2,31.12,31.27,31.39,31.03,31.1,30.95,31.19,31.12,31.07,31.27,31.19,30.95,31.27,30.98,31.02,30.92,31.27,31.2,31.03,30.83,31.49,31.32,31.49,30.9,31.39,31.07,31.35,31.24,31.57,31.57,31.81,31.94,32.01,32.2,32.26,32.48,32.11,32.53,32.51,32.73,32.51,32.78,32.7,32.68,33.02,33.15,33.24,33.24,33.69,33.62,33.74,34.13,34.16,34.57,34.94,35.37,35.07,35.12,35.1,34.89,34.63,34.63,34.52,34.38,34.3,34.21,34.21,34.13,34.13,34.3,34.1,34.57,34.16,34.26,34.57,34.63,34.9,35.02,35.1,35.02,34.95,35.63,35.29,35.59,35.64,36.03,35.98,35.76,35.56,35.71,35.41,35.04,34.77,34.55,34.77,34.55,34.3,34.25,34.3,34.38,34.1,33.83,33.79,33.93,33.86,33.78,33.74,33.69,33.54,33.62,33.52,33.61,33.32,33.62,33.49,33.37,33.79,33.57,33.52,33.24,33.54,33.46,33.37,33.36,33.44,33.36,33.69,33.29,33.15,32.85,32.45,31.52,29.0,23.33,20.91,20.14,19.84,19.7,19.43,19.25,19.43,19.15,19.11,18.86
19.08,19.25,19.08,19.73,19.7,20.42,22.91,28.8,30.09,30.41,30.82,31.15,31.2,30.98,31.27,30.83,31.02,31.12,31.47,31.1,31.1,31.19,31.15,31.24,31.39,31.2,31.27,31.19,31.02,31.12,31.32,31.07,31.2,31.27,30.92,31.07,31.1,31.39,31.44,31.24,31.64,31.4,31.61,31.35,31.49,31.61,31.89,32.06,32.14,32.18,32.2,32.35,32.43,32.4,32.77,32.65,32.87,32.77,32.85,33.2,33.41,33.32,33.24,33.57,33.74,34.08,33.74,34.33,34.48,34.77,35.07,35.26,35.02,35.12,34.85,34.85,34.82,34.48,34.63,34.57,34.38,34.43,34.13,34.21,34.21,34.26,34.1,34.3,34.26,34.3,34.43,34.72,34.99,34.89,34.77,34.9,35.07,35.37,35.59,35.41,35.63,35.76,35.49,36.06,35.79,35.71,35.76,35.68,35.04,34.9,34.8,34.65,34.41,34.47,34.55,34.55,33.93,34.21,33.99,34.01,33.96,33.79,33.69,33.83,33.86,33.74,33.78,33.86,33.62,33.79,33.79,33.71,33.88,33.71,33.66,33.57,33.27,33.32,33.61,33.78,33.62,33.74,33.61,33.57,33.29,32.65,32.09,31.03,27.87,22.69,20.39,20.02,19.58,19.47,19.68,19.05,19.05,19.25,19.0,18.64
19.52,19.15,19.33,19.8,19.77,20.61,22.73,28.68,29.96,30.66,30.9,31.1,31.35,31.12,31.29,31.19,31.07,31.2,31.07,31.19,31.15,31.27,31.24,31.12,31.15,31.49,31.1,31.32,31.32,31.47,30.95,31.44,31.4,31.4,31.39,31.39,31.47,31.52,31.32,31.4,31.52,31.4,31.66,31.72,31.61,31.98,32.03,32.18,32.45,32.31,32.35,32.62,32.78,32.78,32.77,32.85,32.77,33.29,33.37,33.36,33.2,33.37,33.57,33.52,33.93,33.96,33.99,34.41,34.57,35.32,35.26,35.24,35.29,35.07,34.95,34.55,34.82,34.8,34.47,34.41,34.57,34.55,34.55,34.1,33.96,34.1,34.33,34.13,33.91,34.38,34.41,34.55,34.65,34.72,34.99,34.94,35.24,35.34,35.37,35.54,35.49,35.64,35.54,35.54,35.76,35.79,35.89,35.89,35.73,35.37,35.46,34.8,35.15,34.82,34.73,34.85,34.55,34.38,34.3,34.25,34.33,34.18,33.79,33.99,34.01,34.04,33.78,33.93,33.69,33.79,33.79,33.91,33.83,33.83,33.61,33.54,33.44,33.62,33.96,33.83,34.26,34.01,33.83,33.44,33.24,32.77,31.86,30.29,26.34,21.84,20.61,19.95,19.8,19.43,19.36,19.43,19.08,18.71,19.05,18.83
18.93,19.08,19.25,19.36,19.99,20.24,22.43,28.31,29.77,30.66,30.65,31.02,30.95,31.39,31.2,30.95,30.82,31.32,31.19,31.1,31.03,31.12,31.2,31.39,31.57,31.32,31.12,31.49,31.24,31.39,31.49,31.49,31.12,31.35,31.47,31.32,31.44,31.47,31.56,31.4,31.47,31.66,31.81,31.91,31.83,32.03,32.01,32.36,32.2,32.43,32.82,32.6,32.73,32.9,32.7,33.02,33.1,33.04,33.12,33.49,33.36,33.52,33.71,33.46,33.96,34.13,34.3,34.55,35.29,35.24,35.42,35.41,35.32,35.15,34.82,34.73,34.8,34.63,34.65,34.35,34.63,34.3,33.93,34.43,33.99,34.01,34.18,34.3,34.25,34.33,34.47,34.47,34.57,34.73,34.82,34.94,35.07,35.26,35.1,35.15,35.46,35.51,35.63,35.54,35.63,35.81,35.84,35.98,36.03,35.84,35.68,35.71,35.29,35.07,34.95,34.77,34.77,34.55,34.43,34.35,34.48,34.41,34.55,34.35,34.08,34.33,33.93,33.96,33.86,33.88,34.18,34.01,33.93,33.69,33.62,33.62,34.04,34.08,34.41,34.13,34.16,34.01,33.86,33.61,33.27,32.48,31.47,29.39,24.33,21.16,20.05,20.14,19.33,19.73,19.26,19.25,19.25,19.3,19.03,18.83
19.33,19.33,19.36,19.52,19.95,20.39,21.84,28.6,29.89,30.53,30.87,30.95,31.07,31.24,31.2,31.2,31.24,31.32,31.39,31.49,31.2,31.15,31.2,31.52,31.4,31.4,31.27,31.69,31.69,31.61,31.52,31.44,31.69,31.29,31.77,31.66,31.35,31.52,31.52,31.61,31.74,31.74,31.98,32.09,32.11,32.11,32.2,32.57,32.51,32.53,32.78,32.7,32.99,33.07,33.1,33.41,33.61,33.37,33.52,33.2,33.57,33.41,33.44,33.74,34.21,34.38,34.73,35.15,35.46,35.37,35.41,35.15,34.9,34.99,34.94,34.72,34.65,34.65,34.47,34.65,34.38,34.33,34.25,34.13,34.13,34.04,33.78,34.13,34.43,34.41,34.35,34.41,34.57,34.48,34.82,34.82,35.04,35.19,34.99,35.51,35.24,35.64,35.54,35.73,35.56,35.79,35.89,36.06,36.01,36.11,36.03,35.76,35.84,35.76,35.32,35.59,35.37,35.04,34.68,34.85,34.8,34.68,34.65,34.68,34.72,34.48,34.26,34.47,34.47,34.41,34.38,34.3,34.26,33.99,33.99,34.33,34.55,34.72,34.57,34.6,34.21,34.16,34.04,33.54,33.29,32.26,30.87,27.2,22.58,20.79,20.14,19.87,19.43,19.3,19.25,19.03,18.96,18.93,19.25,18.93
19.36,19.33,19.25,19.84,19.8,20.21,21.84,27.4,29.96,30.46,30.98,30.95,30.9,30.95,31.12,31.64,31.27,31.56,31.03,31.2,31.39,31.39,31.2,31.74,31.39,31.47,31.56,31.66,31.83,31.98,31.89,31.91,31.69,31.72,31.64,31.69,31.66,31.66,31.56,31.98,31.77,31.91,32.14,32.14,32.09,32.31,32.26,32.4,32.68,32.82,33.04,32.82,32.87,32.94,33.27,33.27,33.2,33.2,33.57,33.46,33.91,34.16,33.79,34.3,34.01,34.52,35.21,35.46,35.34,35.37,35.21,35.24,34.94,34.99,34.82,34.82,34.8,34.55,34.6,34.38,34.3,34.35,34.04,34.04,34.08,34.04,33.96,33.83,34.18,34.33,34.1,34.57,34.55,34.6,34.73,34.95,35.02,35.42,35.12,35.29,35.24,35.26,35.64,35.73,35.24,35.84,35.81,35.98,35.93,35.94,36.15,35.81,36.3,36.03,36.16,35.98,35.49,35.29,35.19,35.26,35.04,35.07,35.02,34.57,34.8,34.77,34.63,34.52,34.85,34.77,34.89,34.48,34.68,34.85,34.57,34.82,34.99,34.63,34.6,34.52,34.47,34.01,33.78,33.36,33.07,31.91,29.2,24.56,21.53,20.32,19.77,19.73,19.43,19.21,19.47,19.03,19.08,19.47,18.89,19.03
19.18,19.03,19.33,19.62,19.7,20.14,21.1,26.29,29.84,30.26,30.53,31.02,31.1,31.12,31.2,31.32,31.15,31.1,31.44,31.4,31.32,31.4,31.39,31.66,31.57,31.56,31.86,31.89,31.98,32.23,32.14,32.01,32.18,32.06,31.77,31.56,31.72,31.91,31.64,31.94,32.18,32.2,32.14,32.26,32.31,32.28,32.31,32.87,32.85,32.85,33.29,33.2,33.27,33.27,33.29,33.66,33.32,33.49,33.49,33.83,33.66,34.08,34.18,34.52,34.52,35.07,35.21,35.37,35.26,35.07,35.24,34.85,35.04,34.89,34.82,34.68,34.89,34.65,34.57,34.26,34.18,34.25,34.21,33.93,33.99,33.79,33.99,34.25,34.21,34.18,34.38,34.25,34.35,34.57,34.47,34.65,34.95,34.94,35.24,35.19,35.15,35.42,35.46,35.32,35.56,35.37,35.64,36.01,35.84,35.98,35.98,35.89,36.33,35.93,36.15,35.84,36.06,35.68,35.79,35.63,35.73,35.46,35.15,35.12,35.41,35.46,35.29,35.32,35.21,35.46,34.95,34.99,35.12,35.07,35.1,35.04,34.9,34.94,34.65,34.6,34.26,34.13,33.91,33.41,32.31,30.61,27.17,22.32,20.91,20.27,19.68,19.73,19.77,19.65,19.33,19.11,18.96,19.03,19.18,19.21
19.18,19.15,19.4,19.33,19.58,19.87,20.76,24.68,29.2,30.09,30.45,30.83,30.83,31.19,31.19,31.52,31.2,31.24,31.57,31.52,31.47,31.4,31.47,31.57,31.69,31.64,32.11,31.74,32.01,31.86,31.94,32.26,32.43,32.09,31.94,32.03,31.89,31.86,31.81,32.18,32.4,32.43,32.36,32.36,32.57,32.6,32.28,32.73,32.73,33.04,33.12,33.04,33.41,33.27,33.52,33.52,33.54,33.74,33.78,33.74,33.96,34.1,34.33,34.57,35.26,35.41,35.64,35.37,35.21,35.29,35.42,34.99,35.07,34.95,34.8,34.68,34.48,34.47,34.38,34.43,34.25,34.48,34.47,33.99,33.91,33.88,33.91,34.01,33.79,34.21,34.04,34.33,34.47,34.3,34.63,34.68,34.94,34.95,34.73,35.15,34.99,35.41,35.42,35.32,35.42,35.56,35.64,35.73,35.73,35.93,35.94,35.81,36.03,36.06,35.89,36.16,35.98,35.81,35.98,35.71,35.73,35.64,35.71,35.56,35.68,35.51,35.71,35.73,35.49,35.71,35.71,35.37,35.56,35.34,35.29,35.21,34.82,34.94,34.73,34.63,34.13,33.93,33.74,32.6,31.74,28.34,23.67,21.35,20.21,19.95,19.43,19.62,19.05,19.55,19.08,19.15,19.3,19.03,19.21,19.18
19.21,19.18,19.26,19.3,19.3,20.02,20.24,22.93,28.19,30.13,30.61,30.98,31.03,30.66,31.32,31.49,31.29,31.44,31.2,31.44,31.27,31.4,31.56,31.72,31.72,31.49,31.57,31.74,31.61,31.35,31.91,32.31,32.26,32.35,32.23,32.11,31.94,31.89,31.86,32.14,32.28,32.53,32.11,32.31,32.7,33.02,32.82,33.04,32.99,33.12,33.04,33.36,33.27,33.61,33.44,33.32,33.79,33.86,33.83,33.96,34.08,34.21,34.47,34.94,35.24,35.42,35.49,35.42,35.15,35.1,34.99,35.07,34.77,34.68,34.57,34.65,34.35,34.68,34.57,34.43,34.47,34.41,34.1,34.16,33.99,33.88,34.04,34.08,34.08,33.96,34.04,33.99,34.18,34.63,34.55,34.63,34.68,34.85,34.85,34.85,35.1,35.21,35.34,35.24,35.24,35.34,35.73,35.46,35.81,35.89,36.08,36.08,35.89,36.15,36.11,35.94,36.25,36.08,35.93,35.89,35.71,35.86,35.68,35.49,35.64,35.86,35.68,35.81,35.63,35.68,35.89,35.76,35.93,35.24,35.54,35.07,35.12,34.94,34.77,34.43,33.96,33.74,33.07,32.06,29.12,24.56,21.8,20.76,20.17,19.62,19.43,19.21,19.36,19.3,19.43,18.93,19.43,19.0,18.81,19.05
19.0,19.11,19.4,19.18,19.36,19.8,20.24,21.13,25.99,29.98,30.41,30.87,31.07,31.12,31.24,31.47,31.47,31.56,31.29,31.44,31.47,31.44,31.77,31.83,31.81,32.06,32.06,31.47,31.15,31.44,31.74,32.01,32.53,32.48,32.4,32.18,31.94,32.11,31.94,31.91,32.26,32.31,32.36,32.65,33.07,32.77,32.85,33.1,33.07,33.15,33.2,33.32,33.27,33.79,33.24,33.86,33.86,33.96,33.91,34.35,34.33,34.65,35.15,35.46,35.56,35.51,35.37,35.04,35.29,35.1,35.04,35.1,34.82,34.6,34.52,34.6,34.43,34.38,34.25,34.25,34.25,34.1,33.93,33.96,33.86,33.96,33.74,34.1,33.99,34.01,34.04,34.3,34.1,34.3,34.47,34.55,34.65,34.72,34.72,34.82,35.04,35.24,35.07,35.24,35.19,35.41,35.51,35.76,35.54,35.81,36.06,35.79,36.01,36.03,36.01,35.81,36.15,35.93,36.01,36.03,35.73,35.73,35.84,36.06,35.98,35.84,35.64,35.81,35.51,35.86,35.79,35.51,35.56,35.68,35.41,35.12,34.82,34.95,34.26,33.88,33.52,32.95,31.4,28.88,24.8,21.9,20.68,20.31,20.12,19.95,19.52,19.68,19.21,19.3,19.43,19.11,19.05,18.86,18.93,19.0
19.15,19.18,19.26,19.58,19.84,19.65,19.95,20.76,22.69,28.56,30.33,30.82,30.73,30.98,31.24,31.4,31.39,31.32,31.32,31.56,31.4,31.72,31.64,31.86,31.91,31.83,31.72,31.57,31.49,31.35,31.69,32.2,32.78,32.51,32.2,32.57,32.11,32.45,32.23,31.89,32.26,32.68,32.82,32.7,32.82,32.9,32.94,33.07,33.19,33.36,33.29,33.57,33.62,33.71,33.79,33.74,33.91,33.71,33.96,34.48,34.8,35.34,35.56,35.71,35.63,35.34,35.41,35.04,35.15,35.24,35.12,34.77,34.95,34.48,34.65,34.47,34.63,34.57,34.43,34.43,34.47,34.18,34.13,33.91,33.83,33.93,33.96,33.74,34.1,33.96,34.25,34.01,34.38,34.1,34.21,34.1,34.48,34.9,35.02,34.77,35.04,35.07,35.04,34.85,35.24,35.26,35.29,35.56,35.56,35.79,35.81,36.06,36.11,35.98,35.86,35.98,35.93,35.93,35.64,35.81,35.89,35.63,35.68,35.84,35.76,35.71,35.46,36.03,35.84,35.56,35.84,35.54,35.63,35.49,35.49,35.19,34.77,34.63,33.83,33.12,31.64,29.89,26.8,23.52,21.84,20.86,20.02,19.7,19.8,19.7,19.3,19.05,19.08,18.86,19.43,19.0,19.11,19.11,19.03,19.0
18.78,19.0,19.18,19.3,19.26,19.55,20.09,20.17,21.38,25.82,29.96,30.61,30.98,31.27,31.32,31.66,31.49,31.61,31.49,31.72,31.64,31.52,31.71,31.89,32.09,32.09,32.03,32.06,31.72,31.57,32.11,32.28,32.73,32.68,32.48,32.77,32.31,32.43,32.4,32.35,32.4,32.68,32.82,32.65,33.36,33.02,33.27,33.19,33.29,33.44,33.36,33.69,33.46,33.88,33.91,33.86,34.1,33.99,34.6,35.04,35.41,35.63,35.51,35.54,35.46,35.71,35.12,35.32,35.12,34.95,34.94,34.73,34.65,34.73,34.82,34.85,34.63,34.52,34.38,34.41,34.52,34.16,34.13,34.13,33.88,34.21,33.91,33.69,34.18,34.04,34.04,34.1,34.16,34.13,34.33,34.43,34.57,34.63,34.68,34.99,34.89,35.04,34.89,35.15,35.21,35.46,35.49,35.29,35.46,35.49,35.68,36.01,35.81,35.76,35.94,35.93,35.84,35.79,35.89,35.79,35.93,35.76,35.86,35.81,35.93,35.63,35.64,35.81,35.86,35.68,35.86,35.59,35.73,35.59,35.59,35.49,34.94,34.25,32.06,28.95,26.41,24.48,22.73,21.72,20.79,20.12,20.27,20.14,19.68,19.52,19.55,19.26,19.43,19.03,19.05,19.03,19.15,18.96,19.21,19.03
19.0,19.15,18.89,19.21,19.33,19.62,19.7,19.99,20.71,22.78,27.55,30.33,30.7,30.82,31.15,31.4,31.24,31.49,32.06,31.81,31.69,31.74,31.93,31.81,32.26,32.2,32.23,32.06,32.43,32.06,32.45,32.99,32.6,32.65,32.57,32.62,32.36,32.45,32.31,32.82,32.95,32.82,33.1,32.99,33.19,33.12,33.15,33.57,33.57,33.66,33.71,33.69,33.99,33.91,34.13,34.18,34.26,34.8,34.95,35.42,35.64,35.68,35.49,35.73,35.15,35.19,35.42,35.1,35.21,34.99,34.73,34.68,34.6,34.57,34.6,34.35,34.48,34.47,34.48,34.47,34.01,34.21,33.74,34.08,33.88,33.99,33.79,34.01,33.93,33.62,33.99,33.86,34.13,34.1,34.13,34.55,34.48,34.41,34.41,34.95,34.77,34.68,34.89,35.04,35.1,35.19,35.21,35.34,35.54,35.46,35.68,35.54,35.84,35.84,35.98,35.94,35.86,35.86,35.94,35.86,35.64,35.81,35.49,35.64,35.71,35.73,35.73,35.86,35.64,35.94,35.76,35.94,35.63,35.63,35.49,35.49,35.07,33.54,30.04,25.33,22.78,21.94,21.35,20.79,20.49,20.09,19.62,19.62,19.84,19.08,19.18,19.21,19.52,19.26,19.21,19.15,19.08,18.93,19.21,18.71
19.43,19.18,19.4,19.62,19.36,19.52,19.73,19.92,20.17,21.08,23.27,27.91,30.13,30.87,31.07,31.19,31.47,31.94,31.86,31.83,31.66,31.74,32.23,32.36,32.11,32.31,32.36,32.36,32.23,32.68,32.78,32.99,32.77,32.82,32.82,32.95,32.9,32.73,32.87,32.68,33.04,33.04,32.99,33.12,33.37,33.36,33.52,33.44,33.66,33.83,34.13,34.16,34.21,34.13,34.3,34.6,34.85,35.15,35.46,35.76,35.56,35.59,35.37,35.51,35.51,35.37,34.99,34.94,34.9,34.94,34.8,34.63,34.55,34.57,34.52,34.38,34.08,34.41,34.35,34.38,34.1,34.16,34.08,33.93,33.86,33.66,33.66,33.74,33.99,33.79,33.88,33.66,33.91,34.04,34.08,34.1,34.35,34.21,34.52,34.55,34.6,34.65,34.8,34.8,34.99,35.26,35.42,35.19,35.37,35.59,35.59,35.71,35.42,35.64,35.59,35.94,35.64,35.63,35.63,35.46,35.51,35.59,35.49,35.56,35.34,35.51,35.63,35.56,35.73,35.79,35.59,35.76,35.63,35.54,35.15,35.41,34.63,33.32,30.87,25.13,22.46,21.13,20.83,20.05,20.51,20.14,19.77,19.84,19.47,19.25,19.08,19.43,19.33,19.21,19.3,19.05,19.36,18.93,18.86,18.93
19.36,19.03,19.08,18.86,19.21,19.48,19.4,19.77,20.17,20.39,20.98,23.22,27.55,30.24,30.82,31.1,31.64,32.01,32.09,31.98,32.18,31.98,32.23,32.26,32.26,32.26,32.4,32.51,32.62,32.4,32.45,32.99,33.12,32.94,32.85,32.78,33.24,32.85,33.04,32.7,33.1,33.12,33.41,33.19,33.41,33.57,33.66,34.04,33.88,33.83,34.1,34.35,34.26,34.3,34.68,35.07,35.46,35.49,35.84,35.68,35.42,35.63,35.46,35.41,35.32,35.12,35.07,34.95,34.9,34.95,34.68,34.52,34.63,34.38,34.43,34.35,34.21,34.18,34.13,33.99,34.13,34.33,34.01,33.86,33.66,33.74,33.62,33.46,33.88,33.79,33.74,33.71,33.99,33.86,33.78,34.1,33.99,34.16,34.1,34.47,34.41,34.6,34.85,34.94,34.94,35.1,35.32,35.07,35.02,35.37,35.32,35.37,35.34,35.56,35.64,35.54,35.42,35.46,35.76,35.73,35.79,35.63,35.21,35.51,35.51,35.42,35.49,35.63,35.56,35.89,35.59,35.59,35.56,35.64,35.49,35.1,34.72,33.69,31.32,27.37,22.51,21.28,20.73,20.51,20.02,19.77,19.68,19.48,19.25,19.25,19.43,19.58,19.25,19.25,19.08,19.11,19.21,19.05,18.96,18.96
19.03,19.15,19.0,19.3,19.18,19.43,19.48,19.62,19.9,19.92,20.61,21.16,22.09,25.79,29.03,30.46,31.39,31.57,31.94,31.83,32.23,32.14,31.98,32.35,32.36,32.03,32.6,32.48,32.53,33.1,32.6,32.77,33.2,32.94,32.94,33.04,33.24,33.19,33.04,33.41,33.27,33.27,33.69,33.57,33.52,33.69,33.52,34.13,33.54,34.16,34.16,34.16,34.57,34.85,35.41,35.56,35.68,35.79,35.51,35.71,35.32,35.29,35.29,35.32,35.34,35.07,35.04,34.85,34.82,34.68,34.77,34.73,34.3,34.41,34.01,34.35,34.26,34.16,34.13,34.04,34.1,34.13,33.74,33.83,33.66,33.71,33.44,33.78,33.74,33.69,33.61,33.79,33.83,33.93,33.88,33.88,34.04,34.26,34.26,34.1,34.41,34.65,34.9,34.72,34.94,34.99,34.95,35.15,35.21,35.26,35.49,35.42,35.42,35.49,35.51,35.56,35.63,35.63,35.46,35.54,35.49,35.41,35.34,35.51,35.07,35.41,35.46,35.56,35.26,35.51,35.64,35.51,35.54,35.54,34.9,35.02,34.63,33.57,32.23,28.87,23.42,21.2,20.54,20.12,19.87,19.84,19.73,19.47,19.4,19.25,19.33,19.55,19.25,19.03,19.18,19.11,19.43,19.08,18.83,19.08
19.11,19.03,19.18,18.96,19.15,19.48,19.36,19.55,19.48,19.77,19.95,20.42,20.86,21.53,23.23,25.99,29.08,30.78,31.56,31.98,32.06,32.31,32.28,32.45,32.43,32.62,32.43,32.82,32.53,32.77,32.57,32.85,32.65,33.04,33.1,33.1,33.27,33.24,33.07,33.46,33.61,33.78,33.93,33.69,33.74,33.69,33.88,34.04,34.18,34.21,34.68,35.15,35.19,35.63,35.54,35.68,35.59,35.49,35.59,35.29,35.59,35.26,35.1,35.29,34.99,35.07,34.99,34.94,34.57,34.89,34.47,34.47,34.57,34.43,34.21,34.3,34.33,34.26,33.91,33.96,33.93,34.18,33.66,33.62,33.49,33.69,33.44,33.66,33.52,33.37,33.54,33.69,33.74,33.37,33.93,33.93,33.83,34.18,33.96,34.08,34.63,34.43,34.6,34.55,34.82,34.95,35.07,34.95,35.26,35.19,35.37,35.37,35.46,35.26,35.46,35.49,35.49,35.34,35.49,35.41,35.56,35.54,35.34,35.34,35.29,35.24,35.49,35.32,35.29,35.41,35.42,35.15,35.21,34.95,35.12,34.9,34.52,33.61,32.48,29.96,24.44,21.5,20.42,20.27,20.12,19.9,19.4,19.7,19.21,19.26,18.93,19.18,19.25,19.08,19.18,18.96,19.0,18.86,19.11,18.86
19.08,19.26,19.15,19.0,19.21,19.33,19.15,19.3,19.77,19.8,19.77,20.46,20.36,20.71,21.53,22.12,23.33,26.85,29.87,31.91,32.28,32.11,32.33,32.68,32.85,32.94,32.77,32.57,32.94,32.9,33.04,32.99,32.95,33.15,33.32,33.36,33.27,33.46,33.71,33.57,33.91,33.96,33.93,33.69,33.93,34.33,34.16,33.96,34.48,34.85,35.15,35.54,35.76,35.42,35.71,35.59,35.68,35.51,35.46,35.42,35.19,35.29,35.04,35.63,34.99,34.8,34.89,34.89,34.65,34.6,34.6,34.33,34.21,34.1,33.93,34.41,34.01,34.01,34.18,34.08,33.83,33.78,33.71,33.74,33.69,33.54,33.57,33.62,33.61,33.74,33.46,33.2,33.71,33.57,33.74,33.71,33.62,34.04,33.99,33.86,34.26,34.41,34.43,34.65,34.6,34.94,34.85,35.02,34.85,35.07,35.29,35.1,35.12,35.26,35.41,35.42,35.34,35.49,35.19,35.32,35.37,35.15,35.26,35.26,35.15,35.19,35.41,35.1,35.54,35.54,35.12,35.24,35.21,35.04,34.85,34.8,34.43,33.62,32.51,30.41,25.45,21.5,20.73,20.14,19.73,19.77,19.36,19.52,19.55,19.3,19.4,18.86,19.21,19.18,18.83,19.08,18.96,19.11,19.11,19.03
19.26,19.08,18.68,18.89,19.03,19.3,19.48,19.65,19.68,19.65,19.84,19.9,20.24,20.61,20.64,21.05,21.5,22.61,25.84,31.07,32.09,32.26,32.48,32.6,32.73,32.7,32.9,32.9,32.85,33.02,33.02,33.07,33.12,33.24,33.46,33.44,33.83,33.78,33.91,34.04,34.18,34.41,34.18,34.1,34.47,33.93,34.43,34.8,35.21,35.49,35.71,35.89,35.59,35.49,35.56,35.49,35.12,35.21,35.51,35.32,35.34,35.12,35.12,35.32,35.02,34.8,34.99,34.41,34.33,34.65,34.26,34.43,34.01,34.18,33.91,34.16,34.1,34.08,34.04,33.93,33.91,33.66,33.69,33.61,33.66,33.57,33.62,33.66,33.52,33.46,33.46,33.44,33.66,33.19,33.57,33.49,33.96,33.69,33.91,34.08,34.18,34.3,34.3,34.35,34.3,34.8,34.85,34.85,34.95,34.94,35.1,35.29,35.19,34.95,35.21,35.19,35.32,35.41,35.15,35.21,35.29,35.12,35.12,35.19,34.99,35.19,35.24,35.12,35.21,35.29,35.19,35.12,35.21,35.21,34.85,34.43,34.25,33.61,32.78,31.24,26.92,22.17,20.98,20.36,20.02,20.02,19.47,19.36,19.4,19.18,19.43,19.0,19.25,19.3,19.26,19.08,19.11,19.0,19.15,18.83
18.81,19.15,19.18,19.18,18.96,19.25,19.08,19.47,19.11,19.55,19.48,19.92,20.09,20.09,20.54,20.58,20.86,21.65,25.94,30.73,32.11,32.36,32.67,32.62,32.73,32.82,33.15,33.2,33.15,33.29,33.24,33.46,33.49,33.62,33.57,33.62,33.79,33.88,34.18,34.3,34.21,34.35,34.48,34.41,34.9,34.89,35.32,35.37,35.32,35.37,35.68,35.68,35.24,35.64,35.56,35.29,35.21,35.46,35.21,35.19,35.34,34.95,34.85,35.07,35.04,34.73,34.63,34.63,34.18,34.25,34.01,34.35,34.1,34.13,33.99,34.1,33.86,33.74,34.1,33.88,33.88,33.79,33.69,33.83,33.62,33.61,33.41,33.27,33.27,33.32,33.29,33.27,33.37,33.1,33.37,33.41,33.52,33.54,33.71,33.93,34.01,34.38,34.52,34.26,34.33,34.55,34.55,34.65,34.72,35.04,34.94,35.26,34.94,35.29,35.26,35.02,35.24,35.1,35.02,34.95,34.94,35.12,35.24,35.21,34.72,35.24,35.21,35.12,35.1,35.19,35.34,35.19,35.02,35.07,34.72,34.63,34.33,33.57,32.94,31.66,28.02,22.54,20.9,19.9,19.8,19.77,19.65,19.9,19.26,19.33,19.21,19.21,19.11,19.11,19.21,19.03,19.15,19.15,19.21,18.68
18.81,19.21,18.89,19.18,19.0,19.25,19.03,19.36,19.36,19.43,19.62,19.9,19.58,20.14,20.39,20.58,21.05,21.95,26.92,31.29,32.45,32.77,33.07,33.54,33.49,33.52,33.36,33.19,33.44,33.41,33.69,33.54,33.54,33.93,33.99,34.16,34.25,34.21,34.41,34.41,34.6,34.9,35.12,35.07,35.37,35.41,35.56,35.59,35.51,35.59,35.59,35.54,35.49,35.49,35.41,35.32,35.24,35.15,35.07,35.15,35.07,34.99,34.95,34.82,34.57,34.57,34.38,34.55,34.48,34.33,34.01,34.13,34.1,34.1,33.86,34.1,33.96,33.74,33.93,33.71,33.83,33.96,33.79,33.32,33.61,33.19,33.29,33.36,33.41,32.95,33.36,33.1,33.15,33.07,33.36,33.12,33.44,33.74,33.74,33.83,34.13,34.04,33.99,34.48,34.47,34.57,34.35,34.65,34.52,34.77,34.9,34.89,34.85,34.89,35.04,35.07,35.15,35.15,35.02,35.02,34.95,34.95,34.94,35.07,34.82,35.12,34.8,35.02,35.19,35.07,35.19,35.24,34.77,34.8,34.82,34.43,34.25,33.83,32.95,31.91,28.88,23.48,21.05,20.32,20.17,19.36,19.52,19.52,19.18,19.33,19.11,19.26,19.18,19.26,19.21,18.86,18.78,19.15,19.03,18.83
