29.87,30.09,30.18,30.58,30.26,30.55,30.53,30.6,30.75,30.75,30.65,30.98,30.65,30.9,31.15,31.07,30.98,30.95,31.35,31.4,31.15,31.19,31.24,31.44,31.39,31.39,31.49,31.57,31.64,31.49,31.74,32.2,31.98,31.94,32.43,32.23,32.53,32.43,31.86,31.86,31.66,30.73,28.16,24.09,22.46,22.36,22.24,21.95,21.84,21.94,21.8,21.6,21.99,22.09,22.39,22.63,23.27,24.24,28.51,29.72,30.01,30.13,30.01,29.77,29.0,29.49,29.49,29.72,29.44,29.49,29.49,29.72,29.47,29.2,29.29,29.03,29.03,29.27,29.32,29.72,29.32,29.08,29.15,29.2,29.44,29.61,29.72,29.76,29.93,29.67,29.81,29.81,29.69,29.61,29.81,29.67,30.7,30.53,30.33,30.21,29.87,29.12,26.07,24.09,22.85,22.02,21.94,22.06,21.6,21.57,21.35,21.5,21.75,21.32,21.62,21.53,21.32,21.53,21.72,21.28,21.57,21.6,21.6,21.84,21.95,22.61,24.48,27.52,28.92,29.56,29.96,29.96,30.09,30.41,30.5,30.55,30.83,30.73,30.9,30.9,31.03,31.15,31.15,31.1,30.95,31.35,31.27,31.4,31.35,31.4,31.29,31.29,31.2,31.29,31.24,31.1,31.2,30.95,31.2,30.92
30.16,30.13,30.26,30.21,30.29,30.36,30.66,30.38,30.61,30.55,30.53,30.78,30.61,31.07,31.07,31.03,31.07,31.15,31.27,31.35,31.2,31.29,31.2,31.29,31.44,31.44,31.57,31.69,31.69,31.94,31.91,32.14,32.18,32.36,32.78,32.87,32.48,32.4,32.03,32.18,31.89,31.69,30.92,28.71,24.48,23.08,22.24,22.43,22.24,22.09,22.09,21.84,22.27,21.69,21.99,22.12,22.61,23.82,28.8,30.78,30.08,30.5,30.33,29.87,29.84,29.96,29.87,29.69,29.59,29.64,29.72,29.77,29.52,29.39,29.35,29.24,29.0,29.47,29.32,29.4,29.15,29.35,29.29,29.32,29.35,29.49,29.67,29.72,29.87,29.96,29.81,29.64,29.77,29.44,30.16,30.58,30.55,30.58,30.38,30.16,29.64,28.6,25.17,23.22,22.76,21.87,22.17,21.42,21.16,21.53,21.69,21.43,21.42,21.35,21.75,21.53,21.5,21.23,21.43,21.62,21.62,21.69,21.75,21.94,23.67,25.87,27.87,29.03,29.89,29.72,29.98,30.33,30.01,30.53,30.53,30.58,30.66,30.75,31.1,31.1,31.07,31.02,31.07,31.32,31.07,31.1,31.2,31.24,31.12,31.19,31.24,31.27,31.29,31.29,31.24,31.2,31.12,31.07,31.03,30.82
30.09,29.84,30.38,30.26,30.21,30.58,30.7,30.51,30.61,30.65,30.7,31.1,30.55,30.83,30.65,31.02,31.1,31.12,30.98,31.07,31.2,31.19,31.24,31.35,31.56,31.32,31.49,31.39,31.57,31.91,31.81,32.18,32.53,32.4,32.6,32.7,32.45,32.26,32.28,32.31,32.14,32.2,31.94,31.49,29.39,25.84,23.27,22.85,22.29,22.32,22.06,21.9,21.95,21.95,22.24,22.58,22.48,23.97,28.6,30.95,30.98,30.61,30.41,30.33,30.45,30.08,30.09,29.98,29.84,29.72,29.77,29.59,29.69,29.47,29.29,29.27,29.27,29.64,29.56,29.39,29.52,29.47,29.32,29.47,29.64,29.64,29.76,29.69,30.01,29.96,29.87,29.76,30.13,30.78,30.9,30.75,30.82,30.53,30.61,30.45,29.77,28.71,24.71,22.58,22.14,22.27,21.84,21.79,21.62,21.42,21.65,21.65,21.53,21.47,21.65,21.62,21.62,21.5,21.75,21.72,21.75,22.09,22.76,24.33,26.92,29.24,29.56,29.96,30.21,30.38,30.41,30.21,30.73,30.5,30.73,30.66,30.92,30.83,31.15,31.19,30.98,31.29,31.12,31.29,31.12,31.35,31.32,31.15,31.29,31.49,31.35,31.29,31.49,30.95,31.15,31.44,31.24,30.83,31.19,30.98
29.87,29.89,30.26,30.08,30.36,30.33,30.38,30.45,30.66,30.73,30.58,30.58,30.92,31.1,30.83,31.03,31.2,31.29,31.32,31.2,31.19,31.1,31.27,31.19,31.61,31.24,31.44,31.81,31.91,32.01,32.36,32.06,32.36,32.85,32.62,32.65,32.48,32.6,32.48,32.31,32.35,32.28,32.23,32.03,31.39,29.98,28.34,25.17,23.33,22.51,22.46,22.12,22.46,22.21,22.36,22.29,22.63,24.06,28.55,30.95,31.15,31.35,30.73,30.33,30.21,30.87,30.18,30.29,29.84,29.87,29.84,29.59,29.64,29.72,29.61,29.47,29.47,29.56,29.52,29.64,29.56,29.49,29.44,29.72,29.96,30.01,29.87,29.89,29.98,29.84,29.84,30.45,30.87,30.98,30.73,30.87,31.03,30.78,30.65,30.65,30.26,28.56,23.75,22.32,22.06,21.79,21.62,21.9,21.62,21.42,21.6,21.43,21.62,21.1,21.28,21.5,21.42,21.38,21.87,22.29,22.21,22.61,25.13,27.47,29.29,29.81,30.18,30.58,30.61,30.53,30.5,30.78,30.9,30.66,30.95,31.15,31.03,31.2,31.32,31.44,30.95,31.24,31.2,31.15,31.56,31.49,31.47,31.19,31.32,31.32,31.2,31.57,31.02,31.47,31.15,31.03,30.95,31.2,30.9,30.82
29.81,29.87,30.26,30.29,30.29,30.26,30.38,30.13,30.53,30.7,30.9,30.98,30.87,30.95,30.87,31.03,31.03,31.24,31.12,31.24,31.15,31.24,31.19,31.29,31.4,31.29,31.56,31.64,32.35,32.26,32.35,32.57,32.95,32.68,32.9,32.73,32.65,32.68,32.48,32.36,32.65,32.36,32.36,32.11,32.26,32.09,31.32,30.09,28.23,25.52,23.64,22.36,22.39,22.32,21.99,22.48,22.76,23.87,28.8,30.66,31.44,31.47,31.19,30.98,30.78,30.29,30.61,30.41,30.41,30.26,30.01,29.89,29.87,29.84,29.67,29.59,29.59,29.44,29.76,29.89,29.44,29.84,29.64,29.64,29.89,29.89,29.77,29.93,30.16,30.55,30.65,31.07,31.02,31.24,30.98,30.98,31.27,31.07,31.1,31.03,30.58,29.44,24.26,22.54,22.06,21.99,21.8,21.8,21.53,21.5,21.75,21.75,21.6,21.6,21.62,21.53,21.8,21.8,21.84,22.66,23.08,25.99,27.81,29.27,29.69,30.01,30.26,30.46,30.87,30.53,30.87,31.07,31.02,31.03,31.19,31.07,31.12,31.27,31.47,31.12,31.1,31.4,31.02,31.27,31.69,31.32,31.49,31.24,31.66,31.32,31.52,31.29,31.24,31.19,31.02,30.9,31.27,31.1,31.35,31.19
29.89,29.93,30.08,30.26,30.38,30.55,30.45,30.53,30.65,30.53,30.55,30.87,30.65,31.02,31.1,30.95,31.03,31.35,31.02,31.39,31.24,31.39,31.44,31.35,31.52,31.64,31.69,31.72,32.06,32.51,32.57,32.48,32.87,32.68,32.95,32.77,32.9,32.7,32.78,32.4,32.35,32.51,32.31,32.45,32.53,32.2,31.77,31.39,30.92,29.64,27.91,24.93,23.42,22.78,22.24,22.51,22.78,23.82,29.03,31.32,31.56,31.61,31.44,31.56,31.27,31.32,30.58,30.45,30.58,30.29,30.45,30.45,30.21,30.13,29.72,29.76,29.87,29.61,29.49,29.67,29.72,29.52,29.77,29.96,30.09,29.81,30.38,30.65,30.82,31.29,31.4,31.52,31.47,31.19,31.44,31.19,31.4,31.56,31.57,31.57,31.27,29.77,24.93,22.76,22.17,21.94,21.95,21.47,21.69,21.23,21.62,21.99,21.6,21.1,21.62,21.38,21.87,22.14,22.58,24.09,26.65,28.36,29.59,29.87,30.13,30.33,30.7,30.73,30.78,30.87,31.19,31.2,31.07,31.24,31.56,31.39,31.12,31.61,31.35,31.56,31.35,31.66,31.66,31.44,31.47,31.4,31.29,31.61,31.61,31.44,31.39,31.4,31.29,31.61,31.32,31.32,31.39,31.39,31.02,31.35
29.93,29.76,29.98,29.89,30.08,30.09,30.26,30.45,30.58,30.65,30.53,30.7,30.82,30.66,31.07,31.24,31.12,31.35,30.98,31.29,31.32,30.98,31.39,31.39,31.27,31.72,31.69,31.94,32.51,32.85,32.87,33.04,33.04,32.87,32.78,32.77,32.65,32.48,32.43,32.45,32.06,32.43,32.35,32.45,32.23,32.48,32.14,31.83,31.77,31.1,30.7,29.77,27.29,23.99,22.96,22.69,22.88,23.82,28.75,31.57,31.49,31.74,31.81,31.66,31.39,31.44,31.4,31.07,31.2,31.02,30.98,30.45,30.41,30.24,29.76,29.61,29.98,29.98,29.89,29.64,30.01,29.96,29.96,30.09,30.41,30.87,31.12,31.19,31.44,31.57,31.47,31.57,31.57,31.69,31.72,31.94,31.89,32.06,31.86,32.03,31.57,30.78,26.97,23.42,22.51,22.02,21.95,21.8,21.79,21.62,21.62,21.87,21.6,21.79,21.47,21.95,22.06,23.23,25.25,27.35,28.68,29.44,29.81,29.89,30.24,30.5,30.7,30.61,30.7,31.29,31.1,31.35,31.24,31.47,31.49,31.64,31.56,31.61,31.56,31.72,31.47,31.39,31.64,31.39,31.69,31.74,31.56,31.4,31.52,31.56,31.66,31.29,31.24,31.49,31.39,31.02,31.52,31.32,31.39,30.95
29.64,29.67,30.09,30.24,30.16,30.24,30.45,30.58,30.45,30.65,30.7,30.61,30.83,30.83,31.03,31.19,31.24,31.27,31.4,31.49,31.44,31.72,31.39,31.72,31.57,32.03,31.98,32.26,32.77,33.29,32.95,32.99,33.04,32.73,32.99,32.95,32.65,32.78,32.57,32.45,32.36,32.31,32.35,32.45,32.26,32.48,32.4,32.14,31.81,31.61,31.72,31.24,30.38,28.66,25.07,23.11,23.23,23.97,28.56,31.66,31.98,32.06,31.94,31.94,31.94,31.98,31.69,31.72,31.4,31.64,31.69,31.2,31.03,30.66,30.38,30.16,30.16,29.89,29.93,30.21,30.04,30.21,30.82,30.9,31.07,30.95,31.12,31.19,31.52,31.72,31.86,31.86,32.03,32.14,32.23,32.35,32.36,32.2,32.03,32.01,31.98,31.27,29.4,25.07,22.76,22.43,22.21,22.17,21.6,21.5,21.69,21.47,21.72,21.8,21.87,23.15,24.56,26.8,28.02,29.03,29.67,29.89,30.01,29.56,30.65,30.16,30.41,30.82,30.82,30.9,31.32,31.44,31.69,31.91,31.74,31.81,31.77,31.86,31.77,31.94,31.74,32.11,31.56,31.61,31.61,31.61,31.56,31.4,31.35,31.35,31.49,31.56,31.29,31.32,31.27,31.27,31.27,30.98,31.19,31.02
29.44,29.69,29.96,30.18,30.21,30.33,30.5,30.46,30.41,30.75,30.82,31.1,30.41,31.07,30.98,31.19,31.15,31.64,31.69,31.19,31.57,31.81,31.66,31.77,31.91,32.01,32.28,32.62,32.77,33.2,32.77,33.04,32.95,32.77,32.62,32.73,32.57,32.43,32.35,32.2,32.26,32.53,32.2,32.35,32.31,32.18,32.51,31.98,32.09,31.66,31.98,31.61,31.57,30.53,28.76,25.55,23.6,23.37,28.04,31.89,32.65,32.51,32.14,32.01,32.26,32.06,32.26,31.81,31.94,31.61,31.69,31.52,31.47,31.27,30.83,30.7,30.65,30.58,30.83,30.75,31.1,31.1,30.92,31.2,30.9,31.27,31.4,31.61,31.74,31.86,32.26,32.23,32.18,32.45,32.2,32.35,32.45,32.35,32.4,32.09,31.98,31.72,31.27,28.46,24.06,22.69,22.21,22.02,21.87,22.12,21.84,22.14,22.32,23.22,24.59,26.73,27.96,28.87,29.27,29.84,30.21,30.36,30.26,30.26,30.53,30.18,30.73,30.83,30.66,30.95,30.92,31.27,31.66,32.03,31.77,31.89,32.28,31.94,31.72,32.06,31.4,31.72,32.14,32.09,31.47,31.83,31.56,31.49,31.61,31.77,31.24,31.56,31.49,31.32,31.27,31.24,31.35,31.32,31.07,31.2
29.76,29.81,30.18,30.16,29.69,30.61,30.36,30.53,30.78,30.75,30.53,31.02,30.75,30.98,31.1,31.12,31.02,31.4,31.56,31.47,31.64,31.94,31.77,31.83,32.11,32.31,32.35,32.65,33.02,33.07,33.04,33.12,32.87,32.62,32.99,32.53,32.43,32.65,32.45,32.14,32.36,32.45,32.26,32.03,32.35,32.18,32.11,31.98,32.28,31.81,31.86,31.77,31.98,31.77,31.12,29.87,26.92,24.29,25.99,31.69,32.48,32.77,32.77,32.57,32.57,32.73,32.51,32.35,32.28,32.43,31.89,32.06,31.83,31.72,31.64,31.4,31.4,31.1,31.27,31.47,31.32,31.12,31.44,31.56,31.61,31.77,31.69,31.47,31.89,32.11,32.26,32.35,32.36,32.48,32.48,32.28,32.36,32.48,32.31,32.77,32.36,32.26,32.09,30.7,27.29,24.11,23.27,22.24,22.24,22.61,23.18,24.33,25.75,27.55,28.76,29.76,29.76,29.98,30.26,30.38,30.45,30.29,30.24,30.41,30.73,30.73,30.78,30.82,30.98,30.75,31.12,31.49,31.83,31.86,32.28,32.23,32.57,32.51,32.26,32.18,32.03,31.94,31.74,31.83,31.77,31.47,31.64,31.52,31.61,31.66,31.64,31.57,31.47,31.64,31.27,31.49,31.07,31.52,31.35,31.2
29.2,29.72,29.49,29.93,30.13,30.09,30.24,30.53,30.82,30.5,30.78,30.82,30.83,30.95,31.07,30.83,31.2,31.49,31.47,31.74,31.81,31.94,31.72,32.03,32.26,32.48,32.43,33.02,33.02,32.95,32.78,32.82,32.6,32.26,32.48,32.31,32.4,32.43,32.6,31.91,32.14,32.01,31.94,32.18,31.66,32.11,32.28,32.2,32.2,32.01,32.36,32.26,32.14,32.26,31.83,31.2,30.92,28.23,28.24,31.69,32.78,32.99,32.87,32.9,32.9,32.95,33.02,32.77,32.7,32.73,32.43,32.57,32.18,31.89,31.89,31.66,31.32,31.44,31.56,31.52,31.64,31.81,31.64,31.74,31.83,31.91,32.14,32.14,32.03,32.4,32.26,32.53,32.23,32.23,32.6,32.4,32.35,32.36,32.53,32.62,32.43,32.48,32.2,31.12,30.13,28.75,26.14,24.02,24.44,26.11,27.6,29.03,29.69,30.13,29.98,30.41,30.5,30.45,30.36,30.41,30.46,30.73,30.83,30.75,30.66,30.95,31.02,30.98,30.95,30.7,31.15,31.39,31.44,31.94,32.18,32.43,32.6,32.36,32.57,32.48,32.26,32.26,31.83,31.91,31.86,31.52,31.69,31.49,31.49,31.4,31.47,31.44,31.61,31.66,31.47,31.47,31.47,31.03,31.19,31.32
29.35,29.19,29.72,29.89,29.84,30.18,30.33,30.55,30.5,30.75,30.83,31.02,30.9,31.02,31.02,31.07,31.07,31.39,31.44,31.81,31.57,31.86,31.77,32.18,32.53,32.77,32.73,32.82,33.04,32.78,32.82,32.77,32.45,32.53,32.51,32.09,32.14,32.45,32.43,32.11,31.94,32.28,32.2,32.11,31.98,32.35,32.11,32.23,32.53,31.98,32.68,32.03,32.35,32.62,32.09,32.35,32.01,32.03,32.09,32.18,32.7,33.2,33.1,33.19,32.95,32.77,32.95,32.65,32.6,32.53,32.48,32.09,32.36,32.18,31.91,31.89,31.91,31.86,31.66,31.91,31.81,31.98,31.94,31.94,32.03,32.18,32.14,32.23,32.11,32.23,32.2,32.26,31.89,32.57,32.35,32.51,32.77,32.4,32.78,32.73,32.48,32.23,32.03,31.56,30.98,30.41,29.64,28.34,29.12,30.08,30.26,30.45,30.18,30.61,30.45,30.66,30.58,30.73,30.83,30.83,30.82,30.75,31.07,31.19,31.4,31.24,31.03,30.95,31.32,30.98,31.19,31.24,31.44,31.72,32.26,32.31,32.65,32.73,32.68,32.48,32.6,32.18,32.23,32.48,31.77,31.83,32.03,31.64,31.74,31.57,31.89,31.64,31.64,31.57,31.32,31.35,31.32,31.03,31.35,31.12
28.98,29.4,29.69,29.93,29.96,30.08,30.08,30.55,30.58,30.45,30.92,30.83,31.07,30.95,31.07,31.4,31.4,31.32,31.56,31.56,31.64,31.69,32.4,32.43,32.6,32.68,32.7,32.99,33.1,32.77,32.48,32.31,32.36,32.43,32.23,31.91,32.36,32.26,32.31,31.94,32.01,32.01,31.83,31.98,32.11,32.11,31.83,32.11,32.14,32.03,32.18,32.31,32.31,32.26,32.36,32.43,32.18,32.57,32.65,32.57,32.51,33.07,33.07,33.19,33.2,33.02,32.77,32.6,32.48,32.2,32.14,32.18,32.01,32.03,31.72,31.32,31.47,31.61,31.72,31.39,31.57,31.61,31.69,31.81,32.03,31.69,31.86,31.91,31.66,32.18,31.86,31.91,31.81,32.14,32.14,32.57,32.36,32.03,32.6,32.18,32.09,32.4,32.14,31.89,31.2,31.15,30.78,30.78,30.66,30.75,30.73,30.58,30.36,30.46,30.66,30.58,30.75,30.73,31.12,30.9,31.12,30.95,31.2,31.1,30.87,30.92,30.83,30.95,30.87,31.15,30.98,31.03,31.64,31.57,31.69,32.01,32.06,32.82,32.95,32.77,32.43,32.68,32.4,32.26,32.03,31.91,31.56,31.74,31.72,31.72,31.83,31.4,31.56,31.66,31.44,31.07,31.2,31.4,31.07,30.87
28.92,29.32,29.64,29.69,29.98,30.18,30.16,30.53,30.78,30.78,30.65,30.9,30.7,31.12,31.44,31.03,31.27,31.56,31.72,31.72,31.83,32.14,32.31,32.7,32.87,32.73,32.77,32.95,32.82,32.48,32.48,32.35,32.43,32.28,31.98,32.18,31.89,32.03,32.11,32.09,31.94,32.09,31.98,32.06,32.18,32.26,32.11,32.14,32.06,32.09,32.06,32.11,32.35,32.35,32.2,32.48,32.26,32.65,32.99,32.62,32.65,32.82,32.95,33.02,32.9,33.24,32.9,32.6,32.36,32.43,32.36,32.09,31.81,31.72,31.64,31.39,31.44,31.15,30.98,30.98,31.32,31.02,31.1,31.24,31.2,31.1,31.69,31.47,31.66,31.72,31.94,31.83,31.83,31.89,32.23,32.28,32.11,32.53,32.35,32.28,32.18,32.01,31.91,31.81,31.44,30.98,31.29,31.07,30.58,30.73,30.55,30.58,30.58,30.65,30.92,31.1,31.1,31.19,31.4,31.29,31.15,31.15,31.27,30.98,30.78,30.78,30.75,30.98,30.83,30.98,31.07,31.03,31.47,31.47,31.91,32.11,32.65,32.87,33.19,33.02,32.85,32.31,32.45,32.57,32.09,32.03,31.74,31.91,31.98,31.64,31.83,31.61,31.47,31.66,31.32,31.44,31.32,31.27,30.95,31.03
28.98,29.32,29.59,29.59,29.69,29.81,30.13,30.01,30.73,30.75,30.65,30.78,30.92,31.2,31.15,31.35,31.24,31.32,31.52,31.74,31.83,32.11,32.35,32.53,32.95,33.1,32.57,32.57,32.65,32.51,32.03,32.06,32.06,32.06,32.18,32.14,31.98,32.06,32.01,31.86,31.89,31.81,32.01,31.69,32.14,32.01,31.94,32.18,32.03,32.14,31.83,32.11,32.18,32.28,32.26,32.31,32.2,32.31,32.78,32.62,32.65,32.51,32.77,32.78,32.82,32.87,32.85,32.68,32.43,32.43,32.28,31.86,31.91,31.83,31.49,31.15,31.03,31.15,30.65,30.78,30.92,30.7,31.07,30.9,31.1,31.1,31.24,31.44,31.61,31.35,31.77,31.81,31.98,31.94,31.74,32.01,32.23,31.91,32.06,32.09,32.28,31.86,31.86,31.57,31.2,31.32,30.95,30.75,30.83,30.9,30.7,30.78,30.65,30.82,30.75,30.65,30.82,31.15,31.4,31.29,31.57,31.64,31.4,30.98,30.82,30.61,30.66,30.58,30.92,31.07,30.9,30.98,31.27,31.47,31.49,32.23,32.28,32.48,32.9,33.02,32.85,32.48,32.7,32.45,32.51,31.89,31.91,31.83,31.77,31.81,31.66,31.91,31.56,31.61,31.47,31.49,31.52,31.15,30.65,31.02
28.68,29.03,29.44,29.4,29.49,29.98,30.18,30.33,30.46,30.33,30.73,30.78,30.78,31.2,31.1,30.95,31.61,31.49,31.77,31.91,31.74,32.18,32.35,32.68,33.02,32.82,32.53,32.45,32.23,32.36,31.94,32.2,32.11,31.83,31.66,31.86,31.66,31.66,31.74,31.66,31.56,31.81,32.11,32.18,32.43,32.18,32.53,32.36,32.57,32.26,32.09,32.31,32.06,32.09,32.11,32.28,32.26,32.18,32.23,32.26,32.43,32.4,32.51,32.53,32.51,32.43,32.65,32.62,32.65,32.4,32.06,32.06,31.83,31.52,31.4,31.39,31.39,31.2,31.35,30.98,31.03,30.9,31.03,30.95,30.95,31.15,31.07,31.1,31.47,31.81,31.52,31.72,31.77,31.91,32.14,31.83,32.01,31.89,31.77,31.98,31.61,32.18,31.49,31.39,31.19,30.78,30.87,31.02,30.75,30.73,30.73,30.7,30.73,30.53,30.9,30.82,30.82,30.82,31.12,31.29,31.74,31.39,31.47,31.32,31.15,30.95,31.02,30.7,30.87,30.83,30.53,31.02,31.03,31.19,31.74,32.03,32.28,32.48,33.04,32.85,32.94,32.73,32.6,32.62,32.51,32.26,32.31,32.09,31.98,31.81,31.81,31.81,31.44,31.56,31.39,31.29,31.32,31.27,31.19,30.53
28.6,29.08,29.44,29.69,29.67,29.67,30.38,30.58,30.24,30.73,30.9,30.98,30.95,31.02,31.27,31.29,31.47,31.35,31.72,31.74,32.09,32.01,32.35,32.57,32.9,32.73,32.62,32.57,32.36,32.35,32.09,32.18,31.98,31.91,31.89,31.66,31.66,31.72,31.66,31.83,31.86,31.83,31.89,31.94,32.28,32.26,32.09,32.43,32.11,32.18,32.57,32.28,32.11,31.98,32.45,32.26,32.14,32.14,32.09,32.35,32.23,32.26,32.31,32.51,32.36,32.65,32.48,32.65,32.62,32.43,32.31,32.01,32.06,32.03,31.44,31.32,31.69,31.19,30.98,31.02,31.24,30.7,31.15,30.82,31.02,31.02,31.19,31.39,31.19,31.49,31.57,31.89,32.11,31.74,32.26,32.14,32.03,32.01,31.81,31.89,32.01,31.94,31.44,31.29,31.39,31.19,31.07,30.9,31.07,30.82,30.9,30.87,30.75,30.87,30.87,30.7,30.92,31.07,31.1,31.27,31.44,31.49,31.64,31.12,31.39,30.9,30.9,30.46,30.83,30.66,30.87,30.92,31.12,31.15,31.69,31.89,32.45,32.78,32.82,33.12,33.15,32.95,32.82,32.85,32.26,32.45,32.09,32.09,31.81,32.09,31.94,31.56,31.44,31.61,31.29,31.4,31.35,30.98,31.24,30.75
28.16,28.95,28.95,29.49,29.52,29.84,30.04,30.13,30.46,30.45,30.55,30.9,31.12,31.12,31.19,31.35,31.56,31.49,31.81,32.06,31.86,32.43,32.51,32.51,32.65,32.65,32.53,32.53,32.2,32.28,32.31,32.18,32.03,31.61,31.61,31.35,31.4,32.01,31.81,31.89,31.66,32.11,31.98,31.57,31.77,31.94,31.66,31.81,32.01,32.09,32.4,32.26,31.83,32.23,32.01,31.98,32.31,31.94,32.18,32.01,31.77,32.14,32.14,32.4,32.14,32.28,32.14,32.14,32.36,32.18,32.43,32.26,32.14,31.91,31.86,31.77,31.56,31.56,31.32,31.32,31.2,31.1,31.1,31.29,31.19,31.03,31.29,31.15,31.32,32.01,31.64,32.03,32.09,32.35,32.18,32.03,31.98,31.94,32.01,31.66,31.74,31.4,31.49,31.27,31.19,31.03,30.92,30.82,30.75,30.7,30.82,30.92,30.66,30.87,30.78,31.12,31.07,30.83,31.03,31.12,30.98,31.57,31.64,31.35,31.52,31.2,31.02,30.9,30.95,30.87,30.83,30.9,31.1,31.19,31.69,32.11,32.48,32.53,32.94,32.82,33.15,32.99,32.65,32.7,32.62,32.2,32.26,32.03,31.89,32.06,32.09,31.64,31.89,31.39,31.61,31.35,31.44,31.24,31.03,30.78
27.79,28.51,28.92,29.4,29.61,29.84,29.98,30.16,30.5,30.7,30.45,31.02,30.83,31.15,31.19,31.49,31.4,31.72,31.77,31.94,32.26,32.2,32.68,32.68,32.78,32.31,32.62,32.45,32.09,31.89,32.26,32.2,31.91,31.64,31.47,31.29,31.64,31.69,32.06,31.56,31.29,31.56,31.56,31.32,31.27,31.35,31.66,31.4,31.94,32.03,32.18,32.4,32.14,32.03,32.06,31.89,31.94,31.77,31.98,32.09,31.94,32.09,32.09,32.09,32.2,32.26,32.14,32.11,32.26,32.35,32.18,32.14,32.4,31.98,31.74,31.72,31.69,31.49,31.19,31.39,31.07,30.95,31.24,30.98,31.15,31.02,31.19,31.64,31.89,31.47,31.98,31.89,32.09,32.09,32.06,31.98,32.23,32.03,31.69,31.56,31.4,31.29,31.35,31.4,31.03,30.95,31.02,30.82,30.75,31.03,30.58,31.02,30.83,30.7,30.75,31.07,30.82,30.82,31.35,31.39,31.27,31.29,31.19,31.39,31.57,31.44,31.02,30.83,30.95,30.87,30.82,30.38,30.87,31.19,31.49,31.66,32.23,32.53,32.9,33.1,33.1,33.07,32.9,32.87,32.68,32.36,32.36,31.94,32.01,31.98,31.98,31.81,31.66,31.4,31.35,31.39,31.12,31.1,31.07,30.92
26.07,28.24,28.75,28.75,29.59,29.98,29.98,30.21,30.33,30.53,30.95,31.1,31.2,31.27,31.69,31.4,31.77,31.61,32.03,32.28,32.26,32.62,32.26,32.4,32.45,32.31,32.35,32.03,32.03,32.18,31.74,31.47,31.56,31.2,31.24,31.24,31.56,31.72,31.86,31.56,31.19,31.47,31.39,31.02,31.35,31.27,31.4,31.4,31.56,31.98,32.14,31.98,32.03,31.89,31.81,31.52,32.01,32.01,31.89,31.83,31.91,32.03,32.14,32.23,32.2,32.03,31.89,32.11,32.2,32.18,32.11,32.14,32.06,31.74,31.94,31.77,31.64,31.69,31.57,31.39,31.52,31.49,31.19,31.32,31.27,31.52,31.44,31.1,31.44,31.72,31.64,31.83,31.66,31.98,32.2,31.98,32.09,31.81,31.64,31.4,31.24,31.2,31.12,30.92,31.07,30.75,31.12,31.19,30.87,30.73,30.95,30.66,30.83,30.83,30.75,30.78,30.95,31.1,31.07,31.44,31.47,31.44,31.2,31.39,31.44,31.57,31.29,31.27,31.07,30.5,30.78,30.82,31.03,31.56,31.32,31.89,32.03,32.6,32.45,33.07,32.99,33.07,32.95,32.68,32.6,32.43,32.26,32.31,32.23,32.03,32.2,32.09,31.74,31.49,31.61,31.29,31.35,31.12,30.87,30.78
22.78,27.47,28.63,29.12,29.29,29.76,29.77,30.29,30.26,30.58,30.38,31.03,30.92,30.92,31.29,31.57,31.57,31.77,32.01,32.18,32.18,32.6,32.48,32.36,32.45,32.03,32.31,32.31,32.43,32.11,31.98,31.47,31.4,31.12,31.39,31.27,31.61,31.94,31.94,31.56,31.64,31.44,30.92,31.12,31.29,30.87,31.47,31.29,31.57,31.74,31.94,31.98,32.03,31.81,31.69,31.91,31.91,31.74,32.01,31.94,32.03,31.98,31.77,32.06,32.03,32.26,32.09,32.14,31.74,32.09,32.03,31.91,32.03,31.89,31.77,31.72,32.01,31.61,31.72,31.57,31.4,31.32,31.1,31.44,31.12,31.35,31.32,31.27,31.74,31.49,31.57,31.77,31.44,31.81,31.91,31.64,31.72,31.72,31.32,31.2,31.27,31.1,31.1,31.1,30.78,30.92,30.83,30.87,30.66,31.02,30.9,30.58,31.27,31.07,31.02,30.87,31.07,31.07,31.39,31.56,31.49,31.44,31.19,31.35,31.64,31.49,31.61,31.49,30.98,31.1,31.02,31.12,31.29,30.98,31.47,31.66,31.83,32.4,32.65,32.65,32.87,33.1,32.95,32.87,32.9,32.53,32.62,32.06,32.26,32.11,32.23,31.89,31.61,31.64,31.35,31.27,31.24,31.27,31.12,30.92
21.2,24.9,28.23,28.76,29.4,29.29,29.77,29.98,30.18,30.61,30.58,30.95,31.12,31.49,31.56,31.49,31.86,32.09,32.45,32.51,32.45,32.82,32.65,32.35,32.18,32.31,31.94,32.43,31.98,32.06,31.94,31.47,31.12,30.98,31.2,31.39,31.47,31.57,31.77,31.64,31.29,31.44,31.03,31.19,31.24,31.2,31.24,31.47,31.89,31.64,31.94,32.03,32.14,31.86,31.86,31.81,31.77,31.52,31.66,32.09,31.98,31.74,31.89,32.11,31.89,31.77,32.11,31.83,32.01,31.86,31.83,31.72,31.66,31.91,31.61,31.32,31.72,31.72,31.47,31.72,31.15,31.49,31.19,31.57,31.32,31.39,31.35,31.4,31.29,31.19,31.66,31.49,31.29,31.49,31.64,31.39,31.66,31.66,31.35,31.52,31.29,31.2,31.24,30.92,30.7,30.9,31.2,31.15,31.1,31.03,30.9,31.19,31.24,30.66,31.1,30.9,31.12,31.29,31.27,31.49,31.72,31.1,31.1,31.15,31.19,31.39,31.19,31.4,31.39,31.32,31.15,30.98,31.19,31.32,31.52,31.49,32.2,32.26,32.6,32.73,32.9,32.87,33.19,32.77,32.77,32.68,32.09,32.48,32.23,32.35,32.11,32.2,32.03,31.86,31.57,31.47,31.52,31.47,30.9,30.5
21.35,22.96,27.25,28.8,29.4,29.56,29.56,30.04,30.24,30.7,30.55,30.98,30.87,31.32,31.4,31.39,31.66,32.09,32.23,32.4,32.62,32.23,32.51,32.26,32.4,32.06,32.01,31.86,31.94,32.06,31.47,31.29,31.1,31.24,31.27,31.02,31.39,31.61,31.69,31.35,31.24,31.24,31.35,31.03,31.24,31.2,31.47,31.29,31.61,32.03,32.06,32.01,32.01,32.03,31.89,31.74,31.86,31.77,31.86,31.83,32.01,31.4,31.86,31.77,31.86,31.77,31.98,31.72,31.81,31.74,31.74,31.52,31.57,31.61,31.64,31.57,31.44,31.61,31.49,31.49,31.29,31.27,31.29,31.03,30.95,31.02,31.07,30.98,31.15,31.24,31.27,31.32,31.29,31.35,31.19,31.27,31.69,31.12,31.44,31.29,30.95,31.35,30.98,31.35,31.2,30.95,31.07,31.12,30.95,30.87,31.1,31.07,31.12,31.07,31.02,31.2,30.95,31.03,31.4,31.56,31.29,31.39,31.49,31.32,31.35,31.4,31.39,31.32,31.39,31.39,31.29,31.29,31.1,31.44,31.39,31.64,31.94,32.23,32.43,32.73,32.9,33.07,33.02,32.85,32.85,32.78,32.26,32.6,32.11,32.01,32.14,32.11,31.72,31.83,31.57,31.52,31.64,31.39,31.02,30.58
20.58,21.35,24.48,27.91,28.92,29.29,29.64,30.18,30.26,30.33,30.82,30.98,31.02,31.57,31.69,31.4,31.77,32.11,32.43,32.65,32.45,32.31,32.14,32.36,32.23,32.26,31.91,32.06,31.89,31.61,31.35,31.27,31.32,30.9,31.02,31.47,31.49,31.69,31.4,31.69,31.52,31.47,31.24,31.29,31.12,31.24,31.4,31.4,31.24,31.83,32.01,32.14,31.81,31.74,31.47,31.44,31.47,31.77,31.72,31.83,31.32,31.86,31.77,31.61,31.47,31.69,31.61,31.66,31.39,31.4,31.35,31.52,31.49,31.66,31.29,31.32,31.32,31.15,31.27,31.24,31.19,31.07,30.87,31.12,30.73,31.03,31.03,30.9,30.95,30.7,31.1,30.95,30.95,31.07,31.03,31.24,31.35,31.24,31.27,31.27,31.35,31.27,31.24,30.82,30.87,30.75,30.82,30.95,31.24,31.29,31.03,31.1,31.02,31.27,31.07,31.2,31.03,31.1,31.32,31.32,31.24,31.29,31.47,31.24,31.35,31.15,31.4,31.32,31.44,31.24,31.4,31.44,31.15,31.66,31.4,31.74,31.91,32.01,32.48,32.73,32.73,32.57,32.87,32.9,32.53,32.43,32.36,32.45,32.4,32.2,32.36,31.91,31.83,31.83,31.61,31.35,31.2,30.95,31.02,30.61
20.49,21.28,22.39,26.58,28.43,29.2,29.84,30.04,30.13,30.26,30.75,30.98,31.27,31.2,31.52,31.52,31.94,32.35,32.6,32.7,32.77,32.4,32.2,31.98,32.09,32.45,32.01,31.94,31.44,31.61,31.56,31.44,31.35,31.39,31.49,31.64,31.72,31.81,31.35,31.64,31.56,31.39,31.49,31.27,31.1,31.27,31.44,31.47,31.4,31.4,31.66,31.91,31.64,31.56,31.77,31.56,31.49,31.44,31.52,31.74,31.57,31.77,31.52,31.29,31.44,31.32,31.57,31.29,31.12,31.29,31.2,31.1,31.56,31.2,31.39,31.61,31.47,31.2,30.92,31.07,30.78,30.83,31.07,31.03,30.9,30.98,31.02,30.83,30.73,30.9,30.83,30.7,31.03,30.83,30.87,31.15,31.4,31.4,31.29,31.27,31.24,31.39,30.7,31.2,31.07,30.98,31.19,31.32,31.1,31.15,31.02,31.1,31.19,31.07,31.03,31.1,31.02,31.1,31.15,31.03,31.27,31.27,31.19,31.1,31.35,31.39,31.39,31.49,31.57,31.52,31.52,31.56,31.29,31.44,31.66,31.72,31.83,31.81,31.91,32.48,32.48,32.53,32.87,33.07,32.78,32.68,32.48,32.65,32.45,32.18,32.31,32.09,31.89,31.49,31.64,31.61,31.35,30.98,30.58,30.38
20.31,20.73,21.53,23.84,28.43,28.92,29.47,29.56,30.08,30.45,30.73,30.92,30.87,30.98,31.35,31.61,31.72,32.18,32.35,32.65,32.45,32.23,32.18,32.2,32.11,31.91,31.91,31.91,31.81,31.39,31.24,31.32,31.44,31.52,31.32,31.32,31.47,31.44,31.2,31.24,31.24,31.03,31.24,31.19,31.19,31.2,31.2,31.02,31.1,31.27,31.15,31.39,31.47,31.32,31.27,31.47,31.69,31.57,31.77,31.72,31.49,31.44,31.44,31.52,31.03,31.1,31.15,30.83,31.03,30.9,30.92,31.15,31.03,31.19,31.27,31.24,31.2,31.32,31.19,31.02,31.03,30.83,30.92,30.83,30.78,30.78,30.9,30.65,30.61,30.7,30.82,30.65,30.66,30.7,30.9,30.83,30.98,30.7,31.27,31.44,31.1,31.2,31.2,31.07,30.98,31.19,31.07,31.44,31.29,31.19,31.15,31.32,31.39,31.12,30.92,31.07,31.2,31.07,31.4,31.24,31.15,31.12,31.24,31.1,31.57,31.44,31.2,31.32,31.47,31.64,31.69,31.77,31.72,31.69,31.83,31.77,31.72,32.03,32.01,32.2,32.57,32.4,32.95,32.62,32.68,32.48,32.6,32.45,32.6,32.31,32.31,31.98,31.81,31.64,31.49,31.35,31.19,30.9,30.66,30.55
19.87,20.39,20.91,21.72,26.44,28.68,29.24,29.64,29.84,30.26,30.26,30.82,30.92,31.19,31.64,31.77,31.94,32.4,32.14,32.48,32.53,32.23,32.01,31.66,31.94,31.94,31.52,31.35,31.72,31.19,31.44,31.12,31.19,31.29,31.29,31.56,31.61,31.56,31.03,30.78,30.9,31.02,31.02,30.98,30.9,30.98,30.75,30.95,31.29,30.83,31.07,31.07,30.82,31.29,30.98,31.12,31.19,31.32,31.29,31.1,31.1,31.12,31.32,31.24,30.98,30.75,30.95,30.5,30.58,30.92,30.5,30.9,30.9,30.73,30.95,30.82,31.02,30.98,30.83,30.98,31.15,30.58,30.83,30.9,30.7,31.03,30.83,30.46,30.58,30.73,30.61,30.73,30.65,30.46,30.29,30.7,30.66,30.7,30.73,31.02,30.98,31.03,30.98,31.1,30.87,31.1,31.27,31.19,31.1,31.35,31.12,31.35,31.2,31.52,31.03,31.32,31.27,31.29,31.19,31.29,31.44,30.92,31.4,31.52,31.4,31.74,31.44,31.69,31.77,31.49,31.94,31.72,31.74,31.89,31.94,31.83,31.91,31.74,31.64,32.26,32.35,32.43,32.62,32.31,32.77,32.51,32.35,32.2,32.28,32.35,32.36,32.03,31.89,31.86,31.56,31.57,30.95,30.83,30.7,30.04
19.9,20.14,20.42,20.95,23.37,28.02,28.95,29.52,29.89,30.09,30.13,30.45,30.87,31.27,31.52,31.39,31.74,32.06,32.45,32.48,32.4,32.14,32.03,31.61,31.83,31.81,31.72,31.56,31.72,31.44,31.12,31.2,31.15,30.98,31.52,31.49,31.32,30.95,31.2,30.83,30.83,30.98,30.75,30.7,30.98,30.82,30.75,30.98,30.95,30.78,30.65,30.95,30.9,30.82,30.82,30.75,30.65,30.7,30.78,31.07,30.95,30.82,30.65,30.82,30.61,30.78,30.73,30.45,30.53,30.58,30.53,30.65,30.55,30.95,30.82,30.83,31.19,30.98,31.03,30.83,31.07,30.78,30.78,30.65,30.78,30.95,30.7,30.53,30.65,30.41,30.58,30.55,30.33,30.66,30.5,30.66,30.82,30.82,31.1,30.98,30.82,30.61,30.83,30.87,31.12,31.19,31.1,31.15,31.1,31.44,31.44,31.24,31.12,31.27,31.2,31.24,31.29,31.15,31.27,31.2,31.4,31.4,31.56,31.47,31.49,31.74,31.86,31.81,31.74,31.69,31.72,31.61,31.89,32.06,32.06,31.77,31.56,31.72,32.09,32.18,32.18,32.62,32.53,32.36,32.65,32.65,32.73,32.6,32.45,32.6,32.43,32.48,31.91,31.56,31.47,31.27,31.2,30.73,30.46,29.81
20.14,20.12,20.36,20.73,21.65,26.44,28.92,29.39,29.77,30.01,30.5,30.98,30.95,31.12,31.07,31.66,31.94,32.11,32.2,32.11,31.83,32.18,31.83,31.69,31.77,31.61,31.49,31.32,31.29,31.35,31.02,31.27,31.32,31.35,31.47,31.47,31.03,31.29,31.15,30.95,30.98,30.7,30.61,30.87,30.82,30.82,30.83,30.7,30.82,30.87,30.66,30.53,30.75,30.61,30.9,30.82,30.61,30.75,30.65,30.95,30.7,30.82,30.5,30.65,30.75,30.55,30.24,30.41,30.55,30.36,30.46,30.58,30.58,30.66,30.65,30.75,30.83,30.87,30.87,30.9,30.78,30.66,30.82,30.73,30.58,30.38,30.55,30.53,30.24,30.38,30.36,30.08,30.33,30.33,30.41,30.75,30.55,30.65,30.87,30.73,30.83,30.87,30.95,31.02,30.95,30.61,31.02,31.1,31.4,31.24,31.27,31.27,31.2,31.29,31.44,31.15,31.24,31.19,31.1,31.4,31.07,31.32,31.61,31.56,31.49,31.64,31.74,31.81,31.89,32.01,31.69,32.18,32.03,32.03,31.98,32.18,31.64,31.56,31.77,31.89,32.03,32.14,32.31,32.4,32.65,32.82,32.35,32.35,32.51,32.68,32.4,32.28,31.91,31.83,31.57,31.19,30.92,30.95,30.16,29.39
19.87,19.95,20.49,20.73,20.86,23.64,28.14,29.29,29.59,30.09,30.36,30.82,30.95,31.4,31.27,31.69,31.72,32.11,32.4,32.18,32.01,32.2,31.56,31.39,31.56,31.44,31.29,31.64,31.4,31.32,30.95,31.29,31.2,31.29,31.52,31.39,31.39,31.35,31.1,31.1,30.87,31.27,30.82,30.98,31.15,30.9,30.9,30.73,30.7,30.45,30.65,30.92,30.75,30.87,30.7,30.65,30.55,30.45,30.5,30.36,30.82,30.5,30.36,30.58,30.46,30.41,30.21,30.38,30.38,30.36,30.26,30.5,30.36,30.65,30.61,30.5,30.66,30.82,30.82,30.78,30.5,30.65,30.66,30.73,30.65,30.38,30.73,30.73,30.55,30.61,30.33,30.29,30.24,30.38,30.46,30.36,30.46,30.58,30.73,30.73,30.87,30.98,30.65,30.78,30.73,30.9,30.82,31.07,31.07,31.24,31.02,31.03,31.2,30.98,31.19,31.19,31.27,31.19,31.29,31.1,31.49,31.49,31.74,31.81,31.66,31.94,32.01,31.86,31.94,32.01,32.06,31.86,31.94,32.4,32.2,32.23,31.74,31.61,31.89,31.66,32.18,32.09,32.26,32.35,32.77,32.06,32.65,32.68,32.87,32.65,32.53,32.2,31.94,31.69,31.66,31.19,31.15,30.38,29.96,29.29
19.92,19.99,20.31,20.49,20.79,21.75,26.85,28.98,29.64,30.08,30.45,30.53,31.12,31.27,31.4,31.91,32.14,32.03,32.31,32.23,31.72,31.72,31.61,31.27,31.52,31.39,31.29,31.29,31.35,31.12,31.15,31.19,31.32,31.24,31.39,31.19,31.27,31.19,31.35,31.02,30.98,30.87,30.66,30.55,30.95,31.02,30.73,30.82,30.66,30.38,30.55,30.78,30.45,30.61,30.58,30.5,30.53,30.58,30.61,30.41,30.5,30.38,30.26,30.46,30.18,30.26,30.21,30.24,30.21,30.24,30.41,30.61,30.29,30.65,30.21,30.46,30.73,30.5,30.45,30.78,30.53,30.7,30.55,30.58,30.53,30.55,30.38,30.24,30.21,30.21,30.04,30.36,29.96,30.33,30.29,30.61,30.36,30.61,30.24,30.36,30.9,30.66,30.73,30.55,30.82,30.83,31.03,30.95,31.03,30.9,31.12,31.1,31.03,31.12,31.03,31.2,31.19,30.95,31.52,31.32,31.35,31.52,31.52,31.4,31.39,31.72,31.86,31.94,31.83,31.83,31.94,31.89,31.94,32.14,32.48,32.48,32.23,32.01,31.66,31.91,32.03,32.26,32.36,32.28,32.45,32.36,32.73,32.78,32.77,32.48,32.4,32.11,31.98,31.74,31.4,31.44,30.95,30.33,29.87,28.46
19.73,20.12,19.92,20.32,20.54,20.98,24.29,28.75,29.39,30.13,30.38,30.73,31.07,31.24,31.47,31.66,31.61,32.2,32.14,31.94,31.66,31.69,31.49,31.44,31.29,31.24,31.27,31.2,31.27,31.32,31.29,31.19,31.2,31.66,31.56,31.32,30.9,31.12,31.02,31.07,30.55,30.83,30.78,30.92,30.5,30.82,30.66,31.02,30.87,30.5,30.65,30.61,30.41,30.73,30.58,30.65,30.53,30.7,30.53,30.24,30.53,30.46,30.41,29.98,30.29,30.04,30.24,30.16,30.33,30.26,30.41,30.33,30.36,30.36,30.33,30.45,30.75,30.65,30.65,30.73,30.58,30.46,30.46,30.66,30.38,30.58,30.46,30.24,30.33,30.24,30.5,30.21,30.21,30.33,30.24,30.13,30.38,30.38,30.21,30.53,30.55,30.41,30.73,30.73,30.65,30.78,30.9,30.83,30.66,30.87,30.83,30.7,30.87,30.92,31.27,30.82,31.19,31.2,31.24,31.35,31.61,31.32,31.64,31.44,31.57,31.81,31.81,32.03,31.66,31.69,31.81,32.14,32.01,32.31,32.06,32.82,32.4,32.14,31.83,32.06,32.06,32.14,32.09,32.35,32.11,32.45,32.62,33.02,32.77,32.9,32.62,32.36,31.81,31.66,31.1,31.24,31.07,30.26,29.39,26.61
19.52,20.02,20.32,20.42,20.54,21.01,22.09,27.02,29.19,29.72,30.29,30.53,30.83,31.44,31.44,31.69,31.86,31.98,32.01,31.94,31.86,31.52,31.29,31.4,31.29,31.32,31.32,31.29,31.27,31.24,31.24,31.39,31.47,31.32,31.44,31.4,31.49,31.24,30.9,31.07,30.82,30.9,30.73,30.9,30.92,30.83,30.9,30.7,30.98,30.61,30.95,30.7,30.83,30.61,30.66,30.83,30.55,30.38,30.58,30.58,30.21,30.38,30.38,30.46,30.26,30.24,30.26,30.16,30.45,30.01,30.18,30.46,30.16,30.45,30.53,30.38,30.33,30.65,30.53,30.55,30.5,30.61,30.45,30.53,30.5,30.41,30.58,30.41,30.46,30.21,30.36,30.26,30.01,30.29,30.33,30.33,30.41,30.21,30.33,30.21,30.55,30.66,30.82,30.73,30.53,30.53,30.92,30.75,30.61,30.75,30.78,31.1,31.07,30.66,31.12,31.2,30.92,31.35,31.19,31.12,31.27,31.27,31.56,31.52,31.57,31.57,31.77,31.83,32.03,31.77,31.83,31.81,32.18,32.45,32.35,32.68,32.7,32.14,31.91,32.09,32.14,32.03,32.35,32.28,32.53,32.43,32.85,32.82,32.82,33.07,32.18,32.45,31.81,31.69,31.66,31.15,30.65,29.64,28.46,24.33
19.9,19.8,20.14,20.14,20.21,20.64,20.95,24.33,28.63,29.81,29.98,30.29,30.9,31.24,31.35,31.61,31.69,31.69,31.61,31.47,31.32,31.44,31.35,30.95,31.15,31.19,30.92,31.19,31.4,31.27,31.35,31.35,31.44,31.66,31.57,31.32,31.27,31.03,30.95,30.95,31.1,31.19,30.75,30.7,30.92,30.61,30.66,30.82,30.98,30.78,30.82,30.61,30.73,30.61,30.7,30.58,30.36,30.41,30.36,30.41,30.26,30.26,30.45,30.21,30.36,30.18,30.26,30.04,30.13,30.16,30.16,30.18,30.41,30.08,30.41,30.65,30.45,30.61,30.29,30.38,30.7,30.21,30.5,30.29,30.5,30.41,30.66,30.26,30.26,30.36,30.26,30.29,30.33,30.36,30.24,30.38,30.29,30.26,30.46,30.41,30.5,30.73,30.78,30.58,30.58,30.66,30.58,30.73,30.65,30.75,30.82,30.82,30.73,31.02,30.9,31.02,31.1,31.4,31.2,31.2,31.2,31.1,31.61,31.15,31.61,31.66,31.66,31.89,31.74,31.72,31.69,31.81,31.83,31.81,32.36,32.68,32.51,31.98,32.06,31.83,31.86,32.03,31.89,32.11,32.26,32.36,32.53,32.85,32.94,32.7,32.43,32.28,31.77,31.57,31.15,31.02,30.26,29.35,26.68,22.17
19.73,19.9,19.7,20.14,20.02,20.32,20.83,21.75,26.38,29.15,29.76,30.38,30.75,31.15,31.44,31.52,31.81,31.57,31.49,31.72,31.12,31.29,31.03,31.1,31.03,31.03,31.07,31.03,31.1,31.15,31.66,31.44,31.44,31.56,31.4,31.29,31.35,31.24,31.1,31.1,30.92,30.92,30.9,30.73,30.46,30.82,30.83,30.65,30.92,30.75,30.83,30.66,30.61,30.92,30.46,30.55,30.53,30.5,30.53,30.53,30.21,30.38,30.33,30.29,30.24,30.26,30.18,30.16,30.09,30.13,30.26,30.46,30.26,30.29,30.08,30.38,30.65,30.58,30.45,30.5,30.18,30.82,30.5,30.58,30.82,30.46,30.5,30.46,30.46,30.33,30.5,30.33,30.36,30.24,30.38,30.29,30.18,30.38,30.45,30.26,30.46,30.41,30.53,30.38,30.36,30.5,30.7,30.78,30.65,30.78,31.12,30.78,30.9,30.78,31.03,31.12,31.07,31.27,31.24,31.44,31.74,31.27,31.49,31.56,31.32,31.61,31.52,31.81,31.69,31.91,31.98,31.89,32.01,32.14,32.18,32.35,32.57,32.23,31.77,31.81,31.69,31.69,32.01,31.72,32.06,32.2,32.43,32.7,32.82,32.57,32.23,32.14,31.83,31.56,31.24,30.78,30.26,28.34,24.59,21.42
19.48,19.65,19.99,19.62,20.02,20.17,20.39,20.86,23.03,28.08,29.69,30.16,30.5,31.24,31.27,31.64,31.69,31.69,31.66,31.15,31.03,30.9,30.92,31.12,30.95,31.1,30.95,30.98,31.29,31.15,31.47,31.52,31.81,31.29,31.15,31.19,31.4,31.27,31.27,31.02,31.02,30.98,31.03,30.82,30.95,30.87,31.12,30.83,30.75,30.78,30.73,30.58,30.92,30.66,30.58,30.5,30.5,30.09,30.41,30.45,30.46,30.18,30.38,30.21,30.38,30.38,29.98,30.24,30.26,30.33,30.08,30.21,30.33,30.09,30.16,30.46,30.55,30.75,30.58,30.55,30.36,30.61,30.55,30.75,30.58,30.38,30.55,30.58,30.38,30.46,30.55,30.24,30.38,30.53,29.98,30.36,30.29,30.29,30.38,30.16,30.53,30.46,30.53,30.33,30.61,30.5,30.53,30.55,30.55,30.7,30.92,30.92,30.73,31.07,31.12,31.27,31.4,31.2,31.39,31.15,31.39,31.56,31.4,31.47,31.81,31.69,31.32,31.89,31.83,31.86,31.83,31.91,31.89,31.81,31.91,32.35,32.26,32.11,31.98,31.72,31.69,31.64,31.72,31.61,31.91,32.03,31.91,32.7,32.6,32.68,32.31,31.94,31.81,31.29,30.98,30.33,29.44,25.99,22.17,21.05
19.55,19.73,19.87,19.99,20.05,20.31,20.58,21.01,21.13,25.84,28.98,30.09,30.5,30.95,31.57,31.27,31.77,31.1,31.35,31.39,30.9,31.02,31.07,31.02,30.83,31.2,30.73,31.1,31.27,31.24,31.49,31.52,31.39,31.4,31.57,31.4,31.15,31.27,31.27,30.92,31.15,30.87,30.9,30.9,30.73,30.73,30.82,30.65,30.61,30.58,30.41,30.55,30.65,30.58,30.53,30.29,30.29,30.45,30.33,30.38,30.29,30.38,30.24,30.45,30.13,30.33,30.26,30.33,30.09,30.09,30.45,30.38,30.38,30.26,30.65,30.41,30.45,30.58,30.58,30.58,30.46,30.53,30.53,30.55,30.61,30.65,30.7,30.5,30.33,30.61,30.53,30.65,30.41,30.26,30.24,30.21,30.55,30.45,30.21,30.29,30.38,30.65,30.41,30.75,30.75,30.53,30.65,30.75,30.82,30.9,30.87,30.95,30.65,30.98,31.35,30.98,31.2,31.24,31.2,31.32,31.24,31.24,31.49,31.39,31.52,31.56,31.83,31.69,31.89,31.86,32.26,31.66,32.09,32.26,32.23,32.06,32.2,32.06,31.81,31.83,31.69,31.81,31.74,31.83,32.06,31.89,31.86,32.62,32.9,32.53,32.35,32.18,31.81,31.32,31.03,30.16,28.02,23.33,21.27,20.71
19.62,19.47,19.55,20.05,20.21,20.31,20.09,20.58,20.83,22.91,27.49,30.08,30.5,30.82,31.4,31.27,31.32,31.1,31.12,31.03,31.02,30.95,30.95,30.7,31.02,31.27,31.07,31.2,31.02,31.19,31.49,31.49,31.49,31.52,31.64,31.49,31.66,31.47,31.27,31.35,31.27,31.19,31.2,31.44,31.07,30.98,30.83,30.87,31.02,30.53,30.83,30.75,30.58,30.53,30.58,30.36,30.45,30.29,30.38,30.41,30.66,30.24,30.61,30.26,30.16,30.41,30.38,30.26,30.41,30.53,30.5,30.5,30.65,30.46,30.38,30.55,30.36,30.58,30.55,30.73,30.58,30.82,30.7,30.26,30.78,30.73,30.82,30.61,30.87,30.7,30.55,30.55,30.41,30.61,30.46,30.58,30.53,30.38,30.45,30.46,30.38,30.46,30.45,30.46,30.73,30.46,30.98,30.73,30.78,30.78,30.78,30.98,31.1,31.02,31.2,31.03,31.32,31.24,31.44,31.29,31.56,31.44,31.57,31.64,31.44,31.47,32.06,31.74,32.06,31.86,32.06,32.09,32.11,31.86,32.23,32.2,32.06,32.06,32.06,31.64,31.69,31.69,31.69,31.61,31.74,32.09,31.81,32.4,32.73,32.51,32.48,32.36,31.69,31.12,30.58,29.24,25.1,21.75,20.86,20.61
19.58,19.95,19.99,19.95,19.73,20.17,20.09,20.31,20.64,21.1,24.33,28.95,30.13,30.41,31.03,31.2,31.15,31.12,30.83,30.98,31.07,30.7,31.03,30.82,30.78,30.92,31.12,30.92,31.15,31.27,31.47,31.29,31.39,31.49,31.49,31.44,31.07,31.27,31.32,30.92,31.24,31.15,31.12,30.9,30.95,31.1,30.83,30.53,30.9,30.66,30.7,30.92,30.53,30.75,30.7,30.58,30.41,30.65,30.46,30.38,30.45,30.36,30.53,30.45,30.65,30.53,30.26,30.29,30.45,30.55,30.21,30.55,30.38,30.45,30.55,30.78,30.58,30.61,30.58,30.75,30.65,30.75,30.7,30.78,30.73,30.53,30.83,30.92,30.95,30.7,30.55,30.58,30.58,30.65,30.33,30.65,30.46,30.53,30.38,30.26,30.41,30.38,30.46,30.36,30.55,30.82,30.46,30.78,30.73,30.83,30.66,31.2,30.87,30.95,31.15,31.03,31.1,31.12,31.35,31.44,31.66,31.56,31.52,31.4,31.52,31.61,31.91,31.83,31.83,31.72,32.06,32.03,32.18,31.98,31.69,31.94,31.72,31.72,31.66,31.35,31.49,31.69,31.86,31.66,31.61,31.83,31.66,32.2,32.6,32.51,32.28,32.06,31.44,30.82,30.13,26.56,22.69,20.91,20.49,20.32
19.7,19.77,19.92,19.7,19.99,19.84,20.27,19.87,20.27,21.05,21.57,26.38,29.44,30.61,30.65,31.2,30.9,30.78,30.73,30.82,30.73,30.82,30.75,30.95,30.66,30.75,30.9,30.98,31.12,30.95,31.12,31.19,31.35,31.47,31.35,31.35,31.29,31.03,31.02,31.12,31.07,31.15,31.19,31.1,31.07,30.95,30.58,30.78,30.61,30.7,30.98,30.5,31.07,30.5,30.87,30.38,30.36,30.45,30.26,30.46,30.13,30.09,30.26,30.38,30.21,30.26,30.55,30.24,30.36,30.46,30.65,30.5,30.33,30.46,30.45,30.7,30.58,30.46,30.65,30.83,30.78,30.75,30.75,30.83,30.82,30.78,30.92,30.73,30.9,30.61,30.9,30.55,30.5,30.78,30.53,30.53,30.66,30.26,30.29,30.5,29.98,30.26,30.7,30.61,30.55,30.53,30.53,30.83,30.66,30.92,30.82,30.92,31.03,30.92,31.12,31.12,31.07,31.2,31.2,31.56,31.56,31.47,31.52,31.39,31.52,31.52,31.52,31.89,31.86,31.69,31.77,31.83,31.94,31.86,31.61,31.66,31.44,31.56,31.66,31.47,31.2,31.4,31.72,31.44,31.57,31.94,31.52,31.86,32.51,32.48,32.23,31.98,31.07,30.58,27.96,23.94,21.27,20.9,20.51,20.21
19.4,19.73,19.95,19.58,19.68,19.77,19.99,20.12,20.31,20.83,21.35,23.18,28.11,30.13,30.73,31.1,30.73,30.78,30.92,30.65,30.9,30.78,30.82,30.87,30.98,30.83,30.98,30.95,31.1,31.12,30.9,31.29,31.1,31.27,30.78,30.92,31.19,31.1,31.03,30.95,31.07,31.19,30.98,31.1,31.24,30.75,30.95,30.9,30.75,30.92,30.66,30.82,30.9,30.65,30.55,30.7,30.58,30.55,30.65,30.61,30.5,30.65,30.41,30.36,30.45,30.53,30.7,30.24,30.38,30.53,30.73,30.66,30.29,30.75,30.78,30.65,30.83,30.73,30.9,31.03,30.73,30.98,30.82,30.75,31.02,30.95,30.98,30.98,30.98,31.03,30.82,30.82,30.65,30.87,30.78,30.7,30.58,30.55,30.58,30.53,30.5,30.65,30.61,30.58,30.61,30.73,30.87,30.82,30.75,30.9,30.65,30.75,30.92,30.87,31.07,31.1,31.03,31.07,31.24,31.32,31.44,31.57,31.56,31.64,31.52,31.74,31.81,31.94,32.14,32.11,32.03,31.77,31.81,31.94,31.72,31.72,31.61,31.77,31.69,31.56,31.44,31.4,31.49,31.61,31.77,31.72,31.47,32.11,32.48,32.2,32.23,31.56,30.95,29.44,25.13,22.17,20.91,20.49,20.76,20.24
19.58,19.4,19.48,19.73,19.84,19.95,20.02,20.17,20.32,20.27,20.73,21.43,24.75,29.03,30.46,30.58,30.61,30.24,30.66,30.5,30.78,30.92,30.87,30.95,30.92,31.12,30.73,30.82,31.07,30.95,30.83,31.15,31.24,31.19,31.1,31.1,30.75,30.75,30.95,31.07,31.2,30.9,31.12,31.1,31.07,30.9,30.92,30.87,30.83,30.65,30.53,30.65,30.7,30.87,30.7,30.73,30.61,30.5,30.38,30.46,30.5,30.36,30.66,30.66,30.55,30.36,30.46,30.46,30.38,30.38,30.38,30.41,30.65,30.66,30.95,30.7,30.65,30.83,30.73,30.98,30.82,30.92,31.03,30.92,31.03,31.12,31.03,30.87,31.03,31.07,30.87,30.75,30.82,30.95,30.61,30.9,30.5,30.58,30.53,30.65,30.5,30.46,30.41,30.75,30.58,30.92,30.82,30.7,31.1,30.95,30.82,31.19,30.83,31.1,31.12,31.1,31.02,31.15,31.1,31.15,31.24,31.24,31.39,31.29,31.4,31.56,31.4,31.86,31.72,31.91,32.01,32.11,31.83,31.74,31.74,31.64,31.56,31.35,31.61,31.66,31.15,31.19,31.32,31.44,31.35,31.52,31.61,31.72,32.43,32.48,32.14,31.56,30.26,27.37,22.73,21.28,20.61,20.27,20.05,20.32
19.43,19.8,19.62,19.48,19.62,19.84,19.95,19.99,20.24,20.24,20.49,21.05,21.79,26.38,30.09,30.36,30.29,30.33,30.65,30.75,30.87,30.95,30.75,30.65,30.73,30.83,30.78,30.73,30.9,30.98,30.98,30.87,31.03,31.02,30.82,30.95,31.03,30.78,30.98,30.83,30.7,31.07,31.19,31.12,30.83,30.87,30.92,30.78,30.66,30.7,30.65,30.66,30.75,30.9,30.61,30.53,30.5,30.65,30.58,30.55,30.66,30.66,30.33,30.45,30.29,30.58,30.45,30.45,30.61,30.24,30.58,30.46,30.82,30.73,30.58,30.83,30.7,31.07,30.92,30.87,31.12,31.1,31.02,31.07,31.64,31.19,31.29,31.02,31.24,31.12,30.98,30.87,30.9,30.75,30.92,30.66,30.65,30.45,30.53,30.58,30.55,30.75,30.75,30.73,30.82,30.78,30.7,30.87,30.82,30.9,31.12,30.82,31.1,30.65,30.7,31.19,31.12,31.24,31.02,31.2,31.19,31.1,31.4,31.61,31.81,31.39,31.56,31.83,31.56,31.94,32.06,32.01,31.98,32.09,31.61,31.69,31.64,31.47,31.19,31.49,31.27,31.27,31.4,31.15,31.57,31.32,31.03,31.44,32.28,32.18,31.4,30.73,28.66,24.24,21.57,21.08,20.64,20.24,20.12,19.73
19.47,19.52,19.68,19.52,19.52,19.73,19.62,19.8,20.09,20.17,20.49,20.73,21.23,22.88,28.02,29.67,30.04,30.36,30.36,30.73,30.78,30.87,30.95,30.87,30.75,30.83,30.55,30.66,30.61,31.1,30.78,30.78,30.7,30.75,30.87,30.87,30.82,30.95,31.03,30.87,30.98,30.9,31.07,31.07,30.92,30.87,31.12,31.02,30.95,30.87,30.92,30.92,30.65,30.87,30.7,30.53,30.61,30.53,30.61,30.5,30.58,30.61,30.41,30.7,30.26,30.46,30.41,30.53,30.55,30.55,30.41,30.61,30.61,30.82,30.61,30.9,30.83,31.02,31.07,30.82,30.98,31.1,31.2,31.47,31.27,31.52,31.32,31.24,30.83,31.07,30.82,31.29,30.7,30.65,30.9,30.73,30.65,30.53,30.82,30.78,30.41,30.55,30.87,30.82,31.02,30.82,30.95,30.58,31.07,30.87,31.03,30.66,31.12,30.87,30.95,31.15,31.2,31.12,31.02,31.02,31.02,31.2,31.29,31.29,31.39,31.12,31.47,31.81,31.56,31.57,31.81,31.86,32.18,32.2,31.89,31.77,31.24,31.52,31.4,31.02,31.2,31.1,31.1,30.98,31.39,31.12,31.2,31.86,31.86,31.86,31.52,30.13,26.29,22.27,20.76,20.54,20.36,20.09,19.9,20.02
19.48,19.55,19.95,19.68,19.58,19.47,20.12,19.7,19.65,20.14,20.32,20.68,20.9,21.99,24.66,29.07,29.87,29.98,30.7,30.55,30.73,30.58,30.9,30.7,30.65,30.73,30.61,30.9,30.46,30.75,30.58,30.78,30.92,30.7,30.98,31.12,30.92,31.19,30.95,30.78,30.87,31.15,30.83,31.15,31.12,30.9,30.75,30.9,30.98,30.78,30.83,30.53,30.78,30.55,30.36,30.45,30.29,30.65,30.53,30.53,30.58,30.53,30.36,30.55,30.53,30.65,30.38,30.45,30.33,30.55,30.61,30.92,30.66,30.82,30.82,30.92,31.2,31.03,31.47,31.2,31.27,31.12,31.32,31.69,31.32,31.57,31.2,31.1,30.9,31.02,30.9,31.12,30.83,30.78,30.73,31.03,30.65,30.55,30.5,30.82,30.7,30.58,30.65,30.75,30.87,30.55,30.82,30.78,31.03,30.75,31.07,30.9,31.02,30.98,30.78,31.02,30.78,31.1,31.03,31.15,31.12,30.83,30.95,31.32,31.32,31.24,31.35,31.47,31.61,31.57,31.44,31.89,32.23,32.45,32.06,31.64,31.66,31.15,31.39,31.27,31.12,31.02,31.07,31.07,31.39,31.32,31.29,31.19,31.47,31.61,30.82,28.56,23.69,21.23,21.1,20.58,20.17,20.05,19.95,19.9
19.26,19.73,19.58,19.55,19.9,19.55,19.9,19.58,19.95,20.27,20.54,20.39,20.64,20.91,22.06,26.68,29.87,30.38,30.66,30.53,30.75,30.92,30.82,31.07,30.92,30.75,30.61,30.58,30.87,30.7,30.9,30.9,30.73,30.78,30.95,30.87,30.98,30.83,30.83,31.02,30.65,31.19,31.07,31.1,31.15,30.98,30.78,30.98,30.95,30.98,30.82,30.65,30.53,30.7,30.61,30.53,30.45,30.55,30.58,30.58,30.45,30.46,30.33,30.29,30.66,30.33,30.26,30.58,30.38,30.61,30.46,30.87,30.9,30.98,31.2,31.03,31.32,31.39,31.64,31.69,31.27,31.49,31.52,31.69,31.72,31.52,31.52,31.24,31.24,31.29,30.78,31.02,31.02,31.03,30.75,30.9,30.87,30.98,30.82,30.61,30.7,30.53,30.66,30.9,30.78,30.95,30.92,31.03,30.75,30.87,30.82,30.82,31.07,30.82,30.95,31.02,30.82,31.2,31.32,31.1,31.03,31.03,31.12,31.03,31.19,31.1,31.19,31.4,31.35,31.61,31.56,31.81,32.11,32.18,32.35,31.72,31.74,31.47,31.1,31.15,31.12,30.95,30.7,30.95,31.29,31.32,30.75,31.09,31.27,31.1,30.08,25.75,21.95,20.91,20.49,20.17,19.8,20.12,19.95,19.7
19.68,19.47,19.48,19.77,19.47,19.7,19.65,19.77,19.95,20.32,20.09,20.27,20.58,20.54,21.72,24.9,29.47,29.89,30.38,30.73,30.66,30.92,30.82,30.9,30.78,30.83,30.66,30.73,30.58,30.73,30.66,31.02,30.87,30.87,30.7,30.75,30.87,30.55,30.73,31.02,30.87,31.02,31.03,31.12,30.87,31.19,31.1,31.15,30.98,30.65,30.82,30.7,30.5,30.75,30.78,30.61,30.58,30.73,30.55,30.45,30.53,30.73,30.38,30.41,30.45,30.66,30.53,30.65,30.61,30.61,30.75,31.07,30.9,30.82,30.9,31.44,31.39,31.29,31.61,31.77,31.89,31.77,31.44,31.81,31.57,31.56,31.72,31.57,31.32,31.2,31.15,30.95,30.98,31.12,30.92,30.66,31.03,30.92,30.73,30.7,30.82,30.87,30.9,30.61,30.92,31.19,31.12,30.92,30.82,30.82,30.82,30.78,30.75,30.87,30.92,31.07,30.73,30.98,30.98,31.15,31.07,31.15,31.07,31.07,31.15,31.07,31.2,31.35,31.32,31.39,31.74,31.66,31.86,31.69,31.86,31.66,31.89,31.27,31.12,31.03,30.95,30.65,30.9,30.65,30.98,30.87,30.95,31.1,31.27,31.19,29.47,23.84,21.16,20.91,20.64,20.31,19.99,20.21,19.7,19.73
19.4,19.58,19.68,19.55,19.47,19.77,19.58,19.8,19.84,20.09,19.92,19.99,20.64,20.64,21.05,24.95,28.98,29.87,30.41,30.73,30.95,30.73,30.9,30.83,30.95,30.78,30.66,30.46,30.75,30.7,30.38,30.75,30.66,30.82,30.58,30.87,30.82,30.7,30.9,30.75,30.75,30.82,31.07,30.83,31.15,30.9,30.83,30.58,30.9,30.58,30.83,30.53,30.73,30.83,30.66,30.58,30.66,30.45,30.55,30.61,30.29,30.38,30.45,30.41,30.55,30.24,30.5,30.5,30.46,30.66,30.82,30.9,31.02,30.98,31.12,31.1,31.12,31.32,31.4,31.56,31.56,31.74,31.81,31.89,31.61,31.74,31.74,31.69,31.4,31.19,31.29,31.29,31.03,30.73,31.03,30.82,30.9,30.9,30.82,30.75,30.45,30.5,30.46,30.65,30.5,30.66,30.66,30.75,30.83,30.78,30.75,30.83,30.82,30.61,30.92,30.82,30.92,30.87,31.03,31.1,30.73,31.03,30.66,30.98,31.24,30.87,31.02,31.03,31.02,31.27,31.32,31.56,31.44,31.39,31.56,31.72,31.57,31.57,31.29,30.98,31.02,30.7,30.66,30.58,30.95,30.95,30.78,31.1,30.83,30.41,27.79,22.27,21.27,20.61,20.12,20.32,19.99,19.65,19.9,19.62
19.4,19.7,19.52,19.48,19.55,19.7,19.84,19.7,19.92,19.99,19.73,20.14,20.51,20.86,21.62,25.52,29.27,30.24,30.7,30.58,30.82,30.95,31.1,30.73,31.07,31.02,30.87,30.75,30.58,30.83,30.75,30.92,30.75,30.41,30.87,30.7,30.83,30.46,30.9,30.55,30.73,30.73,30.92,30.87,31.24,30.9,30.73,30.73,30.78,30.95,30.82,30.61,30.75,30.75,30.83,30.78,30.58,30.7,30.5,30.55,30.41,30.45,30.26,30.45,30.46,30.45,30.65,30.65,30.66,30.53,30.87,30.87,31.1,31.12,31.02,31.44,31.4,31.74,31.72,31.91,31.83,31.98,31.91,32.09,32.03,31.89,31.74,31.52,31.64,31.61,31.4,31.19,31.32,30.92,31.24,31.4,31.03,30.92,30.87,30.7,30.75,30.61,30.7,30.5,30.65,30.45,30.58,30.73,30.95,30.7,30.7,30.9,30.87,31.07,30.73,30.98,30.78,30.87,30.92,30.82,31.1,30.87,31.03,31.07,31.15,30.95,30.95,31.02,30.98,31.24,31.27,31.4,31.35,31.29,31.32,31.44,31.44,31.52,31.2,31.1,30.83,30.82,30.75,30.29,30.75,30.82,30.87,30.46,30.46,29.67,25.96,22.39,20.98,20.39,20.09,19.87,19.99,19.55,19.92,19.68
19.4,19.43,19.48,19.62,19.77,19.9,19.58,19.87,19.58,19.95,19.77,20.09,20.31,20.91,21.42,25.55,29.27,30.01,30.7,30.41,30.9,30.75,30.75,30.75,30.82,31.1,30.61,30.65,30.78,30.78,30.58,30.87,30.66,30.5,30.58,30.83,30.61,30.66,30.66,30.61,30.58,30.87,30.92,30.66,30.78,30.58,30.7,30.73,30.82,30.73,30.7,30.75,30.61,30.7,30.61,30.55,30.78,30.58,30.38,30.61,30.33,30.53,30.53,30.41,30.61,30.58,30.53,30.66,30.98,30.87,31.12,31.15,31.4,31.12,31.35,31.47,31.4,31.61,31.74,31.86,31.83,31.77,32.2,31.98,32.28,31.66,32.06,31.61,31.57,31.66,31.44,31.47,31.27,31.32,31.4,31.24,31.35,31.2,30.98,30.9,30.82,30.78,30.53,30.53,30.45,30.45,30.78,30.58,30.82,30.75,30.38,30.73,30.87,30.98,30.9,30.87,30.83,30.58,30.92,30.87,30.92,31.24,31.19,31.03,31.12,30.9,30.75,31.07,30.75,31.27,30.87,31.2,31.27,31.19,31.1,30.83,30.95,31.2,31.29,31.03,30.9,30.55,30.41,30.66,30.45,30.87,30.58,30.38,30.36,29.24,24.9,21.28,20.83,20.49,20.24,19.95,19.92,19.84,19.9,19.73
19.65,19.9,19.48,19.48,19.87,19.9,19.65,19.52,19.52,20.09,19.68,20.14,20.36,20.46,21.23,26.18,29.56,30.24,30.53,30.65,30.73,30.95,31.03,30.78,30.87,30.78,30.92,30.95,30.87,30.98,30.82,30.55,30.45,30.53,30.33,30.46,30.21,30.38,30.5,30.53,30.83,30.82,30.7,30.82,30.75,30.73,30.53,30.66,30.78,30.7,30.73,30.9,30.9,30.82,30.61,30.98,30.46,30.38,30.33,30.33,30.26,30.16,30.5,30.36,30.5,30.41,30.61,30.65,30.65,30.87,30.73,30.87,30.95,31.2,31.12,31.24,31.61,31.77,31.69,32.03,31.86,32.18,31.91,31.98,32.01,32.14,31.86,31.89,31.61,31.47,31.56,31.69,31.4,31.47,31.32,31.2,31.19,30.87,30.98,30.78,30.58,30.92,30.58,30.33,30.58,30.53,30.45,30.65,30.58,30.78,30.75,30.45,30.5,30.61,30.82,30.5,30.58,31.19,30.87,30.5,31.03,31.07,30.82,31.15,30.92,30.75,31.19,30.82,31.12,31.02,31.27,31.2,31.57,31.35,31.19,30.92,30.66,30.73,30.95,31.12,30.98,30.55,30.55,30.33,30.66,30.26,30.61,30.29,30.16,28.87,24.14,21.47,20.73,20.68,20.14,19.92,19.92,19.73,19.68,19.62
19.52,19.33,19.4,19.55,19.48,19.95,19.55,19.68,19.68,20.02,20.14,20.76,20.36,20.71,21.5,26.38,29.47,30.16,30.66,30.75,31.07,30.83,30.75,30.9,31.03,31.15,31.02,31.29,31.1,30.9,30.75,30.66,30.7,30.41,30.18,30.21,30.36,30.73,30.61,30.78,31.02,31.03,30.61,30.33,30.53,30.58,30.41,30.83,30.53,30.45,30.95,30.78,30.61,30.55,30.46,30.46,30.73,30.38,30.65,30.29,30.21,30.24,30.61,30.5,30.41,30.83,30.7,30.82,30.87,30.98,30.55,31.1,31.03,31.15,31.4,31.47,31.74,31.69,32.03,32.11,32.06,32.28,32.23,32.14,32.2,32.01,31.91,32.01,31.91,31.81,31.69,31.61,31.57,31.52,31.4,31.24,31.27,31.12,31.1,30.87,30.75,30.78,30.83,30.75,30.55,30.33,30.83,30.36,30.24,30.65,30.53,30.58,30.55,30.66,30.58,30.5,30.61,30.87,30.73,30.66,30.9,30.98,31.03,30.87,30.83,30.98,31.12,30.95,30.87,30.98,31.15,31.2,31.29,31.12,30.92,30.83,30.92,30.73,30.5,30.78,31.02,30.65,30.5,30.41,30.5,30.38,30.7,30.18,29.93,28.83,23.38,21.38,20.61,20.61,20.46,19.99,19.99,19.9,19.9,19.62
19.65,19.7,19.25,19.48,19.65,19.68,19.95,19.68,20.02,20.02,20.05,19.99,20.27,20.86,21.72,26.7,29.72,30.46,30.58,30.83,30.98,30.66,30.83,31.02,31.1,31.32,31.66,31.35,31.35,31.02,30.65,30.66,30.46,30.09,30.24,30.46,30.61,30.66,30.82,30.73,30.61,30.61,30.41,30.5,30.36,30.26,30.38,30.33,30.61,30.18,30.53,30.46,30.33,30.45,30.36,30.24,30.18,30.46,30.38,30.33,30.61,30.65,30.55,30.41,30.66,30.41,30.58,30.7,30.58,30.87,30.98,31.24,31.27,30.95,31.2,31.49,31.64,31.91,31.83,31.89,31.94,32.26,32.48,32.09,32.18,32.11,32.14,32.2,32.01,32.01,31.49,31.72,31.4,31.32,31.47,31.61,31.56,31.56,31.12,31.12,30.92,30.66,30.75,30.78,30.61,30.45,30.5,30.5,30.21,30.5,30.7,30.61,30.58,30.87,30.46,30.58,30.58,30.66,30.9,30.73,30.92,30.98,30.9,30.78,31.03,30.9,30.7,31.03,30.7,30.95,31.03,30.98,31.02,31.15,31.12,30.55,30.38,30.82,30.26,30.55,30.73,30.73,30.55,29.98,30.65,30.18,30.36,30.5,30.09,28.39,23.37,21.53,20.39,20.31,20.31,20.14,20.02,19.68,19.65,19.52
19.58,19.68,19.55,19.48,19.92,19.18,19.7,19.87,19.47,20.14,19.95,20.24,20.51,20.91,22.24,27.49,29.56,30.5,30.41,30.87,30.9,30.58,30.87,31.19,31.4,31.27,31.35,30.98,31.35,30.92,30.61,30.41,30.36,30.41,30.5,30.7,30.55,30.82,30.83,30.58,30.75,30.78,30.33,30.04,30.5,30.45,30.53,30.26,30.38,30.29,30.21,30.24,30.36,30.46,30.55,30.18,30.29,30.38,30.24,30.53,30.73,30.45,30.55,30.45,30.61,30.7,30.9,30.95,30.95,31.03,30.95,31.12,31.4,31.12,31.66,31.83,31.77,31.89,31.89,32.2,32.31,32.36,32.6,32.28,32.2,32.18,32.2,31.94,32.14,31.83,31.69,31.83,31.91,31.52,31.44,31.49,31.47,31.29,31.27,31.15,30.83,30.82,30.7,30.75,30.55,30.53,30.61,30.58,30.41,30.7,30.78,30.33,30.61,30.58,30.73,30.73,30.73,30.7,30.83,30.65,30.83,30.73,30.61,30.78,30.73,31.02,30.92,31.2,31.1,31.03,30.83,30.87,31.15,30.95,31.03,30.9,30.53,30.61,30.38,30.36,30.26,30.29,30.5,30.18,30.09,30.08,30.08,30.16,30.13,27.92,23.84,21.32,20.46,20.12,20.09,19.87,19.92,19.77,20.02,19.58
19.3,19.48,19.87,19.62,19.36,19.73,19.73,19.7,19.99,19.99,19.77,20.42,20.46,20.64,22.36,27.71,29.59,30.04,30.61,30.78,30.75,31.03,31.12,31.29,31.03,30.9,30.92,30.9,31.03,30.95,30.65,30.41,30.61,30.55,30.73,30.78,30.82,30.55,30.61,30.7,30.45,30.29,30.33,30.16,30.29,30.36,30.21,30.08,30.33,30.13,30.13,30.16,30.04,30.24,30.26,30.18,30.21,30.21,30.26,30.18,30.29,30.36,30.7,30.66,30.87,30.9,30.66,30.66,31.03,31.12,30.83,31.19,31.29,31.29,31.61,31.64,32.06,31.89,32.11,32.48,32.31,32.45,32.6,32.23,32.45,32.36,32.43,31.83,32.01,31.91,31.72,31.86,31.56,31.61,31.27,31.15,31.39,31.24,31.15,31.03,31.35,30.7,30.87,30.82,30.65,30.55,30.53,30.5,30.65,30.53,30.66,30.66,30.78,30.5,30.7,30.55,30.58,30.5,30.95,30.7,30.82,30.7,30.7,30.83,30.82,30.95,30.92,30.9,31.15,30.9,31.15,30.66,30.9,30.78,31.03,30.55,30.65,30.5,30.53,30.65,30.24,30.08,30.09,30.01,30.04,30.18,29.89,30.08,29.87,28.68,23.64,21.01,20.79,20.24,20.12,19.92,19.62,19.9,19.7,19.58
19.08,19.62,19.3,19.58,19.55,19.52,19.58,19.52,19.92,20.09,19.95,19.87,20.54,20.9,22.78,28.08,29.77,30.29,30.24,30.92,31.2,31.15,31.03,30.87,30.38,30.5,30.46,30.65,30.92,30.5,30.66,30.36,30.82,30.41,30.38,30.36,30.41,30.66,30.7,30.33,30.46,29.89,30.21,30.26,29.96,30.04,30.08,29.96,29.84,30.21,29.98,29.77,30.26,30.41,30.26,30.13,30.16,30.33,30.53,30.36,30.53,30.45,30.98,30.78,30.78,30.98,30.92,30.82,31.02,31.12,31.1,31.12,31.32,31.61,31.94,31.86,31.83,32.11,32.26,32.26,32.57,32.48,32.4,32.57,32.2,32.36,32.4,32.11,32.01,32.2,31.91,31.66,31.47,31.72,31.56,31.32,31.02,31.19,31.39,31.52,30.95,30.98,30.95,30.73,30.78,30.61,30.5,30.7,30.41,30.53,30.75,30.53,30.66,30.46,30.36,30.73,30.66,30.66,30.87,30.5,30.7,30.78,30.82,30.7,30.66,30.78,30.7,30.98,31.03,30.9,30.83,30.83,30.9,30.65,30.7,30.5,30.55,30.82,30.26,30.45,29.96,30.21,30.04,29.98,29.98,29.89,30.01,30.29,29.64,28.16,23.45,21.1,20.32,20.31,19.99,20.05,19.87,19.87,19.73,19.68
19.77,19.73,19.58,19.48,19.58,19.7,19.87,19.62,19.9,19.92,19.87,20.42,20.42,21.16,23.82,28.75,29.84,30.16,30.73,31.15,31.1,31.15,30.61,30.36,30.16,30.26,30.5,30.45,30.33,30.65,30.45,30.45,30.38,30.24,30.41,30.38,30.5,30.5,30.38,30.45,30.04,30.18,29.72,30.01,29.98,30.08,29.64,29.72,29.93,30.01,29.89,29.98,29.93,29.56,30.08,30.09,30.09,30.36,30.29,30.61,30.55,30.78,30.98,30.87,30.83,30.83,31.07,31.12,31.19,31.32,31.44,31.47,31.66,31.49,31.69,32.11,31.91,32.03,32.2,32.4,32.45,32.36,32.53,32.62,32.43,32.48,32.28,32.35,32.01,32.2,31.89,31.81,31.61,31.29,31.49,31.44,31.2,31.02,31.15,30.98,31.15,31.02,30.92,31.2,30.65,30.53,30.78,30.65,30.65,30.66,30.53,30.73,30.87,30.61,30.61,30.41,30.61,30.66,30.7,30.58,30.55,30.53,30.38,30.61,30.45,30.66,30.53,30.9,30.75,30.98,30.75,30.65,30.9,30.7,30.75,30.65,30.45,30.45,30.24,30.24,30.29,30.04,30.01,29.81,30.04,29.67,29.77,30.16,29.56,28.43,23.57,21.32,20.86,20.21,20.12,19.95,19.92,19.58,19.8,19.55
19.55,19.48,19.58,19.7,19.58,19.47,19.48,19.87,19.8,20.17,19.87,20.36,20.68,21.35,24.59,28.98,29.72,30.5,31.03,30.75,30.38,30.36,30.45,30.36,30.09,30.04,30.26,30.16,30.08,30.13,30.33,30.5,30.01,29.77,30.01,30.04,30.21,30.41,30.21,30.29,30.16,30.04,29.84,29.69,29.89,29.81,29.98,29.93,29.87,29.87,29.69,29.67,30.04,29.76,30.41,30.29,29.89,30.33,30.55,30.46,30.7,30.66,30.87,30.83,30.98,31.39,31.12,31.4,31.29,31.44,31.44,31.47,31.49,31.66,31.69,31.91,32.09,32.14,32.48,32.53,32.6,32.62,32.53,32.85,32.65,32.36,32.48,32.18,32.31,32.09,31.94,31.86,31.83,31.47,31.15,31.15,31.49,31.69,31.07,31.02,31.12,30.87,30.95,30.87,30.75,30.95,30.95,30.61,30.66,30.61,30.66,30.7,30.65,30.75,30.98,30.55,31.02,30.66,30.75,30.61,30.41,30.66,30.41,30.55,30.46,30.36,30.7,30.83,30.73,30.78,30.73,30.66,30.66,30.7,30.66,30.65,30.73,30.41,30.33,30.29,30.08,29.93,29.77,29.87,30.01,29.77,29.64,29.61,29.4,28.16,23.97,21.35,20.51,20.12,20.24,19.77,19.92,19.48,19.8,19.73
19.48,19.58,19.73,19.62,19.55,19.65,19.4,19.62,19.55,20.09,19.9,20.46,20.68,21.2,25.79,29.32,29.81,30.55,30.41,30.26,30.13,30.04,29.87,30.09,29.81,29.84,29.98,30.38,30.36,30.33,30.08,30.21,29.87,30.09,30.18,30.41,30.33,30.41,29.89,30.04,30.04,29.87,29.93,29.69,29.76,29.89,29.77,29.64,29.89,29.61,29.72,29.69,30.09,30.04,29.81,30.29,30.53,30.09,30.5,30.55,31.03,30.73,31.1,31.2,31.24,31.2,31.03,31.29,31.4,31.35,31.24,31.61,31.52,31.69,31.91,32.23,31.86,32.09,32.6,32.48,32.57,32.73,32.87,32.57,32.99,32.95,32.62,32.57,32.45,32.09,32.03,31.89,31.69,31.49,31.4,31.24,31.29,31.19,31.03,31.24,31.12,31.07,30.9,31.1,30.98,30.65,30.7,30.78,30.61,30.75,30.83,30.75,30.55,30.9,30.53,30.58,30.61,30.55,30.5,30.78,30.45,30.45,30.53,30.55,30.38,30.41,30.55,30.18,30.53,30.41,30.55,30.65,30.7,30.65,30.55,30.5,30.53,30.65,30.33,30.24,30.24,30.09,29.98,29.49,29.76,29.93,29.29,29.59,29.44,28.56,24.17,21.47,20.83,20.61,20.31,19.99,19.8,19.84,19.9,19.48
19.43,19.65,19.73,19.4,19.62,19.7,19.58,19.48,19.68,19.84,20.14,20.39,20.58,22.02,27.05,29.03,29.93,30.18,30.09,29.98,30.01,29.96,29.93,29.72,29.67,30.09,29.84,30.09,30.18,30.08,29.96,29.81,29.98,29.81,29.96,30.29,30.33,30.16,30.01,29.76,29.77,29.76,29.89,29.93,29.56,29.93,29.52,29.69,29.89,29.67,29.72,29.84,29.84,29.87,30.04,30.16,30.18,30.53,30.46,30.92,30.58,31.1,31.19,31.07,31.24,31.1,31.4,31.15,31.07,31.1,31.27,31.56,31.64,31.49,31.56,32.18,31.94,32.28,32.31,32.62,32.6,32.9,32.68,32.82,32.51,32.85,32.62,32.7,32.4,32.36,31.98,32.03,31.61,31.39,31.29,31.19,31.15,31.2,31.1,31.2,31.24,31.2,30.92,31.07,31.1,30.66,30.73,30.41,30.55,30.65,30.82,30.5,30.73,30.78,30.7,30.45,30.75,30.65,30.38,30.61,30.26,30.08,30.08,29.98,29.96,30.38,30.26,30.38,29.98,30.55,30.26,30.73,30.65,30.46,30.75,30.53,30.78,30.5,30.18,30.13,30.24,29.81,29.96,29.56,29.81,29.81,29.76,29.52,28.76,28.24,24.66,21.38,20.98,20.24,19.8,19.8,19.73,19.68,19.43,19.68
19.52,19.58,19.36,19.55,19.3,19.43,19.62,19.8,19.77,20.14,20.31,20.68,20.98,23.48,28.31,29.39,29.56,29.81,29.84,30.08,29.76,29.81,29.61,29.59,29.59,29.44,29.87,29.98,29.93,29.98,29.67,29.61,30.13,29.77,29.96,30.53,29.96,30.24,29.84,29.39,30.04,29.77,29.87,29.72,29.69,29.64,29.52,29.44,29.47,29.49,29.49,29.87,29.87,30.01,29.96,30.16,30.58,30.7,30.78,30.73,30.95,30.7,31.1,31.29,31.12,31.32,31.35,31.47,31.49,31.61,31.44,31.4,31.61,31.69,31.66,32.01,32.18,32.36,32.7,32.77,32.45,32.78,32.9,32.68,32.85,32.99,32.48,32.53,32.45,32.4,32.2,31.91,31.66,31.89,31.35,31.15,31.03,31.35,30.92,31.2,31.07,30.83,30.98,30.83,30.83,30.87,30.82,30.83,30.75,30.98,30.65,30.95,30.98,30.55,30.7,30.73,30.58,30.58,30.5,30.53,30.41,30.41,30.38,30.41,30.08,29.98,30.33,29.98,30.38,30.24,30.36,30.16,30.46,30.58,30.58,30.53,30.66,30.38,30.53,30.13,30.21,30.13,29.87,29.96,29.77,29.96,29.64,29.56,29.27,28.34,24.39,21.32,20.58,20.31,20.27,20.05,19.62,19.7,19.7,19.58
19.73,19.33,19.52,19.47,19.48,19.9,19.77,19.58,19.73,19.99,20.14,20.46,21.28,25.33,29.08,29.47,29.56,29.61,29.59,29.35,29.67,29.69,29.47,29.69,29.69,29.76,29.59,29.72,29.64,29.69,29.61,29.67,30.04,30.21,29.96,30.13,29.89,29.84,29.81,29.93,29.96,29.72,29.81,29.69,29.67,29.59,29.76,29.84,29.52,29.61,29.87,29.96,29.93,30.09,30.04,30.45,30.45,30.55,30.87,31.07,31.07,31.27,31.12,31.72,31.44,31.66,31.72,31.44,31.52,31.81,31.57,31.83,31.72,31.72,32.18,31.98,32.6,32.62,32.65,32.77,32.57,32.99,32.77,32.78,32.82,32.94,32.94,32.77,32.57,32.35,32.43,32.06,32.06,31.89,31.57,31.44,31.27,31.47,31.2,31.35,31.29,31.39,30.95,30.95,31.03,30.75,30.9,30.92,30.73,30.92,30.7,30.83,30.83,30.78,30.92,30.75,30.61,30.46,30.53,30.61,30.21,30.09,30.33,30.26,30.24,29.98,29.98,30.33,30.58,30.13,30.5,30.36,30.41,30.61,30.46,30.38,30.24,30.58,30.53,30.29,30.04,30.08,30.29,29.96,29.98,30.16,29.44,29.4,29.32,28.24,24.75,21.35,20.61,20.14,19.95,19.92,19.68,19.48,19.73,19.55
19.52,19.52,19.95,19.92,19.73,19.55,19.68,20.14,19.95,20.12,20.39,20.9,21.5,27.13,29.08,29.2,29.39,29.29,29.4,29.27,29.2,29.47,29.77,29.52,29.52,29.81,29.76,29.52,29.64,29.67,29.69,29.96,30.01,30.01,30.21,29.98,29.84,29.72,29.76,29.77,29.81,29.87,29.81,29.93,29.52,29.77,29.61,29.47,29.87,29.61,29.93,29.89,29.98,30.09,30.09,30.75,30.61,30.95,30.98,31.03,30.95,31.32,31.2,31.35,31.49,31.49,31.86,31.52,31.81,31.74,31.44,31.61,31.83,32.18,32.09,32.45,32.51,32.7,32.87,32.82,33.07,32.87,32.77,32.87,32.99,33.07,33.12,32.9,32.99,32.78,32.6,32.31,32.23,32.14,31.66,31.56,31.52,31.57,31.1,31.47,31.2,31.07,31.32,31.07,31.02,30.82,31.19,31.12,30.73,30.95,30.95,31.24,31.02,31.07,31.07,30.75,30.75,30.78,30.46,30.75,30.65,30.46,30.46,30.16,30.26,30.13,30.13,30.38,30.13,30.16,30.13,30.33,30.46,30.24,30.38,30.55,30.55,30.58,30.58,30.58,30.41,30.26,30.29,30.38,30.16,29.77,29.64,29.49,29.56,28.51,24.59,21.65,20.79,20.17,20.02,19.73,20.05,20.02,20.17,19.8
19.65,19.62,19.52,19.52,19.68,19.68,19.77,19.68,19.95,20.02,20.32,21.1,23.23,28.43,29.19,29.08,29.44,29.07,29.32,29.44,29.59,29.47,29.49,29.29,29.81,29.76,29.64,29.52,29.69,29.69,29.59,29.76,29.84,30.26,29.96,29.96,29.76,29.76,29.69,29.72,29.72,29.77,29.56,29.4,29.87,29.56,29.67,29.61,29.52,29.84,29.69,29.89,30.21,30.26,30.33,30.5,30.53,31.02,30.95,31.19,31.15,31.29,31.47,31.39,31.72,31.4,31.69,31.72,31.64,31.91,31.89,31.69,31.91,32.09,32.18,32.53,32.7,32.82,33.07,32.99,32.9,33.15,32.94,32.9,33.07,33.1,32.99,32.99,32.77,32.94,32.65,32.68,32.36,31.94,31.89,31.69,31.86,31.49,31.47,31.35,31.29,31.47,30.87,30.87,30.73,31.12,30.92,31.15,31.07,31.15,31.1,31.2,31.32,31.27,31.27,31.02,30.87,31.02,30.75,30.66,30.61,30.53,30.33,30.13,30.26,30.24,30.16,30.08,30.26,30.09,30.01,30.36,30.18,30.26,30.18,30.16,30.26,30.53,30.66,30.65,30.45,30.75,30.5,30.26,30.21,29.84,29.76,29.64,29.35,28.39,24.83,21.79,20.71,20.32,20.05,20.05,19.8,19.7,19.9,19.8
19.58,19.47,19.9,19.73,19.87,19.77,19.62,20.09,19.95,20.31,20.46,21.72,25.49,28.83,28.88,29.0,28.87,29.2,29.32,29.4,29.35,29.47,29.47,29.52,29.59,29.64,29.59,29.89,29.52,29.67,29.72,29.81,30.16,29.61,29.77,29.69,29.84,29.81,29.87,29.61,29.84,29.81,29.81,29.67,29.52,29.81,29.52,29.47,29.59,29.89,29.69,30.08,30.18,30.24,30.53,30.73,30.55,30.9,31.24,31.47,31.52,31.69,31.72,31.56,31.47,31.64,31.72,31.66,31.69,31.89,32.01,32.06,32.09,32.23,32.48,32.6,32.95,33.07,33.1,32.82,32.99,32.9,32.99,32.99,33.1,33.15,33.04,33.02,33.1,33.1,32.94,32.53,32.6,32.11,32.23,32.01,31.81,31.69,31.49,31.32,31.61,31.24,31.56,31.15,31.19,30.95,31.27,31.12,31.35,31.02,31.39,31.29,31.1,31.32,31.15,31.47,30.87,31.1,31.03,30.73,30.65,30.46,30.45,30.26,30.5,30.38,30.41,30.08,29.98,30.21,30.13,30.45,30.33,30.29,30.46,30.16,30.5,30.41,30.53,30.78,30.53,30.46,30.66,30.7,30.46,30.16,29.72,29.47,29.32,28.98,26.06,22.06,20.73,20.54,20.14,20.24,19.73,19.87,19.92,19.65
19.43,19.77,19.47,19.73,19.62,19.7,19.55,19.99,20.27,20.17,20.9,22.69,27.64,28.55,28.92,28.92,28.71,29.27,28.92,29.19,29.07,29.19,29.4,29.61,29.76,29.59,29.69,29.64,29.64,29.61,29.72,29.87,29.76,29.96,29.67,29.52,29.81,29.81,29.81,29.77,29.61,29.59,29.64,29.61,29.72,29.61,29.56,29.84,29.49,29.77,29.89,30.09,30.41,30.55,30.45,30.45,30.65,30.92,30.98,30.95,31.47,31.47,31.98,31.61,31.69,31.61,31.66,31.66,31.86,31.61,32.03,32.28,32.14,32.31,32.57,32.87,32.85,33.04,32.9,32.94,32.9,32.87,32.73,32.78,32.99,33.04,33.32,33.12,33.04,33.27,33.15,33.04,32.77,32.36,32.11,31.94,31.81,31.91,31.66,31.66,31.56,31.61,31.29,31.52,31.24,31.15,31.57,31.27,31.27,31.2,31.35,31.27,31.24,31.49,31.44,31.39,31.24,31.2,30.95,31.03,30.92,30.78,30.73,30.66,30.55,30.45,30.41,30.58,30.33,30.33,30.38,30.24,30.01,30.33,30.38,30.21,30.16,30.46,30.82,30.78,30.78,30.87,31.12,30.33,30.5,30.5,30.13,29.89,29.32,28.98,27.17,23.3,21.32,20.49,20.39,20.24,19.99,19.92,19.92,19.92
19.62,19.65,19.4,19.7,19.52,20.17,19.9,20.09,20.17,20.64,21.47,25.28,28.36,29.0,28.95,29.24,28.83,29.08,29.0,29.08,29.08,29.32,29.2,29.67,29.69,29.77,29.61,29.67,29.64,29.76,29.49,29.67,29.89,29.76,29.52,30.01,29.77,29.67,29.59,29.59,29.49,29.52,29.93,29.93,29.72,29.72,29.59,29.89,29.87,30.09,30.01,30.13,30.5,30.65,30.78,30.98,30.95,31.19,31.56,31.29,31.49,31.81,31.24,31.83,31.72,31.52,32.03,31.81,31.86,32.2,32.18,32.26,32.4,32.85,33.04,32.94,33.32,33.15,33.24,33.29,32.94,32.95,32.9,33.02,32.99,33.2,33.36,33.27,33.32,33.52,33.04,32.99,32.85,32.77,32.35,32.31,32.11,31.83,31.91,31.91,31.64,31.74,31.52,31.49,31.15,31.56,31.32,31.49,31.39,31.57,31.44,31.57,31.61,31.47,31.47,31.69,31.56,31.19,31.29,31.03,30.92,30.87,30.95,30.38,30.61,30.5,30.66,30.45,30.08,30.46,30.26,30.36,30.58,30.24,30.58,30.29,30.46,30.46,30.73,30.83,30.73,31.07,31.1,30.7,30.61,30.7,30.26,30.09,29.64,29.15,28.36,25.22,21.84,20.91,20.32,20.24,20.12,19.99,19.52,19.99
19.47,19.52,19.68,19.55,19.92,19.7,20.14,19.99,20.14,20.91,22.78,27.12,28.75,28.88,29.32,29.03,28.83,29.12,29.0,29.15,29.35,29.39,29.47,29.32,29.35,29.77,29.52,29.76,29.67,29.19,29.77,29.56,29.49,29.64,29.56,29.67,29.59,29.72,29.76,29.29,29.77,29.67,29.61,29.81,29.72,29.81,30.01,29.81,29.93,30.29,30.21,30.36,30.58,30.75,30.75,30.73,31.19,31.24,31.27,31.35,31.72,31.52,31.57,31.77,31.52,31.89,31.61,31.77,31.81,31.94,32.14,32.45,32.51,32.85,33.02,33.1,33.02,33.04,32.87,33.19,32.9,32.94,32.94,32.85,33.07,33.12,33.37,33.41,33.19,33.39,33.46,33.29,33.1,32.9,32.45,32.36,32.11,32.09,31.81,31.94,31.61,31.81,31.89,31.52,31.47,31.29,31.52,31.32,31.39,31.4,31.89,31.47,31.56,31.83,31.83,31.44,31.57,31.57,31.64,31.29,31.29,31.29,30.95,30.73,30.41,30.55,30.58,30.29,30.36,30.41,30.38,30.45,30.46,30.21,30.29,30.33,30.78,30.61,30.78,31.15,30.95,31.07,31.1,31.03,30.83,30.87,30.09,30.08,29.81,29.39,28.92,27.02,22.69,20.9,20.51,20.51,20.12,19.92,19.8,19.68
19.7,19.62,19.77,19.26,19.62,19.68,20.14,20.31,20.42,21.1,25.28,28.08,28.95,28.98,28.88,28.92,28.87,29.12,29.2,29.03,29.2,29.29,29.2,29.47,29.29,29.35,29.52,29.49,29.67,29.52,29.67,29.76,29.59,29.77,29.72,29.67,29.81,29.77,29.77,29.77,29.77,29.61,29.56,29.93,29.76,29.93,30.36,30.01,30.29,30.26,30.53,30.7,30.82,30.66,31.02,31.12,31.19,31.52,31.4,31.74,31.72,31.52,31.77,31.83,31.94,32.11,32.03,31.74,32.11,32.2,32.43,32.65,33.27,32.87,33.2,33.52,33.49,32.99,32.95,32.87,33.04,33.04,32.94,32.73,33.1,33.2,33.27,33.24,33.19,33.37,33.27,33.15,33.24,33.24,32.85,32.23,32.45,32.4,32.28,32.26,32.03,31.91,31.77,31.89,31.52,31.56,31.52,31.44,31.56,31.81,31.91,31.66,31.91,31.83,31.94,31.86,31.72,31.86,31.61,31.74,31.29,31.12,30.75,31.03,31.03,30.7,30.73,30.7,30.7,30.55,30.55,30.5,30.41,30.53,30.41,30.08,30.65,30.46,30.83,31.29,31.44,31.32,31.47,30.98,30.98,30.95,30.58,30.33,29.87,29.64,29.39,28.6,24.78,21.69,20.61,20.32,20.51,19.87,19.99,19.99
19.7,19.3,19.58,19.73,19.77,20.02,19.73,19.95,20.73,22.43,27.05,28.63,28.76,28.83,28.66,28.87,28.92,28.83,29.15,29.2,29.2,29.52,29.49,29.4,29.35,29.47,29.72,29.35,29.69,29.49,29.59,29.64,29.59,29.59,29.64,29.84,29.77,29.61,29.76,29.61,29.59,29.72,29.69,30.18,29.93,30.08,30.04,30.29,30.36,30.33,30.65,30.92,31.1,31.15,31.19,31.57,31.39,31.44,31.74,31.72,31.49,31.91,31.98,31.72,31.91,32.09,31.94,32.03,32.43,32.26,32.45,32.68,33.02,33.24,33.19,33.29,33.2,33.15,32.9,32.99,33.02,32.78,32.62,32.6,32.87,33.2,33.29,33.12,33.46,33.37,33.36,33.66,33.37,33.36,32.85,32.65,32.53,32.48,32.45,32.28,32.01,32.26,32.03,31.81,31.61,31.83,31.91,31.72,31.86,31.81,31.94,31.83,31.91,31.77,31.89,32.03,32.03,31.72,31.64,31.47,31.57,31.29,31.4,31.24,30.82,30.9,30.82,30.65,30.82,30.65,30.41,30.5,30.75,30.55,30.5,29.93,30.26,30.24,31.02,31.27,31.4,31.27,31.12,30.83,30.95,31.15,30.58,30.18,29.96,29.59,29.29,29.0,26.88,22.58,21.01,20.39,20.39,20.09,19.95,19.9
19.47,19.87,19.9,19.99,20.02,20.09,20.39,20.39,21.08,24.06,27.92,28.55,28.51,28.95,28.43,28.43,28.88,29.19,29.08,29.32,29.32,29.15,29.67,29.61,29.72,29.44,29.4,29.67,29.52,29.52,29.59,29.77,29.61,29.52,29.76,29.61,29.84,29.67,29.72,29.64,29.81,29.81,29.93,29.87,30.26,30.24,30.13,30.5,30.7,30.73,30.9,30.98,31.35,31.4,31.47,31.74,31.57,31.74,31.72,31.83,31.57,31.86,31.94,32.03,31.72,32.23,32.43,32.26,32.35,32.77,32.77,33.1,33.41,33.15,33.36,33.27,33.12,32.94,33.1,32.82,32.9,32.48,32.82,32.78,32.95,33.19,33.04,33.24,33.15,33.54,33.52,33.61,33.36,33.46,33.37,32.95,32.94,32.51,32.43,32.4,32.11,32.36,32.35,31.86,32.01,31.81,31.94,31.81,31.94,32.11,32.26,32.23,32.35,32.18,32.18,32.03,31.81,31.94,31.98,31.56,31.52,31.49,31.35,31.19,31.35,31.19,31.24,31.03,30.87,30.65,30.83,30.78,30.83,30.82,30.46,30.53,30.5,30.53,30.66,30.95,31.12,31.49,31.47,30.92,30.7,31.27,30.58,30.33,30.09,29.76,29.39,29.07,28.11,24.26,21.8,20.9,20.39,20.17,20.14,19.8
19.65,19.68,19.84,19.43,20.24,20.02,20.27,20.95,21.69,26.41,27.99,28.46,28.43,28.55,28.56,28.87,29.03,29.12,29.27,29.39,29.52,29.35,29.32,29.4,29.47,29.59,29.77,29.59,29.67,29.69,29.35,29.72,29.52,29.93,29.64,29.89,29.72,29.81,29.77,29.89,29.77,30.36,29.93,30.01,30.18,30.36,30.61,30.73,30.82,30.83,31.07,31.47,31.35,31.49,31.52,31.77,31.83,31.72,31.77,31.77,31.91,31.83,31.86,31.91,32.28,32.14,32.4,32.4,32.31,32.85,32.77,33.27,33.24,33.52,33.15,33.2,33.07,32.94,32.99,32.85,32.53,32.7,32.62,32.43,32.78,32.78,33.04,32.85,33.29,33.57,33.49,33.52,33.74,33.57,33.57,33.37,32.87,32.94,32.85,32.78,32.45,32.43,32.31,32.03,32.35,32.01,32.09,32.03,32.26,32.14,32.36,32.28,32.35,32.09,32.01,31.98,32.28,31.81,32.06,31.64,31.77,31.47,31.49,31.35,31.2,31.15,31.2,30.87,31.1,30.95,30.9,30.82,30.61,30.83,30.46,30.45,30.83,30.55,30.73,30.95,31.12,31.19,30.9,31.02,30.75,31.1,30.55,30.24,30.16,29.76,29.47,29.15,28.56,26.53,22.24,20.9,20.36,20.09,20.05,19.73
19.65,19.73,19.65,20.02,20.09,19.95,20.32,20.46,23.37,27.72,28.11,28.34,28.55,28.36,28.56,28.92,29.12,29.39,29.32,29.47,29.27,29.12,29.56,29.44,29.49,29.59,29.64,29.61,29.72,29.44,29.69,29.29,29.67,29.72,29.49,29.72,29.67,29.77,29.72,29.93,30.01,30.13,30.09,30.55,30.5,30.73,30.83,30.87,30.9,31.03,30.98,31.32,31.56,31.52,31.72,31.91,32.01,31.83,31.72,31.98,31.81,31.91,32.09,31.83,32.18,32.2,32.53,32.65,32.68,32.77,33.46,33.52,33.54,33.32,33.41,33.24,33.07,32.95,32.85,32.85,32.45,32.62,32.35,32.68,32.6,32.78,33.04,32.87,33.07,33.07,33.29,33.37,33.57,33.54,33.54,33.46,33.12,33.12,32.77,32.73,32.68,32.85,32.51,32.51,32.18,32.14,32.03,32.36,32.14,32.48,32.48,32.43,32.48,32.36,32.18,32.23,31.89,32.06,32.23,31.74,31.81,31.94,31.56,31.39,31.64,31.61,31.39,31.27,31.15,31.15,31.1,31.1,31.32,31.03,31.03,30.75,30.73,30.87,30.95,30.9,30.82,31.19,31.49,31.4,31.02,30.92,30.55,30.61,30.08,29.93,29.81,29.49,28.76,27.37,23.23,21.01,20.54,20.14,19.95,19.9
19.36,19.87,19.99,19.7,19.95,20.32,20.36,21.27,25.4,27.84,28.43,28.31,28.36,28.6,28.56,28.92,29.19,29.2,29.35,29.49,29.44,29.52,29.39,29.47,29.47,29.49,29.47,29.69,29.49,29.47,29.59,29.69,29.29,29.56,29.67,29.59,29.84,29.87,29.77,30.16,30.04,30.18,30.36,30.29,30.5,30.82,30.65,30.92,30.98,31.07,31.27,31.39,31.57,31.56,31.72,31.72,31.98,31.91,31.74,32.03,31.98,32.11,31.94,32.31,32.35,32.43,32.48,32.6,32.99,33.46,33.61,33.61,33.49,33.12,33.29,33.2,32.85,32.57,32.6,32.77,32.48,32.31,32.35,32.36,32.87,32.77,32.99,32.95,33.24,32.9,33.41,33.57,33.78,33.88,33.71,33.49,33.49,33.49,33.04,32.99,32.77,32.82,32.68,32.62,32.68,32.45,32.4,32.31,32.4,32.57,32.65,32.48,32.43,32.48,32.14,32.26,32.14,31.83,31.98,31.89,32.2,31.74,31.89,31.52,31.61,31.56,31.69,31.74,31.49,31.39,31.39,31.29,31.57,31.07,31.12,30.82,30.87,30.83,31.07,30.75,30.9,31.07,31.24,31.15,31.44,31.07,30.75,30.26,30.5,29.89,29.69,29.4,29.19,28.11,24.26,21.57,20.49,20.17,20.12,20.09
19.52,19.26,19.68,19.73,20.21,20.14,20.73,22.46,26.81,27.72,28.34,28.51,28.48,28.46,28.92,28.87,29.12,29.24,29.35,29.49,29.49,29.44,29.35,29.39,29.39,29.35,29.69,29.49,29.56,29.61,29.67,29.47,29.81,29.61,30.01,29.47,29.77,30.09,29.96,30.29,29.93,30.29,30.73,30.53,30.83,30.78,30.98,31.03,30.98,31.2,31.29,31.52,31.57,31.49,32.06,31.89,31.94,31.98,31.83,32.06,32.01,32.28,32.01,32.11,32.26,32.53,32.95,32.94,33.29,33.49,33.49,33.74,33.29,33.37,33.24,33.12,32.78,32.62,32.45,32.51,32.65,32.36,32.36,32.68,32.62,33.02,32.77,33.04,33.04,33.07,33.24,33.57,33.41,33.83,33.86,33.78,33.88,33.57,33.36,33.07,33.2,33.02,32.9,32.53,32.68,32.65,32.45,32.36,32.62,32.45,32.57,32.4,32.43,32.68,32.36,32.23,32.28,31.94,32.14,32.06,32.01,31.83,31.89,31.57,31.94,31.74,31.69,31.72,31.74,31.44,31.4,31.47,31.64,31.4,31.1,31.12,30.9,30.82,30.78,30.87,30.83,30.75,30.87,31.07,31.02,30.9,30.61,30.45,30.24,30.13,29.61,29.76,28.98,28.66,25.32,21.72,20.9,20.12,20.05,19.55
19.48,19.77,19.99,19.99,20.05,20.27,21.27,24.59,27.49,28.11,27.96,28.24,28.24,28.66,29.08,29.12,29.35,29.35,29.39,29.76,29.4,29.27,29.52,29.52,29.77,29.56,29.84,29.49,29.67,29.64,29.81,29.59,29.59,29.69,29.81,29.69,29.81,30.04,30.18,30.53,30.46,30.38,30.66,30.75,30.73,30.9,31.1,31.35,31.19,31.07,31.15,31.56,31.64,31.77,31.66,31.77,32.03,32.11,32.01,31.98,31.83,32.31,32.4,32.18,32.23,32.9,32.65,32.87,33.52,33.66,33.69,33.74,33.19,33.37,33.15,32.85,32.78,32.6,32.31,32.6,32.26,32.6,32.45,32.53,32.51,32.45,32.78,32.99,33.12,33.24,33.36,33.2,33.41,33.62,33.44,33.66,33.88,33.62,33.71,33.37,33.54,33.27,33.15,32.9,32.77,32.78,32.48,32.43,32.45,32.28,32.65,32.57,32.48,32.53,32.51,32.36,32.35,32.26,32.26,32.09,32.01,32.51,31.86,31.89,31.94,31.81,31.77,31.98,31.72,31.56,31.35,31.66,31.39,31.56,31.24,31.2,30.92,30.65,30.53,30.75,30.66,30.73,30.83,30.78,30.66,30.95,30.7,30.21,30.26,29.84,29.77,29.69,29.47,28.83,26.26,21.99,20.79,20.17,19.8,19.84
19.4,19.87,19.87,20.02,20.32,20.39,21.75,26.49,27.64,27.99,28.31,28.56,28.56,28.87,28.75,29.19,29.35,29.59,29.47,29.81,29.52,29.52,29.67,29.39,29.61,29.72,29.98,29.76,29.72,29.81,29.77,29.69,29.81,29.76,29.98,29.89,30.09,30.18,30.36,30.5,30.46,30.7,30.95,31.12,31.12,31.15,31.35,31.35,31.29,31.39,31.66,31.86,31.56,31.74,31.69,32.01,32.06,31.94,31.94,32.31,32.06,32.36,32.43,32.4,32.82,32.9,33.24,33.66,33.79,33.78,33.61,33.71,33.27,33.27,32.9,32.99,33.07,32.78,32.62,32.68,32.43,32.28,32.2,32.43,32.57,32.85,32.85,32.78,33.15,33.32,33.2,33.24,33.36,33.46,33.66,34.18,34.01,33.93,33.74,33.88,33.62,33.52,33.24,33.02,32.87,32.95,32.94,32.57,32.7,32.57,32.7,32.65,32.82,32.53,32.43,32.4,32.35,32.18,32.35,32.57,32.18,32.14,32.23,32.14,32.14,32.14,31.77,31.77,31.83,31.57,31.57,31.66,31.77,31.89,31.57,31.47,31.1,31.1,31.02,30.75,30.9,31.2,30.87,31.03,30.92,30.87,30.58,30.55,30.38,30.04,30.18,29.61,29.69,28.95,26.88,22.32,21.08,20.51,20.17,19.95
19.73,19.58,20.02,20.09,20.21,20.79,23.3,27.2,27.91,28.04,28.34,28.31,28.71,28.95,29.12,29.07,29.19,29.64,29.49,29.72,29.47,29.47,29.49,29.67,29.84,29.84,29.76,30.08,29.81,30.01,29.84,29.93,29.96,30.04,29.64,29.98,30.29,30.65,30.29,30.66,30.58,30.7,30.82,31.24,31.15,31.35,31.56,31.29,31.72,31.57,31.57,31.91,31.89,31.89,32.01,32.06,32.03,32.01,32.06,32.28,32.4,32.53,32.65,32.48,33.02,33.27,33.52,33.69,33.79,33.86,33.66,33.57,33.36,33.19,33.02,32.94,32.68,32.73,32.73,32.7,32.51,32.23,32.51,32.31,32.65,32.48,32.6,32.78,32.77,33.27,33.02,33.49,33.37,33.44,33.54,33.78,33.96,33.86,34.43,34.04,33.99,33.96,33.69,33.46,33.2,33.1,33.12,32.73,32.99,32.7,32.82,32.94,32.53,32.6,32.51,32.51,32.57,32.62,32.53,32.36,32.36,32.26,32.23,32.14,32.06,32.14,32.18,32.23,32.18,31.64,31.74,31.57,31.83,31.66,31.61,31.56,31.24,31.35,31.02,31.02,30.92,30.73,30.87,30.66,31.12,31.27,30.73,30.73,30.55,30.26,30.24,29.89,29.84,29.39,27.67,22.85,21.2,20.68,20.14,19.7
19.62,19.77,19.84,20.05,20.31,21.43,24.86,27.64,27.79,27.96,28.11,28.43,28.75,29.03,29.2,29.32,29.29,29.49,29.67,29.67,29.52,29.69,29.69,29.72,29.76,29.96,29.89,30.01,29.89,29.98,29.81,29.96,30.24,30.01,30.16,30.45,30.16,30.45,30.78,30.73,30.65,30.9,31.03,31.15,31.15,31.52,31.52,31.57,31.47,31.66,31.98,32.01,31.91,32.09,32.06,32.14,32.35,32.2,32.23,32.43,32.6,32.57,32.6,32.95,33.36,33.41,34.08,33.91,33.69,33.66,33.44,33.41,33.32,33.07,32.95,32.87,32.51,32.43,32.65,32.6,32.51,32.18,32.23,32.43,32.48,32.4,32.6,32.6,33.24,32.94,33.07,33.27,33.27,33.46,33.74,33.69,33.62,33.71,33.93,34.01,33.99,34.08,33.93,33.49,33.49,33.2,33.07,32.99,32.94,33.07,33.02,32.82,32.99,32.85,32.62,32.62,32.87,32.57,32.62,32.28,32.4,32.57,32.14,32.23,32.18,32.23,32.36,32.03,32.03,31.83,31.77,31.83,32.11,31.72,31.74,31.24,31.2,31.24,30.9,30.92,31.03,30.75,31.12,30.83,31.1,30.87,30.55,30.5,30.65,30.33,29.81,29.84,29.69,29.49,28.46,23.69,21.47,20.51,20.17,19.99
19.73,19.8,19.58,20.24,20.68,22.12,26.61,27.59,27.72,28.14,28.19,28.76,28.76,29.15,29.32,29.24,29.44,29.61,29.81,30.08,29.61,29.81,29.59,30.16,29.77,29.93,29.89,29.84,30.18,30.21,30.33,30.09,30.5,30.18,30.5,30.16,30.38,30.82,30.83,30.66,30.83,31.02,30.95,31.15,31.39,31.61,31.64,31.83,31.57,31.66,31.86,31.89,32.06,32.01,32.14,32.06,32.28,32.31,32.26,32.45,32.43,32.73,32.68,33.07,33.66,33.71,33.93,33.71,33.54,33.54,33.46,33.2,33.29,33.24,32.82,32.78,32.77,32.57,32.53,32.43,32.48,32.14,32.2,32.26,32.28,32.26,32.65,32.78,32.7,32.85,33.04,33.1,33.15,33.44,33.29,33.69,33.79,33.86,34.04,34.1,34.25,34.1,33.96,33.74,33.78,33.54,33.41,33.41,33.37,33.37,33.04,33.1,32.85,32.85,32.87,32.95,32.73,32.73,32.6,32.65,32.62,32.48,32.35,32.45,32.18,32.35,32.68,32.35,32.26,32.09,31.98,31.66,32.01,31.89,31.86,31.49,31.49,31.39,31.03,31.27,30.95,31.19,30.95,30.58,31.03,30.82,30.83,30.55,30.36,30.16,30.36,29.93,29.77,29.67,28.87,24.33,21.43,20.73,20.46,19.8
19.65,19.92,20.17,20.27,20.71,23.94,26.97,27.4,27.84,28.46,28.55,28.48,28.92,28.87,29.29,29.15,29.59,29.64,29.84,29.77,29.96,30.01,30.09,29.89,29.93,30.21,30.16,29.96,30.13,30.33,30.08,30.29,30.33,30.26,30.66,30.73,30.78,30.9,30.98,30.92,30.92,31.32,31.12,31.44,31.72,31.52,31.64,31.66,31.89,31.69,31.77,31.86,32.26,32.14,32.2,32.36,32.36,32.85,32.43,32.53,32.77,33.27,33.27,33.52,34.13,33.79,33.74,33.61,33.37,33.36,32.95,33.15,33.15,33.24,32.68,32.78,32.78,32.35,32.6,32.51,32.28,32.23,32.14,32.18,32.26,32.31,32.65,32.7,32.73,32.78,32.77,33.04,32.87,33.32,33.57,33.52,34.01,33.71,33.79,33.99,33.91,34.25,33.93,34.35,34.01,33.62,33.62,33.52,33.41,33.49,33.1,33.04,32.87,32.94,32.77,33.07,32.99,32.82,32.65,32.77,32.9,32.35,32.35,32.45,32.45,32.53,32.26,32.35,32.18,32.11,31.98,32.03,32.01,32.06,31.94,31.89,31.64,31.49,31.44,31.57,31.1,31.32,30.87,30.87,30.9,30.9,30.66,30.78,30.36,30.24,30.41,30.01,29.81,29.59,28.95,24.83,21.53,20.73,20.51,19.9
19.73,20.05,20.12,20.51,21.9,25.84,27.35,27.64,27.91,28.23,28.46,28.75,28.95,29.2,29.4,29.27,29.52,29.87,29.89,30.01,30.26,30.53,30.18,30.26,30.41,30.24,30.01,30.36,29.84,30.29,30.46,30.46,30.73,30.41,30.66,30.75,30.95,30.98,30.83,31.2,31.44,31.2,31.47,31.72,31.69,31.81,31.81,32.11,32.01,32.06,32.03,32.26,32.23,32.31,32.51,32.31,32.31,32.94,32.7,32.78,33.02,33.24,33.44,34.01,33.74,33.93,33.61,33.52,33.36,33.36,33.02,33.12,32.87,32.99,32.62,32.87,32.35,32.48,32.51,32.36,32.45,32.36,32.06,32.31,32.26,32.43,32.53,32.65,32.78,32.78,32.9,33.15,33.29,33.27,33.44,33.49,33.52,33.71,33.88,34.01,34.04,34.43,34.08,34.47,34.35,34.01,33.69,33.71,33.61,33.49,33.49,33.2,33.2,32.94,33.2,33.12,33.15,32.94,32.85,32.7,32.73,32.57,32.6,32.85,32.68,32.28,32.45,32.4,32.36,32.23,32.35,32.23,32.14,32.18,31.98,31.83,31.72,31.64,31.72,31.39,31.24,31.2,31.1,30.98,31.19,31.2,30.95,30.7,30.46,30.45,30.09,30.08,29.76,29.61,29.07,25.57,21.94,20.54,20.51,20.12
19.99,19.77,19.92,20.61,22.32,26.58,27.52,27.76,28.02,28.23,28.48,28.71,28.95,29.27,29.24,29.2,29.15,29.56,29.87,30.13,30.36,30.41,30.53,30.26,30.36,30.26,30.04,30.33,30.21,30.55,30.53,30.55,30.87,30.75,30.7,30.7,30.87,30.78,30.98,31.24,31.24,31.47,31.24,31.44,31.81,31.72,31.98,31.81,31.91,32.06,32.23,32.31,32.18,32.6,32.65,32.6,32.87,32.9,32.99,33.07,33.27,33.69,33.79,33.79,33.93,33.54,33.74,33.71,33.27,33.32,33.2,32.82,32.78,32.78,32.6,32.62,32.23,32.28,32.57,32.18,32.18,32.14,31.94,32.26,32.18,32.2,32.4,32.45,32.53,32.87,32.7,32.87,33.04,33.29,33.24,33.41,33.79,33.71,33.83,33.74,33.91,34.01,34.1,34.01,34.18,34.26,34.21,34.08,33.66,33.49,33.57,33.52,33.32,33.2,32.99,33.27,33.04,33.12,32.78,32.78,32.7,32.51,32.62,32.7,32.7,32.45,32.6,32.51,32.28,32.6,32.18,32.23,32.23,32.18,32.01,31.98,31.72,31.61,31.57,31.44,31.35,31.07,30.98,31.27,31.02,31.02,31.03,30.7,30.66,30.41,30.08,30.29,29.98,29.84,29.32,25.82,22.02,20.76,20.17,19.77
19.9,19.8,20.14,20.86,24.21,27.12,27.71,27.79,28.19,28.24,28.63,28.92,28.87,29.07,29.29,29.24,28.75,29.03,29.39,29.96,30.33,30.61,30.36,30.24,30.38,30.26,30.21,30.61,30.36,30.38,30.83,30.66,30.9,30.61,30.83,31.2,30.95,31.35,31.19,31.52,31.4,31.72,31.77,32.28,31.83,31.98,32.03,31.81,32.09,32.2,32.28,32.6,32.53,32.62,32.57,33.02,32.9,33.12,33.15,33.32,33.61,33.78,34.04,33.93,33.91,33.66,33.54,33.24,33.32,32.85,33.27,32.85,32.85,32.87,32.82,32.68,32.53,32.14,32.18,32.03,31.94,32.09,32.28,32.45,32.2,32.4,32.43,32.36,32.28,32.68,32.78,32.87,33.32,33.37,33.29,33.52,33.74,33.79,33.79,33.88,34.04,33.99,34.13,34.21,34.26,34.47,34.47,34.33,34.48,34.1,33.74,33.71,33.37,33.29,33.36,33.2,33.36,33.15,33.36,33.32,32.95,32.73,33.15,32.9,32.87,32.57,32.9,32.65,32.78,32.53,32.65,32.62,32.45,32.23,32.06,32.01,32.18,31.57,31.64,31.57,31.39,31.24,31.29,31.19,31.2,31.15,31.02,30.92,30.66,30.65,30.29,30.01,29.96,29.96,29.4,26.46,22.17,20.86,20.39,19.9
19.65,20.09,20.49,21.43,24.9,27.12,27.67,27.67,28.14,28.34,28.63,28.6,28.76,29.2,29.35,29.07,29.0,29.32,29.4,29.89,30.5,30.55,30.66,30.61,30.29,30.45,30.53,30.38,30.38,30.61,30.83,30.75,30.58,30.92,31.15,31.4,31.27,31.44,31.35,31.47,31.89,31.56,31.74,31.74,31.64,32.11,32.06,32.03,32.18,32.31,32.35,32.7,32.57,32.51,32.82,32.82,33.12,33.24,33.49,33.57,33.91,34.16,33.83,33.61,33.62,33.46,33.32,33.15,33.12,32.94,33.02,32.87,32.62,32.62,32.48,32.62,32.6,32.45,32.31,32.4,32.35,32.23,32.26,32.31,32.03,32.14,32.14,32.4,32.48,32.7,32.48,32.68,32.94,33.37,33.12,33.24,33.36,33.61,33.46,33.83,33.99,33.96,34.04,34.13,34.3,34.21,34.48,34.73,34.55,34.41,34.16,33.71,33.71,33.52,33.61,33.37,33.2,33.29,33.12,33.04,33.15,32.73,32.9,32.9,33.07,32.9,32.82,32.87,32.77,32.77,32.57,32.62,32.53,32.53,32.51,32.23,32.09,32.06,31.52,31.86,31.52,31.56,31.27,31.24,31.2,31.02,30.73,30.58,30.61,30.36,30.38,30.36,30.45,29.76,29.32,26.85,22.32,20.83,20.49,20.21
19.87,20.27,20.31,21.6,25.82,27.13,27.55,27.91,27.99,28.24,28.43,29.08,28.55,29.32,29.29,29.15,28.95,29.12,29.32,30.09,30.33,30.55,30.5,29.96,30.58,30.38,30.55,30.61,30.36,30.9,30.78,30.92,31.07,31.12,31.29,31.03,31.69,31.4,31.39,31.74,31.52,31.81,31.77,32.09,31.72,32.14,32.26,32.28,32.62,32.45,32.36,32.62,32.73,32.87,32.94,33.19,33.12,33.49,33.57,33.99,34.04,33.99,33.93,33.71,33.62,33.24,33.32,32.95,32.94,33.07,32.7,32.51,32.73,32.53,32.26,32.48,32.62,32.35,32.23,32.45,32.23,32.06,32.11,32.18,32.14,32.26,32.36,32.43,32.31,32.57,32.53,32.95,32.99,33.15,33.37,33.44,33.57,33.71,33.52,33.61,33.96,33.93,34.04,33.99,34.08,34.1,34.57,34.57,34.73,34.9,34.47,34.26,34.16,33.96,33.57,33.44,33.49,33.36,33.27,33.19,33.37,33.19,33.15,32.99,32.99,32.68,32.77,32.87,32.99,32.78,32.77,32.57,32.62,32.6,32.53,32.11,31.98,32.14,32.06,31.72,31.57,31.4,31.47,31.2,31.27,31.15,31.32,31.03,30.7,30.66,30.61,30.24,30.24,30.09,29.49,27.25,22.69,21.16,20.05,19.9
20.09,20.14,20.39,22.29,26.41,27.64,27.81,28.08,28.14,28.51,28.55,28.88,28.75,29.2,29.59,29.49,29.35,29.47,29.81,30.24,30.55,30.53,30.58,30.66,30.87,30.78,30.65,30.58,30.95,30.78,31.1,31.1,31.19,31.27,31.47,31.29,31.32,31.35,31.66,31.72,31.56,31.98,32.11,31.91,32.03,32.51,32.2,32.35,32.6,32.95,32.87,33.04,33.04,33.44,33.15,33.32,33.54,33.86,34.1,33.91,33.93,34.1,33.57,33.52,33.46,33.12,33.29,32.73,33.27,32.62,32.62,32.68,32.73,32.68,32.7,32.62,32.78,32.57,32.36,32.28,32.14,32.23,32.14,32.2,32.11,32.18,32.36,32.2,32.51,32.53,32.7,32.82,32.94,32.99,33.04,33.24,33.27,33.62,33.74,33.86,33.78,33.96,34.04,33.79,33.66,34.33,34.33,34.25,34.77,34.57,34.63,34.73,34.68,34.16,33.93,33.71,33.62,33.66,33.49,33.46,33.44,33.37,33.57,33.12,33.24,32.87,32.99,32.99,32.94,32.9,32.7,32.57,32.43,32.53,32.43,32.31,32.23,32.03,31.94,31.89,31.69,31.81,31.35,31.49,31.2,31.15,31.24,30.78,30.7,30.65,30.75,30.46,30.08,30.18,29.67,27.64,22.88,20.98,20.46,20.14
19.87,20.09,20.71,22.73,26.76,27.55,27.81,28.14,28.19,28.56,28.63,28.98,28.88,29.67,29.52,29.56,29.89,30.24,30.13,30.33,30.75,30.46,30.53,30.7,30.5,30.92,30.87,31.2,30.73,30.95,31.03,31.15,31.1,31.35,31.4,31.57,31.86,31.56,31.98,31.89,31.91,31.91,32.03,32.23,32.4,32.23,32.4,32.62,32.68,32.77,33.07,33.07,33.15,33.36,33.44,33.66,34.01,34.13,33.96,34.08,33.78,33.66,33.24,33.29,33.44,33.1,33.15,32.73,32.51,32.77,32.65,32.82,32.68,32.57,32.6,32.43,32.65,32.53,32.36,32.26,32.43,32.09,32.36,32.4,32.45,32.4,32.14,32.4,32.43,32.36,32.68,32.7,32.82,33.02,32.9,33.19,33.44,33.49,33.86,33.74,33.86,33.74,33.74,33.83,33.86,33.86,34.25,34.48,34.52,34.47,34.73,34.63,34.72,34.89,34.48,34.41,34.43,33.91,33.86,33.91,33.57,33.46,33.32,33.19,33.2,33.36,33.04,32.99,33.32,32.73,32.62,32.85,32.78,32.68,32.23,32.28,32.31,32.23,31.98,32.03,31.91,31.56,31.47,31.27,31.35,31.19,31.03,31.02,30.73,30.66,30.66,30.61,30.46,30.53,29.67,27.79,23.08,21.23,20.51,20.09
19.7,19.95,20.46,22.76,26.92,27.64,27.91,28.02,28.19,28.36,28.8,28.95,29.32,29.67,29.84,29.84,30.04,30.55,30.55,30.45,30.58,30.82,30.53,30.58,30.73,30.83,30.92,31.19,31.27,31.4,31.03,31.39,31.52,31.56,31.64,31.49,32.01,31.94,31.81,32.23,32.06,31.91,32.35,32.14,32.4,32.45,32.28,32.45,32.85,33.07,33.29,33.32,33.36,33.62,33.52,33.96,33.96,33.88,33.74,33.91,33.71,33.46,33.29,33.24,32.95,32.87,32.7,32.94,32.85,32.53,32.65,32.65,32.51,32.53,32.36,32.45,32.57,32.53,32.23,32.23,32.28,32.23,32.36,32.03,32.43,32.57,32.4,32.23,32.43,32.35,32.68,32.73,32.85,32.87,33.04,33.24,33.19,33.62,33.44,33.57,33.57,33.66,33.69,33.79,34.13,33.93,34.1,34.38,34.25,34.57,34.68,34.68,34.52,34.85,34.95,34.33,34.73,34.47,34.35,34.08,33.96,33.62,33.37,33.44,33.37,33.44,33.1,33.46,33.24,33.04,32.95,32.99,32.87,32.78,32.62,32.57,32.31,32.14,32.14,31.83,31.61,31.56,31.69,31.49,31.52,31.47,31.19,30.98,31.1,30.9,30.78,30.36,30.08,29.93,29.59,28.14,23.37,21.01,20.32,20.14
20.09,20.49,20.68,22.85,27.05,27.59,27.87,28.28,27.96,28.48,28.76,29.0,29.19,29.52,29.96,29.96,30.29,30.18,30.33,30.58,30.73,30.7,30.98,30.87,30.7,31.02,31.35,31.24,31.39,31.29,31.56,31.64,31.74,31.83,31.74,31.81,31.91,31.89,32.11,32.31,32.14,32.26,32.53,32.43,32.43,32.53,32.6,33.02,32.95,33.2,33.57,33.32,33.78,34.08,34.1,33.96,33.96,33.88,33.88,33.61,33.41,33.44,33.32,33.19,32.94,32.87,32.7,32.62,32.6,32.68,32.82,32.45,32.51,32.57,32.6,32.09,32.09,32.45,32.26,32.31,32.35,32.01,32.09,32.48,32.35,32.48,32.2,32.36,32.36,32.68,32.43,32.65,32.94,33.1,32.9,33.2,33.49,33.46,33.44,33.88,33.88,33.74,33.66,33.83,33.83,33.69,34.01,34.04,34.18,34.33,34.65,34.52,34.52,34.72,34.73,35.02,34.85,34.72,34.82,34.48,34.33,34.18,33.86,33.69,33.71,33.71,33.62,33.2,33.49,33.29,33.15,33.32,33.29,32.82,32.9,32.77,32.7,32.4,32.28,32.35,32.03,31.83,31.98,31.74,31.86,31.57,31.29,31.19,31.32,30.92,30.75,30.82,30.36,30.09,29.76,27.91,23.45,21.28,20.76,20.31
20.14,20.12,20.61,22.73,26.97,27.55,27.92,28.24,28.43,28.76,28.92,29.35,29.49,29.64,30.09,30.45,30.41,30.55,30.53,30.7,30.7,30.58,30.83,30.9,31.27,31.1,31.32,31.2,31.64,31.61,31.69,32.03,31.74,32.01,31.91,32.18,32.03,32.23,32.31,32.18,32.26,32.28,32.2,32.48,33.1,32.73,32.68,33.15,33.24,33.24,33.62,33.37,33.69,33.99,34.1,34.01,33.86,33.88,33.41,33.79,33.29,33.32,33.04,33.19,32.85,33.02,32.6,32.57,32.82,32.6,32.6,32.62,32.48,32.35,32.36,32.36,32.35,32.31,32.43,32.48,32.57,32.36,32.28,32.48,32.35,32.35,32.51,32.35,32.43,32.65,32.62,32.68,32.85,33.02,32.87,33.04,33.07,33.24,33.19,33.32,33.54,33.69,33.86,33.66,33.99,33.88,33.96,34.04,34.08,34.41,34.43,34.55,34.47,34.48,34.72,34.55,34.82,34.99,35.07,34.82,34.82,34.55,34.3,34.3,34.18,33.79,33.86,33.54,33.71,33.36,33.15,33.1,33.27,33.24,32.78,32.77,32.77,32.68,32.51,32.28,32.2,32.35,32.14,31.83,31.86,31.94,31.72,31.74,31.47,31.32,30.92,30.46,30.46,29.93,29.52,27.84,23.22,21.13,20.46,20.27
19.95,20.24,20.73,22.51,26.61,27.91,27.99,28.24,28.6,29.07,29.15,29.47,29.35,29.89,30.04,30.21,30.38,30.38,30.5,30.7,30.61,30.61,30.95,31.29,31.27,31.35,31.44,31.52,31.83,31.72,31.86,32.2,31.98,32.14,31.98,32.2,32.11,32.18,31.98,32.2,32.06,32.73,32.53,32.73,32.85,32.73,32.95,33.32,33.46,33.54,33.62,33.88,33.93,34.1,33.96,33.86,33.91,33.36,33.49,33.44,33.52,33.24,32.94,32.77,32.6,32.9,32.57,32.48,32.51,32.65,32.36,32.4,32.48,32.23,32.35,32.31,32.48,32.28,32.11,32.48,32.51,32.2,32.14,32.31,32.26,32.28,32.4,32.43,32.57,32.57,32.43,32.62,32.45,32.78,32.73,32.77,32.94,33.19,33.1,33.24,33.41,33.71,33.49,33.54,33.74,33.93,34.16,34.13,33.93,33.88,34.04,34.1,34.3,34.25,34.68,34.52,34.55,34.6,34.8,34.63,34.72,34.55,34.48,34.1,34.21,33.99,34.08,33.99,33.93,33.57,33.52,33.49,33.07,33.12,33.04,32.99,32.68,32.78,32.68,32.53,32.57,32.35,32.28,32.35,32.4,31.86,31.61,31.61,31.49,31.39,31.07,30.73,30.45,30.13,29.35,27.6,23.37,20.95,20.36,20.36
19.73,20.17,20.73,22.12,26.34,27.79,28.19,28.46,28.56,29.03,29.24,29.67,29.69,29.89,29.93,30.08,30.53,30.33,30.65,30.78,31.12,30.82,30.95,31.2,31.52,31.69,31.66,31.94,32.03,32.14,32.09,32.14,32.11,32.26,32.26,32.35,32.09,32.31,32.14,32.43,32.65,32.7,33.04,32.77,32.95,33.1,33.19,33.66,33.69,33.91,34.01,33.79,34.13,33.93,33.71,33.74,33.52,33.36,33.32,33.37,33.41,33.07,32.94,33.1,32.87,32.68,32.51,32.53,32.51,32.28,32.14,32.48,32.4,32.45,32.26,32.4,32.36,32.23,32.31,32.4,32.2,32.18,31.91,31.83,32.11,32.26,32.2,32.28,32.45,32.11,32.57,32.45,32.4,32.65,32.73,32.77,32.78,33.02,33.1,33.27,33.2,33.29,33.46,33.62,33.69,33.49,33.46,33.57,33.88,33.91,34.01,34.18,34.35,34.63,34.35,34.43,34.43,34.72,34.68,34.6,34.73,34.35,34.38,34.26,33.99,34.33,34.16,34.18,34.1,33.88,33.74,33.54,33.71,33.52,33.57,33.29,33.07,32.94,32.9,32.99,32.68,32.7,32.77,32.23,32.43,31.98,31.98,31.83,32.03,31.32,31.07,31.02,30.7,30.38,29.56,27.44,23.0,21.1,20.42,20.17
19.84,20.27,21.05,22.09,26.41,27.84,28.34,28.76,28.88,29.2,29.27,29.59,29.47,30.29,30.26,30.33,30.58,30.75,30.78,30.55,30.92,30.95,31.19,31.32,31.49,31.66,31.94,32.01,32.11,32.2,32.4,32.28,32.28,32.4,32.35,32.11,32.11,32.51,32.43,32.65,32.57,32.78,33.1,33.04,33.2,33.15,33.54,33.86,33.99,34.01,33.96,33.66,33.96,34.18,33.66,33.41,33.69,33.52,33.49,33.49,33.24,33.02,32.77,32.6,32.94,32.65,32.31,32.6,32.23,32.26,32.23,32.4,32.43,32.23,32.35,32.48,32.26,32.4,32.31,32.03,32.23,32.06,32.28,32.28,32.18,32.26,32.35,31.81,32.26,32.45,32.28,32.35,32.62,32.43,32.31,32.9,32.99,32.87,32.9,33.24,33.04,33.49,33.54,33.54,33.19,33.57,33.99,33.71,33.37,33.88,33.99,33.79,34.08,34.25,34.08,34.21,34.26,34.6,34.43,34.33,34.8,34.65,34.6,34.55,34.3,34.68,34.26,34.43,34.18,34.16,34.01,34.13,33.83,33.78,33.66,33.19,33.61,33.04,33.02,33.27,32.94,32.87,32.85,32.68,32.53,32.2,32.18,32.23,31.94,31.19,31.12,30.95,30.55,29.96,29.19,27.29,23.0,21.08,20.24,19.84
20.02,20.14,20.76,22.43,26.7,27.72,28.23,28.6,29.07,29.03,29.49,29.61,29.89,29.96,30.18,30.53,30.82,30.78,30.75,31.02,30.9,31.02,31.29,31.4,31.77,31.61,31.89,32.11,32.28,32.36,32.4,32.36,32.23,32.18,32.45,32.4,32.45,32.65,32.7,33.07,33.04,33.15,33.37,32.9,33.41,33.57,33.86,33.54,33.71,33.74,33.52,33.71,33.66,33.57,33.52,33.41,33.32,33.37,33.71,33.12,33.07,32.9,32.9,32.65,32.26,32.51,32.48,32.45,32.2,32.06,31.98,32.06,32.23,32.45,32.14,32.51,32.2,32.18,32.43,32.23,32.03,31.94,32.23,31.98,32.14,31.98,32.18,32.26,32.31,32.18,32.36,32.18,32.26,32.4,32.35,32.4,32.82,32.68,32.7,33.1,33.24,33.27,33.46,33.27,33.54,33.36,33.36,33.41,33.69,33.61,33.57,33.74,33.83,33.99,33.78,33.93,34.01,34.08,34.33,34.3,34.55,34.25,34.63,34.43,34.43,34.55,34.33,34.26,34.35,34.16,34.08,34.21,34.04,33.78,33.54,33.46,33.54,33.57,33.44,33.29,33.27,32.95,33.2,32.51,32.77,32.45,32.23,31.94,31.57,31.4,31.19,30.7,30.5,30.04,29.39,26.97,22.51,20.83,20.49,20.14
19.92,20.17,20.54,21.75,26.44,27.76,28.24,28.6,29.27,29.35,29.29,29.98,29.84,30.13,30.33,30.5,30.7,30.65,30.9,31.15,31.52,31.24,31.4,31.49,31.91,32.01,32.14,32.35,32.57,32.31,32.4,32.03,32.65,32.48,32.51,32.45,32.53,32.87,32.7,33.04,32.94,33.19,33.32,33.54,33.78,33.79,33.88,33.69,33.36,33.61,33.66,33.61,33.71,33.79,33.29,33.57,33.15,33.15,33.07,32.95,33.2,32.9,32.77,32.73,32.43,32.2,32.31,32.6,32.2,32.26,32.11,32.18,32.4,32.26,32.26,32.35,32.45,32.09,32.14,32.03,32.11,31.98,32.11,31.89,32.01,32.26,32.03,32.26,31.94,32.14,32.2,32.35,32.03,32.01,32.43,32.45,32.62,32.53,32.62,32.6,33.02,33.04,33.19,33.07,33.24,33.29,33.32,33.15,33.54,33.69,33.57,33.52,33.74,34.08,33.99,33.91,33.96,34.47,34.3,34.52,34.48,34.55,34.47,34.41,34.43,34.35,34.72,34.6,34.52,34.13,34.01,34.16,34.18,33.99,33.78,33.83,33.44,33.69,33.49,33.27,33.32,32.82,33.12,32.94,32.4,32.57,32.18,31.94,31.89,31.64,31.1,30.9,30.58,29.98,29.29,26.56,22.63,20.73,20.31,19.73
19.95,19.9,20.9,21.35,26.14,27.91,28.36,28.8,29.24,29.44,29.47,29.89,30.18,30.41,30.33,30.61,30.75,30.98,31.24,31.15,31.29,31.52,31.74,32.03,32.23,32.09,32.11,32.36,32.48,32.53,32.65,32.53,32.57,32.43,32.78,32.68,32.94,33.04,32.9,33.44,33.1,33.57,33.62,33.83,33.91,33.86,33.78,33.36,33.46,33.37,33.54,33.57,33.52,33.29,33.41,33.27,33.1,32.87,33.2,32.95,32.7,32.65,32.57,32.36,32.14,32.48,32.01,32.14,32.06,32.4,32.09,32.2,32.2,32.26,32.45,32.14,32.26,32.23,32.14,32.14,32.11,32.11,32.06,32.06,32.06,32.01,31.89,31.98,32.14,32.03,31.86,32.06,32.11,32.03,32.28,32.43,32.28,32.57,32.51,32.87,32.7,33.1,33.32,33.12,33.04,33.19,32.99,33.32,33.46,33.37,33.29,33.71,33.49,33.69,33.93,34.18,33.93,34.1,33.96,34.13,34.41,34.41,34.3,34.26,34.41,34.52,34.43,34.25,34.33,33.99,34.21,34.25,34.25,33.91,33.88,33.91,33.79,33.71,33.83,33.52,33.37,33.12,33.2,33.02,32.87,32.6,32.35,32.26,31.89,31.66,31.32,30.95,30.58,30.09,28.95,26.06,21.99,20.73,20.24,20.02
20.12,20.32,20.46,21.5,25.01,27.99,28.46,29.0,29.27,29.84,29.59,30.01,30.04,30.38,30.55,30.73,30.78,31.2,31.4,31.56,31.4,31.52,31.57,31.91,32.23,32.26,32.26,32.62,32.6,32.48,32.53,32.6,32.57,32.62,32.87,32.68,33.2,33.1,33.54,33.71,33.74,34.38,33.99,33.83,33.79,33.49,33.36,33.66,33.57,33.62,33.62,33.27,33.19,33.37,33.07,33.1,33.1,33.12,32.9,33.04,32.77,32.9,32.2,32.43,32.26,32.45,32.01,32.26,32.18,32.18,31.86,32.28,32.03,32.51,32.28,32.23,32.18,32.09,32.06,32.26,32.09,31.98,31.77,31.86,32.23,31.77,31.98,31.91,31.98,32.2,32.11,32.03,31.91,31.91,31.89,32.09,32.09,32.6,32.73,32.62,32.65,33.04,32.94,33.04,32.95,33.19,33.46,33.27,33.12,33.54,33.52,33.54,33.57,33.61,33.57,33.74,33.61,33.78,34.18,34.26,34.21,34.18,33.91,34.16,34.18,34.33,34.6,34.3,34.41,34.47,34.35,34.43,34.21,34.3,34.18,34.04,33.86,33.69,33.66,33.78,33.29,33.29,33.04,32.99,32.7,32.48,32.51,32.23,31.83,31.57,31.47,30.9,30.58,29.93,28.68,25.18,21.62,20.61,20.32,19.77
19.77,20.09,20.39,21.05,23.97,28.11,28.68,28.8,29.27,29.4,29.77,30.04,30.01,30.13,30.66,30.82,30.98,31.19,31.19,31.47,31.56,31.57,31.72,31.77,32.14,32.43,32.51,32.48,32.7,32.35,32.57,32.73,33.02,32.82,32.94,33.1,33.41,33.79,34.1,34.16,33.93,34.08,33.83,33.44,33.54,33.46,33.41,33.24,33.27,33.29,33.36,33.15,33.02,33.36,33.29,33.04,32.9,33.12,32.73,32.9,32.87,32.68,32.36,32.43,32.23,32.14,32.09,31.94,31.86,31.86,32.11,32.4,32.23,32.2,32.18,32.45,32.09,32.14,32.11,32.18,32.35,32.09,31.94,31.86,31.89,31.77,31.83,31.66,31.77,31.83,31.89,31.98,31.69,32.03,31.91,31.83,32.11,32.18,32.28,32.51,32.51,32.77,32.7,32.62,32.77,32.94,33.12,33.07,33.36,33.29,33.07,33.29,33.52,33.2,33.29,33.74,33.61,33.83,33.79,33.69,33.96,33.99,34.18,34.1,33.91,34.01,34.48,34.55,34.63,34.13,34.33,34.26,34.41,34.55,34.18,34.38,34.16,33.79,33.79,33.74,33.52,33.69,33.32,32.77,32.65,32.62,32.03,32.28,31.91,31.77,31.27,30.83,30.38,29.87,28.46,24.29,21.35,20.61,20.46,19.99
19.7,20.36,20.32,20.9,22.21,27.6,28.68,29.03,29.44,29.64,29.96,30.16,30.18,30.26,30.55,30.83,30.98,31.32,31.4,31.49,31.74,31.86,32.01,32.06,32.26,32.51,32.43,32.68,32.6,32.65,32.82,32.77,33.07,33.1,33.2,33.54,33.86,33.91,34.26,33.96,33.74,33.49,33.79,33.24,33.2,33.1,33.32,33.24,33.2,33.32,33.24,33.19,33.19,32.94,33.07,32.95,32.95,32.73,32.48,32.48,32.62,32.62,32.23,32.06,32.26,32.26,32.06,32.18,32.11,32.01,32.01,32.31,32.11,32.26,32.4,32.03,32.09,32.14,32.06,32.35,31.77,31.94,32.03,31.61,31.72,31.94,31.56,31.64,31.56,31.44,31.83,31.64,31.86,31.69,31.74,31.61,32.18,32.6,32.28,32.43,32.6,32.85,32.62,32.82,32.7,32.82,33.04,32.9,33.1,33.12,33.27,33.15,33.29,33.41,33.62,33.32,33.49,33.52,33.57,33.99,33.88,33.61,34.08,33.96,33.93,34.1,34.04,34.33,34.33,34.38,34.43,34.18,34.43,34.26,34.3,34.1,34.16,33.86,33.93,33.83,33.54,33.37,33.12,33.04,32.94,32.77,32.51,32.18,32.06,31.89,31.4,30.92,30.01,29.76,28.08,23.38,21.38,20.68,20.05,19.8
19.9,20.42,20.42,20.58,21.23,25.28,28.6,29.12,29.35,29.59,29.98,30.26,30.26,30.55,30.75,30.7,30.82,31.27,31.57,31.72,32.06,32.11,31.98,32.23,32.36,32.57,32.51,32.77,32.78,32.82,32.9,33.29,33.46,33.79,33.86,33.99,33.86,33.83,34.04,33.79,33.88,33.69,33.36,33.12,33.27,33.2,33.24,33.41,33.12,33.24,33.02,33.02,32.9,32.68,32.95,32.77,33.07,32.68,32.68,32.35,32.4,32.45,32.14,32.11,32.35,32.36,32.03,32.03,31.81,31.94,32.14,32.09,32.31,32.23,32.11,32.18,32.31,32.11,32.36,32.06,32.26,32.03,31.91,31.83,31.81,31.81,31.83,31.47,31.91,31.39,31.4,31.64,31.66,31.69,31.57,31.74,31.83,31.89,32.28,32.2,32.26,32.57,32.26,32.77,32.45,32.6,32.9,32.95,32.82,33.24,33.2,33.15,33.04,33.24,33.36,33.41,33.44,33.36,33.29,33.36,33.62,33.46,33.66,33.88,33.88,33.83,33.99,34.1,34.08,34.3,34.3,34.33,34.3,34.21,34.25,34.1,33.86,33.93,33.88,33.66,33.46,33.57,33.27,33.19,32.9,32.73,32.43,32.11,32.03,31.69,31.47,30.82,30.16,29.69,27.12,22.69,21.28,20.76,20.36,19.73
20.05,19.87,20.21,20.32,21.01,23.03,27.72,29.07,29.44,29.76,29.96,30.13,30.53,30.45,30.92,30.9,31.07,31.32,31.56,31.77,31.91,32.18,32.36,32.35,32.57,32.94,33.04,32.94,33.07,33.24,33.44,33.96,34.04,34.35,34.01,34.04,34.16,33.99,33.83,33.54,33.61,33.37,33.49,33.46,32.85,33.1,33.15,33.1,33.04,32.82,33.04,32.99,32.94,32.68,32.73,32.73,32.51,32.87,32.51,32.23,32.62,32.4,32.26,32.09,32.01,32.01,32.11,32.01,32.14,32.14,32.2,32.11,32.36,32.11,32.23,32.14,32.36,32.45,32.2,32.2,31.91,31.89,31.83,31.86,31.91,31.66,31.81,31.57,31.29,31.47,31.66,31.74,31.47,31.72,31.47,31.74,31.86,31.72,31.77,32.31,32.28,32.26,32.35,32.18,32.57,32.68,32.73,32.94,32.73,32.99,33.1,33.29,33.46,33.2,33.49,33.37,33.44,33.2,33.36,33.44,33.44,33.32,33.46,33.61,33.66,33.71,33.49,33.88,33.83,34.18,34.08,34.3,34.43,34.25,34.43,34.16,33.99,33.96,34.04,33.86,33.83,33.71,33.36,33.24,32.99,32.65,32.4,32.31,32.09,31.91,31.52,31.15,30.29,29.0,25.79,22.24,20.79,20.32,19.77,19.7
19.7,19.7,19.9,20.14,20.95,21.28,24.24,28.39,29.12,29.96,29.98,30.01,30.08,30.61,30.7,30.82,30.92,31.39,31.47,31.72,31.81,31.98,32.51,32.4,32.68,32.94,32.95,33.12,33.36,33.46,33.96,34.08,33.93,33.86,34.04,33.71,33.93,33.78,33.37,33.36,33.19,33.27,33.32,33.2,33.29,33.15,32.78,32.82,33.02,33.04,32.95,32.53,32.99,32.68,32.57,32.36,32.6,32.51,32.43,32.53,32.26,32.28,32.26,31.98,32.18,31.72,31.98,31.91,32.09,32.14,32.09,32.26,32.31,32.18,32.03,31.81,32.09,31.98,32.26,32.01,32.14,31.81,31.77,31.66,31.69,31.61,31.72,31.29,31.57,31.35,31.29,31.57,31.57,31.56,31.49,31.47,31.66,31.94,31.89,31.89,32.09,32.43,32.18,32.28,32.45,32.28,32.6,32.48,32.82,32.7,32.85,33.29,33.29,32.95,33.29,33.2,33.2,33.19,33.44,33.2,33.46,33.37,33.69,33.41,33.46,33.36,33.32,33.61,33.62,33.69,34.1,34.08,34.18,34.1,34.1,34.16,34.26,33.78,34.04,33.93,33.69,33.62,33.36,33.32,32.94,33.1,32.45,32.62,32.03,31.72,31.49,31.02,29.84,28.48,24.39,21.5,20.73,20.17,19.77,19.73
20.02,19.95,19.8,20.21,20.46,21.1,21.84,25.49,28.66,29.29,29.67,30.16,30.13,30.36,30.38,30.7,30.98,31.52,31.66,31.77,31.83,32.14,32.28,32.73,32.95,32.95,33.02,33.46,33.78,33.93,33.93,33.88,33.99,33.74,34.1,33.71,33.54,33.24,33.36,33.37,33.41,33.32,33.24,33.1,33.15,32.99,32.95,33.07,32.95,32.94,32.87,32.65,32.85,32.62,32.51,32.7,32.73,32.62,32.4,32.4,32.26,32.23,32.09,31.89,32.26,31.83,32.14,31.91,31.86,31.94,32.03,32.14,32.26,32.09,32.18,32.09,32.26,32.14,31.81,32.2,31.94,31.86,31.86,31.86,31.61,31.66,31.81,31.52,31.52,31.61,31.44,31.27,31.15,31.4,31.4,31.64,31.61,32.01,31.49,31.98,31.98,32.36,32.28,32.45,32.09,32.26,32.48,32.6,32.78,32.73,32.68,32.95,32.87,33.2,33.02,33.36,33.36,32.95,33.27,33.1,33.41,33.2,33.37,33.19,33.69,33.37,33.44,33.32,33.27,33.57,33.83,33.69,34.3,33.74,34.08,33.99,33.96,34.04,33.91,34.04,33.71,33.83,33.29,33.24,33.1,32.99,32.62,32.48,31.81,31.57,31.29,30.7,29.56,27.05,23.06,21.05,20.64,20.17,20.09,19.77
19.92,20.05,19.95,20.32,20.32,20.58,20.98,22.02,25.72,28.48,29.24,30.09,29.96,30.38,30.46,30.78,30.92,31.56,31.74,31.89,32.23,32.57,32.73,33.37,33.46,33.41,33.41,33.69,33.83,33.86,33.69,33.83,33.69,33.49,33.46,33.49,33.37,33.52,33.32,33.2,33.12,33.2,33.15,33.07,33.04,32.78,32.82,32.78,32.6,32.65,32.62,32.28,32.53,32.31,32.53,32.28,32.2,32.28,32.4,31.91,32.28,32.35,31.91,32.06,31.72,31.77,31.74,32.01,31.89,31.98,31.86,32.28,32.23,31.77,31.94,32.11,31.98,31.98,32.01,32.01,32.11,31.83,31.61,31.66,31.86,31.66,31.56,31.4,31.57,31.4,31.32,31.35,31.2,31.39,31.39,31.32,31.61,31.89,31.57,32.11,31.81,31.72,32.09,32.28,32.14,32.11,32.4,32.23,32.09,32.51,32.68,32.51,32.94,32.7,33.07,33.02,32.87,33.27,33.24,33.12,33.02,32.94,33.12,32.77,32.87,33.12,33.19,33.07,33.61,33.44,33.83,33.41,33.71,34.01,33.88,33.96,33.99,33.66,33.78,33.88,33.88,33.44,33.49,33.12,32.78,32.87,32.31,32.09,31.69,31.64,30.92,29.89,28.98,25.05,22.09,21.05,20.31,20.05,19.99,19.95
19.77,19.87,19.87,20.12,19.77,20.32,20.58,20.9,22.24,25.52,28.34,29.44,29.87,29.93,30.26,30.5,30.65,31.07,31.56,31.98,32.4,32.51,32.85,33.29,33.36,33.54,33.71,33.62,33.52,33.52,33.54,33.54,33.36,33.61,33.29,33.57,33.29,33.1,33.12,33.12,33.04,33.27,33.07,32.87,33.07,32.65,32.57,32.78,32.78,32.6,32.57,32.48,32.6,32.48,32.31,32.23,32.09,32.06,32.28,32.23,32.01,32.11,32.03,31.98,31.89,31.81,31.83,32.01,31.98,32.03,31.57,31.69,32.06,31.81,32.01,31.89,32.03,31.89,31.89,31.91,31.74,31.91,31.77,31.69,31.44,31.49,31.61,31.61,31.56,31.32,31.47,31.27,31.32,31.24,31.29,31.39,31.35,31.56,31.49,31.64,31.72,31.77,32.03,31.98,32.11,32.35,32.03,32.28,32.26,32.28,32.48,32.48,32.68,32.51,32.95,32.73,32.94,32.85,33.12,32.85,32.94,32.78,32.95,32.82,33.15,32.77,33.19,33.15,33.04,33.19,33.19,33.12,33.44,33.61,33.61,33.71,33.91,33.96,33.66,33.88,33.79,33.37,33.37,33.36,32.85,32.43,32.36,32.14,31.66,31.12,30.36,29.67,27.37,23.37,21.38,20.71,20.21,19.9,19.9,19.65
19.58,19.8,19.55,19.99,20.02,20.02,20.42,20.71,21.01,21.94,24.36,27.25,28.87,29.77,30.08,30.08,30.61,31.32,31.49,32.28,32.65,32.7,32.87,33.12,33.44,33.24,33.62,33.46,33.37,33.32,33.27,33.62,33.61,33.44,33.29,33.19,33.29,33.29,33.19,33.2,33.12,33.04,32.85,32.65,32.73,32.62,32.35,32.62,32.35,32.43,32.23,32.14,32.35,32.35,32.31,32.11,32.06,32.45,32.14,32.14,32.14,31.98,31.98,31.77,32.01,31.64,31.74,31.72,31.72,31.66,31.98,32.03,31.72,31.81,31.77,32.01,31.61,31.94,31.77,31.94,31.61,31.74,31.83,31.74,31.77,31.64,31.64,31.4,31.2,31.4,31.49,31.56,31.27,31.27,31.35,31.39,31.24,31.12,31.27,31.52,31.27,31.94,31.98,32.06,32.09,31.83,32.09,32.11,32.01,32.14,32.06,32.2,32.48,32.43,32.43,32.73,32.95,32.94,32.94,32.82,32.94,32.78,32.7,32.65,32.6,32.6,33.12,33.12,32.9,33.1,33.07,32.99,33.61,33.62,33.52,33.78,33.86,33.79,33.88,33.88,33.57,33.69,33.57,33.15,32.99,32.85,32.03,32.03,31.35,30.9,29.77,28.28,24.33,22.17,20.58,20.21,19.95,19.95,19.95,19.68
19.55,19.87,19.87,19.99,19.68,20.31,20.12,20.61,20.21,20.86,21.43,22.91,24.71,26.46,28.14,29.2,29.93,30.18,30.45,31.19,32.23,32.62,32.78,33.32,33.29,33.24,33.19,33.32,33.37,33.32,33.2,33.32,33.07,33.27,32.95,33.2,33.1,33.27,33.1,33.36,32.87,33.02,32.87,32.7,32.77,32.68,32.65,32.4,32.31,32.36,32.11,32.18,32.31,32.14,32.23,31.94,32.26,32.36,32.14,32.06,32.14,31.74,31.89,31.57,31.57,31.44,31.66,31.52,31.52,31.91,31.77,31.91,31.89,31.64,32.03,31.72,31.83,31.98,32.09,31.86,31.89,31.98,31.69,31.81,31.57,31.61,31.56,31.61,31.66,31.4,31.47,31.32,31.24,31.39,31.29,31.2,31.29,31.32,31.44,31.24,31.66,31.69,31.77,31.74,31.77,31.94,31.91,31.94,32.18,32.2,32.2,32.14,32.18,32.26,32.53,32.28,32.6,32.85,32.51,32.77,32.73,32.68,32.73,32.77,32.7,32.87,32.85,32.73,32.99,32.65,32.94,33.02,33.37,33.12,33.44,33.19,33.61,33.61,33.83,34.08,33.79,33.78,33.36,33.27,32.85,32.45,31.91,31.66,30.63,29.93,28.43,25.4,22.54,21.08,20.64,20.17,20.14,19.9,19.77,19.58
19.52,19.7,20.12,20.05,19.9,20.09,20.31,20.05,20.39,20.73,21.01,21.35,21.94,22.09,23.45,25.22,26.53,26.88,27.67,29.89,32.11,32.68,33.02,33.2,32.99,32.99,33.24,33.46,33.27,33.24,33.49,33.15,33.32,33.02,33.32,33.29,33.1,32.95,33.12,33.1,33.07,32.78,32.87,32.78,32.6,32.51,32.35,32.31,32.18,32.11,32.28,32.09,32.28,32.53,31.86,32.35,32.43,32.14,31.81,32.18,31.94,31.72,31.74,31.66,31.91,31.69,31.72,31.4,32.11,31.61,31.81,31.83,31.83,31.89,31.69,32.09,31.91,31.83,31.91,31.98,31.86,31.77,31.81,31.72,31.44,31.57,31.74,31.47,31.61,31.66,31.44,31.64,31.19,31.03,31.19,31.1,30.98,31.24,30.98,31.24,31.35,31.57,31.56,31.81,31.83,31.94,31.83,32.11,31.98,32.11,32.28,32.23,32.35,32.28,32.45,32.36,32.65,32.57,32.9,32.48,32.57,32.57,32.62,32.68,32.73,32.78,32.62,32.68,32.6,32.65,32.82,32.85,32.7,33.2,33.02,33.24,33.15,33.66,33.36,33.36,33.54,33.83,33.54,33.12,32.57,31.86,31.4,30.83,29.61,28.16,25.13,22.63,21.2,20.73,20.83,20.14,19.52,19.9,19.77,19.73
19.77,19.95,19.68,19.92,19.73,19.92,19.92,20.05,20.21,20.36,20.31,21.1,20.83,20.91,21.6,21.84,21.95,22.93,25.33,30.5,32.09,32.53,32.51,32.7,32.73,32.85,32.99,32.95,33.2,33.27,33.15,33.2,33.1,33.07,33.2,33.24,33.15,33.15,32.95,32.73,32.7,32.82,32.85,32.51,32.57,32.7,32.43,32.23,32.2,32.14,31.86,32.31,32.26,32.53,32.06,32.01,31.94,31.94,31.74,31.94,31.83,31.89,31.94,31.72,31.66,31.64,31.61,31.2,31.47,31.47,31.72,31.47,31.86,31.83,31.47,31.86,31.91,31.94,31.83,31.98,31.94,31.77,31.98,31.64,31.52,31.57,31.72,31.49,31.61,31.39,31.64,31.35,31.49,30.98,31.03,31.1,30.78,31.15,31.19,31.12,31.15,31.29,31.4,31.47,31.49,31.72,31.72,31.91,31.89,31.74,31.83,32.11,32.26,32.14,32.14,32.01,32.4,32.4,32.35,32.2,32.62,32.28,32.48,32.51,32.45,32.45,32.35,32.45,32.7,32.53,32.57,32.43,32.65,32.9,32.87,32.9,32.94,33.1,32.95,33.57,33.12,33.07,33.2,32.31,31.15,30.36,29.35,28.04,26.06,23.84,22.27,21.2,20.68,20.31,20.24,20.14,19.9,20.05,19.9,19.7
19.43,19.58,19.87,19.9,19.87,20.05,20.02,19.8,20.02,20.21,20.32,20.54,20.86,20.95,21.01,21.16,21.75,23.08,27.71,30.98,31.61,32.14,32.6,32.53,32.68,32.62,32.53,32.95,33.12,33.04,32.95,33.24,33.04,33.12,33.1,33.24,32.87,32.82,32.78,32.94,32.73,32.65,32.53,32.43,32.31,32.28,32.18,32.06,32.35,32.03,32.01,31.98,32.01,32.01,31.77,31.77,31.74,31.81,31.89,32.28,31.77,31.74,31.39,31.35,31.66,31.66,31.29,31.66,31.4,31.39,31.56,31.56,31.57,31.72,31.83,32.06,31.69,32.01,32.01,31.94,32.11,31.89,31.72,31.83,31.64,31.91,31.91,31.49,31.74,31.61,31.44,31.44,31.32,31.24,30.98,31.07,31.03,31.12,31.07,31.29,31.15,31.2,31.39,31.44,31.47,31.47,31.64,31.69,31.69,31.86,31.89,31.91,32.03,31.77,31.98,32.03,32.2,31.98,32.35,32.35,32.28,32.26,32.18,32.2,32.45,32.48,32.51,32.6,32.62,32.45,32.2,32.4,32.45,32.7,32.68,32.62,32.78,33.02,32.9,33.02,32.82,32.94,32.82,31.39,27.99,25.79,24.93,23.82,22.29,21.6,21.1,20.76,20.39,20.14,19.95,20.05,19.58,19.68,19.43,19.62
19.8,19.68,19.3,19.55,19.73,19.8,19.92,19.77,20.05,20.42,20.31,20.71,20.42,20.58,20.71,21.1,22.06,25.28,29.93,31.24,31.89,32.14,32.31,32.36,32.6,32.78,32.62,32.87,32.68,33.04,32.78,32.99,32.99,32.94,32.85,32.85,32.82,32.99,32.65,32.68,32.95,32.68,32.48,32.45,32.28,32.51,32.11,32.14,32.18,31.89,32.11,32.03,32.06,31.83,31.69,31.69,31.83,31.94,31.91,31.74,31.74,31.61,31.56,31.56,31.32,31.07,31.29,31.44,31.66,31.69,31.64,31.89,31.72,31.91,31.74,31.81,32.03,32.03,32.14,32.09,31.89,31.89,31.81,31.77,31.64,31.61,31.91,31.52,31.56,31.27,31.47,31.12,31.2,31.2,31.2,31.1,30.92,31.02,30.78,31.24,31.27,30.92,31.15,31.44,31.44,31.56,31.39,31.72,31.77,31.52,31.56,31.89,32.06,31.89,32.11,32.03,31.86,32.23,32.36,32.28,32.01,32.14,31.98,32.14,32.18,32.2,32.2,32.2,32.23,32.48,32.36,32.36,32.36,32.43,32.53,32.87,32.87,32.73,32.53,33.02,32.87,32.48,32.31,31.02,27.12,23.67,22.32,21.8,21.47,20.91,20.71,20.36,20.46,19.87,19.9,19.99,19.95,19.8,19.62,19.25
19.7,19.99,19.52,19.7,19.7,19.99,19.9,20.09,20.17,20.36,19.95,20.12,20.21,20.51,20.95,21.27,22.76,27.92,30.55,31.1,31.47,31.83,32.14,32.2,32.26,32.43,32.48,32.77,32.7,32.94,32.99,33.04,32.73,32.65,33.02,33.02,33.02,32.77,32.57,32.36,32.31,32.51,32.35,32.35,32.36,32.31,32.2,32.14,32.14,32.14,32.14,32.26,32.06,32.06,31.83,32.01,32.09,31.57,31.77,31.69,31.64,31.89,31.57,31.12,31.57,31.39,31.64,31.39,31.32,31.77,31.44,31.52,31.81,31.81,31.64,31.86,31.83,32.01,31.98,32.03,32.01,32.03,31.86,31.64,31.66,31.47,31.4,31.56,31.56,31.47,31.12,31.02,31.12,31.12,31.1,31.27,31.03,30.92,31.19,30.83,31.1,31.12,31.27,31.32,31.24,31.2,31.77,31.52,31.72,31.57,31.74,31.94,31.57,31.98,31.91,32.01,32.03,32.03,31.89,31.89,32.09,32.09,31.89,31.91,31.98,32.11,32.18,32.06,32.45,32.43,32.03,32.43,32.36,32.06,31.86,32.26,32.4,32.53,32.45,32.36,32.51,32.26,32.4,31.39,28.55,24.06,22.29,21.28,20.79,20.64,20.42,20.17,20.17,20.24,20.12,19.58,19.65,19.65,19.58,19.58
19.9,19.55,19.62,19.68,19.52,19.9,19.92,19.65,19.73,20.14,20.31,20.32,20.36,20.42,20.79,21.43,24.59,29.2,30.66,31.12,31.69,31.56,31.91,32.06,32.03,32.36,32.35,32.45,32.82,32.73,32.77,32.99,32.87,32.68,32.65,32.68,32.87,32.4,32.31,32.28,32.4,32.09,32.4,32.09,32.06,32.09,32.06,32.2,31.89,31.91,31.98,31.91,32.11,31.66,32.06,31.81,31.64,31.4,31.69,31.39,31.56,31.47,31.66,31.49,31.66,31.83,31.57,31.49,31.44,31.66,31.49,31.52,31.89,31.74,31.69,31.72,31.89,31.94,31.83,31.94,32.03,31.86,31.86,32.03,31.52,31.52,31.72,31.66,31.57,31.47,31.19,31.02,31.2,31.02,30.92,30.95,30.9,31.02,30.82,31.02,31.02,31.07,31.19,30.98,31.47,31.4,31.57,31.57,31.39,31.57,31.72,31.56,31.77,31.83,31.89,31.81,31.89,32.03,32.14,32.14,31.86,32.11,31.81,32.09,32.09,32.03,32.06,32.26,32.14,32.2,32.18,32.06,32.11,32.01,32.31,31.98,32.4,32.45,32.36,32.51,32.35,32.26,31.89,31.72,29.27,25.49,22.21,21.35,20.73,20.64,20.31,20.36,20.09,20.14,19.7,19.84,19.62,19.48,19.58,19.68
19.65,19.65,19.9,19.7,19.65,19.87,19.68,19.77,20.09,20.05,20.09,20.49,20.31,20.54,21.08,21.99,26.46,29.44,30.66,30.98,31.39,31.57,31.4,32.09,31.94,32.18,32.28,32.36,32.53,32.73,32.73,32.68,32.68,32.7,32.6,32.7,32.43,32.6,32.23,32.26,32.03,32.11,32.09,32.03,31.94,31.98,31.72,32.03,31.74,32.11,31.98,31.81,31.83,31.77,31.77,31.72,31.49,31.35,31.74,31.49,31.57,31.39,31.47,31.47,31.64,31.47,31.77,31.61,31.61,31.47,31.66,31.66,31.89,31.81,31.47,31.47,31.86,31.77,31.64,31.77,31.83,31.86,31.86,31.86,31.74,31.52,31.49,31.56,31.49,31.24,31.27,31.4,31.2,31.07,30.9,30.9,30.75,30.95,30.95,30.83,31.12,31.32,31.35,30.98,31.44,31.57,31.52,31.39,31.69,31.56,31.74,31.86,31.66,31.74,31.81,32.18,31.94,32.14,32.43,32.09,31.86,31.89,32.11,31.81,31.89,32.03,32.09,32.2,32.09,32.09,32.36,32.28,32.28,32.2,32.18,32.06,32.01,32.35,31.98,32.28,32.11,32.01,31.94,31.32,30.61,27.49,23.18,21.65,20.83,20.36,20.39,20.32,19.99,19.99,19.92,19.92,19.95,19.65,19.7,19.73
19.73,19.92,19.9,19.84,19.62,19.77,19.87,19.99,19.99,20.02,20.12,20.31,20.39,20.51,21.57,23.11,28.02,29.77,30.41,31.24,31.27,31.52,31.61,31.89,32.11,32.09,32.14,32.35,32.26,32.57,32.26,32.73,32.6,32.62,32.43,32.35,32.43,32.06,31.77,32.06,31.89,32.28,31.86,31.98,31.89,31.74,31.94,31.66,31.77,31.64,32.09,31.89,31.69,31.77,31.47,31.57,31.83,31.35,31.69,31.4,31.49,31.56,31.4,31.52,31.27,31.32,31.47,31.49,31.57,31.57,31.61,31.64,31.66,31.72,31.57,31.57,31.52,31.94,31.77,31.74,32.01,32.03,31.57,31.52,31.64,31.69,31.52,31.4,31.57,31.07,31.15,31.39,31.32,30.98,30.78,31.02,31.02,31.07,31.03,30.9,31.03,31.07,31.03,31.24,31.15,31.24,31.4,31.44,31.81,31.61,31.57,31.86,31.64,31.61,31.81,31.72,31.94,32.4,32.06,32.01,31.98,32.23,31.74,32.01,31.98,31.91,32.09,32.03,32.09,32.28,32.03,31.98,31.86,31.74,31.69,31.72,31.86,31.83,32.2,32.4,31.91,32.18,31.77,31.56,30.78,29.0,24.71,22.12,20.95,20.73,20.24,20.24,20.05,19.92,19.7,19.8,19.65,19.58,19.84,19.9
19.33,19.62,19.77,19.55,19.99,19.4,19.4,19.87,20.24,20.32,20.32,20.27,20.36,20.64,21.84,24.9,28.48,30.13,30.82,30.92,31.07,31.35,31.49,31.69,31.56,31.91,32.14,32.26,32.4,32.28,32.45,32.48,32.26,32.09,32.4,32.03,31.91,32.26,31.91,31.74,31.98,32.06,31.69,31.69,31.52,31.81,31.49,31.4,31.61,31.81,31.86,31.49,31.83,31.49,31.44,31.35,31.52,31.44,31.27,31.61,31.2,31.47,31.35,31.64,31.72,31.29,31.61,31.44,31.69,31.77,31.57,31.61,31.47,31.49,31.64,31.69,31.74,31.61,31.64,31.74,31.69,31.47,31.74,31.64,31.39,31.61,31.47,31.39,31.24,31.44,31.12,31.15,31.19,30.87,30.87,30.9,31.15,31.07,30.9,30.78,30.98,31.27,31.03,31.29,31.35,31.2,31.27,31.89,31.47,31.64,31.91,31.77,31.72,31.61,32.03,31.91,32.14,32.28,32.18,32.03,32.01,31.72,31.94,31.74,31.94,31.44,32.03,31.86,32.06,32.09,31.98,32.01,31.72,31.77,31.47,31.77,32.03,31.89,31.77,31.74,31.98,31.66,31.61,31.52,31.03,29.72,26.61,22.43,21.32,20.58,20.42,20.14,20.31,20.12,19.7,19.73,19.73,19.62,19.65,19.73
19.87,19.48,19.68,19.84,19.8,19.92,19.52,20.02,20.12,19.99,20.14,20.24,20.61,21.1,21.87,26.14,29.24,30.26,30.65,31.02,31.1,31.24,31.1,31.52,31.86,32.06,32.18,32.31,32.35,32.31,32.09,32.2,32.18,32.03,31.98,31.83,32.03,32.06,32.01,31.86,31.89,31.77,31.56,31.74,31.69,31.49,31.4,31.81,31.77,31.56,31.89,31.35,31.29,31.47,31.32,31.2,31.32,31.27,31.61,31.27,31.61,31.44,31.29,31.32,31.49,31.57,31.52,31.32,31.47,31.83,31.29,31.94,31.39,31.61,31.35,31.66,31.66,31.39,31.47,31.57,31.61,31.49,31.39,31.39,31.27,31.47,31.83,31.35,31.32,31.19,31.27,31.4,30.78,30.78,31.03,30.95,31.19,30.75,31.15,31.03,30.87,31.03,31.29,31.12,31.1,31.2,31.56,31.44,31.47,31.77,31.83,31.74,32.01,31.83,31.86,31.94,31.98,32.28,31.91,32.06,32.18,31.74,31.94,31.74,31.66,31.49,31.74,31.91,31.77,32.01,31.91,32.03,32.03,31.69,31.35,31.49,31.52,31.49,31.64,31.69,31.77,31.74,31.57,31.52,30.98,30.21,27.47,23.48,21.35,20.64,20.24,20.24,19.95,20.05,20.12,19.84,19.92,19.58,19.92,19.52
19.8,19.77,19.68,19.9,19.7,19.9,19.7,19.77,20.12,20.05,19.92,20.64,20.54,20.68,22.51,27.67,29.56,30.13,30.58,30.78,30.98,31.03,31.02,31.1,31.52,31.91,32.18,32.28,32.03,32.28,31.81,32.28,32.09,31.69,31.94,31.98,31.49,31.57,31.69,31.89,31.69,31.83,31.72,31.61,31.44,31.49,31.56,31.44,31.61,31.27,31.29,31.27,31.35,31.52,31.15,31.07,31.24,31.44,31.61,31.39,31.66,31.29,31.27,31.57,31.4,31.4,31.39,31.49,31.49,31.64,31.35,31.4,31.29,31.35,31.12,31.4,31.15,31.4,31.47,31.49,31.74,31.29,31.4,31.52,31.57,31.35,31.47,31.29,31.39,31.2,31.32,30.9,30.9,31.07,31.02,31.02,31.03,31.15,30.95,31.12,31.15,31.39,31.29,31.44,31.2,31.24,31.39,31.61,31.52,31.69,31.66,32.18,31.56,31.89,31.89,32.01,32.03,31.94,31.83,31.72,31.49,31.66,31.74,31.72,31.49,31.77,31.81,31.86,31.77,32.09,31.74,31.74,31.89,31.77,31.47,31.52,31.52,31.32,31.32,31.64,31.47,31.61,31.64,31.2,31.2,30.73,28.55,24.53,21.69,20.73,20.49,20.46,20.09,20.12,19.92,20.12,19.7,19.92,20.02,19.9
19.73,19.43,19.55,19.9,19.52,19.73,19.73,20.05,20.14,20.31,20.54,20.54,20.58,21.65,24.24,28.55,29.77,30.55,30.58,30.9,30.82,30.73,31.1,31.61,31.39,31.64,31.86,31.91,32.01,32.14,31.83,31.91,31.94,31.49,31.52,31.89,31.61,31.86,31.69,31.64,31.69,31.81,31.66,31.44,31.39,31.4,31.39,31.49,31.19,31.24,31.29,31.19,31.12,31.07,31.29,31.52,31.52,31.29,31.27,31.24,31.4,31.49,31.49,31.39,31.19,31.27,31.1,31.69,31.64,31.64,31.44,31.89,31.19,31.39,31.03,31.27,31.24,31.1,31.24,31.47,31.32,31.64,31.61,31.49,31.29,31.64,31.61,31.35,31.27,31.24,31.39,31.1,31.12,31.15,30.73,31.1,31.02,30.98,31.12,30.83,31.12,31.32,31.39,31.29,31.27,31.52,31.4,31.61,31.72,31.66,31.94,31.98,31.81,31.91,32.2,32.18,32.01,31.81,31.94,31.56,31.64,32.01,31.72,31.66,31.72,31.91,31.64,31.66,31.74,31.83,31.94,31.66,31.64,31.47,31.52,31.24,31.35,31.39,31.35,31.49,31.39,31.27,31.77,31.66,31.1,30.5,29.27,25.55,22.12,20.9,20.51,20.32,20.58,20.21,19.95,20.05,19.73,19.62,19.55,20.05
