29.39,29.72,29.96,30.13,29.69,29.98,29.98,30.19,30.46,30.5,30.36,30.41,30.5,30.66,30.82,30.98,30.45,30.78,30.98,30.87,31.1,31.07,30.98,31.2,31.07,30.98,31.07,31.27,31.4,31.29,31.47,31.89,31.74,32.03,32.28,32.35,32.51,32.2,32.09,32.4,32.51,32.26,32.11,32.06,31.89,31.83,31.64,30.98,30.7,30.04,28.98,26.81,24.56,23.37,22.88,22.81,22.69,22.69,22.88,22.63,23.27,24.39,28.92,31.39,31.49,32.06,31.94,31.91,32.18,31.72,31.91,31.94,31.91,31.77,31.44,31.4,30.9,31.15,30.92,31.1,30.66,30.75,30.5,30.65,30.46,30.65,30.29,30.55,30.58,30.7,30.9,31.12,31.03,31.32,31.32,31.39,31.57,31.44,32.06,32.14,32.09,31.94,31.39,31.47,29.49,24.36,22.93,22.69,22.27,22.27,21.99,21.99,22.48,21.95,22.32,22.29,22.39,22.02,22.09,22.21,22.21,22.88,23.15,25.44,27.87,29.56,29.81,30.38,30.53,30.78,30.7,30.83,30.82,30.87,30.66,30.66,30.73,30.83,30.87,30.58,30.7,30.38,30.46,30.5,30.33,30.5,30.55,30.73,30.66,31.02,30.7,30.92,30.95,30.82,31.19,31.24,31.27,30.87,31.19,31.1
29.35,29.59,29.69,29.59,29.72,29.89,29.98,29.87,30.36,30.18,30.26,30.82,30.38,30.87,30.87,30.75,31.1,31.02,30.95,30.98,31.02,31.07,31.07,31.2,31.02,30.95,31.19,31.35,31.49,31.56,31.72,31.86,32.2,32.45,32.48,32.51,32.18,32.09,32.18,32.6,32.6,32.35,32.2,32.11,31.89,31.83,31.64,31.39,31.03,30.61,30.65,29.4,28.48,25.22,23.22,22.61,22.61,22.78,22.78,22.73,23.15,24.21,27.91,31.27,31.94,31.98,32.18,31.89,31.89,31.66,32.11,31.77,31.69,31.32,31.24,31.39,30.92,31.07,30.9,30.75,30.65,30.82,30.53,30.36,30.33,30.58,30.58,30.29,30.75,30.55,30.87,30.92,31.1,31.56,31.74,31.47,31.83,31.94,32.28,32.18,32.09,32.09,31.56,31.29,30.41,24.86,23.15,22.58,22.32,22.32,22.17,22.24,22.06,22.21,22.36,22.17,22.17,22.14,22.48,22.76,23.15,24.11,26.44,28.51,29.72,30.21,30.45,30.73,30.73,30.53,30.83,30.92,30.73,31.12,30.9,30.82,30.83,31.07,30.98,30.66,30.55,30.41,30.66,30.61,30.36,30.41,30.75,30.55,30.73,30.73,31.1,30.98,30.82,30.82,31.1,31.27,31.03,31.1,31.2,31.03
29.32,29.47,29.98,29.89,29.72,29.87,30.21,30.09,30.38,30.01,30.36,30.5,30.65,30.9,30.78,30.9,30.83,30.65,30.95,30.98,31.03,30.92,30.92,31.15,31.29,31.12,31.24,31.12,31.77,31.98,31.83,32.31,32.43,32.36,32.4,32.65,32.35,32.09,32.4,32.43,32.28,32.28,32.45,32.28,32.31,32.2,32.18,31.81,31.57,31.47,30.87,30.41,29.64,28.43,25.67,23.38,22.91,23.22,22.88,22.93,23.57,25.22,29.2,31.74,32.23,32.18,32.28,32.23,32.23,32.09,31.98,31.83,31.69,31.56,31.4,31.03,31.03,31.24,30.75,30.82,30.61,30.61,30.5,30.65,30.36,30.36,30.55,30.61,30.58,30.87,30.95,31.1,31.24,32.01,32.03,32.45,32.31,32.51,32.31,32.35,32.11,31.72,31.74,31.35,31.02,26.68,23.37,22.81,22.46,22.51,22.32,22.39,22.14,22.32,22.39,22.69,22.46,22.66,23.57,24.39,26.29,28.14,29.27,29.98,30.26,30.66,30.66,30.83,30.92,30.75,31.02,30.75,31.03,31.07,31.1,30.92,30.83,31.12,31.02,30.9,30.61,30.75,30.66,30.66,30.61,30.82,30.66,30.78,30.98,31.02,30.82,31.35,31.2,30.78,30.92,31.27,31.39,31.12,30.9,31.02
29.29,29.27,29.67,29.77,29.67,29.98,29.87,30.09,30.16,30.26,30.29,30.45,30.36,30.83,30.61,30.65,30.87,31.02,31.1,30.87,31.15,30.98,31.02,30.95,31.44,31.12,31.24,31.66,31.66,32.14,32.18,32.4,32.28,32.82,32.45,32.4,32.35,32.43,32.51,32.23,32.03,32.14,32.26,32.31,32.11,32.01,32.06,31.91,31.72,31.52,31.44,31.1,30.65,29.93,28.36,25.01,23.18,23.23,23.27,24.36,26.88,29.47,31.07,31.81,32.18,32.51,32.48,32.35,32.26,32.14,31.94,32.11,32.01,31.69,31.66,31.39,31.02,30.98,30.66,30.53,30.55,30.82,30.26,30.55,30.73,30.53,30.65,30.66,30.7,30.83,30.98,31.4,32.01,32.28,32.31,32.43,32.45,32.14,32.31,32.11,31.86,31.66,31.72,31.77,31.12,28.75,24.17,23.15,22.76,22.21,22.63,22.58,22.24,22.32,22.27,22.29,23.3,24.44,26.93,28.46,29.19,29.56,30.36,30.53,30.78,30.66,31.02,30.95,31.15,30.83,31.02,30.9,31.1,30.92,31.4,31.24,31.19,31.47,31.61,31.2,30.9,30.87,30.95,30.83,30.78,30.82,31.24,30.58,31.03,31.12,30.78,31.19,31.02,31.19,31.19,31.24,31.27,31.19,31.02,31.1
29.24,29.29,29.84,29.76,29.93,29.89,29.98,29.93,29.89,30.18,30.45,30.45,30.55,30.66,30.82,30.83,30.61,30.95,31.02,30.9,30.66,31.03,30.95,31.07,31.32,31.19,31.44,31.81,32.06,32.11,32.4,32.43,32.73,32.6,32.48,32.18,32.4,32.18,32.4,32.18,32.09,32.23,32.26,32.6,32.48,32.28,32.35,32.2,32.06,32.23,31.66,31.27,31.1,31.12,29.61,28.08,24.75,23.82,24.8,27.71,29.69,31.1,31.72,32.28,32.6,32.26,32.65,32.51,32.48,32.35,32.09,32.2,31.86,32.01,31.83,31.39,31.27,31.19,30.66,30.87,30.65,30.65,30.38,30.75,30.9,30.66,30.55,30.78,30.95,30.98,31.47,31.89,32.26,32.53,32.53,32.31,32.09,32.36,32.06,31.91,32.06,32.11,32.28,32.23,31.64,30.7,27.02,24.02,22.76,22.69,22.69,22.61,22.24,22.43,23.03,24.09,26.38,28.31,29.27,29.89,30.16,30.46,30.66,30.78,30.95,30.83,31.02,30.98,30.98,30.87,30.92,31.1,31.39,31.02,31.24,31.47,31.24,31.49,31.57,31.2,31.27,30.98,30.98,30.98,31.03,31.03,31.19,31.03,31.1,30.98,31.24,31.07,30.87,31.03,31.07,31.03,31.15,31.2,31.27,31.32
29.29,29.19,29.47,29.81,29.72,29.93,30.09,29.96,30.29,30.33,30.21,30.78,30.41,30.82,30.92,30.95,31.03,30.95,31.03,31.03,31.07,30.98,31.02,31.24,31.2,31.39,31.89,31.61,32.31,32.57,32.62,32.57,32.62,32.68,32.68,32.51,32.43,32.4,32.48,32.26,32.14,32.35,32.18,32.6,32.43,32.43,32.18,32.01,31.91,31.89,31.83,31.74,31.86,31.29,30.66,30.04,27.71,26.11,28.68,30.18,31.02,31.52,31.98,32.6,32.7,32.73,32.31,32.51,32.78,32.62,32.78,32.45,32.31,32.23,31.89,31.91,31.39,30.98,31.07,31.02,30.61,30.83,30.75,31.19,31.03,31.12,31.03,31.1,31.12,31.4,31.83,32.36,32.53,32.62,32.62,32.31,32.11,31.94,31.98,32.11,32.09,32.26,32.43,32.45,31.98,31.47,30.7,27.05,24.21,23.06,22.66,23.22,22.76,22.91,24.41,26.88,28.92,29.47,30.09,30.5,30.82,30.75,30.87,30.87,30.95,31.02,31.02,30.73,31.07,30.82,31.2,31.03,31.07,31.4,31.61,31.52,31.64,31.89,31.49,31.52,31.35,31.32,31.49,31.15,31.27,31.12,31.27,31.2,31.07,31.2,30.66,31.19,31.02,31.02,31.19,31.61,31.29,31.12,31.19,31.03
29.0,29.15,29.56,29.59,29.72,29.84,29.81,30.08,30.09,30.18,30.26,30.33,30.75,30.55,30.82,30.73,31.03,31.03,31.15,30.92,31.07,31.03,31.49,31.56,31.49,31.57,31.61,32.11,32.7,32.51,32.82,32.51,32.73,32.68,32.6,32.31,32.31,32.35,32.4,32.11,31.91,32.18,32.43,32.28,32.11,32.31,32.43,32.23,32.23,32.09,32.03,32.03,31.74,31.77,31.4,31.1,30.46,29.84,30.45,31.24,31.44,31.74,32.14,32.31,32.48,32.7,32.51,32.4,32.51,32.7,32.73,32.78,32.51,32.31,32.11,31.61,31.69,31.49,31.12,31.12,30.73,31.07,31.29,31.19,31.24,31.61,31.24,31.52,31.4,31.91,32.2,32.36,32.6,32.6,32.4,32.35,32.18,32.18,31.86,32.09,32.35,32.35,32.53,32.94,32.36,32.14,31.64,30.01,27.91,25.44,23.48,23.3,23.27,24.75,27.23,28.95,29.72,30.26,30.73,30.65,31.19,31.19,31.02,31.03,31.15,31.19,30.95,30.95,31.1,31.03,30.9,31.24,31.1,31.12,31.44,31.91,31.56,31.69,31.72,31.83,31.72,31.52,31.64,31.24,31.32,31.27,31.03,30.95,31.12,30.98,31.12,31.15,31.19,31.24,31.03,30.95,31.57,31.32,31.12,31.12
29.07,29.15,29.39,29.87,29.67,29.87,29.81,30.08,30.16,30.04,30.36,30.61,30.24,30.5,30.82,30.78,31.24,31.02,31.12,31.4,31.07,31.02,31.49,31.72,31.66,32.06,31.89,32.35,32.45,32.85,32.85,32.65,32.7,32.43,32.65,32.35,32.36,32.45,32.26,31.98,32.09,31.81,32.11,32.03,32.35,32.48,32.57,32.43,32.31,31.83,32.2,32.01,31.81,31.86,31.74,31.86,31.29,31.07,31.12,31.66,32.11,32.18,32.06,32.51,32.95,32.99,32.85,32.6,32.77,32.6,32.99,32.85,33.1,32.85,32.51,32.31,31.94,31.72,31.49,31.47,31.12,31.32,31.57,31.72,31.74,31.98,31.91,31.91,32.2,32.45,32.51,32.11,32.26,32.57,32.57,32.28,32.26,32.01,32.23,32.2,32.73,32.51,32.73,32.82,32.36,32.23,31.83,31.27,30.55,29.12,26.93,24.63,25.22,27.84,29.15,30.18,30.7,30.75,31.03,31.39,31.15,31.24,31.12,31.1,31.32,31.2,30.92,31.2,30.92,30.95,30.98,31.1,31.12,31.61,31.49,31.69,31.72,31.89,31.94,32.01,32.06,31.89,31.57,31.4,31.44,31.39,31.52,31.35,31.24,31.29,31.47,31.61,31.15,31.15,31.2,31.44,31.12,30.9,31.07,31.19
28.87,28.98,29.49,29.29,29.69,29.67,30.01,29.98,30.21,30.33,30.36,30.61,30.36,30.26,30.73,30.78,30.83,31.49,31.27,31.12,31.35,31.49,31.57,31.52,32.11,32.01,32.18,32.73,32.87,32.99,32.78,32.85,32.65,32.45,32.18,32.23,32.09,32.03,32.35,31.77,31.89,31.89,31.81,32.35,32.18,32.09,32.31,32.14,32.28,31.98,32.03,32.01,32.26,32.14,31.69,31.57,31.61,31.49,31.86,32.01,32.14,32.31,32.09,32.35,32.36,32.77,33.07,32.77,32.87,32.23,32.62,32.57,32.78,32.7,32.6,32.65,32.23,31.61,31.89,31.47,31.69,31.94,31.86,32.03,31.91,32.11,32.06,32.35,32.18,32.09,32.48,32.35,32.18,32.31,32.11,32.11,32.23,32.2,32.31,32.51,32.7,32.9,32.82,32.82,32.82,32.26,32.14,31.49,31.4,30.65,29.93,28.23,28.43,29.69,30.36,30.61,30.87,31.1,31.4,31.47,31.24,31.27,31.24,30.92,31.07,31.1,31.15,31.07,31.1,30.75,30.83,31.19,31.02,31.24,31.69,31.83,31.91,32.2,32.31,32.36,32.23,32.09,32.23,31.66,31.64,31.49,31.39,31.56,31.61,31.44,30.9,31.35,31.02,31.07,30.98,31.12,31.56,31.19,31.07,30.83
29.03,29.12,29.56,29.44,29.39,29.81,29.98,29.96,30.08,30.09,30.41,30.53,30.65,30.75,30.95,30.9,30.75,31.15,31.2,31.15,31.56,31.32,31.44,31.66,32.03,32.35,32.23,32.7,32.7,32.99,32.7,32.45,32.68,32.36,32.18,32.18,32.01,32.35,32.2,31.77,32.01,31.89,31.83,32.01,32.2,32.18,32.01,31.86,32.14,31.91,31.72,32.03,32.14,31.98,32.09,32.03,32.14,32.14,31.94,32.2,32.06,32.09,32.26,32.43,32.65,32.48,32.77,32.73,32.82,32.73,32.45,32.77,32.28,32.68,32.73,32.53,32.4,32.31,32.18,32.11,32.09,31.91,32.4,32.51,32.57,32.82,32.7,32.01,32.2,31.94,32.09,32.18,32.09,32.26,31.98,31.94,32.09,32.2,32.2,32.85,32.7,32.7,32.77,32.7,32.48,32.36,32.2,32.01,31.69,31.56,30.98,30.13,30.45,30.83,31.07,31.07,31.19,31.72,31.81,31.39,31.56,31.12,31.07,31.07,30.9,31.03,31.03,31.03,30.9,31.07,30.9,31.24,31.1,31.07,31.57,31.77,31.91,32.18,32.28,32.35,32.4,32.43,32.14,32.03,31.86,31.61,31.64,31.39,31.27,31.19,31.27,31.2,31.27,31.29,31.29,31.47,31.1,31.15,31.02,30.95
28.8,28.83,29.19,28.95,29.52,29.39,29.98,30.13,30.09,29.81,30.45,30.55,30.66,30.78,30.9,30.83,31.03,31.27,31.4,31.24,31.35,31.61,31.32,31.86,32.35,32.4,32.53,32.82,32.68,32.57,32.9,32.26,32.26,32.48,32.4,32.14,31.94,32.36,32.23,32.03,31.89,31.64,32.01,31.57,31.52,31.91,32.01,31.89,32.03,32.03,32.11,32.11,32.28,32.23,32.14,32.01,32.43,32.11,32.09,32.18,32.28,32.28,32.4,32.48,32.48,32.53,32.62,32.82,33.15,32.45,32.23,32.43,32.51,32.18,32.03,32.2,32.31,32.28,32.18,32.18,32.23,32.6,32.73,32.7,32.65,32.77,32.6,32.43,32.01,32.01,31.83,32.01,31.94,31.91,32.2,32.03,31.98,32.23,32.6,32.62,32.85,32.6,32.87,32.78,32.4,32.35,32.31,32.4,32.28,31.98,31.52,31.27,31.47,31.29,31.64,31.69,31.77,31.72,31.69,31.83,31.57,31.32,31.29,30.95,31.02,31.1,31.19,31.32,31.02,30.92,31.27,31.19,30.98,31.12,31.49,31.57,31.98,31.94,32.28,32.6,32.73,32.6,32.51,32.09,32.01,31.83,31.74,31.72,31.35,31.56,31.52,31.4,31.29,31.35,31.15,31.15,31.56,31.2,31.15,31.2
28.36,29.07,29.15,29.44,29.44,29.44,29.89,30.08,30.21,30.18,30.41,30.66,30.46,30.75,30.83,30.78,30.82,31.29,31.15,31.39,31.39,31.39,31.66,31.98,32.06,32.73,32.51,32.65,32.87,32.35,32.4,32.26,32.28,32.35,32.18,31.69,31.86,31.86,32.09,31.83,31.72,32.03,31.57,31.64,31.72,31.91,31.66,32.06,32.26,31.89,32.14,32.2,32.06,32.23,31.98,32.11,32.35,32.23,32.48,32.51,32.26,32.45,32.57,32.51,32.4,32.35,32.36,32.51,32.87,32.62,32.4,32.45,32.18,31.81,31.83,31.61,32.01,32.11,31.91,32.01,31.94,32.26,32.23,32.48,32.7,32.82,32.36,32.48,31.72,31.66,31.52,31.61,31.77,32.14,32.2,31.91,32.26,32.06,32.43,32.48,32.68,32.65,32.7,32.53,32.36,32.31,32.53,32.36,32.45,32.35,32.09,31.98,31.66,32.03,31.74,31.57,31.81,31.74,31.69,31.52,31.2,31.03,31.29,30.92,31.39,31.35,31.2,31.03,31.29,31.27,31.03,31.12,31.19,31.07,31.24,31.57,31.77,31.74,32.53,32.48,32.68,32.82,32.6,32.45,32.26,31.89,31.83,31.86,31.91,31.64,31.56,31.4,31.69,31.57,31.29,31.35,31.19,31.15,31.32,30.9
28.14,28.83,28.71,29.27,29.39,29.44,29.59,29.56,29.89,29.67,30.33,30.66,30.9,30.75,30.78,30.95,31.02,31.2,31.19,31.15,31.2,31.07,31.64,31.98,32.2,32.4,32.57,32.82,32.73,32.26,32.43,32.11,31.98,32.2,31.94,31.91,31.77,31.89,32.01,31.89,31.57,31.69,31.07,31.52,31.56,31.35,31.47,31.74,31.89,31.91,31.77,31.89,32.03,32.18,32.03,32.36,32.14,32.18,31.91,32.26,32.2,32.48,32.31,32.4,32.35,32.43,32.36,32.45,32.62,32.51,32.23,32.28,32.03,31.89,31.4,31.61,31.44,31.39,31.49,31.64,32.01,31.83,31.91,32.31,32.43,32.2,31.94,31.94,31.66,31.39,31.32,31.4,31.32,31.81,31.64,32.01,32.28,31.98,32.48,32.4,32.62,32.65,32.73,32.57,32.45,32.36,32.53,32.57,32.4,32.31,32.11,32.11,31.91,31.56,31.81,31.61,31.77,31.52,31.86,31.72,31.39,31.29,31.32,31.29,30.98,31.15,31.15,31.29,31.2,31.52,31.29,31.39,31.35,31.07,30.92,31.2,31.47,31.94,32.31,32.51,32.65,33.15,33.02,32.43,32.53,32.31,31.98,31.98,31.91,31.72,31.94,31.44,31.47,31.27,31.19,31.1,31.07,31.03,31.12,30.98
28.31,28.71,28.95,29.0,29.24,29.35,29.76,29.61,30.04,30.09,30.21,30.5,30.66,30.55,30.98,30.75,31.19,31.4,31.64,31.29,31.2,31.64,31.89,32.43,32.43,32.57,32.53,32.43,32.48,32.35,32.23,32.2,32.28,32.18,31.94,31.91,31.72,31.89,31.72,32.2,31.39,31.47,31.29,31.35,31.57,31.56,31.64,31.83,32.06,31.94,31.81,31.72,31.94,32.23,32.11,32.18,32.28,32.43,32.36,32.4,32.4,32.31,32.57,32.51,32.28,32.36,32.26,32.18,32.35,32.43,32.28,32.11,32.4,31.89,31.39,31.35,31.2,31.03,31.02,31.35,31.74,31.77,31.98,32.01,31.81,31.77,31.83,31.52,31.24,31.27,31.69,31.12,31.47,31.61,31.89,31.56,32.01,32.18,32.26,32.53,32.6,32.53,32.68,32.77,32.51,32.65,32.48,32.36,32.28,32.2,32.18,32.14,31.66,31.86,31.94,32.03,31.81,31.81,31.64,31.64,31.35,31.35,31.49,31.35,31.07,31.32,31.27,31.64,31.66,31.49,31.19,31.15,31.32,31.1,31.27,31.12,31.66,31.91,32.09,32.53,32.87,32.85,32.85,32.9,32.62,32.31,32.09,32.09,31.77,31.98,31.77,31.35,31.44,31.39,31.4,31.32,31.15,30.87,31.24,30.92
28.28,28.39,29.29,29.03,28.88,29.44,29.52,29.67,30.08,30.13,30.18,30.55,30.73,30.7,30.83,30.7,31.29,30.92,31.19,31.32,31.49,31.32,32.09,32.18,32.53,32.68,32.4,32.53,32.62,32.43,32.23,32.14,31.86,31.72,32.14,31.66,31.86,31.47,31.89,32.23,31.83,31.49,31.29,31.35,31.27,31.56,31.47,31.66,31.56,31.91,31.61,31.86,31.81,32.18,31.98,32.2,31.94,32.31,32.26,32.51,32.26,32.14,32.31,32.36,32.23,32.53,32.31,32.26,32.36,31.91,32.18,32.2,32.01,31.94,31.29,30.87,30.7,30.75,30.92,31.03,31.15,30.95,31.39,31.39,31.4,31.57,31.12,31.24,31.03,30.9,31.15,31.47,31.44,31.72,31.44,31.81,31.89,31.89,32.26,32.53,32.45,32.6,32.51,32.51,32.45,32.53,32.77,32.48,32.14,32.23,32.01,32.09,31.66,31.66,31.74,31.44,31.69,31.81,31.91,31.66,31.56,31.66,31.49,31.69,31.2,31.56,31.49,31.49,31.52,31.32,31.27,31.57,31.15,31.29,31.15,31.19,31.49,31.74,32.18,32.4,32.62,32.7,33.12,32.99,32.65,32.53,32.36,32.11,32.31,31.81,31.72,31.89,31.35,31.15,31.24,31.35,31.27,31.02,30.92,30.92
27.79,28.48,28.75,28.76,29.0,29.35,29.4,29.67,29.84,29.76,29.96,30.29,30.58,30.87,30.73,30.83,31.03,31.12,31.29,31.24,31.57,31.61,31.81,32.4,32.73,32.77,32.4,32.36,32.09,32.03,31.94,31.98,32.26,31.89,31.91,31.4,31.35,31.4,31.69,31.49,31.35,31.2,31.4,31.4,31.2,31.24,31.52,31.44,31.81,31.91,31.56,31.86,31.86,31.61,31.83,32.11,32.2,31.74,31.94,32.31,32.4,32.28,32.31,32.14,32.31,32.28,32.2,31.91,32.01,32.01,32.03,32.03,31.89,31.74,31.35,31.15,30.83,30.73,30.83,30.55,30.83,30.7,30.78,31.12,30.9,30.75,30.75,30.78,30.87,31.02,30.95,31.03,31.15,31.39,31.52,31.57,31.91,31.98,31.86,32.65,32.43,32.87,32.65,32.7,32.77,32.18,32.4,32.53,32.03,31.91,31.69,31.74,31.66,31.49,31.64,31.52,31.19,31.69,31.56,31.52,31.69,31.52,31.69,31.56,31.74,31.56,31.57,31.39,31.66,31.44,31.2,31.47,31.27,30.9,31.07,31.24,31.35,31.35,32.14,32.03,32.48,32.73,32.99,33.24,32.82,32.73,32.57,32.14,32.14,31.61,31.77,31.77,31.72,31.44,31.35,31.39,31.29,30.92,31.19,30.53
27.55,27.79,28.6,28.87,28.87,29.2,29.67,29.67,29.69,30.01,30.21,30.26,30.5,30.75,30.87,31.1,31.2,31.35,31.57,31.35,31.47,31.89,32.11,32.18,32.6,32.51,32.53,32.18,32.26,32.23,31.94,32.03,31.98,31.66,31.91,31.64,31.89,31.66,31.47,31.83,31.39,31.49,31.39,31.32,31.47,31.4,31.57,31.61,31.39,31.77,31.52,31.77,32.11,31.94,32.14,32.03,32.11,31.86,32.11,32.11,32.26,31.98,32.14,32.2,32.28,32.43,32.28,32.01,32.11,32.01,32.06,32.01,31.94,31.83,31.57,31.32,30.87,30.9,30.73,30.53,30.65,30.45,30.75,30.46,30.38,30.33,30.41,30.46,30.58,30.61,31.1,31.07,31.27,31.07,31.74,31.72,32.03,32.23,32.26,32.35,32.65,32.85,32.77,32.65,32.28,32.48,32.2,32.18,32.09,31.74,31.86,31.49,31.74,31.47,31.52,31.15,31.61,31.86,31.64,31.49,31.77,31.81,32.01,31.91,31.94,31.56,31.35,31.49,31.19,31.35,31.2,31.27,31.32,31.29,31.49,31.2,31.52,31.47,31.81,32.26,32.77,32.85,32.99,33.12,32.95,32.87,32.77,32.18,32.26,32.09,31.83,31.49,31.61,31.86,31.39,31.52,31.39,31.15,31.07,30.82
25.67,27.72,28.36,28.83,28.95,29.0,29.27,29.39,29.87,29.77,30.21,30.29,30.9,30.73,30.87,31.1,31.32,31.2,31.35,31.56,31.44,31.89,32.28,32.26,32.43,32.65,32.23,32.43,32.09,31.94,31.94,31.77,32.2,31.69,31.94,31.52,31.52,31.57,31.47,31.69,31.24,31.81,31.4,31.44,31.56,31.44,31.49,31.44,31.89,31.81,31.69,31.69,31.64,31.69,31.64,32.01,31.94,31.77,32.11,31.94,31.83,32.09,32.14,31.94,32.01,31.77,31.83,31.89,32.14,31.81,32.01,31.83,31.89,31.47,31.44,31.19,31.27,30.75,30.61,30.58,30.36,30.18,30.36,30.13,30.08,30.13,30.38,30.65,30.36,30.73,30.65,31.1,31.27,31.74,31.66,31.83,31.89,32.26,32.53,32.2,32.65,32.7,32.65,32.68,32.6,32.4,32.14,31.66,32.01,31.94,31.66,31.64,31.52,31.72,31.56,31.52,31.57,31.57,31.44,31.35,31.81,31.81,32.03,31.77,31.72,31.74,31.49,31.29,31.2,31.03,30.92,31.15,31.1,31.2,31.15,31.27,31.32,31.56,31.83,31.89,32.28,32.68,32.99,33.04,33.1,32.78,32.62,32.31,32.36,32.09,31.86,31.72,31.74,31.52,31.57,31.61,31.56,31.12,31.12,31.02
23.79,26.8,28.16,28.56,28.8,28.98,29.32,29.56,29.84,29.76,29.93,30.33,30.61,30.83,31.03,31.12,31.27,31.44,31.49,31.72,32.01,31.81,32.51,32.68,32.43,32.4,32.28,32.28,32.23,32.03,32.06,32.06,31.91,32.09,31.52,31.35,31.56,31.56,31.64,31.57,31.4,31.39,31.24,31.56,31.61,31.57,32.01,31.69,31.77,31.91,31.77,31.81,31.74,31.89,31.74,31.77,31.61,32.06,32.11,31.98,32.18,31.91,31.86,31.94,32.06,32.01,32.06,31.81,31.94,32.2,31.83,31.66,31.86,31.4,31.39,31.49,31.15,31.1,30.55,30.55,29.87,30.18,30.24,30.13,30.29,30.04,30.04,30.46,30.58,30.45,30.98,30.92,31.27,31.47,31.77,31.56,32.01,32.31,32.26,32.31,32.6,32.65,32.53,32.57,32.4,32.31,32.11,31.61,31.44,31.66,31.44,31.57,31.32,31.39,31.49,31.35,31.29,31.49,31.44,31.69,31.66,31.83,31.94,31.77,31.77,31.83,31.77,31.49,31.47,31.29,31.07,31.02,31.29,31.12,30.87,31.07,31.15,31.52,31.72,32.18,32.31,32.35,32.85,33.12,33.02,32.87,32.73,32.48,32.36,32.01,31.89,31.69,31.66,31.66,31.47,31.29,31.2,31.1,30.98,30.87
22.54,25.67,27.47,28.23,28.63,28.95,29.15,29.47,29.15,29.61,30.08,30.33,30.61,30.75,31.29,31.32,31.35,31.66,31.64,32.01,31.69,32.35,32.18,32.4,32.48,32.35,32.35,32.2,32.09,32.23,31.81,31.94,31.81,31.66,31.72,31.39,31.4,31.57,31.66,31.89,31.44,31.56,31.29,31.4,31.64,31.91,31.66,31.81,31.98,32.23,31.89,31.86,31.98,31.69,31.57,31.86,32.03,31.91,31.74,31.83,32.09,32.09,31.98,31.89,31.83,31.91,31.77,31.61,32.01,31.98,31.89,31.74,31.77,31.35,31.44,31.39,31.29,31.03,30.78,30.58,30.26,30.46,30.08,30.29,30.26,30.41,30.18,30.29,30.61,30.58,30.7,30.9,31.29,31.24,31.94,31.89,32.14,32.28,32.4,32.48,32.43,32.43,32.36,32.18,32.09,32.06,32.26,31.74,31.61,31.24,31.35,31.27,31.69,31.44,31.61,31.29,31.61,31.52,31.39,31.83,32.06,31.74,31.98,32.09,32.01,31.91,31.52,31.69,31.49,31.12,30.7,31.1,30.98,31.02,30.95,31.35,31.24,31.4,31.52,32.18,32.26,32.62,32.73,33.1,33.19,33.02,32.77,32.68,32.45,32.23,31.81,32.03,31.81,31.47,31.44,31.47,31.69,31.39,30.9,30.78
21.9,23.67,26.65,28.23,28.63,28.76,29.07,29.39,29.67,29.59,29.93,30.29,30.66,30.87,30.9,31.07,31.35,31.44,31.56,32.01,32.03,32.03,32.28,32.36,32.09,32.23,32.26,32.36,32.23,31.89,31.94,31.69,31.83,31.52,31.56,31.44,31.4,31.64,31.49,31.81,31.91,31.64,31.19,31.19,31.29,31.35,31.47,31.47,31.47,31.64,31.64,31.91,31.89,31.64,31.57,31.77,31.77,32.01,31.66,31.83,32.2,31.89,31.81,31.69,31.86,32.03,31.66,31.56,31.64,31.35,31.83,31.64,31.52,31.56,31.39,31.29,31.24,30.95,31.19,30.95,30.46,30.33,30.46,30.45,30.09,30.45,30.24,30.46,30.61,30.75,30.66,31.07,31.07,31.64,31.91,31.72,32.28,32.11,32.28,32.31,32.28,32.18,32.28,32.18,31.86,32.18,31.52,31.61,31.24,31.39,31.2,31.03,31.52,31.4,31.2,31.32,31.49,31.32,31.35,31.47,31.64,31.77,31.86,31.98,32.11,31.74,32.03,31.52,31.15,31.19,31.2,31.15,31.02,31.07,31.12,31.07,31.02,31.4,31.86,31.89,32.18,32.6,32.7,32.77,33.07,33.12,32.94,32.51,32.45,32.09,32.03,32.06,31.69,31.49,31.61,31.29,31.24,31.15,31.03,30.7
21.75,22.29,24.68,27.76,28.63,28.46,28.95,29.2,29.44,29.72,29.96,30.08,30.55,31.12,31.07,31.35,31.52,31.57,31.89,31.94,32.18,32.4,32.23,32.31,32.23,32.36,32.2,32.18,32.11,32.26,31.86,31.77,31.32,31.15,31.35,31.15,31.24,31.47,31.86,31.89,31.66,31.44,31.47,31.12,31.1,30.82,31.1,31.03,31.07,31.35,31.27,31.64,31.86,31.57,31.39,31.66,31.49,31.44,31.47,31.83,31.64,31.44,31.47,31.83,31.27,31.64,31.61,31.39,31.61,31.39,31.4,31.4,31.49,31.69,31.49,31.32,30.98,31.07,30.87,30.9,30.45,30.5,30.36,30.55,30.33,30.53,30.36,30.66,30.38,30.73,30.83,31.19,31.4,31.64,31.81,32.14,32.26,32.35,32.28,32.35,32.2,32.09,32.11,31.98,31.74,32.11,31.91,31.47,31.24,31.32,31.27,31.32,31.1,31.2,31.03,31.15,31.39,31.32,31.35,31.57,31.49,31.4,31.72,31.61,31.74,32.18,31.77,31.44,31.49,31.07,30.92,30.98,30.9,30.95,30.95,30.9,31.35,31.52,31.52,32.2,32.11,32.6,32.87,32.87,32.9,33.04,32.77,32.95,32.4,32.45,32.14,31.86,31.91,31.83,31.56,31.56,31.24,31.2,30.82,30.66
21.72,22.02,23.06,27.08,28.39,28.46,28.75,29.15,29.32,29.87,29.84,30.45,30.58,30.82,31.15,31.07,31.32,31.74,31.89,32.2,32.31,32.11,32.31,32.2,32.31,31.98,32.03,31.83,32.11,31.94,32.11,31.35,31.57,31.24,31.19,30.98,31.44,31.44,31.94,31.94,31.19,31.44,30.9,30.75,30.87,30.87,30.87,30.82,30.75,30.95,31.15,31.49,31.83,31.56,31.52,31.52,31.49,31.4,31.4,31.24,31.61,31.32,31.66,31.24,31.35,31.35,31.29,31.35,31.12,31.2,31.32,31.2,31.32,31.4,31.64,31.4,31.03,30.95,30.87,30.87,30.92,30.5,30.46,30.26,30.38,30.53,30.24,30.36,30.78,31.02,31.29,31.2,31.69,31.52,31.83,32.14,32.53,32.36,32.4,32.23,32.28,31.91,32.01,32.09,31.86,31.69,31.74,31.39,31.19,31.2,31.15,31.07,30.87,31.12,31.32,31.27,31.39,31.12,31.35,31.64,31.49,31.57,31.61,31.77,31.61,32.09,32.06,31.77,31.61,31.39,31.27,31.03,30.92,30.83,30.98,30.95,31.02,31.66,31.69,32.01,32.23,32.7,32.43,32.85,32.94,33.12,32.7,32.7,32.4,32.2,32.03,31.86,31.74,31.66,31.66,31.47,31.44,31.2,31.15,30.78
21.5,21.75,22.36,25.07,27.55,28.34,28.75,29.24,29.19,29.61,30.01,30.58,30.38,30.92,31.19,31.27,31.44,32.01,31.98,32.48,32.45,32.2,32.06,32.14,31.77,31.98,32.11,32.03,31.94,31.56,31.77,31.27,31.07,30.9,30.95,31.12,30.95,31.44,31.56,31.57,31.27,31.03,30.95,30.7,30.66,30.53,30.5,30.53,30.46,30.75,31.19,31.15,31.39,31.64,31.27,31.66,30.92,31.27,31.29,31.44,31.24,31.4,31.61,31.52,31.27,31.24,31.27,31.35,30.95,30.98,31.15,31.29,31.07,31.32,30.82,31.15,30.92,31.02,30.98,30.87,30.83,30.7,30.65,30.41,30.24,30.65,30.53,30.45,30.7,30.75,31.02,31.07,31.4,31.72,31.69,32.14,32.01,32.11,32.26,32.01,32.28,32.18,32.06,31.74,31.64,31.29,31.39,31.29,31.27,31.15,31.02,30.95,30.87,31.19,31.35,31.03,30.92,31.24,31.29,31.12,31.39,31.47,31.61,31.64,31.52,31.74,31.83,31.77,31.44,31.29,31.32,31.19,30.92,30.87,30.9,31.07,31.1,31.4,31.64,31.91,32.23,32.35,32.62,32.68,32.7,32.78,32.62,32.94,32.31,31.98,32.09,31.64,31.72,31.77,31.4,31.39,31.32,30.95,31.03,30.66
21.2,21.57,22.27,23.06,26.85,28.23,28.98,29.15,29.15,29.69,29.77,30.21,30.78,30.75,31.12,31.15,31.57,31.77,31.91,32.36,32.35,31.91,32.03,31.81,31.74,31.83,31.83,31.81,31.64,31.52,31.64,31.32,31.02,31.03,30.9,31.32,31.15,31.1,31.29,31.4,31.2,30.92,31.02,30.73,30.5,30.38,30.66,30.53,30.46,30.78,30.9,31.2,31.39,31.44,31.29,31.32,31.12,31.03,31.1,31.1,31.15,31.2,31.2,31.03,31.29,31.24,31.19,31.29,31.03,31.64,31.03,30.98,31.19,31.15,31.15,31.32,30.98,30.83,30.92,30.7,30.53,30.66,30.65,30.5,30.45,30.73,30.87,30.55,30.7,30.75,31.07,31.2,31.4,31.86,31.77,31.89,32.03,32.11,32.11,32.2,32.14,32.09,31.47,31.47,31.47,31.4,31.35,31.4,30.98,31.27,31.02,30.9,30.87,31.07,31.19,31.1,31.12,31.27,31.27,31.32,31.27,31.32,31.52,31.32,31.56,31.69,31.57,31.83,31.74,31.32,31.27,31.02,30.95,30.78,30.92,30.95,31.15,31.39,31.12,31.61,31.77,32.2,32.43,32.7,32.82,32.82,32.73,32.87,32.51,32.03,32.23,31.89,31.56,31.74,31.44,31.61,30.98,30.92,30.9,30.55
21.35,21.35,21.65,22.29,24.39,27.91,28.6,28.75,29.47,29.52,29.87,30.21,30.38,30.65,30.87,31.27,31.27,31.66,32.2,32.36,32.18,32.09,31.94,32.03,32.09,31.74,31.91,31.66,31.52,31.39,31.4,31.02,30.95,30.95,30.78,30.75,31.07,31.2,31.47,31.47,31.02,31.02,30.9,30.9,30.78,30.46,30.7,30.38,30.7,30.7,30.61,30.98,31.29,30.95,31.44,31.27,31.32,31.2,31.03,30.92,31.19,31.02,31.1,31.03,31.15,31.12,31.02,31.02,31.24,31.1,30.98,31.03,30.95,31.1,30.98,30.95,30.83,30.87,30.65,30.87,30.5,30.58,30.45,30.53,30.66,30.87,30.41,30.58,30.95,31.1,31.15,31.12,31.32,31.69,31.66,31.83,31.72,31.89,32.03,31.86,31.72,31.69,31.98,31.52,31.44,31.52,31.2,31.52,31.27,31.03,30.9,31.12,31.02,30.92,31.02,31.07,30.92,31.07,31.12,31.52,31.24,31.4,31.44,31.35,31.69,31.4,31.52,31.69,31.57,31.4,31.35,31.4,31.12,31.03,30.95,31.07,31.32,31.32,31.47,31.47,31.89,32.09,32.48,32.48,32.68,32.65,32.73,32.94,32.36,32.23,31.66,31.66,31.69,31.44,31.52,31.15,31.12,30.98,30.7,30.61
21.28,21.38,21.5,21.75,22.85,26.85,28.19,28.87,28.95,29.64,29.81,29.84,30.58,30.65,30.9,31.19,31.35,31.91,31.94,32.31,32.36,31.94,31.98,31.77,31.66,31.49,31.61,31.61,31.61,31.2,31.2,30.92,30.82,30.9,30.5,30.7,30.78,31.12,31.02,31.29,31.03,31.15,30.55,30.5,30.5,30.38,30.18,30.38,30.53,30.41,30.53,31.03,30.9,31.2,31.24,31.27,31.03,31.15,30.83,30.95,30.75,30.82,31.02,31.15,31.1,31.1,31.24,30.95,31.02,31.24,30.98,30.98,30.73,30.87,30.55,30.75,30.5,30.66,30.61,30.46,30.7,30.5,30.38,30.45,30.36,30.7,30.82,30.73,30.92,30.92,31.2,31.32,31.12,31.29,31.57,31.57,31.44,31.49,31.49,31.81,31.66,31.35,31.61,31.19,31.32,31.2,31.39,31.24,31.2,30.98,31.03,30.92,31.07,31.19,30.9,31.02,31.15,31.12,31.19,31.27,31.27,31.29,31.32,31.72,31.47,31.44,31.35,31.94,31.57,31.64,31.29,31.15,31.12,31.15,31.15,31.29,31.35,31.29,31.1,31.66,31.72,32.01,32.62,32.36,32.65,32.53,32.68,32.35,32.01,32.18,31.74,31.61,31.83,31.61,31.47,31.15,30.87,31.07,30.87,30.53
21.2,21.23,21.53,21.47,22.12,24.93,27.91,28.68,29.15,29.32,29.69,30.08,30.38,30.65,30.92,31.02,31.2,31.69,31.77,32.36,32.28,31.98,31.94,31.81,31.89,31.57,31.66,31.74,31.56,31.1,30.95,30.9,30.83,30.78,30.98,30.58,30.83,30.92,31.1,30.95,31.2,30.92,30.66,30.66,30.9,30.46,30.29,30.5,30.9,30.83,30.75,30.75,31.2,31.19,31.1,31.12,30.66,30.82,30.9,30.87,30.92,30.65,30.75,31.02,31.07,30.82,31.15,30.83,31.07,30.95,31.03,30.7,30.75,30.78,30.61,31.02,30.65,30.73,30.65,30.41,30.53,30.41,30.5,30.5,30.33,30.87,30.73,30.38,30.87,30.9,31.1,30.98,31.03,31.47,31.49,31.49,31.61,31.57,31.66,31.29,31.52,31.24,31.24,31.15,31.35,31.39,31.1,31.07,31.2,31.03,31.49,30.98,31.07,31.19,30.98,30.87,30.95,31.02,31.12,31.27,31.24,31.61,31.64,32.01,31.44,31.86,31.56,31.64,31.66,31.52,31.44,31.39,31.4,31.02,31.29,31.19,31.2,31.4,31.57,31.61,31.86,32.36,32.7,32.23,32.31,32.45,32.82,32.57,32.09,32.28,32.28,31.94,31.61,31.27,31.03,31.07,31.07,30.58,30.46,30.58
21.27,21.27,21.27,21.57,21.65,23.15,26.92,28.55,28.87,29.44,29.87,30.13,30.46,30.78,30.9,31.15,31.39,31.69,31.83,32.14,32.03,32.09,31.72,31.89,31.89,31.83,31.77,31.69,31.44,31.24,30.98,31.03,30.98,31.15,31.12,31.12,30.95,31.24,31.15,31.1,31.24,31.03,31.02,30.73,30.58,30.45,30.45,30.55,30.65,30.55,30.92,31.2,31.44,31.32,31.19,30.95,30.92,30.9,30.75,31.19,30.78,30.98,30.73,30.78,31.2,31.07,30.78,30.9,31.02,30.95,30.7,30.92,30.87,30.78,30.7,30.66,30.73,30.26,30.66,30.36,30.55,30.41,30.21,30.65,30.53,30.53,30.73,30.65,30.55,30.87,30.92,30.66,31.02,31.29,31.03,31.56,31.1,31.4,31.52,31.24,31.64,31.44,31.32,31.27,31.19,30.82,31.12,31.12,31.39,31.2,31.1,31.2,31.19,31.02,31.35,30.75,30.9,31.19,30.98,31.29,31.44,31.44,31.74,31.52,31.61,31.49,31.47,31.69,31.66,31.64,31.49,31.49,31.39,31.35,31.29,31.32,31.29,31.44,31.56,31.64,31.74,31.74,32.35,32.31,32.62,32.77,32.51,32.48,32.43,32.45,32.2,31.94,31.83,31.66,31.44,31.12,30.9,30.87,30.45,30.04
21.16,21.28,21.9,21.79,21.79,22.14,24.53,28.02,28.55,29.49,29.81,29.96,30.38,30.65,31.02,31.03,31.24,31.64,32.01,32.03,32.11,31.94,31.81,31.4,31.64,31.64,31.52,31.44,31.47,31.35,30.92,31.02,30.95,30.95,30.9,31.03,31.4,31.24,31.35,31.49,31.2,31.12,30.98,30.92,31.07,30.58,30.73,30.7,30.41,30.53,30.87,31.1,31.32,31.15,31.02,30.92,30.65,30.7,30.7,30.92,30.92,30.75,30.9,31.02,31.2,31.07,30.92,30.7,31.12,30.92,30.82,30.92,30.53,30.98,30.73,30.58,30.73,30.36,30.53,30.46,30.16,30.45,30.41,30.65,30.58,30.29,30.65,30.61,30.55,30.83,30.7,30.82,30.92,30.92,30.98,31.1,31.2,31.44,31.32,31.39,31.44,31.32,31.47,31.24,30.9,31.39,31.15,31.32,31.1,31.15,31.12,31.2,31.35,31.07,30.92,31.02,31.19,31.24,31.15,30.9,31.52,31.32,31.64,31.49,31.66,31.61,31.61,31.44,31.56,31.61,31.29,31.56,31.47,31.29,31.4,31.56,31.47,31.52,31.29,31.35,31.81,31.83,32.31,32.35,32.6,32.26,32.6,32.26,32.45,32.23,31.91,32.23,31.91,31.35,31.64,31.03,31.15,30.66,30.26,30.16
21.01,21.28,21.2,21.65,21.62,21.94,22.85,26.73,28.55,29.0,29.69,29.98,30.24,30.53,30.83,31.02,31.29,31.49,31.91,31.98,32.03,31.69,31.52,31.56,31.81,31.81,31.29,31.49,31.27,30.95,31.03,31.02,31.19,31.07,31.32,31.02,31.12,31.39,31.49,31.27,31.1,31.02,30.78,30.78,31.12,30.9,30.78,30.5,30.73,30.65,30.75,31.02,30.95,31.02,30.98,30.95,30.95,30.83,30.87,31.1,30.95,30.65,30.58,30.75,30.75,30.82,31.1,30.83,30.78,30.98,30.7,30.82,30.53,30.83,30.78,30.66,30.55,30.58,30.29,30.58,30.33,30.55,30.45,30.24,30.41,30.45,30.36,30.45,30.55,30.41,30.5,30.55,30.5,30.58,31.03,30.78,30.95,31.29,31.27,31.15,31.49,31.1,31.2,31.27,31.07,31.07,31.1,31.15,31.32,31.12,31.1,31.15,31.15,31.07,31.03,31.03,31.27,31.1,31.49,31.44,31.29,31.52,31.39,31.44,31.19,31.49,31.27,31.44,31.64,31.47,31.49,31.35,31.52,31.29,31.44,31.64,31.52,32.06,31.81,31.57,31.72,31.72,32.11,32.18,32.2,32.23,32.43,32.48,32.51,32.28,31.89,31.98,31.66,31.74,31.4,31.07,31.15,30.41,30.33,30.08
20.95,21.27,21.23,21.13,21.62,21.72,21.99,24.14,27.99,29.07,29.27,30.04,30.38,30.78,30.82,31.12,31.12,31.61,31.77,32.06,31.69,31.89,31.64,31.66,31.35,31.49,31.29,31.15,31.07,31.24,31.32,31.07,31.02,31.19,31.03,31.07,31.2,31.35,31.1,31.07,30.92,30.92,30.82,31.1,30.55,30.87,30.45,30.95,30.41,30.78,30.55,30.83,30.92,31.32,31.02,30.98,31.07,31.07,30.83,31.07,30.92,30.95,31.07,30.73,30.82,31.03,30.92,30.9,30.92,30.7,30.9,30.78,30.9,30.83,30.78,30.55,30.82,30.75,30.45,30.36,30.66,30.66,30.16,30.46,30.38,30.5,30.55,30.41,30.26,30.55,30.65,30.38,30.53,30.82,30.65,30.95,30.95,31.02,31.02,31.39,31.24,31.29,31.47,31.19,31.07,31.15,30.95,31.24,30.66,31.2,31.1,31.12,30.95,31.12,31.35,31.35,31.29,31.19,31.47,31.29,31.29,31.56,31.44,31.4,31.49,31.66,31.52,31.47,31.47,31.35,31.57,31.57,31.86,31.56,31.27,31.69,32.09,32.01,31.86,31.77,31.91,32.11,32.03,32.23,32.31,32.28,32.2,32.57,32.4,32.36,32.14,32.26,31.72,31.44,31.07,31.19,31.02,30.55,30.13,30.01
20.91,21.2,21.32,21.35,21.62,21.9,21.94,22.58,26.11,28.55,29.49,29.69,30.18,30.83,31.2,31.19,31.29,31.61,31.66,31.66,31.83,31.81,31.72,31.32,31.61,31.47,31.24,31.12,31.35,31.2,31.07,31.39,31.1,31.03,31.07,30.95,31.24,31.35,31.19,31.03,30.83,30.7,30.53,30.73,30.66,30.65,30.7,30.45,30.61,30.55,30.73,30.46,30.87,31.2,30.78,31.27,31.02,30.9,31.02,31.29,30.92,30.92,30.95,30.95,30.82,30.73,30.82,30.7,31.03,30.58,30.58,30.65,30.73,30.58,30.73,30.98,30.46,30.92,30.61,30.82,30.53,30.7,30.29,30.26,30.36,30.36,30.55,30.53,30.53,30.38,30.55,30.41,30.55,30.65,30.82,30.83,30.87,31.1,31.1,31.19,31.19,31.32,31.56,31.4,31.27,31.29,31.44,31.35,31.12,31.07,31.15,31.29,31.19,31.24,31.35,31.24,31.44,31.24,31.39,31.07,31.29,31.12,31.47,31.44,31.29,31.49,31.39,31.44,31.77,31.32,31.91,31.47,32.01,32.03,31.91,32.06,32.36,32.11,31.83,31.98,31.86,31.94,32.06,31.89,32.2,32.14,32.31,31.98,32.36,32.57,31.89,32.11,31.83,31.61,31.27,31.12,31.02,30.46,30.24,29.76
20.76,21.13,21.2,21.27,21.43,21.47,21.8,22.27,23.42,27.71,29.07,29.67,29.98,30.65,30.75,30.9,31.2,31.27,31.69,31.72,31.52,31.86,31.39,31.29,31.32,31.07,31.03,31.29,31.24,30.92,31.1,30.95,31.15,31.15,30.98,31.07,31.35,31.32,30.73,30.73,30.66,30.75,30.46,30.46,30.65,30.65,30.53,30.58,30.55,30.46,30.53,30.46,30.58,30.33,30.53,30.82,30.82,31.1,30.9,30.98,30.92,31.15,30.95,31.12,30.9,30.87,30.78,30.45,30.66,30.55,30.5,30.53,30.5,30.45,30.7,30.95,30.78,30.75,30.61,30.66,30.75,30.53,30.24,30.55,30.45,30.26,30.24,30.29,30.33,30.53,30.41,30.24,30.45,30.55,30.7,30.66,30.83,30.87,31.07,31.1,31.24,31.19,31.24,31.27,31.27,31.29,31.2,31.12,31.02,31.2,31.2,31.19,31.02,31.15,31.32,31.29,31.32,31.56,31.32,31.32,31.39,31.1,31.49,31.32,31.61,31.27,31.27,31.57,31.44,31.64,31.56,31.57,31.74,31.72,31.91,32.26,32.28,31.83,31.83,31.72,31.74,31.77,32.11,32.2,31.94,32.23,32.11,32.23,32.23,32.31,31.98,32.18,31.57,31.44,31.4,30.98,30.75,30.65,30.09,29.87
21.1,21.2,21.1,21.47,21.01,21.28,21.57,21.75,22.46,24.8,28.8,29.15,30.01,30.36,30.73,31.1,31.29,31.52,31.35,31.98,31.39,31.69,31.32,31.2,31.07,31.12,31.2,31.02,31.12,30.95,31.35,31.02,30.95,31.03,31.02,31.1,31.35,30.95,30.83,30.9,30.66,30.46,30.75,30.53,30.24,30.61,30.45,30.26,30.53,30.26,29.98,30.36,30.36,30.53,30.65,30.55,30.46,30.75,30.73,30.78,30.82,30.82,30.83,30.75,30.92,30.75,30.66,30.46,30.45,30.53,30.46,30.58,30.29,30.24,30.45,30.46,30.73,30.95,30.61,30.73,30.61,30.53,30.73,30.38,30.45,30.24,30.36,30.33,30.41,30.41,30.87,30.41,30.5,30.58,30.61,30.65,30.66,30.98,30.78,30.95,31.24,30.9,31.4,31.12,31.2,31.24,31.32,31.47,31.32,31.19,31.52,31.44,31.35,31.24,31.4,31.52,31.47,31.2,31.47,31.61,31.27,31.12,31.32,31.35,31.39,31.39,31.47,31.72,31.49,31.86,31.86,31.74,31.74,32.14,32.18,32.06,32.28,32.36,32.18,32.14,31.74,31.81,31.98,31.69,32.06,32.06,32.14,32.11,32.23,32.2,32.2,31.66,31.61,31.32,31.39,30.92,30.78,30.18,30.24,29.47
20.64,21.08,21.16,21.16,21.05,21.35,21.43,21.62,21.75,22.66,26.68,29.39,29.89,30.33,30.78,30.7,31.2,31.39,31.47,31.39,31.35,31.39,31.32,31.2,31.29,31.02,30.95,30.73,31.02,31.07,30.92,31.2,30.95,31.02,30.92,31.15,31.12,31.02,31.1,30.78,30.55,30.66,30.65,30.58,30.55,30.53,30.5,30.55,30.01,30.5,30.18,30.08,30.53,30.04,30.5,30.41,30.41,30.18,30.38,30.5,30.65,30.58,30.46,30.53,30.75,30.5,30.53,30.5,30.45,30.38,30.18,29.96,30.38,30.36,30.53,30.66,30.9,30.78,30.66,30.66,30.53,30.61,30.38,30.73,30.73,30.18,30.36,30.33,30.29,30.46,30.58,30.41,30.18,30.55,30.53,30.66,30.5,30.87,30.92,30.9,31.19,31.12,31.32,31.19,31.49,31.44,31.15,31.24,31.12,31.19,31.32,31.27,31.4,31.69,31.74,31.47,31.66,31.27,31.29,31.29,31.56,31.47,31.27,31.44,31.83,31.32,31.44,31.89,31.89,31.77,31.91,31.91,31.94,32.23,32.4,32.77,32.31,32.35,32.31,31.91,32.01,32.01,32.06,31.94,31.94,31.86,31.91,31.91,32.11,32.43,32.18,31.77,31.91,31.57,31.27,31.07,30.46,30.09,29.77,29.12
20.76,20.98,21.1,21.6,21.6,21.28,21.65,21.62,21.53,21.9,23.69,28.19,29.81,30.01,30.7,30.82,31.24,31.15,31.44,31.29,31.2,31.19,31.19,31.27,30.9,30.98,30.92,30.75,31.1,31.03,31.07,31.07,31.02,31.02,31.15,31.35,31.24,30.78,30.98,30.65,30.73,30.53,30.58,30.46,30.33,30.41,30.65,30.24,30.26,30.45,30.26,30.16,30.08,30.46,30.36,30.26,30.33,30.29,30.41,30.33,30.65,30.24,30.61,30.36,30.41,30.55,30.38,30.26,30.08,30.04,30.29,30.33,30.45,30.41,30.53,30.55,30.41,30.75,30.61,30.58,30.55,30.41,30.46,30.78,30.21,30.33,30.38,30.5,30.16,30.65,30.13,30.5,30.5,30.29,30.46,30.26,30.41,30.78,30.73,30.73,30.95,31.1,31.07,31.15,31.27,31.15,31.19,31.29,31.32,31.35,31.49,31.35,31.35,31.35,31.66,31.39,31.64,31.61,31.2,31.47,31.2,31.29,31.47,31.24,31.35,31.57,31.81,31.72,32.14,31.86,31.89,31.86,32.23,32.18,32.18,32.43,32.78,32.26,32.43,32.03,31.98,31.74,31.89,32.26,31.91,32.06,32.14,31.77,32.48,32.01,31.94,31.81,31.49,31.24,30.92,30.9,30.55,29.93,29.47,28.16
20.83,20.79,20.76,21.13,21.08,21.28,21.27,21.23,21.62,21.94,22.61,25.57,29.08,29.61,30.24,30.7,30.78,30.95,31.1,31.32,31.44,31.2,30.92,30.82,30.95,31.1,31.03,31.07,30.9,30.9,31.1,31.32,31.27,31.1,31.03,31.12,31.2,31.02,30.82,30.82,30.87,30.73,30.58,30.73,30.36,30.29,30.33,30.65,30.65,30.36,30.46,30.46,30.5,30.18,30.16,30.24,30.41,30.13,30.29,30.36,30.46,30.36,30.41,30.24,30.29,30.33,30.29,30.26,30.26,30.26,30.16,30.09,30.16,30.18,30.26,30.36,30.38,30.5,30.75,30.66,30.58,30.78,30.73,30.38,30.41,30.58,30.38,30.38,30.45,30.46,30.26,30.53,30.41,30.5,30.29,30.38,30.55,30.41,30.75,30.83,31.12,31.07,31.15,31.12,31.27,31.35,31.44,31.24,31.15,31.49,31.47,31.72,31.77,31.64,31.81,31.52,31.86,31.35,31.69,31.64,31.57,31.32,31.4,31.44,31.49,31.56,31.72,31.69,32.01,31.81,31.94,32.01,32.23,32.28,32.31,32.26,32.48,32.62,32.9,32.26,32.18,31.89,31.74,31.89,32.14,31.83,31.66,31.94,32.26,32.11,31.94,31.77,31.61,31.39,31.02,30.55,30.29,29.64,28.66,25.87
20.76,21.13,21.01,21.05,21.08,21.32,21.2,21.01,21.35,21.35,22.12,23.0,27.23,29.64,29.98,30.38,30.65,30.98,31.29,31.29,31.12,30.83,31.02,30.78,30.9,30.87,30.92,31.02,31.02,31.07,31.12,30.92,31.35,31.24,31.24,31.15,31.02,30.98,30.78,30.7,30.65,30.5,30.45,30.61,30.33,30.5,30.29,30.24,30.24,30.36,30.08,30.41,30.26,30.45,30.24,30.09,30.18,30.55,30.24,30.09,30.26,30.26,30.13,30.18,30.26,30.16,30.18,29.84,30.01,30.16,29.81,29.93,29.93,30.16,30.24,30.26,30.08,30.13,30.73,30.66,30.46,30.73,30.53,30.41,30.45,30.36,30.61,30.45,30.45,30.24,30.38,30.26,30.38,30.21,29.96,30.45,30.46,30.61,30.58,30.55,30.73,31.02,30.92,30.95,31.02,31.35,31.19,31.44,31.32,31.19,31.47,31.49,31.4,31.4,31.81,31.81,31.66,31.49,31.44,31.57,31.4,31.49,31.74,31.47,31.32,31.74,31.81,31.72,31.89,31.94,31.86,31.81,32.18,32.2,32.06,32.48,32.7,32.94,32.77,32.18,32.01,32.03,31.94,31.86,31.86,31.61,31.86,31.83,32.18,31.74,32.06,31.66,31.49,31.19,30.95,30.18,30.08,28.66,26.56,23.33
20.76,21.1,21.13,20.9,21.16,20.98,21.2,21.13,21.05,21.53,21.62,22.24,24.09,28.36,29.69,30.04,30.55,30.9,31.1,30.83,31.02,30.87,30.83,31.24,30.5,30.46,30.66,30.78,30.9,30.92,31.24,31.03,31.29,31.15,30.98,30.98,31.2,30.78,30.9,30.82,30.73,30.53,30.66,30.65,30.24,30.55,30.38,30.41,30.24,30.38,30.33,30.16,30.36,30.16,30.38,30.29,30.08,30.41,30.13,29.96,30.21,29.81,30.21,30.18,29.96,30.29,30.09,30.16,29.87,29.89,29.96,29.93,29.87,30.36,30.09,30.18,30.18,30.33,30.45,30.45,30.26,30.58,30.33,30.21,30.5,30.53,30.16,29.77,30.18,30.18,30.29,30.08,30.21,30.18,30.33,30.38,30.41,30.26,30.75,30.55,30.5,30.66,31.02,31.15,31.07,31.1,31.27,31.2,31.02,31.57,31.44,31.4,31.4,31.74,31.69,31.57,31.64,31.77,31.44,31.61,31.49,31.47,31.61,31.24,31.56,31.61,31.74,31.72,32.03,31.72,31.77,32.01,32.26,32.03,31.94,32.23,32.35,32.99,32.94,32.45,32.03,31.74,31.81,31.86,31.47,31.81,31.61,31.61,31.66,31.94,32.01,31.77,31.15,30.95,30.33,30.21,29.27,27.02,23.94,22.48
20.68,21.27,21.2,20.79,20.83,20.98,21.1,21.13,21.28,21.43,21.6,21.84,22.36,25.52,29.2,29.93,30.41,31.03,31.12,31.12,31.15,30.65,30.46,30.65,30.83,30.66,30.83,30.92,30.98,30.95,30.98,31.32,31.4,31.2,30.98,31.24,31.07,31.19,30.65,30.61,30.58,30.55,30.38,30.58,30.65,30.38,30.53,30.16,30.24,30.16,30.26,30.16,30.26,30.16,30.21,30.16,30.01,30.29,30.16,30.26,29.98,30.29,30.33,29.77,30.08,30.16,29.69,29.69,29.96,29.98,30.21,29.96,30.09,29.81,30.09,30.16,30.09,30.45,30.5,30.46,30.36,30.33,30.45,30.26,30.45,30.18,30.26,30.21,30.09,30.26,30.13,30.16,30.36,29.89,30.24,30.08,30.5,30.26,30.55,30.53,30.7,30.7,30.9,30.95,30.9,31.2,31.49,31.29,31.4,31.35,31.12,31.12,31.49,31.52,31.83,31.39,31.47,31.35,31.4,31.44,31.56,31.74,31.49,31.57,31.64,31.81,31.91,32.06,32.11,32.01,31.98,31.61,32.09,32.03,32.06,32.31,32.26,32.85,32.9,32.36,32.14,31.77,31.94,31.72,31.83,31.61,31.72,31.57,31.74,31.69,31.66,31.77,31.39,30.46,30.13,29.32,27.35,24.14,22.76,22.17
20.95,20.95,20.64,21.2,21.13,21.01,21.27,21.16,21.1,21.1,21.38,21.53,21.9,23.11,27.13,29.67,30.01,30.65,30.66,30.82,30.78,30.98,30.7,30.82,30.78,30.9,30.87,30.83,30.98,31.03,30.82,31.2,31.47,31.49,31.29,31.07,30.98,30.87,30.65,30.78,30.7,30.33,30.55,30.58,30.53,30.5,30.38,30.55,30.58,30.26,30.18,30.18,29.98,30.45,30.29,30.24,30.38,30.18,29.98,30.16,30.18,30.13,30.16,29.87,30.01,29.89,29.69,29.98,29.89,29.84,29.77,29.77,29.77,29.69,30.21,29.72,30.13,29.93,30.08,30.33,30.24,30.53,30.38,30.01,30.21,30.26,30.21,30.26,30.38,30.33,30.21,30.09,30.18,30.26,30.13,30.04,30.21,30.29,30.18,30.26,30.46,30.45,30.61,30.73,30.58,31.19,31.12,30.98,31.44,31.4,31.19,31.61,31.39,31.29,31.64,31.15,31.44,31.57,31.49,31.57,31.66,31.39,31.47,31.52,31.32,31.72,31.61,31.83,31.86,31.89,31.89,32.31,32.14,31.72,31.83,32.23,32.31,32.78,32.87,32.45,31.98,31.72,31.83,31.57,31.61,31.64,31.47,31.56,31.74,31.89,31.66,31.56,31.03,30.5,29.77,28.28,24.93,22.66,22.14,21.62
20.68,21.08,20.95,20.76,20.83,20.98,21.42,20.95,21.23,21.2,21.13,21.5,21.62,22.21,23.87,28.63,30.01,30.41,30.87,30.73,30.87,30.5,30.65,30.61,30.87,30.58,31.03,30.82,30.78,31.12,30.92,31.29,31.47,31.44,31.19,31.15,30.82,30.73,30.87,30.5,30.53,30.66,30.58,30.75,30.61,30.16,30.5,30.53,30.36,30.26,30.08,30.24,30.04,30.24,30.18,30.09,30.26,30.21,30.04,30.09,30.38,30.08,29.84,30.08,29.77,30.18,30.08,29.81,29.72,29.96,29.93,29.77,29.72,29.76,29.96,29.98,29.76,30.29,30.01,30.18,30.16,30.04,30.24,30.29,30.24,30.36,30.26,30.09,30.16,30.36,30.21,29.93,30.01,30.04,30.08,29.89,29.89,30.08,29.77,29.98,30.18,30.41,30.65,30.65,30.61,30.78,31.03,31.02,31.19,31.19,31.4,31.29,31.56,31.12,31.1,31.52,31.61,31.44,31.49,31.61,31.4,31.56,31.35,31.64,31.74,31.57,31.66,31.83,31.86,32.01,31.83,32.03,31.94,32.14,31.72,32.31,32.11,32.73,32.45,32.28,32.03,31.57,31.83,31.57,31.83,31.44,31.52,31.44,31.91,31.72,31.44,31.52,30.5,29.98,28.68,25.37,23.08,22.27,21.28,21.28
20.61,20.71,21.1,20.9,20.9,21.1,20.73,21.42,20.83,21.08,21.47,21.57,21.57,21.72,22.66,26.06,29.56,30.16,30.33,30.41,30.75,30.75,30.83,30.78,30.82,30.78,30.75,30.58,30.75,30.98,31.19,30.98,31.2,31.47,31.29,31.15,31.03,30.87,31.19,30.78,30.83,30.58,30.66,30.61,30.13,30.26,30.46,30.18,30.29,30.24,30.53,30.16,30.36,30.38,30.36,30.36,30.16,29.89,30.04,30.01,29.93,30.01,29.81,29.81,29.64,30.09,29.89,30.13,30.16,29.89,29.77,29.87,29.77,30.13,29.89,30.09,29.76,29.84,30.09,29.77,30.08,30.41,30.21,30.5,30.21,30.29,30.13,30.16,30.16,30.36,30.16,30.13,30.04,30.16,29.77,30.13,30.18,30.18,30.29,30.16,30.09,30.21,30.5,30.53,30.75,30.61,30.78,30.87,30.9,31.32,31.24,30.98,31.44,31.12,31.24,31.27,31.29,31.4,31.35,31.39,31.49,31.49,31.61,31.52,31.4,31.35,31.72,31.86,31.86,31.91,31.83,31.86,32.18,31.72,32.01,31.94,32.11,32.57,32.28,32.26,32.06,31.77,31.83,31.66,31.89,31.56,31.29,31.69,31.64,31.91,31.72,31.02,30.41,29.27,25.79,23.37,22.39,21.72,21.72,21.2
20.73,20.95,21.01,20.95,20.98,20.68,20.95,21.13,20.86,20.98,21.01,21.6,21.23,21.99,21.95,24.14,28.92,29.96,30.38,30.58,30.87,30.45,30.83,30.83,30.78,30.87,30.66,30.95,30.82,30.92,31.02,30.95,31.12,31.12,31.1,31.24,31.35,31.12,31.03,30.95,30.87,30.92,30.7,30.53,30.66,30.29,30.36,30.45,30.29,30.18,30.26,30.33,30.26,30.16,30.01,30.09,30.13,30.13,30.04,30.13,30.26,30.01,29.87,30.04,30.08,29.96,30.01,29.93,29.81,29.67,29.81,30.08,30.08,30.18,29.87,29.89,30.13,29.93,30.13,30.01,30.09,30.36,30.24,30.29,30.24,30.53,30.18,30.26,30.09,30.16,30.18,30.13,29.98,30.09,30.16,30.09,29.84,29.93,29.93,30.13,30.18,30.16,30.36,30.36,30.58,30.41,30.53,30.73,31.03,30.83,30.98,31.07,31.27,31.47,31.1,31.24,31.47,31.44,31.27,31.47,31.47,31.61,31.61,31.52,31.52,31.29,31.77,31.77,32.11,31.74,31.98,32.18,32.03,32.14,31.74,32.03,32.14,32.14,32.57,32.4,31.98,31.74,31.86,31.66,31.52,31.72,31.47,31.44,31.83,31.47,31.32,30.65,29.56,26.56,23.64,22.46,21.72,21.65,21.35,21.53
20.71,20.95,20.79,20.91,20.95,20.68,21.1,20.98,21.1,21.23,21.35,21.42,21.53,21.79,21.95,23.11,27.71,30.18,30.26,30.29,30.46,30.65,30.73,30.73,31.03,30.95,30.87,31.02,30.95,30.82,30.92,30.95,30.83,31.19,31.24,31.02,31.03,31.2,31.24,30.98,31.07,30.73,30.82,30.78,30.29,30.33,30.36,30.41,30.36,30.33,30.26,30.18,30.46,30.58,30.36,30.16,30.16,30.26,29.96,30.09,30.01,29.96,29.89,29.93,29.89,29.89,29.96,29.84,29.84,29.87,30.08,29.96,29.87,30.01,30.21,30.21,30.04,30.04,30.09,30.21,30.08,29.93,30.45,30.18,30.46,30.09,30.5,30.08,30.16,30.21,30.09,30.16,30.09,30.09,29.89,30.01,30.18,30.36,30.18,30.21,30.33,30.38,30.41,30.29,30.5,30.61,30.45,30.78,30.92,30.9,30.75,31.12,31.29,31.02,31.02,31.19,31.4,31.35,31.32,31.47,31.64,31.57,31.64,31.44,31.72,31.81,31.89,31.86,31.89,32.03,31.89,32.31,32.14,32.06,32.18,32.03,32.11,32.28,32.06,32.51,32.26,31.74,31.57,31.52,31.61,31.77,31.29,31.32,31.47,31.15,30.9,30.29,27.55,24.02,22.36,21.84,21.62,21.42,21.27,20.91
20.98,20.91,20.73,20.9,20.73,20.83,20.9,20.95,21.1,21.13,21.05,21.13,21.62,21.57,21.94,22.58,27.05,29.49,30.09,30.41,30.5,30.58,30.61,30.75,30.65,30.78,30.78,30.9,30.92,30.61,31.03,31.07,30.92,30.87,30.65,30.9,30.92,31.07,31.07,31.07,30.65,30.9,30.66,30.73,30.7,30.5,30.53,30.38,30.33,30.41,30.29,30.26,30.29,30.33,30.26,30.24,30.01,30.16,30.01,29.98,29.96,29.89,29.81,29.98,29.96,30.08,29.84,29.72,29.98,29.84,29.87,29.87,29.87,29.89,29.87,30.26,30.09,30.01,30.01,30.26,30.21,30.26,30.26,30.46,30.38,30.13,30.36,30.26,30.38,30.29,30.16,30.08,30.16,30.18,30.18,29.87,30.09,30.46,30.04,29.98,30.36,30.24,30.24,30.33,30.53,30.75,30.73,30.78,30.61,30.66,30.82,30.95,30.83,31.12,31.03,31.2,31.27,31.32,31.27,31.29,31.4,31.52,31.61,31.74,31.61,31.69,31.83,32.01,32.11,31.89,32.11,32.11,32.01,32.03,31.86,32.09,32.01,32.09,31.91,32.18,32.26,31.81,31.61,30.9,31.44,31.64,31.39,31.07,31.29,30.95,30.95,29.27,25.18,22.96,21.99,21.53,21.57,21.6,21.27,20.9
20.49,20.79,20.79,20.79,20.95,20.83,20.68,21.23,20.9,21.2,21.05,21.01,21.53,21.87,21.72,22.73,27.35,29.59,30.46,30.45,30.53,30.9,30.82,30.5,30.9,31.03,30.98,30.95,31.02,30.75,30.83,30.98,30.83,30.7,31.1,30.95,30.9,31.07,31.12,30.9,30.75,30.95,30.73,30.45,30.73,30.75,30.38,30.21,30.33,30.24,30.41,30.09,30.36,30.36,30.29,30.38,30.08,29.96,29.96,29.98,30.09,29.89,29.98,29.98,30.09,30.04,29.93,29.96,30.21,29.87,29.98,29.93,30.13,30.01,29.89,30.08,30.04,30.08,30.04,30.36,30.33,30.16,30.33,30.26,30.36,30.36,30.55,30.46,30.24,30.33,30.09,30.26,30.46,29.93,30.45,29.93,30.09,30.09,29.96,30.5,30.18,29.96,29.98,30.66,30.24,30.65,30.46,30.58,30.66,30.65,30.83,30.82,30.87,30.73,31.07,30.87,31.15,31.15,31.4,31.39,31.27,31.56,31.56,31.72,31.57,31.77,31.81,31.77,31.91,32.2,32.26,32.31,32.45,32.03,32.14,32.23,31.94,32.01,32.01,31.94,32.09,31.81,31.74,31.29,31.39,31.2,31.19,30.92,31.12,30.65,30.09,26.88,23.54,22.14,21.87,21.53,21.5,21.05,21.23,20.86
20.61,21.05,20.95,21.05,21.2,21.08,21.01,20.95,21.35,21.16,21.13,21.27,21.53,21.79,21.95,23.11,27.67,29.77,30.45,30.58,30.5,30.7,30.82,30.73,30.95,30.83,30.82,30.92,30.7,30.75,30.66,30.78,30.78,30.87,30.92,30.98,30.9,30.9,30.83,30.61,30.78,30.82,30.83,30.7,30.95,30.78,30.46,30.53,30.46,30.7,30.29,30.38,30.16,30.36,30.29,30.26,29.98,30.01,30.09,29.87,30.04,30.13,30.08,30.09,30.13,29.89,29.84,29.77,30.08,29.96,29.93,30.04,30.09,30.29,30.13,30.09,30.04,30.13,30.26,30.18,30.36,30.21,29.98,30.55,30.36,30.61,30.53,30.29,30.5,30.45,30.53,30.18,30.38,30.29,30.18,30.26,30.26,30.33,30.36,30.24,30.36,30.08,30.41,30.24,30.26,30.24,30.65,30.75,30.78,30.75,30.87,30.92,30.75,31.07,31.2,31.19,31.07,31.2,31.2,31.32,31.44,31.56,31.52,31.72,31.56,31.77,31.69,31.83,32.01,32.18,32.26,32.14,32.43,32.2,32.28,31.91,31.89,31.74,31.91,31.77,31.77,31.77,31.74,31.56,31.03,31.27,31.2,31.12,30.98,30.5,29.49,25.4,22.78,22.09,22.12,21.01,21.6,20.83,21.05,21.05
20.76,20.79,20.73,21.23,20.98,21.01,20.9,20.95,20.98,21.13,21.05,21.23,21.42,21.62,21.75,22.81,27.96,29.56,30.13,30.38,30.61,30.65,30.83,30.92,30.83,31.1,31.02,30.82,30.95,30.95,30.9,30.7,30.87,30.87,30.78,30.73,30.7,30.83,30.61,30.82,30.58,30.82,30.75,30.73,30.66,30.58,30.7,30.73,30.53,30.36,30.29,30.33,30.16,30.45,30.41,30.09,30.33,30.36,30.08,30.16,30.18,30.18,30.09,30.18,30.21,30.04,30.24,30.01,30.33,30.26,29.93,30.29,30.08,30.04,30.21,30.24,30.09,30.01,30.41,30.29,30.36,30.36,30.46,30.38,30.53,30.61,30.65,30.33,30.46,30.33,30.41,30.38,30.09,30.41,30.5,30.24,30.21,30.24,30.24,30.16,30.24,30.45,30.41,30.26,30.29,30.38,30.58,30.7,30.61,31.07,30.45,30.58,30.9,30.98,31.03,31.12,31.2,31.02,31.4,31.49,31.4,31.74,31.57,31.72,31.98,31.83,31.77,32.14,32.03,31.89,31.91,32.14,32.28,32.31,32.18,32.18,31.69,31.61,31.77,31.47,31.77,31.49,31.49,31.24,31.2,31.02,31.24,30.87,30.78,30.29,28.34,23.94,22.21,22.06,21.69,21.47,21.2,21.35,20.95,21.23
20.9,21.32,20.83,20.9,21.2,20.98,20.98,20.91,20.79,20.9,21.1,21.05,21.27,21.6,21.79,22.88,28.16,29.72,30.36,30.13,30.53,30.82,31.02,30.82,30.98,30.82,30.75,30.75,30.82,30.7,30.55,30.66,30.41,30.7,30.55,30.58,30.5,30.61,30.46,30.75,30.65,30.61,30.65,30.9,30.82,30.73,30.61,30.55,30.53,30.45,30.13,30.26,30.33,30.61,30.16,30.38,30.09,30.09,29.96,30.16,29.98,29.89,29.98,29.87,30.09,30.09,30.01,29.89,30.08,30.04,30.18,29.93,30.04,30.26,30.08,30.29,30.29,30.29,29.98,30.41,30.5,30.65,30.36,30.13,30.24,30.66,30.55,30.33,30.75,30.45,30.24,30.36,30.53,30.46,30.26,30.38,30.33,30.16,30.38,30.04,30.16,30.58,30.38,30.18,30.33,30.36,30.61,30.65,30.82,30.75,30.65,30.78,30.65,30.92,30.92,30.78,31.02,31.49,31.44,31.44,31.77,31.74,31.49,31.91,31.69,31.74,32.01,31.77,32.11,31.91,32.2,32.43,32.23,32.2,32.36,32.26,31.77,31.49,31.89,31.52,31.52,31.47,31.12,31.15,31.44,31.03,31.15,30.58,30.36,29.96,27.4,23.37,22.29,21.79,21.53,21.47,21.16,20.86,21.08,20.76
20.79,21.05,20.86,21.23,20.83,20.95,20.79,21.01,20.73,21.1,21.16,21.1,21.27,21.38,21.9,23.23,28.16,29.59,30.09,30.45,30.41,30.61,30.82,30.98,31.12,30.87,30.78,30.92,30.75,30.41,30.46,30.78,30.5,30.66,30.41,30.7,30.61,30.55,30.7,30.75,30.58,30.75,30.61,30.55,30.92,30.75,30.61,30.58,30.33,30.21,30.24,30.5,30.41,30.24,30.29,30.29,30.21,29.89,30.01,30.26,29.98,29.72,29.87,30.08,29.96,30.26,30.04,30.01,29.81,30.41,29.77,30.18,30.29,30.09,30.21,30.26,30.16,30.41,30.33,30.5,30.09,30.46,30.33,30.41,30.45,30.38,30.46,30.58,30.41,30.33,30.46,30.26,30.41,30.5,30.46,30.29,30.26,30.46,30.01,30.21,30.29,30.36,30.41,30.36,30.5,30.36,30.55,30.45,30.33,30.78,30.66,30.82,30.38,31.03,31.07,31.12,31.07,31.19,31.15,31.1,31.64,31.72,31.52,31.56,31.44,31.94,31.72,31.86,31.89,32.09,32.01,32.28,32.31,32.03,31.86,32.23,32.06,31.91,31.57,31.74,31.35,31.47,31.29,31.19,31.02,30.87,31.2,30.66,30.38,29.56,26.29,23.11,22.24,21.9,21.35,21.2,21.1,21.32,21.08,20.73
21.16,21.23,20.9,20.9,20.95,20.83,20.83,20.9,21.08,21.1,21.08,21.1,21.5,21.47,21.95,22.88,28.16,29.89,30.21,30.21,30.7,30.66,30.82,30.7,31.03,30.78,30.7,30.9,30.61,30.55,30.36,30.73,30.65,30.38,30.7,30.66,30.41,30.58,30.73,30.65,30.53,30.53,30.41,30.53,30.61,30.82,30.82,30.61,30.45,30.5,30.46,30.38,30.26,30.33,30.36,30.24,30.16,30.13,29.93,30.08,30.16,29.98,29.87,29.81,30.18,30.01,30.09,30.18,30.18,29.89,30.21,30.08,30.29,30.01,30.45,30.41,29.93,30.18,30.36,30.21,30.33,30.66,30.61,30.41,30.61,30.46,30.75,30.7,30.53,30.82,30.46,30.83,30.5,30.41,30.61,30.38,30.45,30.5,30.45,30.45,30.16,30.41,30.29,30.46,30.36,30.45,30.55,30.53,30.7,30.9,30.73,30.75,30.82,30.95,31.1,30.78,31.15,31.2,31.03,31.1,31.44,31.66,31.61,31.39,31.77,31.89,31.81,31.56,32.01,32.01,32.23,32.14,31.94,32.23,32.09,31.94,31.64,31.98,31.57,31.52,31.39,31.12,30.9,31.02,31.15,30.61,30.83,30.75,30.55,29.32,25.7,22.85,21.69,21.43,21.28,21.2,21.16,20.83,20.98,20.86
20.91,21.16,21.05,20.73,21.01,20.61,20.98,21.08,20.9,21.01,21.27,21.05,21.47,21.69,21.95,23.06,28.46,29.59,30.16,30.53,30.61,30.61,30.83,30.78,30.92,30.66,30.83,30.75,30.73,30.66,30.53,30.38,30.55,30.66,30.65,30.55,30.41,30.73,30.83,30.5,30.61,30.75,30.75,30.36,30.75,30.78,30.7,30.55,30.53,30.29,30.33,30.26,30.21,30.41,30.29,30.24,30.09,30.24,29.77,30.24,30.36,30.26,30.18,29.87,30.08,29.89,30.21,30.09,30.26,30.21,29.87,30.04,30.29,30.26,30.73,30.33,30.45,30.36,30.41,30.75,30.41,30.65,30.73,30.87,30.58,30.9,30.83,30.73,30.73,30.7,30.33,30.98,31.02,30.61,30.66,30.75,30.61,30.45,30.5,30.21,30.36,30.33,30.45,30.45,30.41,30.53,30.53,30.7,30.55,31.03,30.92,30.98,30.83,30.98,31.12,31.07,31.24,30.82,31.19,31.15,31.56,31.4,31.4,31.4,31.77,31.83,31.77,32.03,31.94,32.14,32.11,32.35,32.35,32.01,32.11,32.06,31.91,31.94,31.61,31.64,31.32,31.35,31.03,30.83,30.58,30.7,30.82,30.65,30.24,29.07,25.4,22.69,21.69,21.6,21.5,21.08,21.28,21.01,21.2,20.76
20.86,21.2,20.91,20.91,20.76,20.83,20.98,20.98,21.23,21.05,20.86,21.16,21.47,21.28,22.06,23.6,28.31,29.84,30.45,30.45,30.9,30.65,30.82,30.92,30.87,30.9,30.9,30.66,30.75,30.55,30.46,30.75,30.5,30.66,30.73,30.55,30.5,30.66,30.73,30.61,30.46,30.58,30.58,30.45,30.83,30.55,30.98,30.78,30.66,30.5,30.53,30.46,30.41,30.36,30.38,30.41,30.18,30.41,30.04,29.81,30.29,30.13,30.04,30.33,30.08,30.13,29.81,29.69,30.08,30.18,29.96,30.36,30.21,30.5,30.46,30.55,30.73,30.5,30.41,30.58,30.61,30.61,30.78,30.58,30.83,30.78,30.55,30.61,30.55,30.87,30.61,30.73,30.55,30.92,30.78,30.53,30.66,30.65,30.45,30.45,30.61,30.29,30.55,30.61,30.7,30.46,30.61,30.38,30.73,30.83,30.87,30.83,31.02,31.1,30.95,30.98,31.02,31.12,31.35,31.27,31.29,31.4,31.35,31.47,31.91,31.91,31.72,31.49,32.31,31.77,32.26,32.14,32.35,32.35,32.45,32.01,31.91,31.89,31.83,31.49,31.52,31.2,31.27,31.02,30.78,30.87,30.61,30.66,30.13,28.8,24.71,22.58,21.9,21.47,21.32,21.47,20.9,21.28,21.2,21.01
20.61,21.01,20.9,21.05,20.9,20.68,21.05,20.91,21.01,21.38,20.98,21.2,21.47,21.8,22.12,23.6,28.23,29.76,30.29,30.61,30.58,30.55,30.66,30.98,30.87,30.92,30.98,30.61,30.7,30.33,30.46,30.33,30.46,30.5,30.55,30.66,30.5,30.7,30.53,30.53,30.5,30.53,30.7,30.82,31.07,30.66,30.75,30.61,30.66,30.5,30.61,30.29,30.53,30.46,30.45,30.38,30.46,30.24,30.45,29.87,30.04,30.13,30.18,30.33,29.89,30.29,30.24,29.89,30.13,30.18,30.55,30.33,30.45,30.5,30.75,30.41,30.45,30.83,30.61,30.66,30.53,30.75,30.7,30.83,30.78,30.95,30.87,30.82,30.82,31.29,30.95,31.1,30.98,30.82,30.66,30.83,30.36,30.5,30.46,30.65,30.38,30.5,30.7,30.33,30.65,30.46,30.73,30.73,30.55,30.98,31.03,30.61,31.07,30.92,30.82,31.29,31.1,31.35,31.27,31.2,31.47,31.72,31.57,31.24,31.27,31.52,31.83,31.81,32.06,31.74,31.94,31.83,32.35,32.28,32.26,32.31,32.23,32.11,31.86,31.69,31.39,31.2,31.27,30.83,30.92,30.58,30.58,30.58,30.01,28.63,24.21,22.29,21.79,21.69,21.32,21.27,21.32,21.2,20.91,20.79
20.73,20.98,20.98,20.76,21.13,20.76,21.08,20.79,20.76,20.86,21.1,21.35,21.27,21.35,22.24,23.99,28.23,29.64,30.08,30.45,30.7,31.02,30.66,30.61,30.65,31.02,30.98,30.87,30.5,30.46,30.46,30.38,30.46,30.46,30.65,30.61,30.53,30.58,30.38,30.65,30.41,30.7,30.5,30.7,30.66,30.7,30.55,30.41,30.45,30.55,30.5,30.45,30.41,30.24,30.26,30.16,30.13,30.33,29.87,30.18,29.81,30.13,30.18,30.04,30.09,30.04,30.33,30.21,30.29,29.98,30.33,30.38,30.53,30.24,30.38,30.5,30.58,30.65,30.75,30.58,30.92,30.65,30.53,30.82,30.92,30.92,30.98,31.03,31.02,31.03,31.03,30.95,30.73,30.87,30.73,30.73,30.66,30.83,30.5,30.33,30.38,30.46,30.53,30.65,30.26,30.9,30.53,31.19,30.73,31.02,30.87,30.95,31.15,30.78,31.07,30.87,31.19,31.12,31.15,31.15,31.39,31.32,31.39,31.64,31.39,31.74,31.44,31.86,31.89,31.77,32.06,31.83,32.03,32.43,32.36,32.53,32.45,32.23,31.57,31.35,31.35,31.15,31.02,30.9,30.73,30.5,30.45,30.29,30.01,28.19,23.67,22.46,21.9,21.53,21.5,20.95,21.27,21.01,20.95,20.76
20.9,21.05,20.86,21.01,20.95,21.05,20.79,20.83,21.05,20.95,21.08,21.16,21.38,21.79,22.14,23.97,28.55,29.76,30.36,30.38,30.73,30.78,30.92,31.03,30.75,30.55,30.78,30.7,30.5,30.36,30.46,30.45,30.5,30.61,30.55,30.29,30.53,30.46,30.55,30.58,30.75,30.65,30.9,30.65,30.66,30.7,30.73,30.82,30.29,30.7,30.29,30.41,30.24,30.26,30.36,30.58,30.09,30.09,29.93,30.04,30.09,30.13,30.13,30.16,30.16,30.61,30.18,30.24,30.24,30.18,30.33,30.38,30.24,30.55,30.78,30.58,30.58,30.38,30.87,30.78,30.82,30.66,30.65,31.12,31.19,30.83,31.1,30.9,31.02,30.98,30.87,30.9,31.15,31.19,30.92,30.46,30.9,30.9,30.45,30.7,30.5,30.55,30.53,30.82,30.46,30.83,30.75,30.95,31.03,30.78,30.95,31.02,31.03,30.98,31.1,31.07,31.29,31.12,31.44,31.32,31.4,31.35,31.44,31.57,31.47,31.74,31.91,31.69,31.81,31.56,31.89,31.91,32.11,31.89,32.2,32.23,32.4,32.09,31.74,31.56,31.03,30.95,31.07,30.78,30.83,30.61,30.7,30.13,30.21,28.19,23.52,22.12,21.9,21.32,21.27,21.16,21.23,20.9,21.13,21.01
20.86,21.13,21.05,20.83,20.98,20.83,20.73,20.71,20.68,21.08,20.95,21.01,21.23,21.38,22.27,24.29,28.83,29.81,30.24,30.55,30.65,30.73,30.83,31.03,30.73,30.83,30.82,30.58,30.55,30.33,30.55,30.61,30.38,30.38,30.58,30.55,30.26,30.53,30.38,30.58,30.46,30.65,30.66,30.65,30.5,30.33,30.46,30.46,30.5,30.26,30.29,30.45,30.33,30.53,30.13,30.5,30.61,29.87,30.13,30.24,30.46,30.09,30.33,30.26,30.13,30.61,30.26,30.18,30.38,30.13,30.24,30.36,30.36,30.58,30.66,30.82,30.5,30.53,30.73,30.66,30.78,31.02,30.7,30.82,31.24,31.24,31.35,31.39,31.12,30.9,30.92,31.07,30.83,30.95,30.7,30.66,30.7,30.92,30.61,30.7,30.58,30.55,30.58,30.61,30.61,30.61,30.75,30.95,31.02,31.1,30.9,30.95,30.65,31.15,31.02,31.12,31.1,30.87,31.12,31.49,31.29,31.32,31.56,31.12,31.47,31.4,31.2,31.44,31.52,31.47,31.69,31.52,31.91,31.74,31.81,31.98,31.64,32.03,31.72,31.15,31.1,31.07,31.1,30.46,30.78,30.58,30.33,30.04,30.04,27.96,23.72,21.94,21.6,21.53,21.27,21.27,21.1,21.1,20.83,20.54
20.95,20.9,21.08,20.73,20.68,20.73,20.73,21.01,20.64,20.71,21.01,21.1,21.27,21.62,22.17,24.68,28.87,29.69,30.26,30.46,30.65,30.95,30.55,30.26,30.55,30.5,30.58,30.73,30.7,30.45,30.55,30.26,30.58,30.04,30.58,30.53,30.38,30.65,30.45,30.53,30.41,30.21,30.46,30.61,30.45,30.46,30.41,30.7,30.41,30.58,30.5,30.29,30.29,30.16,30.04,30.16,30.08,30.08,30.65,30.24,30.13,30.13,30.21,30.24,30.09,30.08,30.18,30.21,30.18,30.18,30.18,30.55,30.38,30.41,30.26,30.7,30.46,30.61,30.65,30.87,30.78,31.27,31.07,30.98,31.07,31.2,31.2,31.19,30.92,31.44,31.27,31.15,30.9,31.12,30.9,30.73,30.82,30.78,30.75,30.75,30.83,30.9,30.78,30.65,30.83,30.65,30.55,30.53,30.7,30.75,31.02,30.73,31.1,31.03,30.98,31.03,30.83,31.19,31.15,31.1,31.24,31.07,31.03,31.19,31.24,31.56,31.29,31.56,31.49,31.64,31.35,31.69,31.52,31.64,31.94,31.83,31.66,31.81,31.35,31.49,31.2,31.07,30.92,30.61,30.7,30.53,30.36,29.93,29.52,27.84,23.97,22.29,21.8,21.27,21.32,21.05,20.9,20.83,20.76,21.08
20.91,20.61,20.79,20.61,20.71,20.83,20.98,21.16,21.1,21.16,21.08,20.98,21.38,21.5,22.21,24.83,29.03,29.87,30.29,30.53,30.46,30.55,30.73,30.58,30.46,30.41,30.7,30.65,30.55,30.29,30.36,30.33,30.58,30.36,30.41,30.58,30.41,30.58,30.41,30.36,30.58,30.53,30.29,30.66,30.46,30.38,30.58,30.33,30.13,30.45,30.36,30.61,30.24,30.18,30.26,30.13,30.16,30.36,30.01,30.38,30.41,30.09,30.36,30.36,30.36,30.29,30.16,30.16,30.29,30.33,30.53,30.13,30.41,30.5,30.46,30.5,30.53,30.82,30.92,30.98,30.87,31.03,31.29,31.2,31.4,31.24,31.24,31.35,31.32,31.29,31.27,31.15,31.07,31.15,30.82,30.9,30.9,31.02,30.55,30.65,30.83,30.7,30.55,30.73,30.73,30.78,30.82,30.95,30.95,31.02,31.1,31.32,31.03,31.27,31.32,31.07,31.02,31.29,30.98,31.15,31.39,31.1,31.4,31.35,31.29,31.2,31.57,31.61,31.56,31.4,31.49,31.64,31.74,31.66,31.69,31.52,31.56,31.35,31.27,31.19,31.35,31.15,31.02,30.55,30.24,30.58,30.18,29.98,29.76,27.71,23.42,21.99,21.57,21.32,20.79,20.9,20.95,21.16,20.86,20.71
20.98,20.91,20.86,20.86,20.71,21.01,20.91,20.91,21.1,20.71,20.83,21.1,21.23,21.57,22.21,25.55,28.83,29.96,30.29,30.46,30.73,30.7,30.58,30.45,30.33,30.5,30.46,30.55,30.83,30.55,30.61,30.58,30.61,30.66,30.41,30.33,30.09,30.33,30.36,30.41,30.36,30.36,30.38,30.33,30.45,30.41,30.5,30.55,30.53,30.36,30.38,30.58,30.36,30.38,30.38,30.41,30.13,30.16,30.29,30.16,30.65,30.29,30.18,30.21,30.26,30.45,30.26,29.89,30.26,30.33,30.16,30.29,30.41,30.41,30.66,30.46,30.7,30.9,30.83,31.12,31.02,31.4,31.49,31.32,31.47,31.57,31.52,31.52,31.47,31.39,31.29,31.49,31.12,31.1,31.02,30.82,30.9,31.1,30.95,30.83,30.98,31.03,30.66,30.75,30.98,30.7,30.95,30.92,30.78,31.39,30.98,30.92,30.98,31.03,31.24,31.24,31.12,31.15,31.1,31.32,31.29,31.1,31.44,31.29,31.29,31.12,31.32,31.35,31.56,31.29,31.64,31.44,31.57,31.77,31.35,31.66,31.47,31.39,31.35,31.35,31.2,31.19,31.27,30.95,30.41,30.73,30.29,30.08,29.87,27.6,23.45,22.14,21.65,21.13,21.13,20.98,20.9,20.86,21.13,20.71
20.76,20.73,21.23,20.9,20.68,20.83,20.68,20.86,21.05,20.86,21.16,21.42,21.13,21.62,22.32,25.94,28.98,29.89,30.16,30.16,30.46,30.55,30.7,30.45,30.46,30.73,30.46,30.87,31.15,30.95,31.02,30.9,30.66,30.53,30.41,30.24,30.13,30.29,30.45,29.93,30.33,30.01,30.33,30.45,30.24,30.53,30.65,30.29,30.58,30.61,30.38,30.33,30.21,30.46,30.41,30.5,30.53,30.45,30.53,30.29,30.24,30.33,30.45,30.21,30.18,30.24,30.09,30.18,30.33,30.5,30.16,30.21,30.29,30.45,30.65,30.65,31.19,31.02,30.98,31.15,31.47,31.35,31.56,31.52,31.56,31.66,31.72,31.44,31.74,31.52,31.57,31.35,31.27,31.24,30.92,31.1,30.78,31.07,30.73,30.9,31.1,30.73,30.87,30.83,30.78,30.82,31.1,30.95,30.83,31.02,30.95,31.29,31.15,31.24,31.1,31.07,31.27,31.12,31.47,31.29,31.49,31.47,31.49,31.27,31.24,31.39,31.2,31.44,31.27,31.24,31.44,31.39,31.49,31.57,31.27,31.57,31.24,31.19,31.4,31.4,31.12,31.12,31.27,30.9,30.73,30.24,30.13,30.18,29.72,27.4,23.45,22.17,21.79,21.38,21.13,20.98,21.1,21.1,20.9,20.98
20.98,20.98,20.9,20.91,20.79,20.95,20.86,20.79,20.86,20.73,21.01,21.16,21.65,21.72,22.46,26.11,29.27,29.87,30.29,30.55,30.61,30.5,30.61,30.41,30.83,30.73,31.03,30.87,31.1,31.1,30.95,30.95,30.66,30.82,30.41,30.26,30.13,30.13,29.98,29.96,30.24,30.33,30.16,30.38,30.33,30.38,30.21,30.36,30.36,30.46,30.21,30.55,30.41,30.33,30.41,30.38,30.45,30.36,30.38,30.45,30.33,30.09,30.29,30.16,30.09,30.33,30.36,30.26,30.13,30.24,30.46,30.33,30.41,30.58,30.58,30.73,30.78,31.19,31.15,31.27,31.47,31.44,31.64,31.47,31.77,31.98,31.61,31.64,31.66,31.56,31.64,31.52,31.32,31.1,31.47,31.19,31.19,31.12,30.95,30.82,30.75,30.7,30.58,30.61,30.55,30.66,30.61,30.83,30.98,30.95,31.24,31.1,31.12,31.44,31.32,31.02,31.35,31.19,31.15,31.4,31.29,31.32,31.4,31.1,31.29,31.52,31.19,31.12,31.24,31.2,31.29,31.66,31.52,31.44,31.39,31.32,31.27,31.15,31.24,31.29,30.82,31.07,31.12,30.66,30.75,30.26,30.16,30.33,29.81,27.79,23.27,22.24,21.75,21.65,21.38,21.32,21.5,20.98,21.05,20.83
20.68,20.51,21.01,20.98,20.9,20.76,20.91,20.9,20.83,20.9,20.98,21.08,21.69,21.84,22.39,26.92,29.35,29.76,30.24,30.01,30.65,30.61,30.9,30.83,30.87,30.9,30.87,30.83,30.58,30.58,30.75,30.75,30.82,30.33,30.24,29.93,30.46,30.01,30.21,30.24,30.36,30.41,30.36,30.33,30.55,30.46,30.41,30.33,30.38,30.53,29.96,30.26,30.38,30.53,30.41,30.58,30.24,30.38,30.73,30.36,30.09,30.41,30.08,30.29,30.36,30.36,30.13,30.46,30.33,30.53,30.46,30.46,30.5,30.46,30.75,30.83,31.02,31.19,31.02,31.56,31.57,31.72,31.66,31.86,32.03,31.89,31.77,31.74,31.69,31.83,31.72,31.47,31.64,31.2,31.24,31.44,31.15,31.12,30.92,30.9,31.07,30.92,31.03,31.2,30.82,30.78,30.95,30.9,30.78,31.12,31.2,31.1,30.98,31.07,30.83,31.07,31.07,31.2,31.44,31.27,31.44,31.27,31.24,31.2,31.47,31.44,31.2,31.27,31.07,31.32,31.4,31.44,31.49,31.52,31.61,31.2,30.98,31.07,31.07,31.1,30.83,30.82,30.83,30.75,30.75,30.46,30.16,30.18,29.96,27.87,23.87,22.21,21.72,21.38,21.28,21.27,20.79,20.86,20.9,20.79
20.64,20.79,20.71,20.9,21.01,20.9,20.91,21.1,21.08,21.05,21.08,21.1,21.53,21.65,22.91,27.37,29.47,29.67,29.98,30.26,30.53,30.98,31.12,31.24,31.24,31.35,31.03,30.45,30.38,30.53,30.7,30.87,30.38,30.36,30.41,30.24,30.21,30.41,30.08,30.26,30.26,30.09,30.21,30.45,30.58,30.29,29.98,30.36,30.21,30.24,29.98,30.29,30.66,30.61,30.53,30.45,30.5,30.55,30.36,30.18,30.26,30.38,30.45,30.24,30.33,30.53,30.45,30.26,30.7,30.24,30.41,30.7,30.29,30.66,30.61,30.83,30.92,30.98,31.12,31.15,31.49,31.81,31.66,31.72,31.74,32.14,31.94,31.81,32.01,31.94,31.98,31.77,31.52,31.64,31.39,31.24,31.39,31.52,31.12,31.19,30.95,31.02,30.73,31.24,30.87,30.9,30.83,31.15,30.78,31.15,30.92,31.15,31.02,30.82,31.1,31.07,30.92,31.1,31.24,31.29,31.19,31.35,31.35,31.27,31.15,31.32,31.27,31.29,31.19,31.35,31.35,31.39,31.15,31.39,31.39,31.35,30.95,30.92,30.95,31.03,30.7,30.75,31.03,30.38,30.29,30.66,30.04,30.18,30.04,28.56,24.14,22.21,21.5,21.2,21.13,21.16,21.2,20.95,21.05,20.79
21.05,20.86,20.58,20.76,20.91,21.2,20.95,20.95,21.13,21.05,21.16,21.08,21.27,21.75,23.33,28.14,29.49,29.67,30.04,30.55,30.7,31.12,30.83,31.15,31.02,31.02,30.55,30.38,30.36,30.5,30.41,30.53,30.36,30.41,30.5,30.55,30.29,30.26,30.16,30.04,29.89,30.33,30.53,30.58,30.13,30.45,29.93,30.18,30.38,30.16,30.33,30.53,30.75,30.78,30.73,30.73,30.53,30.55,30.65,30.58,30.53,30.5,30.08,30.61,30.65,30.04,30.36,30.33,30.09,30.53,30.46,30.61,30.53,31.12,30.75,30.83,30.98,31.03,31.32,31.57,31.81,32.01,32.09,32.06,32.14,32.14,32.09,31.91,31.77,32.28,31.98,31.91,31.74,31.66,31.56,31.74,31.35,31.07,31.27,31.49,31.03,31.15,31.24,30.92,30.75,30.95,31.02,31.15,30.87,30.83,31.12,30.9,31.07,31.07,31.03,31.15,31.27,31.32,31.32,31.19,31.19,31.39,31.47,31.15,31.2,31.24,31.49,31.29,31.12,31.4,31.47,31.32,31.49,31.35,31.77,31.47,31.29,31.03,30.83,30.9,30.95,30.61,30.65,30.5,30.26,30.46,30.24,30.09,30.01,29.12,25.25,22.61,21.57,21.28,21.16,20.73,21.13,21.05,20.61,21.13
20.54,20.39,20.95,20.68,20.49,20.76,20.91,20.86,20.83,21.23,21.27,20.91,21.53,21.9,23.99,28.39,29.35,29.84,29.72,30.46,30.73,30.58,30.7,30.53,30.65,30.58,30.09,30.33,30.21,30.01,30.33,30.55,30.46,30.58,30.16,30.33,30.04,30.21,30.16,29.98,30.26,30.26,30.16,30.26,30.41,30.16,30.36,30.08,30.24,30.21,30.36,30.45,30.29,30.38,30.38,30.46,30.41,30.33,30.16,30.53,30.41,30.29,30.38,30.21,30.13,30.24,30.18,30.29,30.45,30.41,30.53,30.65,30.46,30.75,30.83,31.03,30.83,31.44,31.15,31.64,31.49,31.81,31.98,32.11,32.36,32.06,32.2,32.18,32.18,32.13,32.06,32.09,31.74,31.89,31.49,31.61,31.27,31.57,30.98,31.32,31.32,31.2,30.98,31.1,30.87,30.75,30.65,30.75,30.46,30.83,30.98,30.92,30.78,30.82,30.98,30.87,31.12,30.95,31.07,31.2,31.19,31.2,31.03,30.92,30.98,31.52,31.35,31.47,31.19,31.44,31.4,31.56,31.27,31.35,31.35,31.15,31.12,31.15,30.75,30.61,30.65,30.53,30.78,30.26,30.33,30.26,30.21,30.18,29.64,29.32,26.41,22.66,21.87,21.23,20.98,21.16,21.05,20.9,20.95,20.76
20.68,20.58,20.83,20.76,20.71,20.79,21.08,21.08,21.1,21.13,21.1,21.32,21.95,22.06,25.6,29.07,29.59,29.87,30.41,30.55,30.45,30.26,30.33,30.18,30.16,30.01,30.01,30.08,30.24,29.98,30.13,30.41,30.53,30.66,30.04,30.09,30.29,30.29,30.38,30.33,30.29,30.16,30.26,30.38,30.33,30.16,30.24,30.33,30.21,30.16,30.36,30.41,30.41,30.45,30.38,30.41,30.26,30.55,30.29,30.46,30.55,30.41,30.33,30.16,30.65,30.5,30.45,30.24,30.55,30.55,30.75,30.78,31.03,30.75,31.19,31.35,31.39,31.2,31.24,31.49,31.98,32.28,32.14,32.11,32.45,32.14,32.26,32.23,32.14,31.98,31.89,31.86,31.86,32.09,31.57,31.56,31.52,31.57,31.49,31.49,31.61,31.61,31.2,31.07,31.07,31.03,30.73,30.7,30.92,30.92,31.02,30.82,31.1,31.03,30.9,30.95,31.27,31.24,31.35,31.24,31.27,31.1,31.02,31.03,31.39,31.32,31.19,31.44,31.56,31.12,31.4,31.24,31.4,31.52,31.39,31.19,31.4,30.92,30.95,30.98,30.9,30.55,30.92,30.5,30.29,30.38,30.55,30.09,29.93,29.64,27.37,23.42,21.87,21.53,21.6,21.35,21.16,20.79,20.9,21.01
20.91,20.91,20.73,20.98,20.68,20.91,20.95,20.95,21.2,20.91,21.2,21.69,21.62,22.39,26.34,29.15,29.4,29.69,30.46,30.65,30.24,30.16,30.18,30.26,30.21,29.93,29.98,29.89,30.16,29.89,30.16,30.16,30.38,30.26,30.08,30.5,30.01,30.21,30.45,29.98,30.16,30.21,30.58,30.36,30.29,30.18,30.21,30.04,30.24,30.18,30.33,30.5,30.58,30.38,30.41,30.38,30.21,30.55,30.65,30.38,30.5,30.55,30.5,30.5,30.18,30.5,30.41,30.53,30.5,30.26,30.41,30.61,30.75,30.87,31.2,31.07,31.02,31.61,31.72,31.77,32.01,32.11,32.01,32.31,32.36,32.62,32.31,32.26,32.48,31.94,32.2,32.2,32.18,31.86,31.72,31.86,31.64,31.74,31.69,31.56,31.27,31.35,31.27,31.1,31.02,30.92,30.82,30.87,30.95,30.87,30.9,30.92,30.92,30.75,31.02,31.1,31.1,31.1,31.02,30.95,31.12,31.29,31.47,31.03,31.2,31.27,31.35,31.1,31.39,31.35,31.29,31.49,31.56,31.52,31.12,30.92,30.98,31.12,30.95,30.95,30.66,30.61,30.87,30.92,30.53,30.38,30.41,29.84,29.87,29.81,28.16,24.21,22.06,21.5,21.38,21.23,21.16,21.23,21.2,20.83
21.08,20.76,21.13,20.95,20.76,20.91,20.61,21.1,20.95,21.2,21.23,21.42,21.84,22.69,27.29,28.88,29.61,29.93,30.16,30.16,29.93,29.87,30.13,30.21,29.96,30.08,29.87,29.93,30.01,29.84,30.04,30.08,30.18,30.01,30.33,29.98,30.38,30.24,30.08,30.04,30.09,30.18,30.24,30.21,30.26,30.29,30.09,29.84,30.18,30.08,30.18,30.24,30.26,30.41,30.08,30.36,30.26,30.41,30.26,30.53,30.5,30.29,30.26,30.58,30.36,30.66,30.65,30.41,30.65,30.55,30.92,30.55,30.82,30.98,31.2,31.07,31.2,31.47,31.89,31.74,32.11,32.11,32.2,32.57,32.43,32.6,32.53,32.48,32.43,32.35,32.4,32.09,31.74,32.09,31.98,31.86,31.64,31.52,31.77,31.57,31.57,31.57,31.4,31.12,31.19,31.12,30.95,30.53,30.87,30.78,30.73,30.98,30.9,30.9,30.98,30.98,30.98,30.95,31.12,31.02,31.02,31.19,31.2,30.98,31.29,31.19,31.29,31.49,31.52,31.19,31.56,31.49,31.81,31.32,31.19,31.07,30.95,31.15,30.78,30.66,30.75,30.61,30.66,30.55,30.36,30.33,29.96,30.01,30.04,29.81,28.71,24.98,22.29,21.8,21.5,21.23,21.23,20.79,20.9,20.91
21.13,20.98,21.23,20.79,21.08,20.9,21.13,21.32,21.13,21.08,21.27,21.5,21.87,23.79,28.19,29.2,29.69,30.13,30.09,29.87,29.81,29.93,29.84,29.76,29.98,29.76,29.89,29.93,29.84,29.87,29.87,30.09,30.04,30.21,30.16,30.09,29.93,30.09,30.08,30.04,29.87,30.41,30.13,30.13,30.09,29.93,30.24,30.09,29.98,30.21,30.16,30.58,30.26,30.16,30.24,30.09,30.09,30.36,30.5,30.45,30.36,30.21,30.33,30.38,30.41,30.53,30.55,30.38,30.61,30.24,30.41,30.83,30.78,31.02,31.15,31.07,31.12,31.47,31.89,31.74,31.89,32.26,32.28,32.09,32.43,32.51,32.65,32.26,32.45,32.43,32.53,32.36,32.2,32.31,32.11,32.06,31.91,31.66,31.52,31.35,31.49,31.44,31.15,31.27,31.32,30.92,31.12,30.95,31.02,30.92,30.78,30.78,30.75,30.7,30.95,30.73,31.02,31.2,31.1,30.65,30.95,31.27,30.92,30.78,31.4,30.95,31.32,31.2,31.27,31.64,31.69,31.27,31.61,31.4,31.1,31.1,30.87,31.1,30.82,30.7,30.61,30.61,30.5,30.53,30.45,30.46,30.13,30.45,30.16,29.72,29.07,26.29,22.88,22.14,21.5,21.35,21.28,20.95,21.1,20.79
20.95,20.98,20.71,20.98,20.83,20.95,20.95,21.28,21.16,21.42,21.32,21.94,22.21,25.01,28.28,29.08,29.49,29.87,29.69,29.64,29.69,29.61,29.89,29.76,29.67,29.81,29.98,29.77,29.84,30.04,29.98,30.16,30.08,29.89,30.04,29.84,29.67,29.77,30.01,30.18,29.93,30.09,30.13,29.98,30.09,30.13,30.29,30.08,30.04,30.21,29.89,30.13,29.96,29.98,30.08,30.41,30.29,30.08,30.26,30.29,30.29,29.96,30.29,30.36,30.61,30.53,30.61,30.33,30.73,30.5,30.83,30.9,30.75,31.15,31.15,31.15,31.35,31.49,31.57,31.86,31.86,32.51,32.28,32.6,32.78,32.77,32.62,32.48,32.62,32.4,32.36,32.35,32.35,31.94,31.77,31.77,31.52,31.69,31.47,31.49,31.66,31.56,31.4,31.24,31.1,31.12,30.92,31.1,30.75,30.83,30.83,30.78,30.75,30.78,30.95,31.02,31.02,30.9,31.32,30.92,31.12,31.29,31.03,30.95,31.15,31.24,31.03,31.15,31.12,31.47,31.49,31.39,31.57,31.4,31.39,31.07,30.95,30.92,30.82,30.55,30.41,30.61,30.78,30.45,30.66,30.21,30.24,30.38,29.98,29.69,29.35,27.4,23.48,21.84,21.75,21.6,21.23,21.16,21.08,20.76
20.71,20.79,20.86,20.51,20.91,20.86,20.73,21.28,21.01,21.2,21.35,21.72,22.46,26.49,28.68,29.15,29.52,29.56,29.49,29.61,29.64,29.64,29.39,29.77,29.52,29.77,29.64,29.49,29.93,29.59,30.04,30.18,29.96,30.09,29.81,29.93,29.81,30.08,29.76,29.96,29.98,29.93,29.93,30.16,30.16,30.04,30.24,30.16,30.13,30.16,29.89,30.08,30.38,29.98,30.21,30.09,30.04,30.01,30.04,30.53,30.18,30.29,30.36,30.45,30.29,30.29,30.26,30.41,30.7,30.82,30.38,30.55,30.75,31.02,31.1,31.4,31.35,31.32,31.52,32.09,32.01,32.26,32.35,32.36,32.73,32.95,32.7,32.65,32.57,32.26,32.65,32.51,32.31,32.26,32.03,31.91,31.81,32.06,31.66,31.57,31.57,31.56,31.56,31.64,31.29,31.4,31.2,31.15,31.07,31.02,30.82,30.87,30.87,30.95,30.9,30.9,31.07,30.9,30.9,31.07,31.32,31.03,30.98,30.87,31.02,31.07,31.03,31.1,31.07,31.19,31.27,31.35,31.64,31.27,31.2,31.2,30.83,31.12,30.82,30.75,30.66,30.7,30.75,30.36,30.61,30.26,30.29,30.08,30.16,29.98,29.64,28.56,24.63,22.36,21.72,21.57,21.23,20.91,21.23,21.05
20.86,20.79,20.68,20.9,21.28,20.83,20.76,21.01,21.35,21.32,21.65,21.87,23.38,27.32,28.87,28.88,29.4,29.4,29.49,29.52,29.35,29.32,29.29,29.47,29.56,29.52,29.52,29.69,29.93,29.84,29.76,29.64,29.96,29.76,29.87,29.69,30.13,29.89,29.96,30.01,29.84,30.08,30.24,29.98,30.08,30.01,29.98,30.08,29.81,30.26,29.93,30.21,30.18,30.21,30.16,30.09,30.09,30.18,29.93,30.16,29.98,30.58,30.29,30.38,30.55,30.46,30.83,30.45,30.78,30.87,30.7,30.92,30.82,31.15,31.12,31.2,31.39,31.64,31.77,32.18,31.91,32.31,32.23,32.57,32.7,32.87,32.73,32.68,32.7,32.53,32.48,32.36,32.2,32.23,32.06,31.81,31.89,31.83,31.52,31.66,31.56,31.19,31.69,31.49,31.35,31.27,31.19,31.12,31.1,30.7,31.12,30.83,30.78,31.03,31.15,31.02,30.98,31.1,30.95,30.9,31.07,31.15,31.07,30.98,30.9,31.1,31.19,31.12,31.12,31.1,30.95,31.32,31.1,31.19,31.1,30.87,30.82,31.1,31.03,30.75,30.78,30.75,30.66,30.78,30.55,30.61,30.18,30.18,30.18,30.08,29.64,29.24,26.14,22.91,21.62,21.43,21.28,21.1,21.01,20.79
20.54,20.79,20.68,20.71,20.79,20.98,20.9,20.83,21.32,21.47,21.42,21.8,24.24,28.02,28.87,29.32,29.35,29.15,29.29,29.49,29.39,29.24,29.4,29.61,29.52,29.49,29.39,29.64,29.77,29.69,29.67,29.87,29.81,30.01,29.69,29.59,29.87,29.84,29.77,30.26,30.33,30.36,30.09,29.76,29.87,29.84,29.84,29.98,29.96,29.87,29.72,29.81,29.93,29.67,29.76,30.04,30.04,29.93,30.04,30.18,30.09,30.08,30.26,30.53,30.38,30.61,30.66,30.66,30.87,30.83,30.83,30.95,30.95,31.03,31.4,31.24,31.47,31.66,31.47,32.01,32.09,32.51,32.57,32.62,32.62,32.87,32.65,32.85,32.35,32.57,32.65,32.28,32.2,32.28,31.83,31.64,31.81,31.72,31.44,31.56,31.4,31.69,31.77,31.27,31.1,31.24,31.07,31.12,31.1,31.12,31.2,31.02,30.83,30.83,30.95,30.98,30.98,31.12,31.15,31.24,31.03,31.02,31.15,30.9,31.07,31.02,31.19,30.98,31.2,31.02,30.9,31.1,31.1,31.07,31.27,31.29,30.82,30.98,30.98,30.58,30.75,31.07,30.7,30.55,30.53,30.29,30.29,30.33,29.98,29.87,29.67,29.84,27.67,23.87,22.14,21.2,21.32,20.95,21.08,20.95
20.79,20.86,21.08,21.01,21.01,20.83,20.86,21.35,21.2,21.13,21.72,22.39,25.99,28.43,28.95,28.95,29.44,29.19,29.03,29.08,29.15,29.03,29.29,29.35,29.47,29.35,29.77,29.44,29.93,29.81,29.72,29.96,29.67,29.64,29.84,29.89,29.76,29.81,30.18,30.16,30.09,29.96,29.96,30.26,29.89,29.77,29.96,30.36,29.67,30.09,30.08,29.98,29.81,29.77,30.04,29.49,29.76,29.84,29.81,30.36,30.13,30.13,30.36,30.41,30.58,30.45,30.65,30.87,30.95,30.73,30.9,31.15,31.02,31.44,31.2,31.39,31.27,31.57,31.77,32.23,32.09,32.4,32.43,32.77,32.78,32.82,32.7,32.45,32.6,32.36,32.48,32.45,32.28,32.43,32.23,32.28,32.06,31.98,31.69,31.83,31.69,31.52,31.32,31.49,31.39,31.27,31.29,31.35,31.02,31.03,31.02,30.87,31.12,30.9,30.95,30.82,31.12,30.95,31.32,31.15,31.27,31.44,31.19,31.03,31.1,30.9,31.2,30.95,31.15,31.03,31.2,31.07,31.2,31.12,31.29,31.56,31.35,31.32,31.15,30.95,31.02,31.07,30.75,30.98,30.98,30.53,30.66,30.73,30.38,30.01,29.98,29.59,28.71,25.22,22.27,21.8,21.5,21.23,21.35,21.08
20.91,21.05,20.98,21.05,20.58,21.01,20.9,21.2,21.47,21.27,21.69,23.06,27.13,28.48,28.88,29.2,29.12,29.35,29.08,29.56,28.87,29.08,29.08,29.32,29.49,29.4,29.81,29.67,29.69,29.77,29.96,29.87,29.76,29.84,29.67,29.52,29.87,30.18,30.21,29.93,29.98,30.01,30.01,30.01,30.08,30.08,29.96,29.81,29.96,30.18,29.87,29.93,29.89,29.81,29.98,29.87,30.13,29.89,29.77,30.13,30.21,30.46,30.5,30.21,30.66,30.61,30.83,30.7,30.98,30.83,30.9,31.24,31.2,31.4,31.29,31.4,31.52,31.66,32.03,32.31,32.36,32.73,32.87,32.73,32.65,32.87,32.95,32.6,32.73,32.85,32.65,32.78,32.65,32.43,32.03,32.03,31.86,31.83,31.49,31.69,31.4,31.47,31.47,31.39,31.64,31.35,31.24,31.35,31.2,30.95,31.19,31.02,30.73,31.03,30.92,31.35,31.39,31.2,31.03,31.19,31.32,31.15,31.2,31.27,30.83,31.12,30.83,30.9,31.02,30.87,30.9,30.92,31.1,30.9,31.19,31.52,31.12,31.2,31.1,31.35,31.15,31.19,31.19,31.03,30.95,30.7,30.98,30.55,30.55,30.08,29.81,29.87,29.27,26.7,22.29,21.94,21.62,21.23,20.83,21.08
20.68,20.64,20.79,20.91,20.95,21.05,21.05,21.43,21.05,21.08,21.72,23.99,27.67,28.68,29.07,29.03,29.03,29.07,29.4,29.15,29.12,29.12,29.4,29.32,29.32,29.61,29.56,29.44,29.72,29.67,29.77,29.67,29.96,29.72,29.93,29.93,29.76,29.84,30.33,29.98,29.87,29.76,30.16,29.96,30.33,30.21,29.93,30.18,29.69,30.09,29.96,29.98,29.89,29.76,29.87,29.98,29.84,29.87,29.93,29.98,30.18,30.29,30.53,30.66,30.82,30.73,30.95,30.73,30.95,31.1,30.9,30.9,31.57,31.1,31.81,31.69,31.29,31.69,32.23,32.31,32.51,32.73,32.85,32.94,32.87,32.73,32.73,32.65,32.9,32.82,32.9,32.73,32.51,32.73,32.43,32.18,32.11,32.06,32.09,31.69,31.64,31.66,31.57,31.27,31.4,31.19,31.24,31.4,30.92,31.12,31.1,31.07,31.03,31.12,31.2,31.07,31.39,30.98,31.2,31.2,31.27,31.32,31.03,30.83,30.87,30.95,30.82,30.82,30.78,31.07,31.02,30.87,31.19,31.02,31.24,31.29,31.24,31.49,31.24,31.39,31.4,31.61,31.4,31.02,31.27,30.9,30.95,30.65,30.45,30.16,29.72,29.76,29.2,27.47,23.64,21.95,21.75,20.95,21.2,21.08
20.83,21.1,20.73,20.79,20.86,20.98,21.13,21.16,21.57,21.32,22.14,25.32,28.11,28.55,29.08,29.24,28.83,29.08,29.2,29.56,28.76,29.19,29.29,29.59,29.4,29.4,29.44,29.69,29.93,29.61,29.89,29.64,29.69,29.76,29.98,29.61,29.69,30.24,30.16,30.18,30.26,30.13,30.18,30.21,30.08,30.24,30.01,30.01,29.72,30.04,30.16,29.72,30.01,29.69,30.29,29.72,30.01,29.89,29.89,29.87,30.33,30.41,30.46,30.36,30.9,30.9,30.83,30.82,30.98,30.83,31.29,31.39,31.32,31.57,31.19,31.66,31.57,31.81,32.06,32.43,32.78,32.65,33.1,32.99,32.78,32.57,33.07,32.94,32.77,32.95,32.94,32.62,32.77,32.68,32.51,32.23,32.23,32.06,32.11,31.83,31.77,31.39,31.47,31.52,31.61,31.74,31.49,31.32,31.47,31.32,31.2,31.27,31.03,31.15,31.12,31.4,31.4,31.29,31.4,31.29,31.56,31.57,31.15,31.02,31.15,31.12,31.24,30.83,31.02,30.92,30.95,30.75,30.98,31.02,31.35,31.19,31.19,31.61,31.4,31.49,31.32,31.81,31.61,31.44,31.19,31.02,30.92,30.95,30.73,30.04,30.18,29.93,29.56,28.23,24.41,22.32,21.47,21.32,21.13,21.08
20.83,20.83,20.91,21.16,20.76,20.86,20.9,21.1,21.23,21.53,22.46,26.41,27.79,28.63,28.83,28.83,28.88,29.19,29.35,29.2,28.92,29.07,29.29,29.4,29.4,29.59,29.76,29.44,29.69,29.72,29.72,29.61,29.67,29.77,30.01,30.01,29.84,30.18,30.13,29.96,30.29,30.04,30.21,29.87,30.18,29.96,30.13,29.98,29.64,29.93,29.67,29.64,29.89,29.67,29.59,29.93,29.69,29.89,30.04,29.96,30.45,30.65,30.73,30.65,30.87,30.73,30.87,31.02,31.07,30.7,31.07,31.27,31.1,31.57,31.47,31.69,31.77,31.56,32.2,32.7,32.68,32.95,32.65,32.87,32.95,32.85,32.87,32.95,32.87,33.12,32.85,32.85,32.53,32.62,32.6,32.18,32.23,32.23,31.81,31.81,31.69,31.35,31.44,31.64,31.1,31.2,31.47,31.32,31.39,31.35,31.15,31.24,30.9,31.2,31.07,31.1,30.98,31.15,31.2,30.87,31.39,31.07,31.2,31.1,31.15,30.98,30.82,30.87,30.82,31.02,30.87,30.9,31.12,30.9,31.02,31.32,31.2,31.19,31.47,31.69,31.57,31.86,31.61,31.32,31.57,31.44,31.19,31.03,30.58,30.26,30.09,29.96,29.59,28.95,25.37,22.51,21.84,21.27,21.62,20.98
20.86,21.08,20.91,20.9,21.1,20.9,20.98,21.1,21.23,21.62,23.3,27.4,28.34,28.51,28.87,28.98,28.66,29.24,29.03,29.15,29.0,28.88,29.15,29.2,29.49,29.32,29.44,29.35,29.35,29.76,29.98,29.64,29.67,29.67,29.84,29.84,29.72,30.33,29.98,30.18,30.01,29.93,29.96,30.08,29.93,29.96,29.76,29.98,30.16,29.84,29.52,29.67,29.59,29.56,29.81,29.69,29.49,29.93,30.21,30.09,30.26,30.29,30.61,30.82,30.55,30.65,31.02,30.98,31.24,30.98,31.03,31.47,31.49,31.44,31.44,31.77,31.83,32.2,32.2,32.43,32.95,33.02,33.24,32.87,32.9,33.15,32.99,33.27,33.24,32.95,33.1,33.1,33.07,32.99,32.62,32.31,32.14,32.11,31.94,31.81,31.83,31.47,31.69,31.61,31.4,31.47,31.15,31.4,31.44,31.27,31.56,31.24,31.15,31.2,31.32,31.15,31.49,31.27,31.1,30.95,31.1,31.03,31.12,31.12,31.19,30.9,30.98,30.78,30.87,30.61,30.98,30.82,30.83,30.73,31.02,31.03,31.12,31.35,31.39,31.61,31.74,31.98,31.89,31.69,31.52,31.47,31.49,31.07,30.73,30.7,30.24,29.87,29.84,29.0,25.94,22.63,21.69,21.32,21.53,21.05
20.91,20.91,20.64,20.83,20.83,20.98,21.16,21.2,21.65,21.87,24.68,27.35,28.56,28.71,29.03,28.63,28.87,28.83,29.0,29.19,29.03,29.0,29.4,29.2,29.29,29.35,29.52,29.64,29.61,29.76,29.59,29.67,29.77,29.76,29.64,29.89,29.89,29.72,29.96,30.16,30.21,30.01,30.16,29.87,29.84,29.93,29.87,29.93,29.96,29.69,29.84,29.87,29.81,29.84,29.87,29.67,30.04,30.04,29.87,30.21,30.36,30.45,30.61,30.78,30.82,30.66,30.98,30.98,31.02,31.2,31.35,31.27,31.61,31.57,31.69,31.77,31.74,32.2,32.57,32.57,32.87,33.2,32.85,32.95,32.9,32.78,32.62,32.9,32.73,33.04,32.94,32.94,32.99,32.94,32.68,32.43,32.36,32.26,31.98,31.74,31.69,31.89,31.66,31.47,31.52,31.4,31.52,31.15,31.47,31.27,31.15,31.07,31.29,31.4,31.27,31.47,31.12,31.27,31.2,31.19,31.29,31.32,31.2,31.12,31.2,30.9,30.9,30.98,30.78,30.82,30.65,30.87,30.92,31.02,30.78,31.19,31.29,31.47,31.47,31.49,31.91,31.98,32.01,32.14,31.83,31.66,31.81,31.27,31.2,31.03,30.29,30.09,29.67,29.19,26.68,23.11,22.09,21.38,21.16,20.95
20.76,20.68,20.79,21.05,21.13,20.98,21.23,21.28,21.47,21.99,26.06,27.84,28.28,28.88,28.66,28.6,28.51,28.87,29.0,28.87,28.88,29.07,29.03,29.0,29.24,29.32,29.32,29.47,29.56,29.56,29.77,29.76,29.52,29.67,29.72,30.08,29.64,30.21,29.93,29.89,29.87,30.13,30.01,30.41,29.87,30.08,29.89,29.69,29.56,29.89,29.52,29.76,29.96,29.72,29.72,29.81,29.77,29.84,30.01,30.18,30.36,30.16,30.29,30.83,30.82,30.95,31.07,31.03,31.24,31.07,31.39,31.44,31.24,31.61,31.64,31.89,31.81,32.28,32.48,32.73,32.77,33.02,32.9,33.2,32.95,32.78,32.78,32.82,32.73,32.95,33.15,33.1,33.12,33.07,33.02,32.57,32.57,32.14,32.03,32.03,31.86,31.61,31.83,31.72,31.49,31.24,31.32,31.2,31.44,31.29,31.29,31.64,31.35,31.2,31.12,31.2,31.39,31.32,31.49,31.56,31.19,31.15,31.4,31.02,30.95,30.98,31.1,30.66,30.95,30.78,30.73,30.92,31.07,31.07,31.12,31.03,31.27,31.49,31.61,31.56,31.91,32.03,32.14,32.09,31.86,32.03,31.86,31.64,31.15,30.87,30.26,29.81,29.72,28.75,27.05,23.06,21.8,21.38,21.23,21.05
20.9,20.9,20.91,21.01,20.64,21.05,21.27,21.13,21.65,22.48,26.58,28.11,28.16,28.46,28.63,28.43,28.56,29.12,28.83,29.07,28.83,28.87,29.12,29.12,29.2,29.2,29.52,29.4,29.35,29.56,29.67,29.76,29.52,29.77,30.08,29.96,29.98,29.93,30.13,30.13,30.09,30.01,29.89,29.93,30.08,29.89,29.96,29.81,29.89,29.59,29.56,29.72,29.76,29.61,29.59,29.4,30.08,29.76,30.01,29.98,30.33,30.41,30.65,30.55,30.83,30.78,30.98,31.1,31.19,30.98,31.27,31.47,31.61,31.98,31.61,31.91,32.36,32.31,32.85,33.24,33.07,32.85,33.02,33.07,32.77,32.77,32.62,32.77,33.02,33.02,32.95,32.9,33.02,33.02,32.94,32.57,32.45,32.4,32.06,31.94,31.86,31.64,31.64,31.57,31.69,31.39,31.49,31.72,31.39,31.35,31.39,30.98,31.35,31.24,31.69,31.39,31.69,31.52,31.4,31.47,31.39,30.92,30.98,31.19,31.07,31.15,30.92,30.78,30.87,30.75,30.87,30.7,30.73,30.98,30.98,31.2,30.98,31.49,31.57,31.86,32.14,32.11,32.26,32.23,32.18,32.09,31.61,31.49,31.12,30.92,30.29,30.09,29.81,29.15,27.12,23.45,21.79,21.53,20.91,20.79
21.01,21.01,20.91,20.95,21.01,20.83,21.2,21.79,21.28,23.18,26.92,28.04,28.36,28.71,28.55,28.66,28.55,29.03,28.6,28.87,29.03,28.95,29.19,28.88,29.49,29.15,29.2,29.24,29.24,29.61,29.49,29.76,29.67,29.61,29.84,29.56,30.16,29.77,29.67,29.93,29.87,29.69,29.77,29.96,29.72,29.84,29.77,29.84,29.77,29.89,29.61,29.56,29.84,29.64,29.59,29.87,29.69,29.81,30.21,30.26,30.41,30.26,30.55,30.73,30.87,30.87,30.95,30.95,31.4,31.1,31.35,31.35,31.52,31.89,31.64,31.94,32.35,32.45,32.94,33.02,33.04,32.95,33.1,32.7,32.78,32.68,32.9,32.7,32.68,33.02,33.04,33.1,33.07,33.69,33.02,32.99,32.82,32.51,32.28,32.14,31.89,31.61,31.91,31.61,31.77,31.29,31.56,31.32,31.44,31.44,31.39,31.44,31.1,31.57,31.56,31.56,31.44,31.47,31.49,31.49,31.56,31.44,31.39,31.27,31.15,31.2,30.95,30.83,30.9,30.87,30.66,30.82,31.1,30.7,31.1,31.15,31.24,31.32,31.77,32.01,32.2,32.53,32.65,32.48,32.18,32.31,32.4,31.81,31.02,30.92,30.38,30.26,29.69,29.19,27.35,23.37,22.17,21.35,21.23,20.68
20.9,21.1,20.91,21.16,20.86,20.95,21.05,21.35,21.8,24.24,27.25,28.02,28.23,28.23,28.55,28.36,28.68,28.71,28.87,29.15,29.07,29.0,29.2,29.59,29.52,29.32,29.32,29.52,29.44,29.72,29.64,29.59,29.61,29.84,29.98,29.87,29.89,29.84,29.93,29.98,29.59,29.96,29.77,30.13,29.77,29.87,29.69,30.04,29.77,29.69,29.81,29.89,29.76,29.87,29.76,29.93,29.77,29.98,30.29,30.13,30.24,30.46,30.5,30.46,30.95,30.75,31.2,30.92,31.44,31.15,31.1,31.24,31.74,31.77,31.94,32.18,32.6,32.82,33.19,32.9,32.99,33.2,33.02,32.95,32.7,32.62,32.78,32.65,32.94,33.24,33.07,33.24,33.15,33.2,33.1,32.87,32.94,32.85,32.36,32.14,32.11,31.83,32.06,31.64,31.4,31.83,31.69,31.61,31.74,31.69,31.35,31.4,31.66,31.56,31.35,31.69,31.77,31.83,31.77,31.74,31.72,31.72,31.44,31.29,31.19,31.19,31.1,31.19,31.12,31.07,30.92,30.87,30.98,30.87,31.03,31.49,31.1,31.32,31.66,31.83,32.35,32.77,32.85,32.45,32.26,32.01,32.03,31.64,31.24,30.75,30.65,30.18,29.67,29.49,27.59,23.27,21.94,21.28,21.08,21.05
20.86,20.73,21.05,20.86,20.86,21.01,21.27,21.65,21.94,25.64,27.44,27.87,27.92,28.31,28.48,28.43,28.76,28.95,28.75,29.07,29.07,28.95,29.35,29.44,29.29,29.19,29.47,29.47,29.35,29.61,29.64,29.72,29.47,29.87,29.77,29.98,29.96,29.89,29.93,29.87,30.08,29.81,29.87,29.77,29.89,29.59,29.76,29.93,29.69,29.72,29.61,29.67,29.84,29.84,29.72,29.77,30.09,30.04,30.18,30.16,30.46,30.65,30.38,30.83,30.66,30.95,31.02,31.19,31.24,31.39,31.47,31.69,32.01,31.98,32.03,32.2,32.87,32.87,32.95,33.2,33.19,33.12,33.07,33.07,32.73,32.87,32.68,32.53,32.87,32.73,33.07,33.04,33.04,33.36,33.12,33.04,32.94,32.6,32.77,32.26,32.09,31.86,31.86,31.74,31.61,31.66,31.27,31.64,31.74,31.49,31.35,31.69,31.4,31.64,31.44,31.61,31.94,31.72,31.77,32.09,31.69,31.49,31.39,31.49,31.27,31.4,31.15,30.98,31.27,30.82,31.07,31.1,31.02,31.2,31.1,31.19,31.35,31.57,31.57,32.18,32.6,32.87,32.65,32.26,32.18,32.06,32.45,32.03,31.47,31.12,30.65,30.24,29.98,29.44,27.23,23.3,21.9,21.6,21.13,21.23
20.86,20.83,20.79,20.86,20.98,20.98,21.43,21.23,22.06,25.99,27.64,27.92,28.24,28.43,28.6,28.56,28.63,28.68,28.8,28.98,28.98,29.2,29.12,29.27,29.4,29.27,29.08,29.76,29.61,29.56,29.44,29.56,29.69,29.47,29.98,29.84,29.77,29.96,29.84,30.18,29.87,29.76,29.89,29.69,29.93,29.84,29.64,29.49,29.87,29.72,29.67,29.61,29.87,29.96,29.93,30.04,30.04,30.08,30.21,30.08,30.53,30.61,30.41,30.73,30.55,30.83,31.24,31.32,31.35,31.32,31.64,31.52,31.66,31.89,32.14,32.53,33.12,33.32,32.94,32.73,32.95,33.04,32.95,32.82,32.94,32.51,32.53,32.73,32.65,32.65,32.78,32.99,32.99,32.99,33.12,33.15,33.27,33.15,32.95,32.48,32.31,32.14,32.18,31.98,31.89,31.74,31.61,31.98,31.56,31.72,31.61,31.91,31.66,31.94,31.91,31.91,31.89,31.81,32.11,31.91,31.94,31.69,31.72,31.56,31.57,31.49,31.47,31.47,31.27,31.03,30.98,30.9,31.03,31.02,31.15,31.35,31.47,31.44,31.81,32.01,32.14,32.68,32.87,32.28,32.06,31.94,32.23,31.94,31.56,30.73,30.61,30.18,29.59,29.19,27.37,23.38,21.8,21.65,20.98,20.91
21.08,21.05,20.91,20.86,21.08,21.05,21.23,21.57,22.93,26.58,27.37,27.87,28.02,28.39,28.55,28.39,28.51,28.51,28.76,29.07,29.08,29.27,29.19,29.35,29.19,29.24,29.35,29.56,29.69,29.35,29.29,29.52,29.61,29.72,29.72,29.93,29.89,29.59,29.59,29.84,29.84,30.04,30.13,29.61,29.84,29.52,29.61,29.84,29.84,29.72,29.77,29.72,29.96,29.93,30.04,29.76,30.18,30.04,30.36,30.36,30.7,30.55,30.53,30.75,30.87,31.1,31.12,31.32,31.32,31.69,31.57,31.66,31.64,32.09,32.45,32.7,33.29,33.32,33.19,33.46,32.87,32.73,33.04,32.85,32.68,32.62,32.4,32.73,32.53,32.87,32.94,33.02,33.1,33.36,33.36,33.32,33.49,33.46,33.12,32.77,32.48,32.43,32.18,32.03,31.98,31.86,31.91,31.86,31.83,31.77,32.01,31.89,31.81,31.74,31.89,31.94,31.94,32.01,32.06,32.06,31.98,31.91,31.89,31.74,31.57,31.77,31.49,31.27,31.27,31.1,31.03,31.19,31.35,31.1,31.32,31.27,31.27,31.24,31.61,32.18,32.48,32.45,32.45,32.4,32.03,32.36,32.2,31.98,31.64,31.19,30.75,30.26,29.69,29.39,27.35,23.11,21.99,21.42,21.38,20.9
20.91,20.68,20.86,21.08,20.86,21.23,20.98,21.87,23.79,27.08,27.37,27.79,28.23,28.19,28.28,28.68,28.55,28.68,29.03,29.19,28.83,29.35,28.98,29.27,29.4,29.39,29.35,29.24,29.49,29.49,29.56,29.44,29.84,29.98,29.98,29.76,29.81,29.72,29.64,29.67,29.61,29.96,29.89,29.96,30.13,29.84,29.47,30.16,29.77,30.01,29.76,29.72,29.61,29.93,30.16,30.38,30.41,30.45,30.33,30.87,30.65,30.61,30.73,31.03,31.1,31.32,31.27,31.29,31.52,31.57,31.47,32.18,31.89,32.28,32.4,33.15,33.36,33.12,33.12,33.1,33.02,33.15,32.65,32.85,32.73,32.6,32.43,32.53,32.62,32.73,32.95,33.12,32.87,33.29,33.29,33.36,33.24,33.41,33.24,33.07,32.62,32.7,32.4,32.26,32.11,31.94,31.83,31.89,31.83,31.89,31.86,32.09,31.91,31.98,31.94,32.09,32.31,32.23,32.28,32.03,32.09,31.74,31.74,32.01,31.52,31.69,31.64,31.56,31.29,31.35,31.29,31.27,31.29,31.27,31.1,31.24,31.15,31.39,31.61,31.83,32.11,32.31,32.51,32.57,32.4,32.45,32.23,31.98,31.49,31.15,30.7,30.26,29.93,29.49,26.92,23.11,21.95,21.43,21.23,21.16
21.05,20.83,20.86,21.01,20.76,21.5,21.27,21.87,24.33,27.08,27.72,27.72,27.96,28.23,28.43,28.48,28.66,28.43,28.66,29.03,29.19,29.08,29.08,29.2,29.4,29.24,29.27,29.47,29.64,29.39,29.49,29.69,29.67,29.81,29.98,29.81,29.77,29.61,29.59,29.56,29.32,29.84,29.84,29.93,29.59,29.84,29.77,29.72,29.84,30.13,29.77,30.21,30.01,30.09,29.98,29.96,30.5,30.46,30.58,30.78,30.73,30.87,30.82,30.95,31.1,31.27,31.24,31.29,31.47,31.74,31.72,31.98,31.91,32.36,32.87,33.1,33.1,33.36,33.1,33.04,33.15,32.87,32.99,32.65,32.62,32.51,32.4,32.43,32.65,32.7,32.95,32.95,32.82,33.1,33.07,33.36,33.37,33.49,33.19,33.36,33.1,32.77,32.57,32.48,32.28,32.28,32.26,32.43,32.14,31.83,32.03,31.74,32.18,31.89,32.43,32.36,32.18,32.11,32.06,31.91,32.26,31.89,31.94,31.77,31.81,31.81,31.64,31.74,31.72,31.29,31.49,31.32,31.24,31.27,31.12,31.27,31.39,31.57,31.56,31.57,31.94,32.11,32.06,32.2,32.48,32.26,32.01,31.86,31.47,31.29,30.73,30.38,29.77,29.27,26.93,22.88,21.84,21.13,21.47,21.08
20.64,20.95,20.9,20.79,21.13,21.32,21.2,21.72,25.18,26.93,27.49,27.99,27.91,28.02,28.23,28.31,28.55,28.34,29.03,29.2,29.39,29.08,29.39,29.47,29.67,29.61,29.47,29.52,29.44,29.44,29.67,29.4,29.84,29.76,29.76,29.96,29.64,29.69,29.72,29.69,29.87,30.13,29.98,29.72,29.89,29.93,29.69,29.93,30.08,30.16,30.24,29.93,29.84,30.29,30.21,30.45,30.41,30.33,30.61,30.78,31.03,30.95,31.07,31.1,31.19,31.27,31.35,31.61,31.56,31.83,31.69,32.03,32.28,32.9,33.37,33.32,33.27,33.07,32.94,33.04,32.73,32.73,32.6,32.48,32.48,32.57,32.68,32.43,32.57,32.48,32.68,32.9,32.9,33.24,33.02,32.94,32.9,33.44,33.32,33.46,33.07,33.15,32.82,32.51,32.31,32.26,32.26,32.28,32.09,32.09,32.2,32.09,32.23,32.4,32.28,32.26,32.11,32.35,32.23,32.18,32.11,32.03,31.89,31.83,31.69,31.81,31.89,31.52,31.61,31.61,31.56,31.32,31.39,31.27,31.57,31.44,31.35,31.4,31.29,31.81,31.61,31.81,32.23,31.86,31.86,32.09,32.03,31.4,31.39,30.82,30.73,30.18,29.84,29.61,26.76,23.08,21.94,21.32,21.28,21.01
20.73,21.05,21.23,20.95,21.05,21.2,21.47,22.02,25.52,27.17,27.72,28.04,27.96,28.34,28.23,28.36,28.68,28.98,28.56,28.8,29.29,29.15,29.12,29.52,29.69,29.56,29.56,29.29,29.76,29.61,29.84,29.52,29.77,29.89,29.93,29.72,29.89,29.72,29.89,29.64,29.76,29.67,29.84,29.77,29.96,29.69,30.08,29.98,30.09,29.93,30.04,30.01,30.21,30.46,30.26,30.33,30.66,30.61,30.82,31.02,31.49,31.39,31.24,31.15,31.49,31.57,31.4,31.72,31.89,31.49,32.06,32.23,32.7,33.44,33.41,33.29,33.12,33.19,33.02,32.78,32.95,32.68,32.7,32.9,32.68,32.4,32.18,32.43,32.65,32.65,32.73,32.9,33.07,33.19,33.27,33.27,33.36,33.2,33.32,33.57,33.46,33.46,33.29,32.68,32.65,32.62,32.6,32.45,32.31,32.18,32.51,32.14,32.51,32.45,32.62,32.28,32.43,32.51,32.31,32.28,32.35,32.14,32.2,31.94,31.66,31.83,31.69,31.89,31.86,31.83,31.61,31.69,31.66,31.52,31.57,31.61,31.61,31.49,31.47,31.57,31.72,31.64,31.98,32.06,32.14,31.69,31.83,31.74,31.4,30.92,30.75,30.53,29.72,29.24,26.29,22.85,22.02,21.65,21.16,20.98
20.95,20.98,20.79,21.13,21.08,21.27,21.5,22.32,26.02,27.13,27.71,27.55,27.92,28.24,28.11,28.46,28.76,28.88,29.07,29.15,29.12,29.27,29.15,29.67,29.64,29.32,29.47,29.47,29.64,29.64,29.72,29.77,29.87,29.89,29.84,29.98,29.81,29.98,29.77,29.69,29.89,29.96,29.98,29.81,29.87,29.81,30.16,29.72,30.01,30.01,30.09,29.87,30.04,30.13,30.29,30.58,30.73,30.7,30.92,31.19,31.44,31.27,31.52,31.69,31.27,31.72,31.52,31.57,31.86,31.91,31.89,32.2,33.04,33.2,33.29,33.37,33.07,33.02,32.94,32.78,32.7,32.77,32.73,32.53,32.62,32.6,32.35,32.45,32.73,32.57,32.87,32.87,33.07,32.95,33.19,33.2,33.2,33.37,33.29,33.49,33.61,33.49,33.57,33.1,33.1,32.77,32.82,32.51,32.7,32.4,32.35,32.45,32.53,32.48,32.35,32.48,32.48,32.2,32.36,32.4,32.14,32.11,32.03,32.36,32.14,32.09,31.94,31.77,31.86,31.61,31.64,31.86,31.74,31.49,31.64,31.64,31.32,31.66,31.4,31.61,31.56,31.61,31.83,31.29,31.89,31.81,31.66,31.44,31.27,30.87,30.61,29.98,29.87,29.08,26.02,22.76,21.84,21.5,21.32,21.01
21.08,20.79,21.05,20.98,21.42,21.35,21.35,22.73,26.41,27.29,27.64,27.72,27.79,27.91,28.31,28.39,28.43,28.48,28.75,29.08,29.27,29.12,29.29,29.4,29.44,29.61,29.35,29.59,29.39,29.61,29.69,29.61,29.98,30.08,29.89,30.01,29.72,29.76,29.93,30.01,29.35,29.67,29.69,29.72,29.89,29.76,30.01,29.98,29.72,30.08,30.04,30.26,30.53,30.33,30.45,30.75,30.36,30.87,30.78,30.92,31.15,31.44,31.56,31.47,31.29,31.69,31.66,32.18,32.11,32.14,32.03,32.53,33.32,33.49,33.24,33.19,33.07,32.87,32.82,32.82,32.65,32.68,32.57,32.28,32.35,32.48,32.48,32.36,32.31,32.57,32.6,33.04,32.51,33.02,32.99,32.94,33.2,33.24,33.52,33.37,33.52,33.61,33.71,33.61,33.24,32.94,32.94,32.82,32.53,32.6,32.62,32.48,32.51,32.62,32.94,32.53,32.48,32.77,32.36,32.4,32.14,32.51,32.36,31.98,31.94,31.98,31.98,31.98,31.91,31.86,31.4,31.72,31.81,31.81,31.57,31.66,31.4,31.74,31.24,31.39,31.4,31.2,31.69,31.74,31.49,31.49,31.2,31.27,31.2,30.65,30.41,30.24,29.84,28.92,25.72,22.85,22.02,21.47,21.01,20.91
20.91,20.76,21.2,21.05,20.98,21.23,21.53,23.0,26.81,27.08,27.44,27.59,27.71,28.31,28.14,28.19,28.68,28.71,29.0,29.15,29.2,29.2,29.32,29.67,29.61,29.64,29.49,29.4,29.72,29.76,29.67,29.77,29.77,30.13,29.93,30.04,29.69,29.81,29.69,29.76,29.76,29.61,29.96,29.84,29.96,30.01,30.04,29.93,29.93,30.18,30.18,30.18,30.41,30.38,30.58,30.58,30.9,30.75,31.03,31.1,31.27,31.29,31.39,31.69,31.64,31.81,31.91,31.74,32.26,32.4,32.53,33.15,33.19,33.62,33.2,33.29,32.9,32.94,32.6,32.82,32.45,32.43,32.45,32.48,32.31,32.43,32.14,32.35,32.62,32.53,32.51,32.7,32.62,32.87,33.07,32.95,33.02,33.1,33.44,33.41,33.46,33.69,33.79,33.69,33.57,33.24,33.27,32.82,32.9,32.87,32.6,32.36,32.62,32.62,33.04,32.95,32.94,32.57,32.48,32.51,32.51,32.23,32.23,32.2,32.14,32.09,31.98,32.09,32.11,31.83,31.83,31.94,31.66,31.72,31.89,31.89,31.49,31.91,31.57,31.57,31.44,31.61,31.66,31.57,31.44,31.39,31.12,31.49,31.24,30.7,30.33,30.24,30.01,28.71,25.28,22.63,21.75,21.2,21.01,20.73
20.68,21.05,20.9,21.08,21.01,21.57,21.53,23.33,26.68,27.2,27.29,27.59,27.81,28.08,28.16,28.39,28.48,28.87,29.0,28.95,29.12,29.07,29.27,29.59,29.93,29.67,29.69,29.87,29.93,29.61,29.81,29.84,30.04,30.01,29.76,29.72,30.01,29.84,29.77,29.69,29.52,30.08,29.76,29.77,30.04,30.04,29.77,29.98,30.16,30.33,30.33,30.29,30.45,30.73,30.65,30.82,30.9,30.98,30.92,31.39,31.56,31.47,31.32,31.61,31.69,32.06,31.94,31.91,32.36,32.51,33.02,33.37,33.19,33.37,33.37,33.15,32.94,32.9,32.73,32.85,32.65,32.48,32.36,32.43,32.36,32.23,32.18,32.11,32.65,32.4,32.48,32.43,32.65,33.02,32.77,32.82,33.2,33.36,33.32,33.1,33.46,33.54,33.74,33.79,33.62,33.61,33.57,33.15,33.15,33.04,32.82,32.94,32.45,32.65,32.65,32.57,32.68,32.6,32.57,32.45,32.45,32.2,32.18,32.2,32.35,32.23,32.11,32.06,32.14,32.14,31.83,31.98,32.14,31.94,31.94,31.91,31.64,31.52,31.49,31.66,31.24,31.47,31.35,31.24,31.2,31.19,31.29,31.27,31.07,30.46,30.33,30.04,29.84,28.46,24.93,22.27,21.53,21.28,20.95,21.1
20.54,20.83,20.76,21.05,21.2,21.13,21.84,23.23,26.76,26.97,27.44,27.6,27.64,27.87,28.19,28.48,28.56,28.56,28.75,28.98,29.12,29.2,29.24,29.47,29.61,29.72,29.84,29.59,29.81,29.64,29.84,29.96,30.08,30.08,30.08,30.04,29.61,29.89,29.69,29.72,29.64,29.76,29.87,29.76,29.93,29.84,29.96,29.89,30.04,30.13,30.55,30.09,30.45,30.75,30.98,30.7,30.98,31.07,31.02,31.4,31.61,31.74,31.39,31.83,31.98,31.74,32.2,32.14,32.53,32.65,33.19,33.41,33.2,33.02,33.1,33.04,32.7,32.6,32.94,32.73,32.85,32.45,32.43,32.4,32.53,32.01,32.2,32.26,32.26,32.36,32.53,32.62,32.48,32.77,32.68,32.73,32.99,33.2,33.12,33.36,33.36,33.62,33.44,33.62,33.74,33.69,33.79,33.52,33.41,32.85,32.95,32.94,32.73,32.68,32.7,32.7,33.02,32.68,32.68,32.43,32.31,32.45,32.18,32.51,32.28,32.28,32.4,32.2,32.18,31.91,31.86,32.01,32.01,32.06,31.57,31.83,31.77,31.57,31.64,31.64,31.19,31.4,31.44,31.15,31.03,31.15,31.27,30.95,30.87,30.41,30.04,30.09,29.67,27.76,24.02,22.29,21.28,21.2,21.38,20.95
20.9,21.16,21.13,21.16,21.08,21.35,21.5,23.03,26.61,27.17,27.29,27.72,27.76,28.08,28.31,28.31,28.68,28.76,29.15,28.92,29.08,29.19,29.61,29.72,29.72,29.87,30.09,29.69,29.96,29.89,29.81,29.81,30.29,30.16,29.96,29.89,30.09,29.77,29.96,29.77,29.76,29.59,30.13,29.56,30.09,29.89,29.93,29.96,30.18,30.5,30.26,30.75,30.87,30.83,31.02,30.98,30.95,31.19,30.98,31.19,31.61,31.4,31.83,31.77,32.18,32.23,32.4,32.6,32.99,33.2,33.24,33.19,33.27,33.24,33.44,32.78,32.57,32.73,32.78,32.48,32.51,32.53,32.6,32.23,32.18,32.18,32.14,32.18,32.31,32.4,32.36,32.65,32.51,32.94,32.94,32.7,32.94,33.36,33.12,33.2,33.37,33.66,33.52,33.78,33.66,33.83,34.01,33.93,33.57,33.19,33.19,32.94,32.82,32.99,32.9,32.99,32.94,32.62,32.65,32.73,32.53,32.43,32.48,32.43,32.26,32.48,32.31,32.26,32.4,32.28,32.03,32.11,32.03,31.83,31.86,31.57,32.01,31.56,31.69,31.32,31.39,31.32,31.39,31.19,31.19,31.15,31.27,31.35,30.75,30.66,30.29,30.01,29.44,27.35,23.6,22.27,21.87,21.28,21.27,20.9
20.73,21.27,20.98,21.1,20.86,21.47,21.62,23.22,26.44,27.25,27.4,27.64,27.72,27.87,28.28,28.34,28.48,28.56,29.2,29.03,29.12,29.27,29.15,29.49,29.77,29.87,29.87,30.13,29.72,29.96,30.04,30.01,30.18,30.29,29.93,29.96,29.81,29.84,29.69,29.87,29.77,29.77,29.72,29.77,29.56,30.13,29.87,30.24,30.18,30.38,30.45,30.5,30.83,30.66,31.03,31.2,31.39,31.27,31.29,31.56,31.86,31.77,31.81,32.09,32.09,32.36,32.45,33.04,33.41,33.24,33.2,33.07,33.12,33.1,32.78,32.9,32.95,32.62,32.73,32.51,32.23,32.51,32.35,32.31,32.14,32.2,32.14,32.01,32.2,32.23,32.26,32.31,32.62,32.73,32.73,32.62,32.99,32.95,33.36,33.04,33.27,33.66,33.37,33.69,33.49,33.78,33.91,34.08,33.71,33.79,33.41,33.24,33.04,33.19,32.94,32.82,32.77,32.82,32.9,32.53,32.9,32.35,32.48,32.45,32.31,32.31,32.43,32.14,32.11,32.28,32.09,32.01,32.09,32.11,31.94,31.77,31.77,31.64,31.91,31.74,31.24,31.52,31.35,31.35,31.2,31.35,31.19,30.75,30.95,30.46,30.21,29.67,28.75,26.56,23.42,22.12,21.62,21.13,21.32,21.1
21.16,20.83,21.01,21.16,20.76,21.2,21.28,23.03,26.58,26.93,27.35,27.71,27.71,27.76,28.28,28.36,28.43,28.88,28.98,29.15,29.12,29.39,29.4,29.52,29.59,29.98,30.08,29.87,30.08,30.08,29.98,30.24,30.21,30.18,30.09,29.98,29.76,30.08,29.84,29.93,29.87,29.81,29.77,30.18,29.87,29.76,30.13,30.04,30.53,30.46,30.75,30.9,30.73,30.95,30.87,31.19,31.1,31.49,31.64,31.83,31.83,31.89,32.2,32.2,32.51,32.65,32.99,33.29,33.52,33.57,33.41,33.15,33.2,32.99,32.73,32.87,32.78,32.65,32.73,32.51,32.28,32.26,32.48,32.18,32.18,32.03,31.94,32.11,32.18,32.35,32.26,32.35,32.28,32.62,32.85,32.62,32.68,32.99,33.24,33.24,33.49,33.27,33.27,33.52,33.62,33.79,34.1,34.13,33.99,34.01,34.01,33.49,33.37,33.07,33.37,33.12,33.2,32.82,32.87,32.78,32.62,32.65,32.45,32.62,32.31,32.51,32.28,32.43,32.35,32.2,32.23,32.18,32.09,32.11,32.03,32.11,31.89,31.77,31.86,31.72,31.61,31.44,31.47,31.32,31.29,31.27,31.24,31.02,30.82,30.36,30.01,29.96,28.87,25.7,22.63,22.14,21.2,21.1,21.35,20.9
21.05,20.71,20.86,20.9,21.23,21.1,21.69,22.63,26.23,27.05,27.4,27.47,27.59,28.19,28.23,28.02,28.16,28.95,28.66,28.98,29.03,29.29,29.32,29.47,29.77,29.49,29.87,30.33,30.09,29.93,30.08,29.98,29.89,29.96,30.18,30.01,30.08,30.04,30.01,29.72,29.81,29.77,29.81,30.18,30.18,30.18,30.08,30.36,30.18,30.55,30.83,30.73,31.02,31.1,31.1,31.4,31.56,31.69,31.74,31.91,32.03,31.91,32.35,32.14,32.65,33.1,33.44,33.44,33.46,33.49,33.41,33.2,33.27,33.2,32.82,32.7,32.82,32.57,32.99,32.6,32.77,32.36,32.2,32.31,32.26,32.11,32.2,32.14,32.06,32.18,32.14,32.35,32.7,32.35,32.68,32.7,32.99,33.04,32.82,33.24,33.1,33.27,33.78,33.62,33.66,33.52,33.88,33.78,34.21,34.33,34.04,34.25,33.86,33.19,33.2,33.27,33.15,32.87,32.99,33.12,32.87,32.7,32.82,32.7,32.43,32.51,32.14,32.36,32.65,32.14,32.45,32.31,32.26,32.11,32.06,32.18,31.83,31.94,32.03,31.57,31.47,31.86,31.61,31.47,31.02,31.2,30.92,30.92,30.87,30.7,30.08,30.04,28.36,24.98,22.29,21.94,21.32,21.16,20.79,20.79
21.08,20.98,20.95,21.08,21.16,21.32,21.38,22.51,26.07,27.08,27.12,27.52,27.81,27.91,27.96,28.08,28.24,28.83,28.87,29.12,28.95,29.19,29.19,28.92,29.29,29.29,29.56,30.21,30.29,30.29,30.13,30.04,30.13,30.21,30.26,30.08,30.01,29.69,30.08,29.93,30.04,29.84,30.01,30.01,30.18,29.96,30.21,30.58,30.38,30.66,30.58,30.83,31.02,31.29,31.39,31.74,32.03,31.61,31.83,31.77,32.18,32.14,32.23,32.35,33.27,33.32,33.62,33.66,33.54,33.36,33.32,33.15,32.9,32.9,32.99,32.9,32.77,32.68,32.43,32.65,32.36,32.51,32.4,32.11,32.23,32.26,32.14,32.14,32.09,32.35,32.2,32.09,32.14,32.57,32.6,32.51,32.87,32.82,33.04,33.29,33.36,33.57,33.41,33.88,33.52,33.52,34.08,33.93,34.16,34.13,34.21,34.41,34.26,33.96,33.83,33.46,33.44,33.1,33.19,33.29,33.15,33.1,32.94,32.7,33.02,32.62,32.36,32.68,32.53,32.57,32.48,32.45,32.48,32.36,32.18,32.14,31.94,31.91,31.77,31.77,31.81,31.49,31.69,31.61,31.64,31.57,31.12,30.95,30.53,30.13,29.93,29.56,27.6,23.97,22.36,21.57,21.5,21.2,21.1,21.05
20.83,20.86,20.73,21.2,21.08,21.13,21.35,22.36,25.94,26.93,27.29,27.67,27.55,27.87,27.99,28.31,28.19,28.83,28.87,28.92,29.15,29.24,28.87,28.8,28.95,28.92,29.59,30.04,30.36,30.13,30.08,30.5,30.26,30.09,30.13,30.08,30.21,30.16,29.84,30.08,29.98,30.08,30.09,30.16,30.18,30.29,30.55,30.78,30.5,30.75,30.92,31.07,31.39,31.19,31.74,31.72,31.72,31.91,31.98,32.03,32.23,32.57,32.77,33.2,33.52,33.62,33.49,33.57,33.44,33.24,33.1,33.15,32.82,32.95,32.78,33.07,32.7,32.43,32.73,32.6,32.36,32.4,32.28,32.31,32.31,32.2,32.2,31.91,32.06,32.48,32.06,32.03,32.31,32.35,32.57,32.73,32.7,33.04,32.73,33.19,33.44,33.15,33.78,33.71,33.41,33.66,33.78,33.71,33.93,34.1,34.43,34.38,34.33,34.35,34.33,33.91,33.49,33.32,33.24,32.95,33.24,33.29,32.99,32.65,32.73,32.94,32.9,32.7,32.78,32.6,32.85,32.53,32.48,32.62,31.91,32.31,32.23,32.03,31.89,31.66,31.64,31.35,31.64,31.69,31.69,31.66,30.98,30.98,30.65,30.16,29.84,29.29,26.68,23.18,22.02,21.53,21.16,21.13,21.08,20.95
20.91,21.05,20.86,21.01,21.16,21.16,21.27,22.21,25.33,27.08,27.2,27.79,27.79,27.79,27.96,28.14,28.28,28.55,28.71,29.08,29.27,29.12,28.95,28.66,28.55,29.03,29.4,30.09,29.96,30.09,29.93,29.96,30.45,29.98,30.26,30.21,30.33,30.24,30.36,30.38,30.09,30.45,30.33,30.04,30.29,30.5,30.41,30.73,30.98,31.1,31.12,31.12,31.77,31.61,31.69,31.89,31.89,32.06,32.35,32.57,32.43,32.95,33.32,33.49,33.52,33.32,33.27,33.24,33.37,33.27,33.15,32.82,33.27,33.02,32.9,32.4,32.73,32.95,32.62,32.57,32.4,32.48,32.28,32.18,31.91,32.03,32.11,32.23,32.26,32.11,32.35,32.03,32.35,32.31,32.57,32.48,32.95,32.82,33.04,33.24,33.32,33.41,33.62,33.52,33.71,33.57,33.69,33.83,33.86,33.96,34.3,34.33,34.63,34.41,34.48,34.13,34.33,33.83,33.49,33.54,33.29,33.29,33.24,32.95,33.27,32.95,33.04,32.95,32.73,32.87,32.57,32.82,32.68,32.48,32.45,32.57,32.35,32.28,32.01,31.94,31.98,31.86,31.83,32.03,31.89,31.35,31.49,31.24,30.53,30.21,29.77,28.87,25.7,22.78,22.14,21.6,21.16,21.27,20.79,20.86
20.95,21.28,20.9,20.9,20.9,21.2,21.47,21.8,24.53,27.23,27.71,27.55,27.64,28.16,28.11,28.11,28.36,28.83,28.75,29.12,29.19,29.19,29.19,28.75,28.98,29.2,29.84,29.84,29.93,30.18,30.09,30.38,30.24,30.24,30.61,30.26,30.38,30.29,30.33,30.26,30.45,30.36,30.41,30.33,30.61,30.75,30.61,30.83,30.87,31.39,31.39,31.61,31.91,31.64,32.14,32.11,32.2,32.48,32.51,32.9,33.2,33.37,33.46,33.41,33.78,33.54,33.41,33.24,33.27,33.2,33.29,32.87,32.95,32.85,33.04,32.62,32.48,32.51,32.65,32.6,32.35,32.53,32.6,32.28,32.11,32.2,32.31,31.91,31.91,32.09,32.26,32.36,32.14,32.28,32.65,32.6,32.94,32.85,33.2,33.07,33.12,33.27,33.36,33.62,33.78,33.62,33.66,33.66,33.74,33.99,33.91,34.08,34.33,34.57,34.57,34.68,34.52,34.6,34.57,34.13,33.99,33.83,33.54,33.29,33.15,32.99,33.36,32.99,32.9,33.19,32.95,32.77,32.95,33.02,32.57,32.73,32.45,32.23,32.35,32.31,32.43,32.4,32.53,32.4,32.18,31.91,31.39,31.15,30.82,30.18,29.77,28.34,23.97,22.73,21.69,21.32,21.38,20.9,21.16,21.16
20.79,20.79,20.98,20.98,20.98,21.2,21.16,21.87,23.15,27.05,27.37,27.72,27.96,27.96,28.04,28.34,28.23,28.6,28.87,28.8,29.29,29.44,29.29,29.35,29.07,29.56,29.61,29.98,30.26,29.96,30.24,30.38,30.16,30.55,30.09,30.55,30.45,30.5,30.41,30.58,30.46,30.53,30.41,30.65,30.98,31.27,31.2,30.95,31.24,31.74,31.4,31.66,31.56,32.11,32.14,32.18,32.57,32.4,32.87,33.37,33.36,33.44,33.15,33.52,33.27,33.24,33.19,33.1,33.1,33.27,32.95,32.9,33.1,32.65,32.62,32.77,32.26,32.7,32.7,32.57,32.6,32.28,32.43,32.45,32.35,32.31,32.28,32.09,31.98,32.11,32.35,32.06,32.06,32.48,32.31,32.53,32.53,33.04,32.78,32.78,33.15,33.44,33.24,33.61,33.46,33.12,33.54,33.74,33.86,33.83,33.83,34.08,34.16,34.25,34.47,34.04,34.65,34.73,34.52,34.41,34.57,34.13,34.04,34.1,33.71,33.69,33.37,32.99,33.19,33.02,33.15,33.29,33.02,32.85,33.12,32.78,32.6,32.48,32.82,32.65,32.68,32.7,32.51,32.36,31.86,31.66,31.39,31.27,30.72,29.96,29.49,26.97,23.6,22.29,21.87,21.53,21.23,20.76,20.91,20.91
20.68,21.05,21.01,20.9,20.9,21.38,21.16,21.47,22.51,26.31,27.44,27.72,27.84,27.99,28.36,28.36,28.11,28.63,28.75,29.32,29.15,29.47,29.72,29.59,29.59,30.13,29.89,30.21,29.93,29.98,30.08,30.13,30.16,30.24,30.33,30.53,30.55,30.55,30.61,30.58,30.82,30.61,30.83,31.12,31.29,31.15,31.29,31.27,31.2,31.81,31.66,31.89,31.94,32.36,32.2,32.7,32.99,32.95,33.15,33.41,33.29,33.49,33.32,33.36,33.57,33.36,33.02,33.24,33.46,32.82,32.53,32.85,32.78,32.95,32.6,32.9,32.28,32.62,32.48,32.62,32.57,32.6,32.43,32.11,32.23,32.03,32.4,31.98,32.2,32.26,31.77,32.14,32.23,32.43,32.45,32.57,32.57,32.68,32.73,32.99,33.27,32.99,33.49,33.54,33.46,33.37,33.52,33.52,33.46,33.74,33.88,33.88,34.13,34.08,34.16,34.41,34.55,34.41,34.63,34.55,34.48,34.3,34.01,33.91,34.01,33.93,33.86,33.88,33.57,33.79,33.49,33.54,33.52,33.49,33.19,33.41,33.07,33.1,32.99,32.95,33.02,32.68,32.62,32.28,32.14,31.74,31.39,31.02,30.78,30.01,28.95,25.67,22.78,21.84,21.57,21.2,20.79,21.08,20.95,20.98
20.86,20.73,20.71,21.35,20.9,21.05,21.01,21.38,21.84,24.51,27.59,27.64,27.84,27.76,28.19,28.08,28.28,28.66,28.8,29.03,29.2,29.52,29.49,29.61,29.52,29.64,29.61,30.04,30.16,30.26,30.45,30.38,30.5,30.46,30.58,30.82,30.53,30.82,30.7,30.87,30.92,31.02,31.39,31.07,31.03,31.44,31.4,31.47,31.61,31.81,31.77,32.11,32.26,32.45,32.62,32.95,33.19,33.27,33.15,33.41,33.36,33.57,33.2,33.29,33.15,33.19,32.95,32.78,33.07,32.95,32.87,32.65,32.78,32.73,32.57,32.68,32.48,32.6,32.73,32.48,32.6,32.48,32.36,32.4,32.23,32.2,32.26,31.86,32.14,32.14,32.35,32.14,32.36,32.03,32.36,32.43,32.48,32.85,33.07,32.95,33.07,33.12,33.29,33.15,33.2,33.32,33.32,33.61,33.61,33.46,33.78,33.79,34.13,34.16,34.16,33.93,34.25,34.35,34.25,34.35,34.73,34.3,34.33,34.3,34.1,34.25,34.04,34.18,34.08,33.93,33.86,33.96,33.86,33.66,33.71,33.61,33.46,33.41,33.32,33.2,32.7,32.87,32.6,32.28,32.06,31.89,31.74,30.9,30.7,30.08,27.91,23.99,22.09,21.53,21.69,21.23,21.27,21.23,21.2,20.9
20.46,20.79,20.9,21.08,20.9,21.08,21.28,20.86,21.43,22.78,26.65,27.96,28.23,27.91,28.02,28.14,28.14,28.76,28.55,29.07,29.24,29.39,29.69,29.4,29.49,29.84,29.77,29.93,30.53,30.24,30.45,30.41,30.41,30.58,30.78,30.9,31.02,30.75,31.24,31.15,31.27,31.12,31.2,31.15,31.56,31.74,31.64,31.52,32.06,32.03,32.14,32.09,32.43,32.68,33.12,33.02,33.36,33.29,33.52,33.54,33.2,33.41,33.15,33.27,33.2,33.1,32.99,32.82,32.82,32.65,32.53,32.78,32.65,32.51,32.73,32.53,32.51,32.53,32.51,32.28,32.65,32.43,32.26,32.62,32.06,32.45,32.2,32.03,32.36,32.11,32.14,32.35,32.23,32.4,32.23,32.43,32.48,32.68,32.87,32.77,33.1,32.95,33.15,33.36,33.29,33.49,33.32,33.49,33.36,33.71,33.74,33.91,33.96,33.69,34.16,34.04,34.3,34.08,34.35,34.01,34.6,34.35,34.47,34.25,34.38,34.21,34.33,34.33,34.41,34.18,33.91,33.86,33.96,34.08,33.86,33.78,33.79,33.52,33.44,33.24,33.07,32.87,32.82,32.57,32.23,31.66,31.72,31.32,30.33,29.19,25.94,23.42,22.27,21.6,20.9,21.53,20.83,20.73,21.01,20.9
20.83,20.95,20.64,21.1,21.16,20.98,21.2,21.23,21.27,22.06,23.69,27.23,28.16,28.08,28.16,28.28,28.23,28.6,28.92,28.95,29.08,29.35,29.56,29.67,29.89,29.93,29.89,30.21,30.13,30.38,30.45,30.38,30.66,30.92,31.07,31.02,31.12,31.4,31.27,31.49,31.61,31.66,31.49,31.77,31.91,32.09,31.72,31.91,32.09,31.94,32.35,32.65,32.87,33.32,33.2,33.36,33.54,33.37,33.46,33.37,33.15,33.29,33.27,33.32,32.99,32.95,33.12,32.73,32.82,33.04,32.73,32.65,32.65,32.87,32.82,32.65,32.65,32.65,32.68,32.7,32.6,32.28,32.62,32.4,32.23,32.23,32.28,32.23,32.14,32.09,32.4,32.2,32.45,32.51,32.31,32.43,32.36,32.43,32.77,33.1,32.9,32.73,33.15,33.12,33.24,33.29,33.44,33.41,33.61,33.29,33.46,33.74,33.79,34.01,34.33,34.18,34.25,34.16,34.47,34.33,34.01,34.35,34.1,34.33,34.18,34.25,34.41,34.1,34.25,34.26,34.13,34.35,34.16,33.69,34.1,33.96,33.86,33.78,33.46,33.37,33.1,32.9,32.73,32.48,32.26,31.83,31.49,30.92,30.16,27.84,24.44,22.51,22.06,21.13,21.35,21.16,21.08,20.91,21.05,20.79
20.83,20.86,20.79,20.91,20.98,21.01,20.98,21.05,21.27,21.43,21.75,24.17,27.13,28.31,28.04,28.11,28.28,28.87,28.76,28.71,29.12,29.32,29.49,29.61,29.84,29.98,30.16,30.36,30.13,30.41,30.53,30.9,30.78,31.07,31.24,31.52,31.61,31.44,31.49,31.4,31.61,31.72,31.69,31.86,31.77,31.94,32.2,32.18,32.48,32.51,32.99,33.29,33.27,33.36,33.19,33.44,33.61,33.49,33.2,33.61,33.2,33.37,33.12,33.15,33.37,33.1,32.77,32.45,32.77,32.82,32.77,32.73,32.51,32.53,32.53,32.48,32.45,32.45,32.62,32.36,32.18,32.45,32.36,32.31,32.2,32.06,32.2,32.11,32.18,32.09,32.14,32.2,32.28,32.36,32.35,32.36,32.31,32.53,32.65,32.73,32.9,33.02,33.07,33.1,33.15,33.29,33.27,33.36,33.27,33.29,33.49,33.44,33.52,33.86,33.79,33.69,34.08,33.88,34.08,34.21,34.38,34.18,34.26,33.96,34.13,34.35,34.38,34.04,34.26,34.26,34.1,34.26,34.16,34.08,33.69,33.83,33.86,33.71,33.61,33.27,33.27,32.9,32.87,32.31,32.36,32.09,31.4,30.9,29.08,25.87,23.23,22.21,21.84,21.23,21.35,20.86,20.95,20.83,20.9,21.08
20.91,20.98,20.83,20.95,21.01,20.9,21.32,21.32,20.98,21.13,21.62,22.17,23.54,26.23,27.79,28.36,28.46,28.66,28.87,29.07,29.03,29.4,29.72,29.69,29.76,29.93,29.89,30.24,30.46,30.26,30.73,30.75,31.24,31.2,31.19,31.64,31.57,31.35,31.72,31.72,31.72,31.77,31.83,31.86,32.06,32.14,32.48,32.6,32.85,33.04,33.24,33.19,33.27,33.15,33.46,33.2,33.2,33.12,33.19,33.07,33.1,33.15,32.78,32.99,33.24,33.04,32.78,32.77,32.85,32.85,32.53,32.45,32.7,32.48,32.51,32.43,32.43,32.65,32.51,32.43,32.4,32.36,32.31,32.48,32.03,32.2,32.2,32.09,32.09,32.06,32.14,32.11,32.01,32.28,32.11,32.18,32.35,32.36,32.26,32.7,32.6,32.82,32.85,32.95,33.07,33.24,33.27,33.27,33.2,33.49,33.27,33.29,33.41,33.57,33.78,33.66,33.86,33.83,34.1,34.1,33.99,34.26,34.21,34.16,33.93,33.86,34.08,34.16,34.41,34.1,33.96,34.21,34.16,34.43,34.3,33.99,34.04,33.66,33.32,33.41,32.99,32.95,32.77,32.4,32.03,31.74,30.98,29.61,27.05,23.72,22.54,22.02,21.32,21.28,20.95,21.27,21.01,20.79,20.83,20.83
20.83,20.76,21.08,21.08,20.9,20.79,20.86,20.95,21.01,21.08,21.05,21.6,21.6,22.66,24.71,27.6,28.66,28.63,28.87,29.12,29.35,29.24,29.44,29.72,29.96,30.21,30.18,30.24,30.75,31.03,30.78,30.98,31.35,31.44,31.56,31.77,31.98,31.77,31.86,32.03,32.06,31.81,32.01,32.09,32.2,32.65,32.73,32.95,32.9,33.12,32.87,32.87,32.94,33.04,33.24,33.07,33.04,33.07,33.15,33.19,33.1,33.19,33.02,32.94,32.95,32.68,32.85,32.73,32.62,32.57,32.36,32.51,32.45,32.53,32.26,32.57,32.57,32.48,32.18,32.2,32.31,32.31,32.03,32.11,32.14,31.77,31.89,32.2,32.31,32.03,31.94,32.18,32.2,32.09,31.89,31.98,32.03,32.57,32.51,32.51,32.82,32.7,32.9,32.87,33.12,33.32,33.24,33.37,33.37,33.2,33.19,33.44,33.41,33.37,33.52,33.66,33.79,33.91,33.96,33.74,33.79,33.86,33.99,33.79,33.66,33.83,33.93,34.01,33.88,33.96,33.79,34.21,34.33,34.16,34.01,34.16,33.62,33.74,33.54,33.29,33.04,32.77,32.85,32.14,31.89,31.64,30.26,27.59,24.33,22.48,21.95,21.38,21.1,21.05,21.2,21.23,21.08,21.05,20.76,20.71
20.79,20.91,20.73,20.73,20.73,21.08,20.95,20.73,21.1,21.13,21.2,21.43,21.6,21.28,22.12,23.64,25.82,27.12,28.08,29.0,29.15,29.49,29.81,30.08,30.18,30.78,30.7,30.7,30.73,31.12,31.27,31.44,31.44,31.74,31.86,31.89,32.31,32.14,31.74,32.06,31.98,32.09,32.48,32.68,32.9,33.15,33.12,33.24,32.99,32.85,33.27,33.2,32.87,33.2,33.2,33.15,33.29,32.9,33.02,32.9,33.07,33.07,32.87,32.94,32.85,32.87,32.68,32.62,32.62,32.48,32.14,32.53,32.31,32.68,32.35,32.36,32.45,32.57,32.4,32.35,32.26,32.51,31.91,31.89,32.2,31.89,32.11,31.98,31.83,31.74,32.11,32.01,32.06,31.89,31.91,32.09,32.11,32.36,32.26,32.35,32.48,32.57,32.73,32.87,32.94,32.94,33.29,33.24,33.36,33.27,32.99,33.49,33.44,33.27,33.61,33.44,33.79,33.57,33.54,33.66,33.74,33.91,33.96,33.71,33.57,33.66,33.86,33.91,33.79,33.93,33.99,34.04,34.13,33.88,33.96,34.21,33.96,33.62,33.49,33.62,33.2,32.7,32.4,32.01,31.4,29.98,27.4,24.56,22.96,22.02,21.6,21.35,21.2,21.16,21.08,20.73,20.83,20.98,20.83,20.73
20.76,20.79,20.83,20.79,20.95,20.79,20.73,21.1,20.98,21.1,21.16,21.5,21.35,21.35,21.84,22.32,22.29,23.11,24.51,26.46,28.36,29.2,29.98,30.46,30.45,30.75,30.95,31.19,31.24,31.2,31.72,31.56,31.52,31.86,32.06,31.91,31.89,32.2,32.18,32.43,32.48,33.1,32.99,32.94,32.99,33.27,32.95,32.68,32.9,33.07,32.7,32.78,32.9,33.15,33.02,32.95,32.85,32.95,32.9,32.78,32.65,32.95,32.7,33.07,32.7,32.68,32.6,32.4,32.6,32.51,32.28,32.31,32.35,32.18,32.6,32.45,32.43,32.23,32.35,32.45,32.35,32.11,32.09,32.36,32.09,32.06,32.23,31.83,32.06,32.01,31.94,31.86,32.11,31.91,31.91,31.77,32.18,32.03,32.26,32.09,32.26,32.87,32.68,32.78,32.85,32.94,32.95,33.27,32.99,33.1,33.24,33.04,32.99,33.36,33.41,33.37,33.44,33.36,33.44,33.49,33.54,33.41,33.52,33.74,33.62,33.57,33.57,33.66,34.01,33.74,33.93,34.08,33.99,34.26,33.83,33.96,34.01,33.96,33.24,33.29,33.2,32.31,32.18,31.07,29.24,26.38,24.21,23.22,22.06,21.57,21.6,20.98,21.2,21.05,20.68,21.01,21.01,20.76,20.79,21.05
20.9,20.76,21.1,20.73,20.64,20.98,20.9,21.08,21.05,20.68,21.05,21.05,21.08,21.47,21.6,21.79,21.9,22.09,22.51,23.54,24.29,27.02,30.01,30.73,31.2,31.27,31.07,31.52,31.57,31.57,31.64,31.74,31.98,32.11,32.31,32.23,32.65,32.87,32.82,33.29,33.36,33.2,33.24,33.04,33.07,32.78,32.78,32.94,33.12,32.94,33.04,32.77,32.94,33.04,32.99,32.78,32.73,32.73,32.82,32.85,32.94,32.87,32.68,32.77,33.07,32.62,32.7,32.18,32.23,32.36,32.23,32.68,32.26,32.57,32.28,32.43,32.4,32.31,32.11,32.18,32.2,32.26,31.94,32.09,32.03,31.98,32.28,32.11,31.86,32.01,31.98,31.83,31.94,31.69,31.77,31.66,32.11,32.01,32.28,32.18,32.18,32.36,32.53,32.78,32.73,32.9,32.87,33.04,33.12,33.32,33.29,33.32,33.44,33.24,33.44,33.36,33.52,33.71,33.36,33.52,33.57,33.44,33.41,33.54,33.54,33.41,33.61,33.69,33.54,33.57,33.93,33.93,34.25,33.93,33.96,33.99,33.66,33.74,33.61,33.36,32.51,31.52,29.56,27.17,24.95,23.42,22.61,22.24,21.5,21.35,21.2,21.27,21.13,20.98,21.05,21.05,21.35,20.61,20.98,20.61
20.79,20.83,20.71,20.79,20.64,20.95,20.79,20.95,20.9,20.91,21.01,21.13,21.23,21.08,21.42,21.38,21.6,21.65,21.87,22.43,23.3,26.88,30.09,31.19,31.29,32.01,32.01,32.09,32.14,32.31,32.43,32.53,32.7,32.68,32.99,32.82,32.95,33.02,33.19,33.29,33.19,33.1,33.19,33.07,33.12,32.94,33.07,32.82,32.77,32.65,32.9,32.82,32.62,32.78,33.1,32.78,32.77,32.87,32.78,32.78,32.73,32.53,32.65,32.78,32.77,32.62,32.48,32.36,32.11,32.35,32.2,32.28,32.11,32.31,32.09,32.45,32.06,32.14,32.51,32.31,32.14,32.23,32.2,31.91,31.98,31.98,31.89,31.72,32.11,31.83,31.81,31.74,31.81,31.81,31.72,31.81,31.81,31.77,32.01,32.11,32.28,32.35,32.43,32.65,32.78,32.57,32.6,32.87,32.87,33.24,33.04,33.27,33.07,33.12,33.29,33.12,33.41,33.46,33.19,33.41,33.37,33.62,33.46,33.36,32.99,33.61,33.49,33.41,33.74,33.54,33.71,33.78,34.18,33.93,33.66,33.86,33.79,33.61,33.61,32.95,31.02,27.12,25.18,23.57,23.18,22.54,22.06,22.06,21.6,21.27,21.42,21.16,20.9,20.86,21.01,21.01,20.91,20.9,20.79,20.79
20.95,20.91,20.95,20.95,20.83,20.71,20.76,20.9,20.79,21.08,20.86,21.2,20.98,21.13,21.53,21.1,21.57,21.8,21.8,22.54,24.06,28.19,30.24,31.39,31.69,31.74,32.09,32.09,32.45,32.51,32.68,32.73,32.9,33.1,33.24,33.27,33.36,33.04,33.04,33.19,33.04,33.1,32.99,32.94,32.94,32.95,32.95,32.77,32.78,32.62,32.9,32.82,32.78,32.53,32.65,32.82,32.94,32.77,32.62,32.73,32.57,32.82,32.87,32.62,32.51,32.35,32.18,32.48,32.28,32.31,32.26,32.28,32.09,32.36,32.31,32.35,32.35,32.06,32.11,32.28,32.26,32.26,31.98,32.23,32.06,31.94,32.14,32.06,31.94,31.81,31.61,31.64,31.64,31.49,31.4,31.56,31.52,31.89,32.03,31.81,32.06,32.4,32.48,32.48,32.65,32.65,32.82,32.82,33.19,32.99,32.94,33.04,33.1,33.29,33.29,33.46,33.49,33.41,33.62,33.12,33.2,33.52,33.32,33.37,33.15,33.44,33.2,33.19,33.57,33.44,33.49,33.86,33.69,33.71,33.79,33.74,33.29,33.57,33.46,32.57,29.96,25.45,23.84,22.96,22.39,21.6,22.06,21.5,21.23,21.16,21.05,21.27,21.16,21.01,21.13,20.79,20.9,20.98,21.05,20.95
