32.2,32.31,32.28,32.73,32.28,32.4,32.82,33.02,33.32,33.29,33.41,33.24,33.83,33.99,33.71,33.66,33.27,33.36,33.2,33.2,33.1,32.7,32.87,32.85,32.73,32.85,33.19,33.24,33.41,33.1,33.15,33.49,32.87,32.87,33.46,33.44,33.29,33.57,33.07,32.95,32.78,32.23,30.78,28.48,28.04,30.08,31.02,31.72,32.4,32.62,33.02,33.36,33.54,34.01,34.18,34.08,33.74,33.57,33.61,33.19,33.27,33.32,33.19,33.37,33.02,33.54,33.44,33.61,33.54,33.54,33.69,33.66,33.49,33.49,33.57,33.71,33.54,33.69,33.49,33.74,33.62,33.49,33.57,33.54,33.71,33.46,33.29,33.46,33.46,33.15,33.2,33.12,33.2,33.12,33.19,33.07,33.19,32.95,32.62,33.04,32.99,33.24,33.19,33.41,33.19,33.12,32.85,32.35,30.83,28.68,25.96,25.01,25.17,24.63,24.68,24.56,24.44,24.51,24.26,24.17,24.24,24.41,24.41,24.29,24.71,24.68,24.83,25.75,27.52,29.24,30.46,31.44,31.39,31.94,32.2,31.98,32.09,32.03,32.28,32.26,32.43,32.31,32.57,32.43,31.89,32.35,32.48,32.57,32.2,32.18,32.2,31.83,31.98,32.01,32.18,32.36,32.73,32.11,32.4,32.03
32.14,32.14,32.45,32.2,32.77,32.6,32.95,32.73,33.29,33.27,33.44,33.78,33.78,34.08,33.79,33.71,33.52,33.12,32.82,32.87,32.73,32.85,32.77,32.7,33.07,32.85,32.9,32.95,33.41,33.15,33.32,33.19,33.46,33.29,33.49,33.54,33.19,33.29,33.24,33.32,33.15,32.9,32.14,31.4,31.32,32.03,32.09,32.2,33.02,33.02,33.62,33.83,33.78,34.08,34.08,34.08,33.86,33.93,33.83,33.66,33.2,33.32,33.27,33.1,33.19,33.54,33.74,33.41,33.66,33.15,33.41,33.54,33.36,33.36,33.69,33.71,33.49,33.71,33.44,33.91,33.41,33.66,33.86,33.41,33.52,33.44,33.24,33.44,33.36,33.2,33.37,33.19,33.04,33.02,33.29,32.94,32.77,33.02,32.73,33.15,33.15,33.24,33.27,32.99,33.54,33.07,33.32,32.78,31.94,31.4,29.77,28.11,26.02,24.98,24.8,24.9,24.53,24.44,24.29,24.39,24.59,24.33,24.51,24.44,24.66,25.67,27.25,28.92,30.65,30.73,31.56,31.72,31.98,32.36,32.65,32.31,32.03,32.2,32.35,32.26,32.2,32.35,32.31,32.4,32.23,32.6,32.18,32.31,32.43,32.4,32.4,32.26,32.2,32.26,32.18,32.43,32.11,32.18,32.09,32.2
32.18,32.09,32.43,32.65,32.48,32.68,32.99,33.02,33.46,33.29,33.86,33.61,34.01,33.83,33.29,33.62,33.37,32.77,33.1,32.77,32.78,32.77,32.73,32.73,33.02,33.07,32.94,32.9,33.12,33.19,33.15,33.12,33.71,33.44,33.41,33.83,33.29,33.46,33.29,33.19,33.15,33.19,33.04,33.02,32.7,32.65,33.37,33.44,33.44,33.37,33.29,33.74,33.93,34.25,34.16,34.21,34.38,34.18,33.91,33.62,33.61,33.29,33.41,33.44,33.1,33.37,33.49,33.69,33.49,33.46,33.27,33.24,33.54,33.52,33.36,33.19,33.41,33.86,33.83,33.49,33.36,33.49,33.62,33.93,33.66,33.29,33.69,33.41,33.52,33.07,33.04,32.95,33.1,33.32,33.29,33.24,33.36,33.15,32.87,33.15,32.95,33.24,33.52,33.37,33.41,33.46,33.37,33.12,32.94,32.78,32.06,31.12,29.08,27.37,25.64,25.07,24.78,24.71,24.66,24.36,24.78,24.78,24.9,25.25,26.88,29.27,30.33,31.12,31.69,31.89,32.23,32.43,32.51,32.36,32.35,32.23,32.09,32.26,32.51,32.23,32.23,32.48,32.28,32.43,32.4,32.53,32.28,32.53,32.11,32.62,32.6,32.6,32.45,32.2,31.91,32.51,32.4,32.36,32.03,32.2
32.4,32.06,32.31,32.43,32.53,32.87,32.87,32.87,33.54,33.66,33.69,33.78,33.79,33.91,33.62,33.36,33.46,32.73,32.78,32.78,32.77,32.53,32.4,32.62,32.7,32.82,32.78,33.15,33.15,33.02,33.19,32.99,33.07,33.41,33.44,33.12,33.46,33.37,33.79,33.29,33.61,33.27,33.54,33.27,33.07,33.04,33.46,33.66,33.61,33.61,33.78,33.71,33.88,34.01,34.16,34.38,34.33,34.38,33.88,33.99,33.57,33.54,33.37,33.44,33.37,33.49,33.07,33.27,33.41,33.15,33.32,33.04,33.44,33.46,33.27,33.41,33.44,33.27,33.24,33.29,33.46,33.57,33.24,33.37,33.52,33.41,33.29,33.07,32.9,33.19,32.94,33.02,33.02,33.07,33.02,32.94,33.24,33.24,33.24,33.46,33.27,33.41,33.49,33.52,33.71,33.46,33.32,33.46,33.41,32.73,32.53,32.09,31.1,30.46,28.48,25.79,24.8,24.66,25.13,25.05,24.83,24.78,26.29,28.28,30.09,30.65,31.35,31.57,31.98,32.03,32.43,32.36,32.36,32.18,32.53,32.36,32.36,32.11,32.62,32.4,32.06,32.45,32.45,32.45,32.36,32.6,32.6,32.57,32.65,32.53,32.51,32.48,32.31,32.26,31.94,32.4,32.11,32.23,32.14,32.09
32.43,32.23,32.51,32.45,32.65,32.73,33.02,32.9,33.69,33.78,34.01,33.74,33.78,33.54,33.57,33.29,32.85,32.6,32.57,32.23,32.26,32.53,32.31,32.43,32.7,32.45,32.62,32.73,33.19,32.82,32.9,33.24,33.32,33.49,33.24,33.24,33.32,33.27,33.32,33.19,33.44,33.44,33.57,33.52,33.71,33.54,33.36,33.69,33.74,33.88,33.69,33.61,33.78,34.01,33.96,34.33,34.33,34.47,34.25,33.86,33.83,33.46,33.46,33.61,33.52,33.19,33.41,32.99,33.2,33.1,32.95,33.19,32.9,33.2,33.27,33.19,33.41,33.41,33.54,33.66,33.15,33.41,33.15,33.41,33.12,33.15,33.1,33.07,32.94,32.95,32.94,32.78,33.24,32.94,33.04,32.94,33.04,33.19,33.19,33.36,33.52,33.62,33.46,33.61,33.62,33.32,33.54,33.57,33.15,33.27,32.82,32.35,32.11,31.29,31.03,29.12,26.8,25.25,24.93,24.93,25.13,26.97,29.03,30.38,31.4,31.64,31.66,32.31,32.4,32.14,32.43,32.77,32.53,32.36,32.35,32.28,32.4,31.98,32.48,32.01,32.06,32.4,32.36,32.36,32.31,32.82,32.77,32.48,32.68,32.36,32.6,32.62,32.35,32.14,32.18,32.45,32.43,32.11,32.18,32.35
32.26,32.11,32.48,32.43,32.78,33.02,33.1,33.32,33.71,34.01,33.74,34.18,34.1,33.91,33.74,33.32,33.19,32.9,32.7,32.36,32.57,32.2,32.4,32.09,32.4,32.73,32.7,32.53,32.65,32.95,33.02,33.07,33.04,33.12,33.29,33.54,33.37,33.29,33.54,33.54,33.57,33.54,33.66,33.86,33.61,33.52,33.52,33.62,33.99,33.79,33.71,33.83,33.57,33.62,34.01,33.93,34.18,34.38,34.26,34.38,34.01,33.86,33.57,33.52,33.24,33.41,32.94,33.36,33.49,33.02,33.24,33.24,32.95,33.04,33.1,33.15,33.27,33.12,33.29,33.44,33.2,33.07,33.15,33.24,33.44,32.95,33.15,32.94,32.78,33.07,32.78,33.02,32.85,33.1,33.07,32.82,32.99,33.2,33.49,33.29,33.66,33.69,33.52,33.52,33.54,33.69,33.69,33.57,33.49,33.12,32.73,33.07,32.36,32.2,31.91,30.75,29.72,27.13,25.17,25.4,27.17,29.61,30.98,31.77,31.64,31.74,32.11,32.18,32.62,32.43,33.02,32.62,32.4,32.36,32.45,32.51,32.26,32.45,32.18,32.35,32.01,32.06,32.68,32.31,32.53,32.77,32.53,32.87,33.02,32.77,32.73,32.65,32.18,32.53,32.35,32.36,32.62,32.35,32.45,32.23
32.43,32.31,32.2,32.51,32.53,32.85,33.02,33.44,33.69,33.93,33.78,33.74,33.88,33.41,33.61,33.24,32.85,32.57,32.45,32.11,32.28,32.09,32.48,32.26,32.28,32.51,32.4,32.28,32.68,32.9,32.9,32.87,33.2,33.27,33.29,33.27,33.49,33.04,33.36,33.1,33.27,33.37,33.52,33.57,33.44,33.61,33.52,33.71,33.86,33.91,33.69,33.71,33.66,33.78,33.69,33.96,33.86,34.33,34.43,34.3,33.79,33.74,33.88,33.74,33.2,33.32,33.24,33.12,33.27,32.99,33.41,32.87,32.9,33.1,32.94,32.95,32.94,33.2,33.32,33.24,33.19,33.27,33.12,33.04,33.04,33.02,32.85,33.07,32.73,32.99,32.94,32.77,32.77,32.9,33.19,33.2,33.24,33.37,33.15,33.37,33.61,33.74,33.61,33.62,33.74,33.52,33.52,33.62,33.19,33.24,32.9,33.12,32.53,32.43,31.89,32.01,31.4,29.89,27.64,27.2,29.96,31.02,31.4,31.91,32.2,32.14,32.31,32.43,32.51,32.4,32.53,32.78,32.43,32.31,32.35,32.51,32.11,31.94,31.98,31.98,31.94,32.11,32.53,32.35,32.36,32.85,32.78,32.85,32.99,32.78,32.99,32.43,32.51,32.65,32.28,32.31,32.57,32.48,32.4,31.83
32.01,32.26,32.45,32.95,32.82,32.77,33.15,33.61,33.54,33.79,33.91,33.93,33.61,33.66,32.9,32.99,32.9,32.48,32.36,32.43,32.26,32.28,32.23,32.26,32.18,32.45,32.48,32.35,32.53,32.62,32.78,32.77,32.87,33.2,32.99,33.24,32.99,33.29,33.27,33.12,33.46,33.52,33.37,33.79,33.62,33.69,33.78,33.96,33.71,33.88,34.01,33.69,33.71,33.88,33.62,33.69,34.08,34.1,34.25,34.21,34.13,34.01,33.74,33.74,33.49,33.49,33.36,32.9,33.19,32.94,33.1,32.94,32.94,33.24,32.85,33.04,32.95,33.12,32.95,33.27,33.15,33.27,33.07,33.27,32.95,32.9,32.73,32.82,33.12,32.73,32.62,32.7,32.87,32.9,32.95,33.12,33.36,33.49,33.44,33.61,33.88,33.46,33.49,33.91,33.44,33.66,33.46,33.78,33.19,33.19,32.94,32.7,32.87,32.53,32.09,32.43,32.23,31.39,30.33,30.18,31.12,31.81,31.94,31.91,32.43,32.31,32.26,32.68,32.36,32.48,32.85,32.53,32.43,32.62,32.28,32.23,31.83,31.81,32.06,32.09,32.2,32.28,32.2,32.4,32.57,32.85,33.02,33.04,32.7,33.04,32.73,32.85,32.48,32.36,32.26,32.36,32.45,32.06,32.18,32.09
32.43,32.45,32.65,32.7,33.2,32.94,33.46,33.27,33.44,33.93,33.71,33.86,33.32,33.15,33.12,32.68,32.53,32.7,32.23,32.01,31.91,32.06,32.18,32.14,32.2,32.35,32.31,32.35,32.57,32.7,32.36,32.73,32.85,32.62,32.77,33.32,32.87,33.15,33.02,32.82,33.24,33.27,33.41,33.29,33.54,33.54,33.78,33.69,33.71,33.46,34.08,33.83,33.61,33.91,33.69,33.52,33.66,33.86,34.38,34.43,34.18,33.88,33.78,33.54,33.57,33.62,33.2,33.12,33.19,32.99,33.07,32.78,32.85,33.12,32.62,32.94,32.57,32.85,32.78,32.65,33.04,32.94,33.04,32.85,32.77,32.6,32.57,32.62,32.51,32.6,33.2,32.6,32.7,32.94,33.07,32.9,33.12,33.36,33.41,33.57,33.57,33.44,33.69,33.79,33.61,33.71,33.27,33.2,33.36,33.27,32.82,32.65,32.85,32.95,32.95,32.57,32.53,31.94,31.83,31.56,31.89,32.28,32.53,32.23,32.53,32.45,32.48,32.57,32.4,32.28,32.65,32.87,32.43,32.48,32.28,32.2,32.26,32.03,31.69,31.83,31.57,32.01,32.4,32.35,32.43,33.15,32.95,33.07,33.1,33.29,32.51,32.73,32.31,32.4,32.31,32.28,32.51,32.11,32.03,31.98
32.43,32.35,32.77,32.85,32.78,33.29,33.66,33.46,33.74,33.79,33.57,33.83,33.2,33.29,33.27,32.78,32.31,32.31,32.18,32.09,31.86,32.03,31.83,32.06,32.28,32.35,32.2,32.26,32.62,32.65,32.85,32.6,32.99,32.57,32.94,32.95,32.95,32.9,32.94,32.95,33.69,33.15,33.37,33.61,33.54,33.36,33.32,33.57,33.71,33.79,33.66,33.54,33.91,33.54,33.49,33.61,33.78,33.69,34.1,33.88,33.93,33.74,34.01,34.1,33.57,33.52,33.36,32.99,33.04,33.07,32.87,32.94,32.7,32.99,32.77,32.73,32.51,32.73,32.57,32.82,32.87,32.53,32.9,32.87,32.51,32.9,33.07,32.43,32.7,32.62,32.85,32.85,32.85,32.78,33.12,32.99,33.12,33.24,33.2,33.78,33.83,33.88,33.62,33.74,33.2,33.46,33.15,33.02,33.2,33.04,33.07,32.73,32.87,32.95,32.7,32.43,32.6,32.53,32.4,32.35,32.73,32.51,32.53,32.62,32.78,32.53,32.53,32.51,32.68,32.43,32.82,32.78,32.4,32.18,32.35,32.14,31.83,31.81,31.83,31.74,31.66,31.98,32.31,32.35,32.6,32.85,32.99,32.99,33.27,33.61,33.15,32.9,32.51,32.65,32.68,32.62,32.45,32.51,32.01,32.35
32.28,32.62,32.6,32.87,33.2,33.52,33.83,33.93,33.74,33.86,33.71,33.44,33.29,32.99,32.51,32.57,32.18,32.31,31.81,32.18,31.83,31.74,31.91,31.77,32.09,32.2,31.89,32.51,32.18,32.57,32.48,32.45,32.6,32.62,32.65,32.68,32.62,32.85,33.1,32.99,33.46,33.04,33.44,33.27,33.1,33.27,33.36,33.46,33.52,33.54,33.61,33.86,33.69,33.44,33.54,33.24,33.37,33.49,33.66,33.79,33.99,33.83,34.21,33.93,33.86,33.62,33.52,33.04,33.37,33.15,33.24,32.99,32.77,32.68,32.73,32.48,32.26,32.48,32.65,32.53,32.77,32.7,32.78,32.53,32.51,32.48,32.51,32.82,32.48,32.57,32.68,32.48,33.04,32.78,32.85,32.9,33.07,33.15,33.52,33.69,33.46,33.36,33.52,33.32,33.04,33.27,33.46,33.46,33.02,33.07,33.29,32.85,33.04,33.02,32.82,32.73,32.57,32.65,32.85,32.78,33.02,33.04,33.04,32.7,32.82,33.07,32.77,32.77,32.77,32.4,32.82,32.68,32.36,32.31,32.23,31.86,31.89,31.86,31.94,31.94,32.06,32.01,31.98,32.28,32.62,32.62,32.95,33.1,33.04,33.36,33.41,32.73,32.85,32.7,32.48,32.26,32.48,32.14,32.11,32.11
32.18,32.6,32.94,33.29,33.32,33.57,33.66,33.78,33.96,33.83,33.61,33.44,32.94,32.9,32.45,32.45,32.01,32.06,31.86,31.86,31.83,31.77,32.06,31.86,31.74,32.03,31.98,32.14,32.35,32.26,32.31,32.43,32.28,32.43,32.77,32.48,32.18,32.62,32.85,32.53,33.02,32.95,32.95,33.12,33.02,33.46,33.32,33.27,33.71,33.12,33.78,33.41,33.46,33.66,33.44,33.61,33.27,33.57,33.54,33.61,33.78,33.96,33.99,33.74,33.61,33.52,33.41,33.32,33.32,32.94,32.78,33.07,32.77,32.45,32.48,32.31,32.77,32.43,32.43,32.45,32.31,32.48,32.43,32.36,32.7,32.53,32.45,32.45,32.35,32.6,32.51,32.53,32.4,32.9,33.07,33.15,33.19,32.99,33.44,33.24,33.37,33.57,33.46,33.24,33.36,33.41,33.44,33.19,33.24,33.37,33.27,33.32,32.95,33.27,33.07,32.73,33.02,33.02,32.95,33.04,32.9,33.07,33.27,32.87,33.36,33.02,32.99,32.82,32.43,32.48,32.62,32.28,32.31,32.4,32.31,31.94,31.91,31.61,32.01,31.98,31.94,32.06,32.2,32.35,32.73,32.77,33.02,33.15,33.46,33.29,33.2,32.95,32.82,32.82,32.51,32.28,32.62,31.98,32.26,32.35
32.31,32.82,32.95,33.52,33.36,33.54,33.54,33.66,33.61,33.62,33.41,33.32,33.44,32.77,32.68,32.43,32.11,31.98,31.74,31.83,31.83,31.66,32.2,31.72,32.03,32.01,31.89,32.2,32.31,32.11,32.31,32.26,32.06,32.35,32.45,32.57,32.94,32.43,32.77,32.45,32.77,33.02,32.78,33.04,32.95,33.04,33.04,33.07,33.15,33.07,33.04,33.24,33.37,33.24,33.07,33.71,33.54,33.52,33.36,33.36,33.46,33.61,33.66,33.69,33.46,33.71,33.36,33.24,33.32,33.36,32.99,32.87,32.94,32.73,32.36,32.26,32.36,32.36,32.43,31.98,32.35,32.53,32.06,32.43,32.35,32.73,32.48,32.51,32.4,32.73,32.7,32.73,32.45,32.68,33.02,33.24,33.07,33.02,33.36,33.07,33.27,33.37,33.49,33.24,33.32,33.12,33.07,33.27,33.2,33.19,33.24,33.19,32.78,32.85,32.78,33.04,33.2,33.02,33.46,33.27,33.44,33.07,33.07,33.12,33.1,32.77,32.87,32.82,32.77,32.7,32.51,32.2,32.36,32.03,31.91,31.83,31.66,32.03,32.06,31.81,31.89,32.18,32.36,32.14,32.65,32.7,32.85,33.24,33.24,33.41,33.37,33.02,32.7,32.78,32.35,32.48,32.23,32.14,32.14,32.18
32.35,32.78,33.1,33.24,33.37,33.86,33.86,33.69,33.62,33.66,33.1,33.29,33.15,32.65,32.57,32.31,31.89,32.03,32.03,31.91,31.77,32.23,32.09,32.2,31.83,31.89,31.77,32.11,31.83,31.94,32.03,32.45,32.11,32.36,32.31,32.48,32.18,32.53,32.4,32.53,32.68,32.82,32.6,32.85,33.12,32.87,33.19,32.77,32.78,32.99,33.02,33.19,33.1,33.24,32.99,33.24,33.37,33.36,33.54,33.04,33.37,33.57,33.69,33.61,33.36,33.52,33.02,32.99,33.29,33.04,33.07,33.07,32.77,32.87,32.78,32.35,32.51,32.06,32.28,32.11,32.45,32.23,32.2,32.43,32.4,32.23,32.36,32.45,32.48,32.65,32.87,32.45,32.7,32.73,33.07,32.95,33.02,33.44,33.12,33.27,33.27,33.24,33.24,33.12,33.57,32.99,33.24,33.2,33.1,33.2,33.04,33.37,33.04,33.07,33.27,33.32,33.29,33.41,33.61,33.61,33.37,33.41,33.37,33.07,33.02,32.78,32.62,33.02,32.78,32.51,32.51,32.26,32.36,32.45,31.98,31.72,32.03,32.01,32.11,32.2,32.14,32.03,32.23,32.36,32.48,32.77,32.94,33.19,33.54,33.78,33.66,33.19,32.78,32.9,32.43,32.43,32.45,32.03,32.14,32.11
32.57,32.65,33.41,33.32,33.61,33.66,33.57,33.54,33.52,33.27,33.12,33.12,32.9,32.6,32.31,32.01,32.06,31.39,31.77,32.06,32.09,31.83,32.09,31.83,31.74,32.09,31.66,31.98,32.14,32.14,31.86,31.89,31.98,32.26,32.2,32.36,32.09,32.31,32.51,32.65,32.6,32.62,32.77,32.48,32.48,32.62,32.48,32.73,32.85,33.07,32.73,33.07,32.99,33.12,33.37,33.44,33.1,33.36,33.19,33.19,33.04,33.32,33.61,33.36,33.12,33.49,33.15,33.1,33.15,33.12,32.99,32.85,32.82,32.7,32.51,32.36,32.23,32.11,31.94,32.31,32.35,31.89,32.01,32.11,32.28,32.62,32.48,32.48,32.45,32.36,32.68,32.77,32.77,32.87,32.87,33.12,33.19,32.99,33.15,33.24,32.95,33.1,33.2,33.07,33.04,33.1,33.07,33.1,33.27,33.36,33.15,33.49,33.07,33.15,33.32,33.15,33.24,33.61,33.54,33.36,33.71,33.52,33.37,33.44,33.12,33.02,32.73,32.62,32.78,32.62,32.57,32.73,32.28,32.18,31.89,31.91,32.03,32.01,32.09,32.35,32.03,31.98,32.06,32.35,32.4,32.73,32.95,33.32,33.41,33.57,33.36,33.32,32.95,32.65,32.45,32.45,32.68,32.11,32.28,32.28
32.77,33.24,33.2,33.49,33.54,33.61,33.62,33.49,33.32,33.27,33.1,32.85,32.62,32.28,31.91,31.94,31.91,31.69,31.69,31.47,31.81,31.86,31.89,31.81,31.86,32.03,31.57,31.72,31.86,31.69,31.77,32.18,32.09,32.14,31.89,32.11,31.91,32.11,32.45,32.18,32.31,32.26,32.78,32.6,32.68,32.4,32.7,32.77,32.85,32.95,32.65,32.87,33.1,32.85,33.02,33.07,32.99,33.02,33.12,33.12,33.37,33.15,33.29,33.52,33.19,33.44,33.12,32.99,32.94,32.99,33.02,32.85,32.53,32.36,32.31,32.48,32.31,32.18,32.45,32.35,32.26,32.14,32.26,32.31,32.14,32.35,32.53,32.53,32.7,32.77,32.68,32.82,32.7,32.78,32.9,32.99,33.1,33.04,33.19,33.24,33.12,33.44,33.04,33.12,33.2,32.94,33.2,33.29,33.07,33.12,33.27,33.32,33.44,33.15,33.2,33.29,33.27,33.37,33.62,33.49,33.69,33.44,33.37,33.36,33.27,32.9,33.32,33.04,32.94,32.77,32.48,32.4,32.11,32.01,32.18,32.23,32.18,31.74,32.23,32.36,31.86,32.26,32.23,32.14,32.31,32.94,33.37,33.37,33.69,33.69,33.61,33.32,33.29,32.77,32.53,32.43,32.73,32.28,32.53,32.01
32.99,33.29,33.41,33.79,33.54,33.57,33.96,33.66,33.32,33.2,33.07,32.65,32.35,32.11,32.28,31.81,31.94,31.74,31.27,31.52,31.61,31.47,31.91,31.72,31.74,31.77,31.94,31.98,31.94,31.83,31.89,31.66,31.94,32.14,32.14,32.26,32.18,32.01,32.11,32.14,32.18,32.31,32.43,32.36,32.6,32.4,32.51,32.43,32.48,32.73,33.04,32.95,32.95,32.9,33.19,33.27,33.04,33.02,32.94,33.2,33.12,32.87,33.07,33.19,33.04,33.57,33.32,33.36,33.07,33.02,33.19,32.82,32.82,32.77,32.36,32.45,32.31,32.4,32.11,32.18,32.35,32.31,32.53,32.31,32.26,32.65,32.6,32.6,32.82,32.35,33.02,32.77,33.15,32.73,33.1,33.19,33.07,33.37,33.32,33.36,33.29,33.27,33.2,33.15,33.29,33.41,33.32,33.46,33.46,33.2,33.61,33.41,33.46,33.44,33.41,33.32,33.46,33.83,33.86,33.78,33.66,33.54,33.79,33.37,33.52,32.77,33.04,32.68,32.68,32.87,32.6,32.48,32.6,32.11,32.11,31.98,32.35,32.03,32.36,32.14,32.45,32.11,32.01,32.03,32.4,32.62,33.2,33.44,33.52,33.88,33.52,33.2,33.07,33.12,32.68,32.65,32.43,32.45,32.77,32.36
32.95,33.24,33.46,33.71,33.62,33.71,33.52,33.02,33.15,32.87,33.15,32.48,32.78,32.31,31.91,31.81,31.66,31.72,31.32,31.4,31.4,31.44,31.98,31.47,31.64,31.98,31.74,31.77,31.86,31.64,31.72,31.61,32.03,31.66,32.09,32.01,32.06,31.91,32.14,32.14,32.2,32.43,32.36,32.11,32.28,32.31,32.43,32.36,32.57,32.7,32.62,32.82,32.68,33.04,32.53,32.9,33.02,32.87,33.07,32.78,32.9,33.12,33.04,32.94,33.02,32.95,33.02,33.02,33.37,32.65,32.99,32.87,32.77,32.78,32.77,32.4,32.28,32.4,32.43,32.45,32.36,32.28,32.23,32.45,32.36,32.35,32.68,32.99,32.94,32.95,33.15,33.27,33.15,33.44,33.2,33.36,33.2,33.32,33.46,33.12,33.32,33.29,33.32,33.1,33.15,33.41,33.36,33.29,33.61,33.37,33.41,33.49,33.29,33.46,33.41,33.61,33.96,33.79,33.69,33.49,33.61,33.49,33.62,33.54,33.15,33.1,33.29,32.73,32.9,32.78,32.51,32.31,31.94,32.43,32.2,32.31,32.18,31.91,32.06,31.74,31.77,32.06,32.09,31.98,32.48,32.65,33.12,33.52,33.74,33.54,33.78,33.46,33.15,32.9,32.99,32.68,33.04,32.65,32.43,32.45
33.1,33.41,33.61,33.74,33.79,33.41,33.07,33.02,33.1,32.7,32.73,32.36,32.43,32.18,32.23,31.74,31.56,31.61,31.32,31.4,31.52,31.47,31.64,31.64,31.72,31.81,31.72,31.64,31.77,31.69,32.01,31.91,31.77,31.98,31.77,31.91,31.91,31.77,32.03,31.81,31.77,32.23,32.31,32.23,32.03,32.18,32.23,32.36,32.6,32.51,32.57,32.48,32.62,32.68,32.94,32.94,32.85,32.94,33.04,33.02,32.82,33.07,33.02,32.77,33.07,33.02,33.12,33.02,33.24,33.04,32.95,32.9,32.99,32.62,32.45,32.6,32.35,32.53,32.06,32.4,32.09,32.36,32.43,32.65,32.43,32.45,32.7,33.29,33.24,33.04,33.44,33.02,33.29,33.29,33.57,33.37,33.46,33.54,33.24,33.12,33.15,33.15,33.24,33.49,33.46,33.41,33.83,33.46,33.12,33.78,33.54,33.32,33.32,33.07,33.29,33.29,33.41,33.37,33.61,33.57,33.61,33.69,33.49,33.61,33.46,33.41,32.94,32.77,33.15,32.57,32.65,32.28,32.28,32.28,32.31,32.09,31.86,32.06,32.09,31.94,31.98,32.11,32.35,32.23,32.68,32.73,32.94,33.49,33.52,33.27,33.49,33.36,33.19,32.73,32.87,32.94,32.36,32.43,32.45,32.4
33.24,33.46,33.52,33.37,33.62,33.44,33.12,33.02,32.87,32.65,32.9,32.36,32.45,32.11,32.06,31.98,31.83,31.4,31.61,31.49,31.24,31.74,31.49,31.27,31.57,31.66,31.77,31.39,31.49,31.81,31.49,31.81,31.56,31.56,31.94,31.81,31.86,32.06,32.03,31.98,31.98,32.14,32.11,32.03,32.23,32.28,32.18,32.23,32.35,32.43,32.62,32.45,32.57,32.6,32.6,32.68,33.04,33.1,32.53,32.87,32.77,32.87,32.94,32.77,32.77,32.94,32.7,32.77,33.04,32.82,33.27,32.95,32.95,32.68,32.85,32.73,32.78,32.6,32.45,32.53,32.57,32.68,32.77,32.77,32.65,33.02,32.85,32.99,33.02,33.15,33.29,33.36,33.69,33.46,33.61,33.78,33.46,33.69,33.36,33.46,33.29,33.54,33.46,33.44,33.52,33.49,33.88,33.86,33.71,33.32,33.61,33.46,33.57,33.44,33.66,33.52,33.78,33.62,33.66,33.69,33.69,33.57,33.71,33.69,33.52,33.29,33.2,33.12,32.77,32.43,32.53,32.77,32.18,32.53,32.23,32.45,32.2,32.18,31.91,31.98,31.83,32.14,31.91,32.28,32.43,32.57,32.65,33.02,33.54,33.62,33.62,33.57,33.12,32.9,32.85,32.99,32.77,32.7,32.53,32.45
33.07,33.52,33.57,33.41,33.46,33.02,33.1,32.95,32.9,32.73,32.57,32.4,31.94,32.09,31.77,31.86,31.49,31.4,31.29,31.69,31.19,31.29,31.4,31.69,31.56,31.57,31.81,31.72,31.74,31.61,31.57,31.49,31.57,31.64,31.86,31.89,31.74,31.64,31.81,31.77,32.35,32.2,31.98,31.98,31.94,31.98,32.06,32.28,32.48,32.4,32.26,32.4,32.43,32.77,32.57,32.78,32.9,32.7,32.78,32.78,32.85,32.9,32.65,32.73,33.1,32.99,32.7,32.95,32.77,32.78,32.9,33.07,32.95,32.82,32.85,32.62,32.78,32.68,33.07,32.95,32.7,32.94,32.85,33.1,32.99,32.95,33.02,33.36,33.02,32.99,33.52,33.54,33.44,33.96,33.57,33.37,33.27,33.36,33.24,33.41,33.32,33.36,33.46,33.57,33.61,33.78,33.83,33.99,33.86,34.26,33.69,33.71,33.69,33.52,33.49,33.41,33.44,33.57,33.49,33.83,33.57,33.57,33.96,33.93,33.52,33.2,33.27,33.12,32.62,32.78,32.77,32.77,32.57,32.6,32.62,32.43,32.01,32.06,32.09,31.98,31.66,32.26,32.23,32.18,32.6,32.65,32.99,33.02,33.19,33.1,33.78,33.41,33.2,32.9,32.78,32.57,32.62,32.53,32.28,32.51
33.2,33.15,33.54,33.15,33.2,32.85,33.1,32.57,32.7,32.68,32.23,31.94,32.2,32.09,31.81,31.74,31.83,31.49,31.15,31.52,31.12,31.56,31.39,31.47,31.61,31.74,31.52,31.86,31.81,31.89,31.77,31.66,31.57,31.61,31.69,31.98,31.74,31.98,31.98,31.81,32.18,32.01,31.94,32.14,32.09,32.03,32.31,32.4,32.35,32.2,32.43,32.43,32.7,32.77,32.65,32.68,32.87,32.62,32.77,32.85,32.68,32.62,32.94,32.9,32.57,32.73,32.85,32.73,32.9,33.1,32.73,32.87,32.78,32.99,32.85,32.9,32.82,32.78,32.73,32.85,32.57,33.07,32.73,33.36,33.12,33.29,33.24,33.46,33.24,33.41,33.71,33.61,34.13,33.96,33.54,33.49,33.46,33.44,33.2,33.49,33.69,33.36,33.62,33.66,33.83,33.96,34.13,34.01,33.86,33.91,33.88,33.79,33.57,33.57,33.36,33.37,33.44,33.52,33.52,33.57,33.52,33.46,33.79,33.61,33.57,33.52,33.1,33.07,32.73,32.78,32.62,32.53,32.6,32.77,32.77,32.28,32.6,32.09,32.23,32.09,31.86,32.09,32.36,31.94,32.51,32.65,32.43,33.1,33.32,33.61,33.66,33.32,33.29,33.07,32.95,33.04,32.87,32.68,32.28,32.23
33.29,33.46,33.41,33.54,33.29,32.85,32.51,32.57,32.65,32.68,32.65,31.98,32.01,32.06,31.72,31.35,31.39,31.44,30.95,31.12,31.49,31.27,31.66,31.35,31.74,31.77,31.44,31.52,31.69,31.81,31.89,31.57,31.64,32.03,31.83,31.49,32.01,31.74,32.18,31.83,31.91,32.14,32.23,31.98,32.26,32.28,32.28,32.18,32.2,32.35,32.45,32.6,32.82,32.45,32.65,32.6,32.73,32.78,32.6,32.7,32.99,32.95,32.95,32.6,32.7,32.57,32.68,32.62,32.36,32.78,32.73,32.6,32.78,32.78,32.9,33.04,32.9,33.32,33.1,33.12,33.32,33.12,33.2,33.29,33.49,33.36,33.29,33.41,33.61,33.66,33.71,33.79,34.08,33.74,33.83,33.71,33.99,33.44,33.19,33.44,33.44,33.44,33.52,33.79,33.83,34.01,34.16,34.18,33.69,33.88,34.08,33.71,33.52,33.57,33.36,33.29,33.49,33.54,33.46,33.66,33.44,33.62,33.79,33.46,33.83,33.66,33.27,33.02,33.04,32.87,32.9,32.68,32.99,32.77,32.57,32.31,32.62,32.35,32.11,32.03,32.01,32.09,31.94,31.98,32.4,32.45,32.45,33.15,32.99,33.27,33.46,33.49,33.27,33.32,33.02,33.04,33.36,32.68,32.78,32.7
33.37,33.04,33.07,33.1,32.85,32.62,32.65,32.65,32.53,32.48,32.53,32.28,31.89,31.86,31.94,31.64,31.52,31.52,31.39,31.47,31.12,31.44,31.49,31.49,31.56,31.91,31.81,31.66,31.89,31.4,31.52,31.86,31.83,31.61,31.4,31.94,31.66,31.81,31.66,32.03,32.06,31.86,31.98,32.18,31.94,31.94,32.06,32.23,31.98,32.43,32.36,32.48,32.28,32.78,32.6,32.9,32.7,32.94,32.68,32.87,32.7,32.85,32.99,32.87,32.53,32.73,32.77,33.07,32.6,32.73,32.82,32.87,32.87,32.94,32.85,32.82,32.95,32.99,33.04,33.32,33.52,33.07,33.46,33.49,33.36,33.54,33.57,33.57,33.66,33.54,33.71,33.62,34.04,33.91,33.79,34.01,33.78,33.37,33.46,33.54,33.54,33.78,33.61,33.62,33.61,34.01,33.74,33.99,34.04,33.91,34.01,33.61,33.61,33.44,33.49,33.49,33.1,33.37,33.32,33.32,33.37,33.52,33.61,33.61,33.74,33.44,33.44,33.15,33.02,32.65,33.24,33.1,32.73,33.15,32.9,32.68,32.48,32.14,32.18,31.94,32.01,31.91,32.23,32.23,32.31,32.09,32.51,32.99,33.1,32.94,33.46,33.19,33.54,33.24,32.99,33.2,33.04,32.94,32.73,32.57
32.77,33.12,33.27,32.9,33.07,32.68,32.78,32.53,32.6,32.51,31.91,32.01,32.26,31.81,31.81,31.32,31.47,31.44,31.24,31.4,31.24,31.4,31.64,31.47,31.61,31.89,31.74,31.44,31.86,31.91,31.69,31.57,31.66,31.98,31.57,32.09,31.64,31.86,31.77,32.26,32.18,32.23,32.23,32.4,31.91,31.89,32.23,32.31,32.2,32.35,32.28,32.62,32.43,32.62,32.65,32.36,32.77,32.78,32.95,32.87,33.07,33.07,33.19,32.45,32.94,32.57,32.45,32.77,32.57,33.02,32.65,32.6,32.82,32.6,32.85,33.02,32.95,32.94,33.24,32.94,33.15,33.44,33.41,33.49,33.62,33.71,33.86,33.99,33.54,33.41,34.01,33.71,33.93,34.1,33.79,33.62,33.78,33.61,33.24,33.44,33.61,33.61,33.57,33.74,33.74,33.79,34.13,34.04,33.96,33.96,33.71,33.37,33.54,33.54,33.1,33.46,33.29,33.37,33.27,33.29,33.2,33.44,33.83,33.57,33.62,33.44,33.12,33.37,32.95,32.9,32.99,32.65,32.62,33.02,32.82,32.65,32.65,32.2,32.23,32.06,31.83,31.86,32.28,32.51,32.11,32.4,32.57,32.82,32.99,32.85,33.37,33.41,33.29,33.19,33.44,33.2,33.04,32.87,32.68,32.45
32.87,33.04,33.32,32.85,32.7,32.85,32.65,32.2,32.57,32.23,31.94,32.01,31.83,31.61,31.61,31.61,31.49,31.24,31.35,31.49,31.35,31.39,31.61,31.98,31.69,31.61,31.83,31.52,31.98,31.72,31.98,31.69,31.74,31.98,31.81,31.83,31.83,31.81,32.2,31.89,31.94,32.14,32.09,32.26,32.36,32.4,32.28,32.11,32.53,32.43,32.36,32.48,32.62,32.68,32.65,32.87,32.85,32.85,33.24,32.87,33.1,32.73,33.04,32.95,32.73,32.82,32.82,32.82,32.94,32.78,32.65,32.82,32.68,32.9,32.87,32.9,33.12,33.12,33.04,33.12,33.1,33.32,33.71,33.37,33.41,33.57,33.57,33.66,33.91,33.88,33.91,33.74,33.74,33.91,33.86,33.49,33.52,33.54,33.62,33.57,33.74,33.46,33.71,33.78,33.62,33.83,33.54,34.13,33.71,33.71,33.71,33.69,33.2,33.2,33.24,33.1,33.15,33.12,33.32,33.57,33.12,33.1,33.57,33.52,33.96,33.2,33.04,32.9,32.68,32.99,32.68,33.04,32.99,32.6,32.57,32.68,32.68,32.43,32.31,32.23,31.98,31.83,32.36,32.14,32.43,32.35,32.51,32.87,32.87,32.94,33.24,33.04,33.29,33.29,33.27,33.1,32.99,32.85,32.78,32.78
32.82,32.87,32.85,32.68,32.68,32.62,32.53,32.45,32.26,32.03,32.06,31.77,31.66,31.74,31.66,31.66,31.57,31.61,31.49,31.47,31.77,31.57,31.69,31.81,31.64,31.57,31.56,31.44,31.61,31.64,31.86,31.83,31.89,32.18,31.77,31.81,31.77,32.01,31.86,31.86,32.14,32.06,32.14,31.91,32.31,32.2,32.18,32.48,32.78,32.6,32.36,32.7,32.43,32.85,32.77,33.07,32.62,33.12,33.07,32.9,33.1,32.7,33.07,33.15,32.78,32.57,32.82,32.68,32.82,33.04,32.73,32.95,32.73,32.7,32.94,32.82,32.78,32.68,32.99,32.78,33.19,33.12,33.36,33.24,33.44,33.69,33.71,33.57,33.74,33.62,34.08,34.01,33.91,33.37,33.57,33.54,33.32,33.44,33.1,33.44,33.29,33.36,33.57,33.62,33.91,33.91,33.96,33.83,33.69,33.37,33.52,33.86,33.54,33.36,33.24,33.37,33.44,33.29,33.07,33.29,33.12,32.9,33.52,33.61,33.52,33.36,33.02,33.1,32.78,32.95,32.7,32.87,32.68,32.65,32.87,32.57,32.65,32.45,32.18,32.06,32.03,32.11,32.4,32.35,32.28,32.31,32.51,32.53,32.36,33.15,33.2,32.87,33.27,33.19,33.15,33.04,33.02,32.87,32.62,32.65
32.57,32.73,32.68,32.73,32.57,32.51,32.31,32.51,32.36,32.11,31.72,31.57,31.69,31.61,31.61,31.29,31.49,31.4,31.47,31.4,31.69,31.4,31.52,31.72,31.61,31.66,32.01,32.03,32.06,31.86,31.81,31.89,31.81,31.86,32.18,31.77,31.89,32.09,32.26,31.81,32.23,32.14,32.23,32.09,32.43,32.28,32.28,32.35,32.62,32.45,32.48,32.48,32.78,32.73,32.82,32.73,32.62,33.07,32.95,33.1,33.24,33.1,32.78,32.9,33.02,32.78,33.27,32.68,32.85,32.82,32.99,32.82,32.73,32.82,32.9,32.82,32.87,32.9,33.02,33.1,33.29,33.24,33.12,33.24,33.37,33.49,33.66,33.69,33.66,33.83,33.88,33.86,33.71,33.66,33.52,33.71,33.2,33.41,33.66,33.15,33.27,33.24,33.44,33.69,33.99,34.01,33.71,33.83,33.49,33.54,34.01,33.37,33.29,33.36,33.19,33.15,32.99,32.99,33.2,33.12,33.36,33.32,33.54,33.62,33.46,33.32,33.24,32.9,32.77,32.95,32.78,32.65,32.82,32.48,32.95,32.68,32.43,32.4,32.36,32.23,32.23,32.4,32.28,32.2,32.43,32.26,32.65,32.57,32.45,33.04,33.24,33.49,33.44,33.2,33.24,33.2,33.44,33.15,33.02,33.04
32.73,32.73,32.6,32.36,32.51,32.11,32.2,32.18,32.14,31.98,31.94,31.83,31.66,31.49,31.57,31.61,31.83,31.47,31.39,31.44,31.2,31.72,31.72,31.72,31.86,31.91,31.81,32.03,32.06,31.77,31.86,31.98,32.23,32.2,32.14,32.48,31.77,32.2,32.14,32.03,32.03,32.31,31.89,32.2,32.2,32.48,32.43,32.31,32.4,32.28,32.53,32.53,32.57,32.94,33.12,33.04,32.95,33.2,33.2,33.2,33.2,33.15,33.12,33.15,33.04,33.07,33.12,32.95,33.1,33.29,33.07,33.27,32.94,32.77,32.85,32.9,32.95,32.7,32.87,32.73,32.82,32.99,32.99,33.32,33.36,33.1,33.52,33.57,33.27,33.54,33.74,33.71,33.71,33.83,33.71,33.69,33.32,33.49,33.37,33.19,33.49,33.36,33.49,33.44,33.88,33.74,33.83,33.71,33.99,33.66,33.54,33.52,33.44,33.41,33.52,32.87,32.99,33.19,32.9,33.44,33.2,33.46,33.79,33.57,33.49,33.2,33.15,32.95,32.95,33.07,32.68,32.87,32.68,32.7,32.43,32.6,32.68,32.48,32.65,32.6,32.18,32.03,32.31,32.14,32.2,32.48,32.35,32.26,32.51,32.53,32.95,32.95,33.24,33.15,33.15,33.24,33.12,33.15,32.95,32.77
32.53,32.65,32.65,32.45,32.36,32.03,32.06,32.03,31.89,31.69,31.66,31.66,31.74,31.91,31.74,31.49,31.57,31.61,31.66,31.83,31.44,31.86,31.86,31.61,31.64,31.81,31.86,32.23,32.11,31.98,31.74,32.09,32.11,32.06,31.98,32.18,32.35,32.4,32.4,32.03,32.03,32.43,32.2,32.2,32.51,32.4,32.51,32.36,32.65,32.45,32.23,32.31,32.82,33.1,32.94,33.12,32.87,33.29,32.82,33.07,33.29,33.02,33.12,33.1,33.12,33.1,33.12,32.9,33.37,33.29,32.95,33.15,32.78,33.15,32.85,32.78,32.68,32.68,32.87,33.07,32.78,33.04,33.24,33.2,33.2,33.19,33.44,33.54,33.52,33.66,33.74,33.74,33.57,33.78,33.62,33.57,33.62,33.91,33.49,33.32,33.61,33.36,33.66,33.54,33.44,33.54,33.54,33.78,33.69,33.69,33.62,33.61,33.41,32.99,33.19,33.32,32.95,33.19,32.94,33.04,33.37,33.78,33.66,33.86,33.46,33.24,33.2,32.95,32.94,33.04,32.85,32.6,32.6,33.2,32.65,32.73,32.53,32.53,32.53,32.36,32.35,32.09,32.28,32.2,32.43,31.94,32.4,32.51,32.6,32.57,33.1,33.29,33.15,33.24,33.52,33.32,33.61,33.27,33.24,32.95
32.65,32.36,32.48,32.28,32.03,31.91,32.11,32.09,32.03,31.98,32.01,31.64,31.47,31.74,31.77,31.66,31.49,31.57,31.66,31.64,31.56,31.69,31.83,31.72,31.86,32.01,31.91,32.35,32.06,31.83,32.2,32.28,32.06,32.18,32.48,32.4,31.91,32.28,32.28,32.18,32.28,32.14,32.28,32.09,32.28,32.36,32.4,32.31,32.4,32.26,32.48,32.53,32.35,32.62,32.73,32.87,33.04,33.15,33.19,33.52,33.37,33.24,32.87,33.07,32.99,32.99,33.27,32.9,33.07,33.02,32.9,33.37,32.7,32.87,32.85,32.78,32.99,32.68,32.82,33.02,33.04,33.32,33.1,33.32,33.37,33.49,33.29,33.52,33.57,33.62,33.78,33.88,33.79,33.52,33.88,33.93,33.66,33.83,33.66,33.32,33.62,33.57,33.69,33.66,33.69,33.71,33.74,33.88,33.99,33.52,33.54,33.74,33.49,33.37,33.19,33.15,33.27,32.99,33.19,33.36,33.41,33.37,33.66,33.61,33.2,33.29,33.04,32.94,33.15,32.82,33.04,32.73,32.9,32.62,33.1,32.65,32.51,32.94,32.82,32.26,32.45,32.2,32.26,32.31,31.94,32.06,32.57,32.53,32.62,32.62,32.87,32.82,33.27,33.44,33.02,33.44,33.12,32.95,33.15,33.29
32.26,32.23,32.09,31.89,31.94,32.01,31.86,31.94,31.77,31.98,31.57,31.72,32.03,31.81,31.64,31.94,31.61,31.83,31.72,31.91,31.69,31.64,31.98,31.74,31.74,32.18,32.09,32.06,32.14,32.26,32.23,32.4,32.18,32.36,32.4,32.36,32.26,32.48,32.14,32.28,32.36,32.26,32.03,32.43,32.14,32.2,32.14,32.65,32.36,32.28,32.35,32.53,32.31,32.73,32.77,32.65,33.02,33.19,33.19,33.29,33.19,33.32,33.29,32.82,32.99,33.07,33.15,33.04,33.12,33.2,32.78,33.07,32.78,32.77,32.82,33.04,32.87,32.78,32.68,32.85,33.07,33.19,33.07,33.49,33.32,33.57,33.46,33.78,33.49,33.83,33.91,33.78,33.69,33.36,33.79,33.71,33.57,33.86,33.29,33.54,33.66,33.54,33.71,33.52,33.37,33.88,33.74,33.71,33.57,33.78,33.83,33.49,33.57,33.52,33.52,33.36,33.29,33.02,33.19,33.32,33.49,33.54,33.62,33.49,33.37,33.24,33.12,33.32,33.04,32.95,33.04,33.15,33.2,33.07,32.57,32.85,32.87,33.02,32.95,32.95,32.53,32.6,32.68,32.51,32.2,32.57,32.31,32.43,32.65,32.68,32.77,32.95,33.41,33.41,33.12,33.52,33.52,33.24,33.41,33.27
32.11,32.11,32.2,31.81,31.83,31.91,32.09,31.74,31.77,31.77,32.01,31.69,31.98,31.83,31.89,31.86,31.83,31.91,31.81,31.86,31.89,31.69,31.72,31.86,31.94,32.26,32.06,32.23,32.23,32.45,32.09,32.51,32.45,32.6,32.35,32.65,32.62,32.43,32.45,32.2,32.36,32.14,32.2,32.35,32.26,32.01,32.53,32.4,32.43,32.65,32.53,32.31,32.62,32.73,32.7,32.95,32.78,32.82,32.87,33.15,33.32,33.27,33.15,33.19,33.1,33.04,33.02,33.15,33.2,32.68,32.68,32.94,32.78,32.9,32.9,32.85,32.7,32.99,32.99,33.12,32.85,32.94,32.82,33.24,33.02,33.36,33.49,33.46,33.88,33.57,33.78,33.66,33.52,33.71,33.69,33.74,33.69,33.44,33.62,33.54,33.62,33.74,33.91,33.91,33.69,33.74,33.99,33.99,33.66,33.62,33.74,33.44,33.66,33.49,33.46,33.29,33.12,33.29,33.19,33.1,33.46,33.27,33.62,33.54,33.36,33.15,32.99,32.94,33.19,32.7,33.02,32.87,33.15,33.1,32.95,33.24,33.02,32.73,32.99,32.78,32.48,32.43,32.68,32.28,32.48,32.28,32.6,32.51,32.51,32.62,32.62,33.24,33.27,33.27,33.49,33.44,33.74,33.36,33.36,32.7
32.01,31.94,31.98,31.98,31.35,31.81,31.74,31.91,31.72,31.77,31.61,31.64,31.89,32.01,31.83,31.77,32.03,31.86,31.86,31.83,31.74,31.74,31.89,31.57,32.03,32.06,32.2,32.4,32.31,32.11,32.4,32.28,32.26,32.48,32.43,32.36,32.4,32.28,32.36,32.2,32.23,32.36,32.28,32.11,32.6,32.23,32.26,32.4,32.4,32.45,32.48,32.53,32.4,32.43,32.36,32.82,32.94,32.87,32.87,33.36,32.95,33.02,33.19,33.49,33.24,33.1,33.1,32.99,32.99,32.9,32.78,32.94,32.9,32.85,32.65,33.19,32.82,32.95,32.6,32.85,32.99,32.85,32.77,33.07,33.07,33.27,33.19,32.99,33.46,33.27,33.37,33.46,33.78,33.49,33.54,33.79,33.83,33.71,33.74,33.69,33.96,33.93,33.88,33.62,33.66,33.91,33.44,33.74,33.78,33.96,33.71,33.66,33.46,33.66,33.19,33.32,33.41,33.44,33.29,33.41,33.54,33.52,33.74,33.36,33.66,33.1,33.04,33.1,33.12,33.2,32.99,33.19,33.15,32.99,33.1,33.12,33.02,32.6,32.7,32.53,32.51,32.36,32.53,32.57,32.31,32.36,32.51,32.43,32.43,32.68,32.78,32.82,32.9,33.37,33.41,33.41,33.32,33.41,33.32,32.87
32.06,31.77,31.61,31.86,31.77,31.47,31.64,31.72,31.94,31.77,31.81,31.49,31.89,31.89,31.83,32.03,31.83,31.83,31.74,31.94,31.83,31.94,31.57,31.89,31.98,32.35,32.03,32.03,32.4,32.14,32.28,32.31,32.35,32.28,32.26,32.43,32.2,32.23,32.26,32.23,32.43,32.35,32.26,32.31,32.03,32.06,32.26,32.11,32.31,32.31,32.23,32.4,32.36,32.57,32.53,32.78,32.68,32.94,32.87,32.82,32.85,33.12,33.24,33.19,33.07,33.02,33.02,32.99,32.95,32.73,32.7,32.82,32.68,32.77,32.57,32.78,32.99,32.87,33.02,32.77,32.62,32.77,33.1,33.04,33.19,32.99,32.9,33.04,33.2,32.95,33.29,33.27,33.41,33.32,33.46,33.46,33.74,33.93,33.79,33.88,33.78,33.78,33.61,33.41,33.52,33.57,33.83,33.93,33.93,33.74,33.99,33.69,33.61,33.41,33.37,33.36,33.49,33.27,33.36,33.46,33.83,33.62,33.49,33.44,33.2,33.19,33.2,33.32,33.24,33.2,33.19,33.04,33.04,33.37,33.02,33.12,33.2,33.04,32.9,32.85,32.65,32.36,32.51,32.31,32.35,32.36,32.4,32.45,32.51,32.62,32.57,32.62,33.12,33.54,33.54,33.41,33.66,33.15,33.32,32.95
31.81,31.86,31.91,31.47,31.56,31.69,31.56,31.64,31.66,31.66,31.81,31.74,32.03,32.11,32.03,31.83,32.06,32.18,31.83,31.91,31.89,31.69,31.86,32.26,31.89,31.89,32.18,32.11,32.2,32.31,32.18,32.43,32.4,32.01,32.06,32.31,32.11,32.18,32.09,32.26,31.94,32.28,32.31,32.14,32.01,32.31,32.36,32.06,31.89,32.51,32.14,32.2,32.78,32.26,32.36,32.4,32.62,32.43,32.9,33.02,33.1,33.04,33.1,32.99,33.15,33.15,32.99,33.19,32.85,32.99,32.77,32.65,32.65,32.77,32.82,32.99,32.82,32.99,32.78,33.2,32.65,32.77,32.73,32.99,33.02,32.85,32.99,33.1,33.07,33.1,32.95,33.12,33.07,33.61,33.52,33.44,33.49,33.57,33.71,33.36,33.83,33.78,33.69,33.24,33.66,33.54,33.86,33.86,33.49,33.88,33.71,33.69,33.66,33.86,33.61,33.27,33.69,33.41,33.49,33.69,33.57,33.62,33.54,33.52,33.41,33.49,33.02,33.27,33.32,33.37,33.2,33.24,33.24,33.29,33.29,33.66,32.87,33.37,33.04,33.02,32.78,32.77,32.7,32.31,32.35,32.31,32.45,32.36,32.45,32.62,32.53,32.6,33.07,33.41,33.62,33.46,33.61,33.49,33.29,33.1
31.72,31.94,31.69,32.01,31.89,31.72,31.77,31.64,31.49,31.86,31.81,31.77,31.94,31.94,32.11,31.98,32.26,32.11,31.98,32.11,31.86,31.98,31.74,32.11,31.91,32.23,31.69,32.09,32.18,32.26,32.36,32.51,32.23,32.03,32.36,32.06,32.28,32.26,32.03,31.94,32.09,31.94,32.06,32.18,32.18,31.94,32.26,32.18,32.09,32.18,31.94,32.2,32.2,32.18,32.36,32.28,32.65,32.36,32.78,32.73,32.9,32.7,33.41,33.19,33.02,33.02,33.04,32.82,32.77,32.6,32.7,32.7,32.9,32.94,33.04,32.62,32.9,32.9,32.85,32.73,32.7,32.73,32.62,32.82,32.68,32.78,32.95,33.12,32.53,32.95,32.9,32.95,32.73,32.99,33.02,33.29,33.29,33.78,33.69,33.61,33.46,33.66,33.54,33.29,33.61,33.52,33.46,33.69,33.78,33.66,33.78,33.71,33.62,33.41,33.52,33.32,33.57,33.52,33.41,33.62,33.61,33.61,33.83,33.41,33.29,33.19,33.49,33.41,33.41,33.41,33.24,33.27,33.15,33.32,33.41,33.29,33.49,33.19,33.2,33.12,33.07,32.65,32.73,32.68,32.77,32.57,32.6,32.35,32.62,32.43,32.53,32.7,32.94,33.37,33.41,33.61,33.2,33.57,33.41,33.04
31.66,31.69,31.64,31.49,31.74,31.69,31.56,31.44,31.64,31.77,31.72,32.06,32.11,31.83,32.35,32.43,32.14,32.01,32.31,31.91,32.03,31.89,31.81,31.98,32.11,32.03,32.03,32.23,31.98,32.11,32.09,32.26,32.28,32.14,32.11,32.23,32.43,32.06,32.09,32.06,32.31,32.2,32.26,31.98,32.18,32.26,32.03,32.2,32.45,32.11,32.4,32.36,32.26,32.26,32.35,32.26,32.6,32.43,32.7,32.78,32.82,32.77,32.94,32.99,33.04,33.04,33.04,32.94,32.82,32.85,32.85,32.77,32.73,33.15,32.94,33.04,33.04,32.99,32.95,32.85,32.82,32.99,32.9,32.77,32.94,32.85,32.87,32.82,32.87,33.15,33.07,32.95,32.85,33.07,32.94,33.04,33.54,33.57,33.49,33.52,33.66,33.69,33.49,33.44,33.78,33.57,33.71,33.57,33.49,33.57,33.69,33.79,33.74,33.54,33.86,33.44,33.78,33.52,33.88,33.54,33.71,33.66,33.41,33.49,33.79,33.49,33.57,33.37,33.41,33.52,33.32,33.2,33.36,33.61,33.74,33.46,33.69,33.61,33.83,33.46,33.15,33.07,32.82,32.62,32.99,32.73,32.28,32.31,32.62,32.57,32.82,32.73,33.19,33.24,33.66,33.44,33.52,33.27,33.69,33.54
31.56,31.83,31.66,31.57,31.35,31.69,31.69,31.47,31.69,31.77,31.94,31.64,32.11,32.18,32.35,32.4,32.36,32.23,32.03,32.03,31.77,31.91,32.14,31.57,32.09,31.98,32.11,31.98,32.2,32.18,32.11,31.98,32.23,32.23,32.11,32.14,31.89,32.03,31.66,31.72,32.01,32.14,32.06,31.98,31.91,31.91,31.94,32.09,32.11,31.94,32.06,32.06,31.81,32.28,31.98,32.36,32.11,32.45,32.28,32.65,32.65,32.77,32.95,33.02,32.78,32.78,32.51,32.6,32.82,33.02,32.65,32.65,33.12,32.95,32.78,32.99,32.99,32.85,32.87,32.99,32.9,32.73,32.77,32.65,32.87,33.04,32.99,32.99,32.99,32.95,33.04,33.02,32.95,32.95,32.87,32.99,33.27,33.36,33.29,33.37,33.52,33.78,33.49,33.41,33.52,33.69,33.61,33.57,33.36,33.52,33.62,33.78,33.57,33.54,33.62,33.52,33.54,33.69,33.66,33.88,33.78,33.57,33.74,33.52,33.79,33.46,33.46,33.36,33.29,33.29,33.37,33.24,33.46,33.86,33.49,33.83,33.74,33.74,33.69,33.41,33.41,33.57,33.12,33.04,33.04,32.57,32.53,32.51,32.7,32.4,32.43,32.87,33.07,33.12,33.57,33.37,33.44,33.54,33.32,33.07
31.77,31.81,31.49,31.47,31.81,31.4,31.52,31.27,31.56,31.72,31.86,32.01,32.26,32.35,32.26,32.28,32.18,32.31,31.89,31.72,32.06,32.03,31.86,32.09,31.74,31.94,31.91,32.06,32.18,31.86,32.03,32.14,31.86,32.18,32.18,32.36,32.18,32.01,32.01,32.09,32.01,31.91,32.11,32.11,32.01,32.11,31.89,32.06,31.81,32.18,32.03,32.28,32.23,32.14,32.6,32.06,32.09,32.28,32.51,32.26,32.4,32.43,32.53,32.7,32.57,32.82,32.65,32.65,32.65,32.7,32.9,32.9,32.95,32.78,33.1,33.04,33.1,32.82,32.9,32.94,32.82,32.95,33.04,32.68,32.94,32.82,32.62,32.73,32.94,32.78,33.12,32.78,33.04,32.87,33.04,33.12,33.27,33.07,33.41,33.2,33.37,33.24,33.49,33.57,33.37,33.27,33.49,33.46,33.1,33.99,33.61,33.66,33.62,33.46,33.52,33.86,33.57,33.62,33.69,33.66,33.62,33.61,33.78,33.46,33.54,33.29,33.32,33.27,33.2,33.32,33.37,33.29,33.66,33.62,33.69,33.93,33.54,33.93,34.13,33.99,33.44,33.49,33.27,33.24,32.7,33.32,32.73,32.57,32.31,32.43,32.7,32.7,33.1,33.12,33.44,33.57,33.69,33.29,33.37,33.37
31.57,31.56,31.39,31.52,31.27,31.44,31.52,31.4,31.64,31.91,32.01,31.86,32.23,32.45,32.31,32.43,32.53,32.31,32.45,32.01,32.03,31.91,32.03,31.74,32.03,32.03,32.01,31.94,31.81,31.94,31.89,32.09,32.06,31.94,31.83,31.69,32.26,32.09,32.01,31.83,31.98,32.14,31.94,31.98,32.03,32.01,32.01,31.94,31.94,32.03,31.89,31.98,32.09,31.89,32.23,31.91,32.06,32.06,32.23,32.31,32.36,32.36,32.6,32.48,32.45,32.62,32.68,32.68,32.68,32.94,32.82,32.94,32.73,33.1,33.27,33.41,33.12,33.19,33.12,33.2,32.73,33.04,32.9,32.9,33.02,32.85,32.7,32.99,32.7,32.95,32.82,32.82,33.07,32.85,32.85,32.85,33.02,33.04,33.15,33.1,33.2,33.32,33.29,33.29,33.32,33.52,33.46,33.46,33.69,33.52,33.36,33.41,33.69,33.61,33.83,33.69,33.61,33.69,33.57,33.46,33.62,33.46,33.37,33.74,33.69,33.83,33.54,33.32,33.41,33.61,33.27,33.36,33.46,33.93,33.74,33.83,33.74,34.01,33.99,34.3,33.91,33.41,33.41,33.29,33.15,32.65,32.62,32.57,32.31,32.2,32.68,33.02,33.44,33.15,33.32,33.44,33.69,33.37,33.71,33.19
31.66,31.57,31.29,31.61,31.66,31.57,31.39,31.15,31.56,31.69,31.77,32.14,32.06,32.31,32.53,32.2,32.26,32.23,32.26,31.89,31.81,32.01,32.09,32.09,32.14,32.14,31.94,31.94,32.14,32.18,31.98,32.09,31.91,32.01,31.98,31.94,31.98,31.74,31.94,32.06,32.06,31.72,31.66,31.98,32.01,32.06,31.72,32.06,31.94,31.83,31.83,31.89,31.66,31.89,32.11,31.94,32.18,32.09,31.94,32.35,32.18,32.18,32.45,32.4,32.4,32.4,32.51,32.82,32.62,32.78,32.7,32.65,33.07,33.15,33.29,33.2,33.37,33.15,33.32,33.27,33.12,33.15,32.87,32.65,33.04,32.87,32.82,32.73,32.82,32.78,32.77,32.87,32.7,33.07,32.95,32.73,33.07,33.19,32.99,33.15,33.02,33.12,33.07,33.04,33.02,33.27,33.27,33.44,33.44,33.49,33.91,33.71,33.62,33.83,33.79,33.54,33.57,33.49,33.49,33.52,33.74,33.46,33.99,33.79,33.19,33.32,33.44,33.49,33.2,33.24,33.15,33.54,33.46,33.54,33.46,33.66,33.83,33.86,34.35,34.18,33.71,33.79,33.41,33.19,32.68,32.65,32.62,32.4,32.6,32.57,32.87,32.87,32.94,33.41,33.46,33.54,33.83,33.46,33.44,33.37
31.83,31.74,31.61,31.47,31.81,31.57,31.49,31.2,31.57,31.69,31.81,32.18,32.35,32.53,32.51,32.51,32.65,32.09,32.23,31.94,31.98,31.81,31.94,31.94,32.11,31.74,31.89,32.06,32.03,32.11,31.94,32.03,31.98,32.14,32.06,32.18,31.81,31.83,32.18,31.61,32.01,31.91,31.86,32.03,32.06,31.72,31.61,31.91,31.81,32.11,31.64,32.03,31.86,31.66,32.09,31.98,31.74,32.18,31.86,31.86,32.23,32.03,31.94,32.14,32.03,32.6,32.26,32.45,32.6,32.7,32.9,32.87,33.27,33.44,33.49,33.27,33.2,33.37,33.15,33.19,33.15,32.9,33.2,32.94,33.07,33.04,32.99,32.7,32.85,32.9,32.77,32.94,32.78,33.02,32.85,32.99,33.02,33.07,32.94,33.1,33.07,33.15,32.99,32.94,33.12,33.02,33.19,33.29,33.15,33.41,33.69,33.49,34.01,33.52,33.46,33.86,33.78,33.54,33.62,33.66,33.57,33.54,33.66,33.66,33.96,33.44,33.32,33.44,33.2,33.32,33.27,33.29,33.52,33.61,33.66,33.71,33.69,33.96,33.91,34.1,33.99,33.62,33.49,33.02,33.15,32.82,32.7,32.53,32.57,32.9,32.78,32.99,33.04,33.37,33.52,33.69,33.37,33.52,33.07,33.27
31.72,31.72,31.56,31.56,31.83,31.86,31.64,31.69,31.52,31.83,32.2,32.23,32.4,32.7,32.57,32.62,32.82,32.23,31.91,31.91,32.06,31.77,32.09,31.77,32.11,32.31,31.89,32.03,31.77,32.4,32.14,32.11,31.91,32.14,32.31,31.83,31.83,32.09,31.98,32.06,32.09,31.72,31.69,31.86,31.89,31.91,31.81,31.86,31.98,32.03,31.83,31.69,31.91,31.98,31.98,31.69,31.72,31.83,32.18,31.83,31.81,32.31,31.91,32.01,32.03,32.2,32.28,32.62,32.7,32.57,32.78,32.77,32.99,33.2,33.36,33.12,33.27,33.29,33.49,32.78,33.07,33.12,33.02,33.15,32.65,32.95,32.95,32.85,32.68,33.02,33.1,33.32,32.85,32.68,33.04,33.24,33.12,33.12,33.19,33.32,33.02,33.12,33.41,32.85,33.29,32.9,33.37,33.46,33.61,33.57,33.74,33.46,34.01,33.66,33.61,33.74,33.69,33.69,33.52,33.61,33.54,33.61,33.71,33.62,33.66,33.37,33.83,33.57,33.41,33.2,33.36,33.44,33.52,33.46,33.61,33.54,33.41,33.83,33.69,33.74,34.1,33.78,33.62,33.12,33.02,32.65,32.57,32.82,32.7,32.95,32.99,33.1,33.29,33.29,33.37,33.66,33.44,33.2,33.29,33.1
31.56,31.66,31.77,31.61,31.91,31.56,31.94,31.57,31.56,32.03,31.89,32.48,32.51,32.95,32.7,32.9,32.53,32.28,31.94,31.86,32.01,31.86,31.94,31.83,32.06,32.14,31.94,32.31,32.23,32.26,32.36,32.03,32.11,32.18,31.98,32.36,31.98,31.86,31.69,31.61,31.91,32.01,31.81,32.11,31.91,31.57,31.72,31.81,31.77,31.81,31.64,31.74,31.72,32.03,31.57,31.91,31.83,32.01,31.86,31.89,32.03,31.91,31.98,32.36,32.2,32.31,32.51,32.4,32.57,32.73,33.02,33.12,33.29,33.49,33.54,33.46,33.46,33.29,33.27,33.37,33.24,33.12,33.02,33.29,33.1,33.32,33.12,32.7,32.62,32.9,32.95,33.07,32.87,33.15,33.04,33.24,33.29,33.2,33.29,33.41,33.24,33.24,33.2,33.2,33.24,33.2,33.19,33.36,33.49,33.27,33.36,33.61,33.52,33.96,33.83,33.66,33.61,33.69,33.83,34.04,33.61,33.57,33.52,33.61,33.99,33.41,33.37,33.15,33.54,33.49,33.19,33.54,33.69,33.74,33.61,33.27,33.74,33.44,33.96,33.96,33.74,33.61,33.49,33.12,32.68,32.68,32.82,32.7,32.99,32.68,33.1,32.87,33.1,33.24,33.71,33.49,33.24,33.12,33.15,33.29
31.32,31.66,31.74,31.57,31.94,31.69,31.77,31.74,31.69,31.83,32.31,32.2,32.7,32.57,32.68,33.1,32.35,32.4,31.98,32.01,32.01,32.09,32.06,32.03,32.01,31.94,31.98,32.18,32.23,32.23,32.36,32.14,31.94,32.36,32.11,31.94,32.09,32.03,32.01,32.01,31.94,31.74,31.77,31.83,31.64,31.83,31.74,31.77,31.77,31.83,31.77,31.64,31.69,31.61,31.77,31.72,31.77,31.89,31.74,31.94,31.86,32.09,32.06,32.11,32.14,32.2,32.35,32.73,32.73,32.77,32.94,33.1,33.24,33.36,33.57,33.44,33.36,33.46,33.54,33.37,33.19,33.02,32.99,33.04,33.27,33.1,32.9,32.9,33.1,33.1,32.77,32.48,32.82,33.1,33.02,32.99,33.36,33.52,33.37,33.46,33.44,33.36,33.37,33.1,33.2,33.27,33.19,33.19,33.71,33.52,33.29,33.54,33.71,33.62,33.69,33.88,33.78,33.79,33.71,33.71,33.88,33.57,33.78,33.79,33.71,33.57,33.78,33.57,33.44,33.62,33.41,33.62,33.41,33.83,33.78,33.37,33.54,33.41,33.54,33.79,33.78,33.49,33.12,33.1,32.9,33.15,32.53,32.72,32.77,33.07,32.77,33.02,33.1,33.54,33.27,33.49,33.02,33.24,32.94,32.9
31.49,31.66,31.61,31.72,31.61,31.74,31.94,31.94,31.77,32.2,32.2,32.06,32.78,32.62,33.02,32.77,32.51,32.03,31.94,32.18,31.98,32.11,32.01,31.94,31.89,31.74,31.89,32.31,32.2,32.28,32.14,32.2,31.98,32.09,31.98,32.11,31.86,31.72,31.98,32.01,31.89,31.89,32.11,32.01,31.66,31.81,31.89,31.83,31.66,31.61,31.56,31.52,31.66,31.81,31.69,31.72,31.98,31.83,31.66,31.98,31.74,32.01,31.94,32.18,32.28,32.18,32.43,32.57,32.95,32.95,32.94,32.87,33.32,33.2,33.29,33.54,33.54,33.27,33.46,33.57,33.52,33.61,33.2,33.2,33.2,33.1,32.87,33.12,32.85,32.99,32.78,32.94,33.07,33.24,33.32,33.2,33.57,33.91,33.32,33.37,33.93,33.41,33.32,32.94,33.29,33.41,33.19,33.41,33.24,33.44,33.41,33.54,33.71,33.66,33.83,33.99,33.78,33.61,33.93,33.83,33.83,33.71,33.61,33.78,33.79,33.52,33.86,33.61,33.54,33.32,33.61,33.66,33.61,33.71,33.52,33.36,33.66,33.29,33.54,33.99,33.46,33.24,33.07,32.78,33.12,32.99,33.02,32.85,32.78,32.85,32.95,33.24,33.1,33.37,33.29,33.61,33.32,33.41,33.2,32.87
31.29,31.4,31.56,31.64,31.72,31.72,31.69,31.64,31.91,31.98,32.28,32.09,32.48,32.62,33.04,32.53,32.06,32.2,31.98,32.2,31.94,31.77,32.01,31.86,32.11,32.03,31.69,31.83,32.28,32.09,31.94,32.18,32.06,32.06,31.83,32.11,31.94,31.66,32.03,31.89,32.03,31.89,31.49,31.89,31.86,31.74,31.44,31.64,31.4,31.66,31.74,31.32,31.72,32.06,31.81,31.91,31.77,31.77,31.81,31.77,31.81,32.01,32.23,31.89,32.11,32.26,32.48,32.68,33.02,32.85,32.94,33.1,33.12,33.36,33.41,33.54,33.41,33.52,33.78,33.57,33.57,33.37,33.12,33.2,32.99,32.87,32.95,33.02,32.78,33.24,32.95,33.02,33.2,32.94,33.32,33.49,33.49,33.78,33.57,33.96,33.46,33.27,33.36,33.32,33.32,33.19,33.41,33.37,33.36,33.41,33.49,33.57,33.62,33.62,33.74,33.61,33.69,33.61,33.93,33.69,33.83,33.62,33.71,33.49,33.69,33.88,33.52,33.37,33.19,33.79,33.62,33.66,33.57,33.54,33.49,33.41,33.49,33.32,33.44,33.32,33.37,33.46,32.99,32.87,33.19,32.9,33.07,32.78,33.02,33.02,32.94,32.99,32.94,33.27,33.04,33.2,33.27,32.95,33.15,32.68
30.95,31.56,31.27,31.47,31.83,31.83,32.23,31.91,31.98,31.91,32.01,32.35,32.62,32.82,32.82,32.53,32.2,32.26,31.77,31.56,31.94,32.09,31.81,31.61,31.94,31.89,31.94,31.94,32.06,32.18,31.74,31.69,31.86,31.89,31.86,31.86,31.94,31.89,31.89,31.64,31.74,31.57,31.66,31.77,31.83,31.74,31.52,31.64,31.52,31.81,31.47,31.72,31.64,31.49,31.49,31.61,31.61,31.72,31.77,31.66,31.72,31.74,32.03,32.18,31.94,32.06,32.4,32.45,32.53,32.77,32.78,33.24,33.19,33.12,33.32,33.46,33.46,33.49,33.62,33.66,33.61,33.46,33.19,33.24,33.2,33.36,33.12,32.78,32.85,33.12,32.99,32.82,33.15,33.15,33.19,33.69,33.57,33.83,33.86,33.96,33.66,33.52,33.57,33.41,33.29,33.1,33.19,33.37,33.54,33.52,33.27,33.24,33.61,33.86,33.74,33.74,33.54,33.69,33.49,33.57,33.78,33.44,33.74,33.83,33.74,33.57,33.32,33.44,33.2,33.71,33.36,33.41,33.49,33.78,33.61,33.36,33.36,32.99,33.46,33.46,33.24,33.04,33.12,33.07,32.9,32.85,33.04,32.9,33.04,32.77,32.99,33.57,33.2,33.1,33.24,33.04,33.27,32.99,32.78,32.48
31.15,31.12,31.29,31.56,31.56,31.89,32.2,31.77,32.09,32.06,31.91,32.53,32.77,32.85,32.65,32.06,32.01,31.91,32.26,31.52,31.61,31.66,31.91,31.94,31.64,31.89,31.64,31.74,31.83,32.01,32.03,31.98,31.81,31.98,31.64,31.94,31.98,31.98,31.94,31.94,31.69,31.89,31.81,31.57,31.69,31.72,31.64,31.69,31.49,31.56,31.49,31.74,31.72,31.89,31.98,31.69,31.91,31.81,31.61,31.81,31.57,31.86,32.01,31.98,32.09,32.31,32.35,32.36,32.85,32.85,32.82,33.12,33.04,33.24,33.37,33.57,33.44,33.44,33.71,33.86,33.52,33.24,33.44,33.27,33.37,33.1,32.94,32.99,32.77,32.99,33.36,33.07,33.04,33.44,33.71,33.54,33.86,33.88,33.96,34.01,33.93,33.79,33.61,33.41,33.27,33.19,33.37,33.41,33.46,33.41,33.19,33.44,33.69,33.57,33.78,33.74,33.61,33.69,33.69,33.69,33.69,33.71,33.78,33.66,33.71,33.66,33.61,33.69,33.54,33.62,33.37,33.32,33.52,33.52,33.57,33.61,33.27,33.1,33.36,33.15,33.32,33.12,32.99,32.95,33.04,33.27,33.12,33.1,33.36,33.04,33.44,32.99,32.94,33.15,33.02,32.85,32.78,32.77,32.85,32.6
30.95,31.35,31.35,31.47,31.98,32.03,32.26,32.11,32.09,32.06,32.14,32.53,32.57,32.78,32.26,32.23,32.09,31.94,31.77,31.83,31.47,31.91,31.86,31.81,31.91,31.94,31.81,31.77,31.83,32.09,31.61,31.94,31.61,32.03,31.72,31.94,31.47,31.94,31.56,32.03,31.91,31.56,31.94,31.86,31.74,31.64,31.61,31.4,31.74,31.69,31.72,31.64,31.66,31.91,31.61,31.98,31.64,31.77,31.72,31.72,31.89,31.86,31.94,31.86,32.18,32.09,32.35,32.51,32.6,32.87,32.95,33.07,33.24,33.15,33.44,33.54,33.46,33.46,33.57,33.62,33.54,33.86,33.52,33.29,33.32,33.36,33.02,33.1,33.29,33.19,33.12,33.27,33.27,33.29,33.36,33.78,33.41,33.78,33.91,33.86,33.96,33.99,33.93,33.44,33.52,33.52,33.29,33.41,33.52,33.54,33.49,33.49,33.46,33.44,33.62,33.57,33.62,33.62,33.93,33.61,33.79,33.69,33.57,33.74,33.66,33.49,33.83,33.46,33.93,33.61,33.46,33.62,33.86,34.3,33.57,33.62,33.15,33.19,33.41,33.27,33.04,32.99,33.24,33.07,33.36,33.37,33.36,33.2,33.2,33.66,33.37,33.2,33.19,33.2,32.9,32.85,33.02,32.57,32.57,32.18
30.82,30.98,31.2,31.57,31.77,31.83,31.89,32.14,31.94,32.26,32.14,32.53,32.43,32.36,32.2,31.91,31.94,31.81,31.74,31.66,31.77,31.74,31.98,31.83,31.81,31.89,31.83,31.91,31.74,31.64,31.69,31.83,31.61,31.83,31.72,31.83,31.81,31.66,31.77,31.83,31.89,31.81,31.81,31.52,31.69,31.66,31.47,31.72,31.4,31.39,31.35,31.64,31.69,31.66,31.81,31.72,31.72,31.81,31.64,31.83,31.74,31.66,31.94,32.31,31.98,32.48,32.62,32.7,32.48,32.82,32.62,32.85,32.94,33.15,33.29,33.41,33.46,33.44,33.71,33.88,33.52,33.57,33.49,33.27,33.36,33.29,32.99,33.24,33.24,33.1,33.46,33.24,33.36,33.36,33.61,33.44,33.41,33.88,33.96,33.79,33.93,33.86,33.79,33.57,33.62,33.24,33.27,33.2,33.1,33.62,33.36,33.2,33.24,33.61,33.54,33.61,33.61,33.96,33.69,33.93,33.83,33.57,33.83,33.52,33.46,33.66,33.74,33.49,33.54,33.54,33.61,33.74,33.57,33.79,33.52,33.71,33.49,33.29,33.19,33.2,33.2,33.27,33.04,33.54,33.36,32.95,33.36,33.41,33.41,33.44,33.37,33.2,33.19,33.19,33.19,33.07,33.02,32.82,32.18,31.94
30.7,31.2,31.1,31.35,31.83,31.83,32.4,32.26,32.35,32.43,32.35,32.14,32.43,32.14,32.28,31.86,31.83,31.72,31.66,31.81,32.01,31.72,31.69,31.49,31.89,31.56,31.69,31.91,31.77,31.61,31.74,32.03,31.74,31.61,31.64,32.06,31.81,31.64,31.69,31.57,31.61,31.81,31.56,31.49,31.77,31.66,31.47,31.44,31.47,31.24,31.56,31.66,31.64,31.64,31.61,31.47,31.69,31.57,31.72,31.86,31.94,31.83,32.31,32.14,32.2,32.11,32.48,32.48,32.51,32.82,32.78,33.02,33.04,33.12,33.19,33.02,33.44,33.41,33.49,33.52,33.27,33.61,33.52,33.19,33.71,33.2,33.2,33.36,33.15,33.27,33.19,33.27,33.27,33.2,33.37,33.62,33.74,33.96,33.83,33.96,33.86,33.74,33.83,33.86,33.83,33.37,33.61,33.49,33.54,33.37,33.29,33.52,33.29,33.61,33.46,33.46,33.79,33.54,33.61,33.44,33.71,33.74,33.62,33.61,33.69,33.54,33.54,33.46,33.46,33.49,33.61,33.79,33.46,33.83,33.61,33.52,33.1,33.27,33.2,33.12,32.95,33.12,33.29,33.46,33.41,33.2,33.57,33.79,33.79,33.52,33.54,33.44,33.27,33.07,33.15,32.77,32.82,32.48,32.35,31.74
30.5,30.98,31.12,31.35,31.94,31.74,32.31,32.26,32.2,32.26,32.2,32.03,32.26,31.89,32.09,32.03,32.01,31.72,31.56,31.86,31.91,31.72,32.09,31.57,31.83,31.52,31.86,31.66,31.61,31.83,31.57,31.47,32.01,31.72,31.49,31.61,31.74,31.77,31.91,31.52,31.56,31.29,31.77,31.4,31.77,31.49,31.47,31.32,31.32,31.52,31.29,31.44,31.49,31.57,31.91,31.52,31.49,31.74,31.74,32.06,32.14,31.86,32.18,32.11,32.36,32.35,32.31,32.23,32.65,32.53,32.9,32.94,32.95,33.1,33.71,33.44,33.49,33.32,33.44,33.54,33.44,33.41,33.49,33.62,33.1,33.19,33.19,33.36,33.15,32.94,33.07,33.49,33.52,33.37,33.24,33.37,33.52,33.52,33.91,33.78,33.93,33.78,34.08,33.86,33.71,33.49,33.52,33.62,33.15,33.86,33.69,33.27,33.29,33.46,33.57,33.61,33.69,33.41,33.66,33.52,33.83,33.52,33.52,33.78,33.44,33.49,33.78,33.52,33.36,33.71,33.62,33.86,33.93,33.69,33.79,33.57,33.29,33.41,33.24,33.24,33.37,33.36,33.49,33.37,33.2,33.61,33.49,33.62,33.88,33.61,33.79,33.32,32.87,32.9,32.7,32.7,32.87,32.31,32.23,31.57
30.29,30.7,30.82,31.24,31.56,31.83,32.18,32.28,32.23,32.09,32.06,31.98,31.83,31.57,32.01,31.77,31.83,31.81,31.47,31.35,31.77,31.52,31.57,31.72,31.47,31.89,31.83,31.86,31.69,31.77,31.89,31.81,31.66,31.66,31.69,31.66,31.77,31.44,31.66,31.91,31.69,31.57,31.44,31.32,31.69,31.35,31.77,31.49,31.56,31.24,31.56,31.32,31.52,31.49,31.72,31.61,31.69,31.69,31.57,31.66,31.72,31.91,32.2,32.11,32.31,32.31,32.31,32.26,32.53,32.99,32.62,32.87,32.82,32.95,33.52,33.41,33.66,33.54,33.44,33.71,33.46,33.36,33.54,33.15,33.15,33.32,33.15,32.73,32.78,32.99,33.02,33.12,33.12,33.29,33.36,33.46,33.46,33.83,33.74,33.74,34.01,33.86,34.1,34.18,33.41,33.52,33.74,33.36,33.29,33.46,33.52,33.24,33.52,33.46,33.36,33.62,33.74,33.54,33.61,33.41,33.83,33.32,33.61,33.57,33.54,33.86,33.49,33.07,33.79,33.52,33.57,33.52,33.74,33.62,33.86,33.07,33.29,33.49,33.32,33.15,33.37,33.44,33.66,33.66,33.61,33.83,33.88,34.18,33.66,33.61,33.69,33.1,33.19,32.99,32.6,32.68,32.18,32.35,32.26,31.56
30.33,30.65,30.65,31.15,31.15,31.69,32.31,32.4,32.28,32.28,31.74,31.52,31.83,32.06,31.81,31.52,31.69,31.89,31.44,31.64,31.86,31.69,31.49,31.77,31.69,31.74,31.64,31.81,31.77,31.32,31.56,31.47,31.74,31.35,31.49,31.72,31.91,31.81,31.61,31.4,31.89,31.44,31.61,31.52,31.74,31.56,31.61,31.24,31.2,31.52,31.52,31.29,31.27,31.61,31.44,31.57,31.83,31.89,31.86,31.81,31.72,31.74,32.35,32.31,32.28,32.45,32.14,32.36,32.48,32.53,32.68,32.85,33.04,33.32,33.74,33.54,33.46,33.69,33.29,33.41,33.54,33.41,33.07,33.19,32.99,33.32,32.9,33.02,33.04,33.24,33.24,33.36,33.19,33.57,33.41,33.37,33.29,33.69,33.69,33.88,33.74,33.69,34.18,33.99,33.74,33.69,33.57,33.66,33.44,33.49,33.37,33.32,33.37,33.32,33.27,33.46,33.61,33.71,33.96,33.29,33.93,33.41,33.78,33.62,33.46,33.61,33.61,33.46,33.62,33.62,33.49,33.49,33.71,33.83,33.66,33.24,33.41,33.29,33.44,33.46,33.27,33.61,33.52,33.57,33.91,33.91,33.93,33.78,33.99,33.46,33.46,33.37,33.24,32.73,32.85,32.53,32.26,32.01,31.52,31.1
30.16,30.61,30.87,31.15,31.64,31.74,32.09,32.28,32.36,31.83,31.56,31.69,31.56,31.52,31.89,31.98,31.74,31.74,31.72,31.61,31.44,31.56,31.49,31.4,31.47,31.89,31.94,31.86,31.52,31.64,31.61,31.44,31.47,31.69,31.52,31.69,31.56,31.69,31.32,31.81,31.61,31.44,31.35,31.77,31.64,31.49,31.4,31.39,31.52,31.57,31.57,31.52,31.69,31.39,31.52,31.64,31.56,31.69,31.64,31.74,31.83,32.01,32.18,32.11,32.23,32.26,32.09,32.65,32.62,32.57,32.95,32.94,33.02,32.95,33.32,33.49,33.54,33.27,33.52,33.27,33.57,33.07,33.24,33.27,33.02,32.9,32.9,33.19,33.02,33.2,32.95,33.32,33.19,33.15,33.37,33.52,33.29,33.44,33.66,33.49,33.78,33.61,33.66,34.04,33.54,33.49,33.44,33.83,33.36,33.37,33.1,33.49,33.66,33.37,33.32,33.41,33.36,33.69,33.52,33.66,33.66,33.62,33.49,33.86,33.69,33.61,33.44,33.61,33.62,33.54,33.54,33.52,33.49,33.49,33.66,33.44,33.37,33.19,33.36,33.07,33.57,33.86,33.66,33.78,34.16,33.86,34.01,34.04,33.74,33.44,33.79,33.46,33.29,32.7,32.7,32.4,32.11,31.81,31.44,30.61
29.72,30.38,30.41,30.92,31.35,31.64,31.86,32.28,32.18,31.77,31.86,31.69,31.61,31.66,31.74,31.77,31.56,31.81,31.64,31.52,31.83,31.4,31.57,31.64,31.39,31.35,31.81,31.77,31.56,31.52,31.44,31.89,31.57,31.49,31.61,31.4,31.57,31.74,31.72,31.83,31.66,31.72,31.61,31.57,31.81,31.44,31.64,31.66,31.72,31.69,31.44,31.69,31.61,31.61,31.57,31.91,31.47,31.89,31.86,31.83,31.94,31.98,32.06,32.11,32.4,32.36,32.51,32.48,32.57,32.95,32.87,33.04,32.94,33.19,33.44,33.79,33.32,33.44,33.49,33.52,33.44,33.19,32.87,33.27,33.29,33.1,32.82,32.87,33.1,33.07,33.15,33.02,33.37,33.36,33.07,33.15,33.69,33.86,33.41,33.54,33.57,33.79,33.93,33.93,33.49,33.71,33.62,33.46,33.79,33.36,33.41,33.2,33.15,33.41,33.52,33.44,33.69,33.78,33.61,33.91,33.69,33.62,33.61,33.69,33.61,33.61,33.57,33.69,33.66,33.52,33.74,33.74,33.61,33.69,33.54,33.62,33.41,33.49,33.44,33.62,33.44,33.74,33.96,33.71,33.99,34.25,34.1,33.88,33.86,33.74,33.49,33.36,33.07,32.9,32.57,32.09,32.06,31.1,31.29,30.29
29.72,30.46,30.61,30.95,31.44,31.66,31.77,31.74,31.74,31.39,31.44,31.83,31.69,31.72,31.61,31.64,31.81,31.69,31.57,31.69,31.49,31.49,31.61,31.66,31.66,31.98,31.69,31.69,31.52,31.74,31.57,31.56,31.29,31.77,31.49,31.69,31.74,31.69,31.66,31.77,31.83,31.72,31.47,31.81,31.35,31.61,31.56,31.61,31.64,31.57,31.4,31.56,31.77,31.83,31.64,31.64,32.09,31.74,31.64,31.89,32.28,31.94,32.2,32.14,32.23,32.43,32.11,32.51,32.57,32.7,32.73,32.99,33.12,33.29,33.36,33.78,33.37,33.19,33.66,33.52,33.36,33.41,33.36,33.19,33.04,32.99,32.7,33.12,32.99,32.73,32.99,33.36,32.77,33.07,33.41,33.24,33.52,33.44,33.27,33.49,33.74,33.74,33.57,33.91,33.62,33.46,33.44,33.36,33.37,33.44,33.27,33.32,33.36,33.61,33.44,33.57,33.79,33.61,33.71,33.78,33.37,33.54,33.71,33.54,33.37,33.54,33.37,33.19,33.52,33.41,33.52,33.29,33.49,33.74,33.46,33.37,33.36,33.12,33.29,33.54,33.62,33.83,33.79,33.93,34.26,33.99,33.86,33.83,33.91,33.54,33.61,33.54,33.1,32.9,32.6,31.86,31.91,31.64,30.65,29.29
29.59,30.09,30.55,30.55,31.47,31.44,31.83,31.91,31.24,31.61,31.39,31.49,31.56,31.72,31.77,31.81,31.81,31.61,31.81,31.69,31.56,31.61,31.52,31.27,31.32,31.56,31.57,31.56,31.56,31.24,31.57,31.56,31.69,31.4,31.61,31.61,31.72,31.74,31.64,31.72,31.89,31.64,31.39,31.61,31.61,31.64,31.47,31.83,31.64,31.39,31.49,31.47,31.52,31.61,31.64,31.74,31.61,31.64,32.01,31.83,31.91,32.06,32.2,32.18,32.36,32.43,32.28,32.57,32.48,32.48,32.65,33.2,32.94,33.15,33.24,33.61,33.36,33.27,33.27,33.52,33.29,33.24,33.07,33.2,32.99,33.24,32.87,33.02,33.07,32.87,33.1,32.95,32.77,33.2,33.12,33.12,33.2,33.52,33.41,33.52,33.49,33.57,33.54,33.37,33.49,33.54,33.29,33.36,33.32,33.24,33.44,33.1,33.52,33.57,33.57,33.37,33.57,33.54,33.61,33.61,33.69,33.2,33.66,33.46,33.57,33.57,33.62,33.66,33.44,33.52,33.49,33.83,33.79,33.71,33.78,33.62,33.46,33.15,33.15,33.41,33.86,33.83,33.88,33.99,34.16,34.18,34.1,33.46,33.46,33.36,33.71,33.46,33.29,32.48,32.31,32.03,31.64,31.07,30.33,28.56
28.92,29.89,30.46,30.46,30.98,31.2,31.91,31.89,31.57,31.39,31.52,31.29,31.83,31.56,31.77,31.61,31.74,31.89,31.86,31.39,31.47,31.52,31.47,31.49,31.4,31.29,31.61,31.39,31.27,31.32,31.47,31.44,31.74,31.61,31.69,31.83,31.98,32.06,31.91,31.72,31.89,31.74,31.74,31.57,31.77,31.44,31.72,31.32,31.4,31.66,31.4,31.74,31.56,31.86,31.66,31.47,31.69,31.72,31.83,32.26,32.03,31.86,32.18,32.03,32.35,32.14,32.43,32.51,32.82,32.73,32.82,32.82,32.7,33.2,33.27,33.37,33.24,33.44,33.29,33.24,33.24,33.29,33.1,33.24,33.24,33.2,32.82,33.02,32.85,32.85,33.02,33.1,32.95,33.24,33.1,33.07,33.27,33.46,33.12,33.2,33.46,33.36,33.54,33.32,33.52,33.52,33.32,33.41,33.2,33.46,33.36,33.71,33.49,33.54,33.52,33.46,33.62,33.71,33.71,33.69,33.66,33.32,33.54,33.57,33.86,33.36,33.46,33.61,33.49,33.69,33.46,33.52,33.83,33.83,33.66,33.49,33.37,33.12,33.46,33.49,33.66,33.78,33.91,33.96,34.01,33.96,33.74,33.49,33.57,33.54,33.44,33.57,32.9,32.87,32.35,31.77,31.32,30.87,29.84,26.8
28.24,29.76,30.18,30.36,30.82,31.49,31.66,31.02,31.24,31.35,31.39,31.35,31.57,31.69,31.86,31.81,31.72,31.83,31.64,31.12,31.57,31.29,31.39,31.29,31.47,31.49,31.02,31.02,31.32,31.27,31.35,31.29,31.72,31.83,31.64,31.77,31.89,32.09,32.01,31.83,31.89,31.72,31.74,31.81,31.56,31.77,31.64,31.83,31.49,31.61,31.61,31.56,31.56,31.77,31.69,31.72,31.86,31.81,31.91,32.06,32.2,32.06,32.18,32.14,32.26,32.4,32.48,32.45,32.6,32.85,33.02,32.99,32.95,32.87,33.36,33.27,33.32,33.49,33.29,33.37,33.19,33.49,33.32,33.1,33.15,32.99,33.07,32.94,32.94,33.12,33.12,33.02,33.24,32.87,33.12,33.15,33.12,33.29,33.02,33.32,33.62,33.74,33.54,33.44,33.46,33.2,33.37,33.66,33.29,33.66,33.41,33.36,33.24,33.78,33.61,33.74,33.74,33.44,33.62,33.54,33.52,33.49,33.71,33.66,33.44,33.44,33.44,33.41,33.86,33.61,33.96,33.69,33.88,33.99,33.78,33.69,33.37,33.36,33.52,33.41,33.61,33.93,34.18,34.13,34.25,34.21,33.99,33.61,33.46,33.57,33.62,33.41,32.95,32.65,32.01,31.64,31.24,30.09,29.15,25.82
27.52,29.47,30.61,30.45,30.78,31.02,31.39,30.92,31.24,31.4,31.49,31.52,31.4,31.89,31.77,31.49,31.57,31.47,31.66,31.19,31.32,31.02,31.32,31.2,31.35,31.2,31.1,31.1,31.39,31.19,31.24,31.61,31.32,31.56,31.91,31.91,31.81,32.14,32.06,31.69,31.86,32.01,31.91,31.94,31.47,31.44,31.57,31.49,31.72,31.44,31.39,31.52,31.39,31.72,31.52,31.86,31.69,31.91,31.94,31.91,31.91,32.09,32.14,32.01,32.09,32.09,32.6,32.36,32.57,32.87,32.65,32.78,33.04,33.04,33.15,33.37,33.54,33.46,33.41,33.36,33.46,33.27,33.02,33.32,32.87,33.07,33.12,32.7,32.82,33.1,33.1,32.99,33.15,33.41,32.87,33.07,32.95,32.99,32.94,33.19,33.61,33.37,33.52,33.41,33.36,33.12,33.61,33.44,33.27,33.37,33.19,33.66,33.24,33.49,33.86,33.36,33.62,33.69,33.36,33.52,33.86,33.74,33.71,33.78,33.66,33.52,33.37,33.71,33.69,33.69,33.83,33.62,33.88,33.99,33.71,33.66,33.37,33.44,33.46,33.74,33.86,33.88,34.3,34.01,34.08,33.69,33.54,33.71,33.91,33.66,33.54,33.46,32.94,32.36,32.14,31.4,30.95,30.21,27.79,24.78
26.38,29.44,29.64,30.26,30.9,31.2,31.19,30.83,31.12,31.39,31.4,31.56,31.83,31.77,31.56,31.39,31.57,31.57,31.27,31.39,31.27,31.15,31.12,30.95,31.24,31.24,31.03,31.12,31.27,31.35,31.2,31.19,31.27,31.56,31.47,31.64,31.61,32.14,32.01,31.91,32.01,31.91,31.77,31.77,31.56,31.56,31.44,31.57,31.12,31.56,31.15,31.44,31.49,31.44,31.35,31.69,31.61,31.83,31.89,31.94,32.06,31.86,32.11,32.01,32.23,32.31,32.45,32.68,32.53,32.7,32.9,32.73,32.94,32.94,33.15,33.24,33.19,33.29,33.2,33.36,33.46,33.27,33.12,32.95,33.1,33.1,32.77,32.9,32.95,32.99,33.19,32.94,32.94,32.94,33.41,33.02,33.27,33.2,32.85,33.2,33.07,33.32,33.36,33.19,33.19,33.29,33.12,33.32,33.49,33.37,33.46,33.54,33.49,33.62,33.69,33.46,33.88,33.62,33.71,33.57,33.44,33.36,33.74,33.57,33.54,33.62,33.79,33.57,33.78,33.71,33.71,33.66,33.69,33.69,33.69,33.74,33.27,33.62,33.83,33.78,33.91,34.3,34.08,33.96,34.3,33.69,33.57,33.57,33.44,33.46,33.12,33.12,32.82,32.51,31.86,31.27,30.87,29.12,26.29,24.56
25.32,28.83,30.36,30.29,30.65,30.98,30.78,30.83,30.73,31.03,31.2,31.61,31.69,31.66,31.03,31.12,31.29,31.02,31.24,30.92,31.03,31.02,31.1,30.9,30.73,30.98,30.95,30.83,31.12,30.98,31.19,31.19,31.64,31.29,31.44,31.4,31.64,31.83,31.86,31.94,32.06,31.86,31.69,31.74,31.83,31.61,31.44,31.15,31.29,31.47,31.24,31.19,31.32,31.61,31.56,31.52,31.44,31.74,31.94,31.91,32.01,32.11,32.06,32.01,32.2,32.36,32.28,32.62,32.62,32.7,32.73,32.78,32.7,32.85,32.95,33.02,33.29,33.12,33.24,33.27,33.36,33.24,33.19,33.1,33.27,32.95,32.87,32.65,32.9,32.99,32.77,32.94,32.99,32.87,33.1,33.27,32.85,32.95,33.02,32.77,33.24,33.12,33.54,33.37,33.32,33.12,33.19,33.36,33.32,33.37,33.66,33.57,33.36,33.44,33.41,33.62,33.46,33.41,33.69,33.52,33.49,33.54,33.32,33.62,33.74,33.62,33.78,33.62,33.46,33.41,33.71,33.79,33.86,33.74,33.83,33.71,33.46,33.57,33.71,33.93,33.86,33.86,34.25,34.26,34.01,33.78,33.37,33.32,33.52,33.32,33.32,32.85,32.62,32.09,31.77,31.12,30.01,27.81,25.52,24.63
24.75,28.24,29.69,30.13,30.7,30.65,30.65,31.19,31.29,31.66,31.29,31.57,31.86,31.57,31.1,31.32,31.4,31.03,30.95,31.07,30.95,30.82,30.75,31.32,31.2,31.02,31.1,31.15,30.98,31.27,31.07,31.47,31.32,31.24,31.47,31.39,31.39,31.66,32.01,31.66,31.83,31.57,31.74,31.64,31.77,31.4,31.57,31.57,31.61,31.32,31.29,31.27,31.35,31.47,31.44,31.66,31.44,31.69,31.56,31.56,31.77,31.94,32.11,32.31,32.53,32.57,32.68,32.43,32.62,32.14,32.77,32.87,32.7,32.87,32.85,33.07,33.15,33.29,33.02,33.12,33.1,33.32,33.15,32.9,32.95,33.2,32.87,33.04,32.82,32.87,33.24,32.95,32.99,32.85,33.04,32.95,33.32,33.29,32.9,33.04,33.07,33.27,33.36,33.41,33.37,33.29,33.44,33.29,33.32,33.37,33.44,33.62,33.52,33.36,33.69,33.49,33.44,33.61,33.46,33.32,33.37,33.61,33.78,33.62,33.74,33.83,33.61,33.71,33.78,33.71,33.79,33.88,33.74,33.88,33.88,33.74,33.32,33.74,34.01,34.13,33.61,34.04,34.47,34.47,33.99,33.78,33.54,33.41,33.44,33.04,32.94,32.51,32.43,31.91,31.57,30.92,29.52,26.85,25.1,24.24
24.56,27.76,29.52,30.13,30.24,30.66,30.95,31.07,30.95,31.61,31.81,31.57,31.49,31.29,31.27,31.4,30.95,30.95,30.92,30.92,30.98,31.12,31.1,30.95,31.12,31.24,31.15,30.87,31.32,31.12,31.19,31.1,31.24,31.47,31.52,31.57,31.4,31.49,31.56,31.44,31.61,31.47,31.69,31.81,31.4,31.56,31.4,31.35,31.32,31.44,31.29,31.39,31.39,31.69,31.56,31.72,31.61,31.77,31.98,32.09,31.89,32.2,32.03,32.53,32.45,32.06,32.62,32.4,32.53,32.85,32.6,32.82,33.02,33.02,33.1,32.68,33.1,33.12,33.41,33.24,33.36,33.2,33.27,33.46,33.15,33.15,32.95,32.95,33.19,33.12,32.7,33.07,32.94,32.95,32.85,32.99,33.12,33.02,32.95,33.12,33.1,33.19,33.49,33.19,33.1,33.36,33.44,33.52,33.32,33.29,33.41,33.54,33.57,33.52,33.46,33.66,33.66,33.52,33.62,33.61,33.54,33.61,33.88,33.62,33.74,33.83,33.69,33.69,33.83,33.88,33.79,33.99,34.16,33.74,34.1,33.78,33.57,33.61,33.78,33.91,33.93,33.88,34.47,34.41,34.13,34.04,33.37,33.29,33.46,32.87,32.68,32.36,32.26,31.61,31.2,30.36,28.71,25.49,24.24,24.14
24.17,26.85,29.77,29.87,30.09,30.18,30.82,31.03,31.27,31.74,31.81,31.39,31.81,30.92,31.02,31.02,30.78,31.24,30.95,30.83,31.1,30.87,31.07,31.02,31.1,31.27,31.02,31.19,30.82,30.92,30.82,31.29,31.27,31.27,31.24,31.52,31.2,31.52,31.39,31.15,31.66,31.74,31.4,31.64,31.49,31.74,31.69,31.35,31.44,31.4,31.29,31.44,31.35,31.57,31.27,31.49,31.81,31.72,31.57,31.98,31.91,31.94,32.06,32.18,32.2,32.53,32.65,32.57,32.48,32.53,32.48,32.57,32.65,32.78,32.95,33.07,32.68,33.15,33.15,33.41,32.87,33.2,33.04,33.19,33.02,33.12,33.04,33.2,32.7,33.0,33.2,33.2,33.04,33.04,32.87,32.95,33.12,33.02,32.78,32.99,33.29,33.44,33.49,33.27,33.12,33.12,33.19,33.44,33.27,33.27,33.49,33.49,33.36,33.52,33.52,33.52,33.71,33.66,33.57,33.61,33.69,33.71,33.74,33.66,33.52,33.62,33.66,33.66,33.79,33.83,33.79,34.1,34.1,33.96,33.96,33.69,33.61,33.71,33.83,33.88,33.88,33.83,34.41,34.47,34.21,33.83,33.54,33.12,32.95,32.73,32.28,31.91,32.06,31.24,30.92,29.84,27.55,24.95,24.26,24.21
24.02,26.23,29.35,29.56,29.72,30.13,31.02,31.03,31.56,31.72,31.74,31.52,31.52,31.12,31.02,31.27,31.12,30.98,31.1,30.7,30.98,31.24,30.87,31.03,30.92,30.61,30.83,31.1,30.83,31.12,30.87,31.1,31.1,31.44,31.24,31.27,31.49,31.49,31.49,31.47,31.39,31.47,31.32,31.39,31.61,31.57,31.56,31.39,31.15,31.35,31.4,31.61,31.72,31.24,31.72,31.61,31.47,31.89,31.86,31.83,31.83,31.89,32.09,31.98,32.51,32.48,32.51,32.26,32.62,32.78,32.65,32.73,32.85,32.77,32.9,32.82,33.1,32.73,33.24,32.87,33.1,33.04,33.02,32.87,33.04,32.85,33.12,32.82,32.7,32.99,32.7,33.04,32.87,33.07,32.9,32.53,32.78,32.99,32.87,33.1,33.2,33.24,33.2,33.24,33.19,33.54,33.12,33.46,33.57,33.61,33.49,33.41,33.41,33.52,33.49,33.71,33.41,33.52,33.52,33.66,33.44,33.54,33.54,33.74,33.78,33.62,33.46,33.79,33.83,33.74,33.88,33.66,33.83,34.13,33.91,33.78,33.88,33.74,33.86,33.86,33.99,34.3,34.65,34.08,34.16,33.91,33.44,33.1,32.77,32.57,32.36,31.98,31.86,31.24,30.61,29.77,26.07,24.8,24.44,24.09
23.87,25.52,28.95,29.81,29.89,30.5,30.73,31.29,32.09,31.77,31.4,31.47,31.1,31.03,30.92,30.66,31.19,30.87,31.02,30.82,31.12,31.24,30.95,31.29,30.87,30.82,31.1,30.95,30.98,30.95,31.12,31.15,31.07,31.32,31.15,31.32,31.32,31.29,31.47,31.19,31.29,31.44,31.66,31.66,31.56,31.32,31.29,31.47,31.49,31.52,31.35,31.4,31.47,31.15,31.32,31.72,31.56,31.81,32.11,31.74,31.77,31.98,32.4,32.03,32.31,32.57,32.62,32.6,32.77,32.45,32.7,32.62,32.57,32.43,32.7,32.68,32.7,32.82,32.94,33.1,33.02,33.02,32.82,32.78,33.04,33.07,32.73,32.82,33.02,32.78,32.87,32.85,32.87,32.94,32.68,33.02,32.7,32.99,32.87,33.04,32.94,33.24,32.9,33.1,33.15,33.15,33.27,33.27,33.32,33.41,33.52,33.41,33.32,33.32,33.57,33.74,33.78,33.78,33.49,33.54,33.66,33.37,33.86,33.61,33.74,33.69,33.61,33.57,33.78,33.74,33.61,33.86,34.04,33.91,34.01,33.52,33.41,33.61,33.88,34.01,34.25,33.96,34.47,34.13,34.01,33.66,33.12,32.99,32.31,32.51,31.98,31.89,31.32,30.92,30.18,28.28,25.32,24.53,24.06,24.09
24.21,25.55,29.03,29.64,29.77,30.9,31.19,31.27,31.35,31.32,31.52,31.24,31.1,30.92,30.83,30.5,30.73,30.9,30.61,31.2,30.66,30.66,31.07,30.87,31.03,31.1,31.2,30.98,31.15,31.12,31.29,31.2,31.24,31.15,31.47,31.52,31.52,31.44,31.2,31.4,31.56,31.61,31.69,31.47,31.64,31.66,31.35,31.56,31.52,31.24,31.44,31.44,31.4,31.4,31.52,31.61,31.49,31.77,31.89,32.09,31.91,31.86,32.2,32.2,32.43,32.06,32.45,32.53,32.53,32.73,32.57,32.87,32.62,32.87,32.51,32.51,32.6,32.51,32.95,32.73,32.95,33.2,33.07,33.27,32.99,33.2,32.9,32.95,33.2,33.29,32.82,32.73,32.65,32.87,32.9,32.82,32.94,32.82,32.95,32.85,32.95,33.15,33.2,32.94,33.12,33.24,33.07,33.32,33.37,33.52,33.49,33.46,33.41,33.61,33.62,33.49,33.66,33.44,33.61,33.37,33.69,33.71,33.78,33.46,33.99,33.86,33.78,33.71,34.13,33.71,33.71,33.96,34.04,34.01,33.83,33.78,33.57,33.88,33.83,34.25,34.21,34.47,34.43,33.91,33.88,33.49,33.02,33.07,32.6,32.68,31.94,31.66,31.4,30.75,29.69,26.92,25.17,24.26,24.11,23.94
24.02,25.05,28.8,29.19,30.16,30.9,31.15,31.4,31.15,31.15,31.19,31.19,30.98,30.9,30.87,30.78,30.9,31.19,30.87,31.02,30.95,30.95,31.03,30.98,31.02,31.07,30.9,31.19,30.95,31.32,31.2,31.1,31.29,31.61,31.24,31.27,31.24,31.52,31.56,31.56,31.2,31.72,31.4,31.66,31.47,31.52,31.66,31.49,31.64,31.47,31.32,31.66,31.47,31.47,31.29,31.35,31.44,31.72,31.74,31.77,31.81,31.74,32.09,32.01,32.09,32.18,32.43,32.28,32.31,32.7,32.31,32.77,32.45,32.6,32.51,32.57,32.51,32.57,32.73,32.94,32.65,32.78,32.95,32.85,33.1,33.24,32.65,32.9,32.99,32.85,32.95,32.94,32.78,32.85,32.94,32.7,32.94,32.99,32.87,32.87,32.87,32.95,33.12,32.78,33.41,32.99,33.19,33.41,33.54,33.29,33.37,33.54,33.27,33.41,33.36,33.46,33.62,33.41,33.52,33.2,33.32,33.46,33.74,33.61,33.54,33.52,33.62,33.57,33.86,33.86,33.78,33.91,33.69,34.01,33.74,33.93,33.79,33.83,33.91,33.71,34.16,34.13,33.91,34.04,33.57,33.24,32.95,32.73,32.6,32.11,31.77,31.64,31.24,30.58,29.32,26.11,24.86,24.39,24.17,23.42
23.72,25.07,28.46,29.47,30.33,30.61,30.95,31.03,30.98,31.32,31.2,31.12,31.07,30.66,30.73,30.61,30.55,30.87,30.98,30.7,30.87,30.92,31.19,30.95,31.12,30.92,31.27,31.4,31.24,31.52,31.15,31.27,31.35,31.15,31.27,31.19,31.2,31.27,31.4,31.49,31.57,31.49,31.44,31.47,31.64,31.83,31.81,31.32,31.47,31.47,31.27,31.35,31.29,31.27,31.52,32.01,31.57,31.69,31.69,31.69,31.66,31.69,31.98,31.94,32.14,32.2,31.98,32.01,32.45,32.31,32.68,32.48,32.36,32.45,32.62,32.45,32.36,32.7,32.94,33.04,32.87,33.02,33.1,33.27,33.12,33.19,33.2,32.9,32.94,32.45,32.6,32.94,32.87,32.62,32.7,32.45,32.95,32.87,32.73,33.02,33.04,33.27,33.07,33.41,32.9,32.99,33.19,33.32,33.24,33.27,33.12,33.24,33.41,33.36,33.52,33.37,33.44,33.27,33.61,33.37,33.49,33.86,33.54,33.49,33.91,33.69,33.83,33.78,33.54,33.74,33.57,33.71,33.93,33.91,33.88,33.99,33.57,33.93,33.93,33.91,34.08,33.93,34.18,33.86,33.46,33.44,32.7,32.77,32.7,32.18,31.66,31.57,31.29,30.26,28.23,25.4,24.59,24.24,24.06,23.67
23.52,24.86,28.56,29.2,30.16,30.73,30.73,31.12,30.98,30.95,30.83,30.73,30.87,30.83,30.46,30.66,30.7,30.75,30.75,30.92,31.2,30.95,31.29,31.32,30.98,31.29,31.15,31.1,31.15,31.03,31.29,31.44,31.12,31.27,31.15,31.27,31.24,31.57,31.27,31.57,31.24,31.64,31.57,31.57,31.56,31.56,31.86,31.77,31.56,31.47,31.35,31.32,31.77,31.52,31.57,31.64,31.66,31.66,31.64,31.94,31.69,31.91,32.06,31.81,31.89,32.11,31.83,32.06,32.26,32.68,32.01,32.28,32.43,32.35,32.36,32.48,32.87,32.48,32.68,32.99,32.94,33.1,33.27,33.07,33.27,33.12,32.94,32.62,32.78,32.57,32.87,32.78,32.87,32.65,32.73,32.85,32.95,33.12,32.87,32.87,33.1,32.95,33.04,32.9,33.02,33.19,33.15,33.52,33.37,33.41,33.27,33.15,33.19,33.44,33.46,33.27,33.46,33.19,33.49,33.37,33.49,33.36,33.32,33.52,33.32,33.52,33.49,33.69,33.78,33.91,33.78,33.74,33.74,33.44,33.62,33.78,33.54,33.74,33.93,34.04,34.13,33.91,33.88,33.44,33.57,33.15,32.95,32.51,32.51,32.01,31.83,31.61,30.78,30.09,26.97,24.59,24.39,23.67,23.82,23.69
23.87,24.51,27.59,29.4,30.5,30.61,30.87,30.82,30.78,30.66,30.82,30.66,30.73,30.53,30.75,30.45,30.65,30.7,30.78,31.02,31.24,30.95,31.2,31.2,31.29,31.02,31.2,31.29,31.1,31.35,31.19,31.4,31.19,31.32,31.29,31.2,31.32,31.32,31.35,31.47,31.57,31.52,31.74,31.2,31.44,31.56,31.74,31.64,31.52,31.56,31.57,31.77,31.69,31.24,31.69,31.81,31.74,31.86,31.72,31.74,31.49,31.74,31.77,31.64,31.83,32.18,32.14,32.26,32.45,32.62,32.14,32.48,32.2,32.48,32.45,32.26,32.45,32.6,32.77,33.12,33.27,33.02,33.24,33.04,32.99,33.24,32.95,32.87,32.87,32.82,32.65,32.77,32.62,32.94,32.68,32.85,32.95,33.02,32.78,32.94,33.1,32.7,33.15,32.87,32.87,33.07,33.07,33.27,33.29,33.27,33.41,33.37,33.37,33.62,33.36,33.37,33.44,33.46,33.32,33.41,33.32,33.46,33.54,33.27,33.29,33.46,33.66,33.52,33.66,33.62,33.49,33.57,33.66,33.79,33.78,33.69,33.44,33.62,33.83,33.83,34.04,33.86,33.78,33.54,33.15,33.12,32.53,32.45,32.28,32.06,31.72,31.24,30.75,29.32,26.19,24.44,24.53,23.75,23.82,23.52
23.69,24.78,27.76,29.39,30.24,30.66,30.75,30.78,30.82,30.75,30.21,30.53,30.53,30.36,30.5,30.82,30.61,30.83,30.55,31.02,31.24,31.03,31.27,31.44,31.44,31.12,31.39,31.19,30.98,31.39,31.24,31.27,31.2,31.29,31.35,31.39,31.2,31.56,31.24,31.47,31.64,31.35,31.47,31.64,31.57,31.66,31.57,31.57,31.72,31.66,31.66,31.47,31.4,31.35,31.32,31.57,31.72,31.69,31.61,31.66,31.52,31.57,31.74,31.83,31.83,32.18,32.4,32.28,32.26,32.18,32.09,32.4,32.14,32.36,32.51,32.62,32.78,32.82,32.87,33.29,33.07,33.36,33.36,33.2,32.78,32.85,32.65,32.77,32.62,32.77,32.6,32.45,32.82,32.95,32.57,32.78,32.7,32.95,32.9,32.78,33.15,32.95,33.07,32.99,33.02,32.94,32.77,33.2,33.12,33.2,33.24,33.32,33.29,33.36,33.2,33.12,33.15,33.27,33.44,33.61,33.44,33.66,33.36,33.37,33.29,33.27,33.44,33.57,33.69,33.66,33.66,33.69,33.52,33.37,33.29,33.62,33.57,33.49,33.32,33.78,33.96,34.26,33.86,33.29,33.27,32.9,32.36,32.43,32.14,31.77,31.4,31.19,30.41,28.87,25.4,24.44,24.11,23.67,23.52,23.52
23.67,24.71,27.87,29.59,30.58,30.45,30.58,30.66,30.58,30.75,30.7,30.45,30.7,30.55,30.61,30.75,30.75,30.87,30.92,31.29,31.4,31.15,31.35,31.32,31.52,31.52,31.72,31.47,31.44,31.39,31.44,31.2,31.39,31.29,31.52,31.49,31.24,31.49,31.35,31.57,31.56,31.39,31.47,31.86,31.69,31.72,31.77,31.77,31.66,32.01,31.94,31.56,31.56,31.81,31.64,31.56,31.69,31.64,31.57,31.83,31.72,31.81,31.98,31.91,32.03,32.14,32.01,32.23,32.28,32.23,32.35,32.48,32.53,32.7,32.53,32.78,32.78,32.94,33.2,33.36,33.29,33.27,33.19,33.27,32.85,32.82,32.78,32.65,32.65,32.7,32.68,32.85,32.53,32.94,32.68,32.87,32.94,33.04,32.77,32.77,33.1,32.87,32.9,32.95,32.99,33.24,33.1,33.29,33.24,33.15,33.2,33.54,33.46,33.29,33.24,33.44,33.44,33.24,33.36,33.44,33.2,33.57,33.62,33.36,33.27,33.29,33.41,33.54,33.79,33.62,33.78,33.69,33.61,33.69,33.66,33.91,33.54,33.54,33.83,33.54,33.88,34.38,33.74,33.41,33.29,32.6,32.36,32.53,32.26,31.81,31.74,31.03,30.33,27.76,25.37,24.36,24.29,23.82,23.94,23.57
24.09,24.86,28.04,29.76,30.13,30.41,30.29,30.66,30.65,30.65,30.58,30.58,30.53,30.7,30.55,30.55,31.15,31.07,31.24,31.64,31.44,31.61,31.66,31.57,31.81,31.69,31.49,31.2,31.52,31.4,31.52,31.47,31.29,31.56,31.2,31.32,31.39,31.57,31.61,31.61,31.47,31.4,31.44,31.57,31.47,31.74,31.66,31.72,31.83,31.86,31.98,31.61,32.03,31.69,31.83,31.86,31.74,31.72,31.52,31.72,31.61,32.03,31.91,31.83,32.11,32.11,32.11,31.94,32.28,32.36,32.4,32.82,32.85,32.9,32.7,32.9,33.04,33.02,33.49,33.79,33.49,33.52,33.24,33.36,32.87,32.82,32.65,32.82,32.6,32.82,32.77,32.95,32.85,32.82,32.73,32.78,33.02,33.04,32.95,33.02,33.04,32.87,33.04,33.02,32.9,32.9,33.19,33.07,33.04,33.37,33.2,33.44,33.02,33.24,33.41,33.41,33.46,33.49,33.27,33.41,33.27,33.57,33.52,33.41,33.29,33.32,33.61,33.62,33.57,33.69,33.78,33.54,33.79,33.61,33.62,33.79,33.69,33.57,33.46,33.57,33.74,33.86,33.79,33.49,33.2,32.9,32.73,32.57,32.36,31.94,31.56,31.03,30.18,26.81,24.48,24.33,24.29,23.84,23.57,23.57
23.79,24.78,27.91,29.76,29.98,30.29,30.08,30.53,30.33,30.65,30.45,30.55,30.58,30.55,30.61,30.82,30.95,31.27,31.32,31.27,31.61,31.98,31.72,31.91,31.81,31.74,31.49,31.47,31.4,31.47,31.15,31.56,31.72,31.35,31.44,31.56,31.2,31.49,31.66,31.69,31.29,31.47,31.69,31.56,31.52,31.61,31.44,31.91,31.61,31.94,31.49,31.77,31.77,31.72,31.69,31.66,31.74,31.49,31.66,31.86,31.83,31.91,31.77,32.09,32.36,32.23,32.18,32.23,32.45,32.48,32.53,32.62,32.82,32.94,33.02,33.12,33.19,33.41,33.44,33.66,33.44,33.41,33.29,33.1,33.19,32.73,32.73,32.62,32.82,32.51,32.73,33.04,32.95,33.02,33.02,33.04,32.9,32.87,32.99,32.78,32.94,33.02,33.07,32.7,33.15,32.82,33.02,33.12,33.19,33.32,33.27,33.29,33.41,33.46,33.37,33.49,33.37,33.27,33.44,33.44,33.12,33.57,33.24,33.44,33.19,33.37,33.37,33.24,33.37,33.71,33.69,33.62,33.62,33.52,33.69,33.49,33.69,33.49,33.54,33.57,33.37,33.62,33.86,33.46,33.19,32.7,32.7,32.45,31.86,32.03,31.32,30.98,29.76,26.68,25.05,24.09,24.02,23.52,23.69,23.69
24.02,25.25,28.04,29.67,30.09,30.01,30.29,30.38,30.46,30.38,30.53,30.5,30.5,30.75,30.78,30.83,31.27,31.2,31.4,31.57,30.95,31.57,31.44,32.03,32.06,31.89,31.64,31.66,31.72,31.64,31.81,31.52,31.4,31.4,31.61,31.4,31.24,31.69,31.64,31.61,31.49,31.49,31.44,31.69,31.69,31.66,31.81,31.83,31.74,31.91,31.61,31.94,31.72,31.74,32.14,31.57,31.83,31.91,31.94,31.66,31.83,32.06,32.11,31.89,32.31,32.43,32.28,32.23,32.57,32.78,32.9,32.78,32.85,33.12,33.07,33.32,33.74,33.52,33.29,33.54,33.2,33.36,33.12,33.15,32.85,32.85,33.04,32.65,32.7,32.73,32.68,32.6,32.68,32.94,32.87,32.77,32.99,33.29,33.12,33.19,33.37,33.02,33.07,32.99,33.1,33.04,33.19,33.27,32.99,33.37,33.27,33.29,33.2,33.49,33.32,33.27,33.46,33.24,33.36,33.27,33.54,33.44,33.15,33.57,33.15,33.54,33.41,33.37,33.52,33.88,33.54,33.71,33.61,33.79,33.86,33.78,33.78,33.61,33.83,33.36,33.57,33.54,33.54,33.71,33.19,32.95,32.45,32.36,32.11,31.61,32.11,30.95,29.87,25.94,24.8,24.36,24.02,23.72,23.94,23.23
23.75,25.32,28.48,29.56,29.93,30.16,30.04,30.09,30.26,30.61,30.55,30.7,30.38,30.66,30.78,30.75,31.07,31.02,30.75,30.98,30.9,31.02,31.64,31.49,32.14,31.56,31.81,31.74,31.47,31.64,31.61,31.57,31.56,31.69,31.83,31.64,31.47,31.74,31.56,31.44,31.61,31.52,31.66,31.24,31.64,31.39,31.56,31.4,31.56,31.61,31.64,31.66,31.74,32.03,31.86,31.86,31.4,31.61,31.98,31.81,31.94,32.18,32.23,31.89,32.06,31.98,32.53,32.53,32.6,32.65,32.65,32.94,32.85,33.32,33.2,33.61,33.54,33.49,33.54,33.61,33.29,33.32,32.95,33.27,32.99,32.85,32.68,32.7,32.73,32.78,32.53,32.73,32.57,32.78,32.99,32.94,33.24,33.2,32.94,32.99,33.27,33.04,33.04,33.15,32.9,32.82,32.95,33.15,33.2,33.27,32.94,33.1,32.94,33.32,33.2,33.32,33.54,33.19,33.41,33.24,33.49,33.29,33.24,33.29,33.44,33.44,33.32,33.27,33.52,33.29,33.46,33.61,33.79,33.78,33.79,33.83,33.57,33.41,33.71,33.78,33.27,33.46,33.36,33.61,33.15,32.78,32.48,32.43,32.23,31.86,32.03,30.9,29.67,25.94,24.41,24.21,24.24,23.75,24.09,23.45
23.72,25.4,28.71,29.47,29.59,30.04,30.26,30.16,30.21,30.45,30.7,30.58,30.7,30.7,30.95,30.95,31.02,31.2,30.75,31.1,30.9,31.24,31.29,31.66,32.09,31.83,31.69,31.64,31.56,31.66,31.4,31.4,31.64,31.32,31.39,31.61,31.35,31.44,31.32,31.44,31.57,31.39,31.32,31.47,31.56,31.57,31.64,31.57,31.81,31.52,31.57,31.66,31.66,31.91,31.83,31.72,31.66,31.98,31.72,31.74,32.09,32.01,32.03,32.2,32.14,32.43,32.48,32.2,32.77,32.94,32.78,33.32,33.12,33.49,33.37,33.83,33.52,33.62,33.79,33.41,33.19,33.12,32.95,33.07,32.9,32.73,32.85,33.02,32.82,32.78,32.78,32.94,32.99,33.07,32.87,32.95,32.9,33.02,33.1,32.82,33.1,33.36,32.94,32.82,33.02,33.02,32.82,33.15,33.36,32.95,33.12,33.27,33.32,33.32,33.61,33.41,33.54,33.36,33.29,33.36,33.2,33.24,33.36,33.29,33.29,33.32,33.41,33.24,33.32,33.41,33.74,33.54,33.37,33.54,33.49,33.61,33.52,33.12,33.61,33.36,33.15,33.37,33.44,33.24,33.2,32.7,32.51,32.36,32.26,32.2,31.39,30.87,29.15,25.6,24.66,24.36,24.06,23.79,23.52,23.57
23.82,25.37,28.66,29.27,29.64,29.76,30.18,30.08,30.29,30.45,30.41,30.46,30.66,30.92,31.07,31.02,30.78,30.61,31.12,30.82,30.87,30.92,31.47,31.4,32.11,31.86,31.72,31.86,31.66,31.61,31.27,31.35,31.61,31.4,31.52,31.64,31.27,31.35,31.32,31.35,31.39,31.39,31.12,31.39,31.47,31.57,31.64,31.52,31.4,31.86,31.61,31.66,31.83,31.89,32.11,31.89,32.01,31.89,32.01,32.01,32.11,32.2,32.23,32.48,32.36,32.18,32.43,32.7,32.68,32.95,32.82,33.2,33.29,33.69,33.78,33.46,33.83,33.66,33.46,33.32,33.2,33.1,33.24,33.41,32.78,32.73,32.62,32.7,32.73,32.95,32.87,32.73,32.77,33.07,32.7,32.73,33.2,33.02,33.02,32.95,32.87,33.12,33.07,32.77,32.85,32.87,32.95,33.02,33.1,33.1,33.12,33.04,33.24,33.32,33.27,33.32,33.32,33.32,33.19,33.12,33.04,33.07,33.19,33.32,33.29,33.24,33.27,33.12,33.07,33.27,33.41,33.32,33.54,33.49,33.41,33.74,33.29,33.41,33.66,33.32,33.24,32.99,33.19,33.36,33.19,32.99,32.53,32.4,32.35,32.28,31.69,30.82,28.98,25.45,24.36,23.97,23.87,23.69,23.69,23.06
24.11,25.6,28.87,29.4,29.72,29.49,29.81,30.04,30.5,30.26,30.65,30.53,30.75,31.02,31.03,31.47,31.02,30.53,30.53,30.75,30.73,31.19,31.4,31.52,31.69,31.69,31.69,31.77,31.69,31.57,31.49,31.61,31.39,31.2,31.47,31.66,31.27,31.61,31.4,31.4,31.47,31.64,31.61,31.64,31.69,31.64,31.81,31.47,31.44,31.72,31.64,31.89,31.86,31.81,31.61,32.03,31.66,32.06,32.09,32.06,32.03,32.03,32.2,32.43,32.43,32.45,32.48,32.6,33.15,33.1,33.27,33.27,33.44,33.71,33.79,33.74,33.86,33.41,33.27,33.1,33.19,32.95,33.19,33.02,32.87,33.07,32.9,32.65,32.53,32.68,32.87,32.68,32.94,32.85,33.24,32.68,32.99,33.12,33.02,33.1,33.19,33.27,33.29,33.19,32.82,33.07,32.94,32.95,33.07,33.1,32.85,33.44,33.12,33.1,33.27,33.19,33.41,33.15,33.52,33.41,33.36,33.15,33.49,33.27,33.2,33.07,33.2,33.04,33.24,32.82,33.24,33.37,33.66,33.61,33.57,33.61,33.61,33.36,33.71,33.24,33.07,33.1,32.99,33.04,33.29,33.07,32.53,32.51,31.98,32.01,31.91,30.7,28.83,25.32,24.36,24.24,23.87,23.57,23.52,23.23
23.84,26.07,28.88,29.32,29.67,29.56,29.96,30.04,30.18,30.38,30.45,30.66,30.66,31.1,31.12,31.29,31.49,31.4,30.9,30.82,30.78,31.19,31.32,31.86,31.86,31.86,31.57,31.56,31.52,31.49,31.52,31.44,31.15,31.57,31.35,31.66,31.47,31.49,31.57,31.32,31.66,31.52,31.49,31.49,31.4,31.39,31.64,31.39,31.57,31.69,31.66,31.72,31.89,31.81,31.74,31.74,32.23,31.81,32.2,32.28,32.2,32.4,32.4,32.45,32.57,32.43,32.77,33.07,33.1,33.12,33.46,34.01,34.04,33.96,33.91,33.79,33.86,33.37,33.49,33.57,33.24,33.04,33.07,32.9,32.7,32.85,32.87,32.7,32.82,32.9,32.68,32.65,32.85,32.82,32.87,32.82,32.87,33.2,32.95,33.12,33.32,33.04,33.24,32.78,33.07,33.2,33.36,33.36,33.04,33.1,33.19,33.07,33.2,33.07,33.27,33.32,33.49,33.44,33.19,33.41,32.77,33.07,33.2,33.46,33.44,33.29,32.9,32.95,33.1,33.12,32.99,33.37,33.27,33.57,33.62,33.69,33.37,33.61,33.37,33.46,33.52,33.1,33.04,32.94,32.82,32.95,32.31,32.26,32.06,32.06,31.32,30.78,28.75,25.28,24.41,23.97,23.64,23.38,23.84,23.33
24.11,26.19,28.76,29.27,29.84,29.87,29.89,30.26,30.09,30.16,30.36,30.78,30.7,31.02,31.1,31.32,31.32,31.49,30.83,30.98,31.12,31.4,32.03,31.72,31.83,31.89,31.64,31.57,31.44,31.86,31.52,31.44,31.52,31.32,31.61,31.49,31.69,31.24,31.49,31.57,31.66,31.35,31.35,31.89,31.07,31.72,31.66,31.69,31.66,31.61,31.56,31.83,32.09,31.69,32.09,32.06,31.74,32.14,32.2,32.06,32.51,32.14,32.6,32.78,32.65,32.68,33.04,33.1,33.41,33.41,33.71,33.93,33.91,34.26,33.96,33.91,33.91,33.36,33.24,33.19,33.1,33.07,32.85,32.87,32.9,32.95,32.68,32.7,32.73,32.87,32.73,32.82,32.78,33.12,33.1,32.9,32.85,33.07,33.2,33.15,33.24,32.99,33.15,32.99,33.02,32.87,33.07,33.02,32.95,33.07,32.95,33.07,33.02,33.41,33.41,33.19,33.24,33.1,33.15,33.24,33.29,33.24,33.37,33.44,33.29,33.07,32.95,32.78,33.12,33.1,33.04,33.15,33.37,33.32,33.52,33.74,33.69,33.24,33.37,33.24,33.19,33.15,32.95,32.6,32.87,32.77,32.73,32.45,32.31,32.01,31.24,30.73,28.34,24.95,24.36,23.87,23.54,23.33,23.38,23.38
23.97,26.53,28.92,29.27,29.35,29.64,29.96,30.09,30.21,30.45,30.5,30.66,30.95,30.83,31.27,31.24,31.47,31.74,31.83,31.83,31.86,31.74,32.06,32.2,31.83,31.77,31.72,31.35,31.66,31.29,31.44,31.52,31.2,31.35,31.69,31.61,31.27,31.27,31.56,31.64,31.49,31.57,31.44,31.72,31.81,31.61,31.64,31.91,31.52,31.86,31.81,32.14,32.06,32.26,32.11,31.98,32.36,32.18,32.36,32.09,32.48,32.73,32.48,32.94,32.94,33.1,33.15,33.1,33.91,33.66,34.04,33.88,34.18,34.1,33.83,34.04,33.54,33.69,33.49,33.24,33.04,33.2,32.87,33.1,32.95,32.82,33.04,32.7,32.94,33.04,33.02,33.1,32.95,32.95,32.87,32.77,32.95,33.15,33.04,33.12,32.99,33.15,33.32,32.94,32.95,33.07,33.29,32.95,33.07,33.1,33.1,33.19,33.24,33.41,32.85,33.49,33.29,33.24,33.29,33.12,33.52,33.46,33.44,33.41,33.32,33.07,32.95,32.87,32.95,32.94,33.02,33.1,33.27,33.36,33.54,34.01,33.57,33.41,33.74,33.52,33.36,33.32,33.07,32.68,32.6,32.7,32.95,32.43,32.01,31.77,31.35,30.61,27.67,24.75,24.33,24.06,23.64,23.42,23.33,23.48
23.82,26.49,29.03,29.24,29.52,29.59,29.77,30.18,30.26,30.66,30.73,30.41,30.53,30.75,31.12,31.27,31.83,31.61,31.57,31.91,31.98,31.81,32.06,31.91,31.72,31.81,31.66,31.66,31.57,31.49,31.52,31.72,31.44,31.57,31.56,31.77,31.47,31.29,31.49,31.56,31.91,31.61,31.77,31.81,31.74,31.61,31.69,31.74,31.64,32.01,31.74,32.06,31.98,32.11,32.23,32.23,32.26,32.51,32.53,32.6,32.68,32.62,32.53,32.85,33.1,33.41,33.66,33.46,33.86,34.04,34.26,34.16,34.1,34.01,33.93,33.88,33.52,33.27,33.29,33.27,33.32,33.02,33.02,33.07,33.07,32.77,32.9,32.82,33.07,32.99,33.07,32.95,32.94,33.02,32.85,32.77,33.04,33.29,33.12,33.36,33.32,33.07,33.07,32.87,33.07,32.85,33.02,33.29,33.12,32.94,32.9,32.94,32.95,33.52,33.04,33.29,33.54,33.41,33.37,33.57,33.32,33.24,33.46,33.41,33.2,33.44,33.19,32.94,33.2,32.94,32.94,33.36,33.52,33.74,33.61,33.54,33.57,33.29,33.46,33.54,33.32,33.24,32.85,32.7,32.43,32.68,32.57,32.51,32.14,31.86,31.32,30.24,27.64,25.01,24.09,23.91,23.67,23.72,23.48,23.54
23.6,26.31,28.71,28.98,29.39,29.96,30.04,30.04,30.33,30.58,30.5,30.73,30.75,30.75,31.02,31.27,31.69,31.57,31.81,31.64,31.57,31.86,31.74,31.61,31.74,31.61,31.47,31.72,31.69,31.52,31.56,31.49,31.64,31.44,31.69,31.47,31.4,31.61,31.35,31.81,31.74,31.81,31.69,31.69,31.94,31.69,31.72,31.81,31.83,32.06,32.09,32.18,32.03,32.18,32.11,32.28,32.43,32.35,32.99,32.53,32.73,32.95,33.02,33.02,33.44,33.61,33.91,33.99,33.99,34.16,34.18,34.21,33.96,33.88,33.79,33.57,33.44,33.32,33.27,33.19,33.07,33.04,32.95,32.99,33.2,32.77,33.29,33.04,33.07,32.95,33.2,32.99,33.02,32.99,32.82,33.41,33.19,33.19,32.95,33.32,33.27,32.95,33.15,32.9,33.29,33.15,33.29,33.32,33.07,32.94,33.19,33.32,32.77,33.36,33.27,32.99,32.95,33.49,33.27,33.44,33.66,33.32,33.41,33.36,33.54,33.29,33.41,32.99,33.12,32.99,32.73,32.94,33.24,33.37,33.66,33.74,33.62,33.66,33.79,33.57,33.41,33.29,33.24,32.87,32.77,32.28,32.14,32.35,32.28,31.77,31.1,29.87,26.68,24.29,23.99,24.17,23.75,23.54,23.23,23.52
24.06,26.11,28.87,29.47,29.49,29.49,29.98,30.13,30.16,30.24,30.38,30.65,30.53,30.92,31.1,30.98,31.44,31.47,31.32,31.49,31.72,31.74,31.66,31.81,31.44,31.61,31.52,31.44,31.77,31.52,31.56,31.64,31.27,31.56,31.52,31.61,31.72,31.4,31.66,31.61,31.72,31.77,31.86,31.64,31.83,31.83,31.72,31.89,32.01,32.01,32.36,31.89,32.28,32.43,32.35,32.36,32.48,32.51,32.82,32.82,32.9,33.15,33.29,33.24,33.61,33.62,34.21,34.1,33.88,34.47,33.91,34.01,33.83,33.78,33.74,33.44,33.52,33.37,33.19,33.32,32.87,32.68,32.78,33.02,32.95,32.9,32.77,32.95,32.87,33.12,32.9,33.1,33.15,33.15,33.12,33.1,33.15,32.94,33.12,32.95,33.32,32.9,32.95,32.87,32.7,32.82,33.19,32.85,33.07,32.99,33.15,32.95,32.94,32.94,33.1,33.27,33.15,33.2,33.27,33.41,33.36,33.29,33.57,33.41,33.36,33.52,33.1,33.02,32.7,32.9,32.57,32.99,33.24,33.2,33.46,33.62,33.54,33.44,33.62,33.62,33.41,33.49,32.99,32.73,32.53,32.2,31.81,32.11,32.45,31.86,30.95,29.0,25.32,24.33,24.02,23.57,23.82,23.42,23.72,23.23
24.17,25.84,28.66,29.2,29.4,29.67,29.81,30.09,30.26,30.65,30.46,30.55,30.7,30.83,30.75,31.1,31.39,31.66,31.35,31.49,31.32,31.49,31.39,31.49,31.66,31.66,31.52,31.35,31.69,31.39,31.35,31.56,31.57,31.72,31.69,31.64,31.32,31.72,31.57,31.61,31.61,31.69,31.74,31.83,32.14,31.89,31.89,32.2,32.01,32.09,32.51,32.31,32.18,32.57,32.51,32.53,32.9,32.99,32.94,33.1,32.95,33.15,33.36,33.66,33.69,34.18,33.99,34.13,34.1,34.08,34.1,34.13,33.79,33.78,33.54,33.74,33.46,33.2,33.29,33.1,33.29,33.15,32.77,32.94,32.73,32.9,32.9,33.12,33.1,32.94,32.73,32.99,32.85,33.1,32.87,32.99,33.07,32.95,32.99,33.19,33.41,33.2,33.19,32.73,32.95,32.82,32.9,33.2,33.02,32.73,33.02,32.77,32.77,32.99,33.19,32.99,33.15,33.04,33.27,33.19,33.36,33.36,33.24,33.66,33.29,33.49,33.32,33.12,33.07,32.85,32.7,32.99,33.27,33.15,33.27,33.61,33.49,33.61,33.61,33.24,33.46,33.44,33.24,32.99,32.45,32.28,32.06,31.89,32.26,31.86,30.87,27.76,25.01,24.29,23.69,23.69,23.91,23.42,23.33,23.6
23.84,25.64,28.34,29.24,29.2,29.61,29.77,29.96,30.01,30.53,30.5,30.46,30.53,30.83,30.83,31.19,31.4,31.32,31.24,31.4,31.44,31.44,31.32,31.52,31.4,31.72,31.29,31.57,31.52,31.69,31.56,31.56,31.64,31.4,31.69,31.61,31.44,31.64,31.39,31.52,31.56,32.03,32.14,31.89,31.86,31.91,32.09,31.94,32.23,32.57,32.26,32.51,32.48,32.7,32.82,32.57,33.12,32.85,33.1,33.44,33.44,33.69,33.74,34.04,34.01,34.3,34.25,33.91,34.04,33.86,33.83,33.69,33.49,33.61,33.52,33.37,33.54,33.24,32.99,33.04,33.15,33.19,33.04,33.12,32.82,33.02,32.85,32.99,33.07,32.99,32.9,32.87,32.62,32.94,32.85,32.77,32.87,33.19,33.12,32.95,33.1,33.15,32.73,32.9,32.77,33.1,33.1,33.19,32.73,32.78,32.77,32.82,32.94,32.99,33.32,33.29,33.15,33.1,33.1,32.87,33.27,33.27,33.2,33.49,33.61,33.2,33.15,33.12,33.04,32.78,32.65,32.78,32.6,32.82,32.78,33.07,33.71,33.66,33.57,33.74,33.57,33.36,33.12,33.02,33.07,32.36,31.44,31.57,31.64,31.56,29.49,25.99,24.53,23.82,23.67,23.54,23.54,23.22,23.72,23.22
23.67,25.07,28.16,29.03,29.49,29.52,30.01,29.84,30.18,30.24,30.58,30.66,30.61,30.66,30.7,30.75,31.35,30.9,31.35,31.32,31.44,31.35,31.52,31.32,31.72,31.64,31.69,31.56,31.64,31.57,31.66,31.47,31.56,31.44,31.81,31.81,31.72,31.86,31.91,32.01,31.98,32.03,32.11,32.03,32.2,32.26,32.23,32.35,32.53,32.4,32.45,32.53,32.68,32.77,32.9,33.41,32.99,33.07,33.62,33.41,33.61,33.74,34.25,34.35,34.13,33.93,33.88,33.86,33.93,33.74,33.88,33.91,33.54,33.44,33.41,33.37,33.37,33.29,33.04,33.15,32.94,32.78,32.85,32.85,32.95,32.77,32.99,32.95,32.82,32.77,32.73,32.9,32.35,32.94,32.85,32.85,32.82,33.19,32.82,33.24,32.94,32.99,33.19,33.02,32.87,32.94,33.02,33.07,32.73,32.9,32.78,32.95,33.04,33.04,32.9,32.87,32.87,33.36,32.95,33.12,33.2,33.41,33.44,33.57,33.37,33.36,33.07,33.15,33.2,33.1,32.95,32.65,32.77,32.95,33.02,32.99,33.41,33.46,33.78,33.46,33.36,33.24,33.32,32.99,32.82,32.09,31.35,31.12,31.29,30.46,27.96,25.32,24.17,24.24,24.02,23.52,23.72,23.3,23.52,23.22
23.57,24.95,28.02,28.66,29.52,29.67,29.98,30.04,30.33,30.46,30.5,30.41,30.82,31.03,30.83,31.07,31.03,31.29,31.44,31.2,31.2,31.39,31.39,31.56,31.56,31.39,31.61,31.44,31.52,31.86,31.66,31.66,31.91,31.86,31.72,31.56,31.94,32.11,32.01,31.83,31.89,32.09,32.2,32.2,32.36,32.23,32.35,32.35,32.48,32.73,32.62,32.68,33.07,33.29,33.04,33.32,33.52,33.52,33.78,34.21,34.21,34.26,34.3,34.1,34.26,34.13,33.93,34.04,34.1,33.61,33.52,33.79,33.79,33.54,33.44,33.57,33.27,33.32,33.1,33.12,33.04,32.82,32.87,32.99,32.95,32.85,32.94,32.78,33.04,32.77,33.02,32.7,32.9,32.85,32.78,32.62,33.15,32.87,32.77,32.9,32.99,33.37,33.32,33.24,32.82,33.04,33.27,33.12,32.9,32.94,32.99,32.87,32.82,32.77,33.24,32.82,33.27,33.24,33.2,33.24,33.29,33.46,33.66,33.49,33.37,33.49,33.37,33.41,32.94,33.19,32.95,33.07,32.77,32.78,33.12,33.07,33.36,33.32,33.78,33.78,33.52,33.62,33.37,33.46,32.95,32.45,31.86,31.4,30.73,29.72,26.88,24.95,24.21,23.91,23.72,23.52,23.38,23.42,23.57,23.27
23.79,24.36,27.02,28.88,29.2,29.56,29.72,30.01,30.13,30.18,30.73,30.46,30.75,30.65,30.9,30.95,31.32,31.2,31.2,31.61,31.47,31.35,31.49,31.47,31.61,31.32,31.4,31.47,32.01,31.81,31.61,31.89,31.86,31.52,31.94,32.03,32.11,31.98,32.03,31.98,32.28,32.4,32.51,32.26,32.31,32.62,32.73,32.35,32.78,32.9,33.1,32.95,33.19,33.29,33.66,33.66,33.83,33.99,34.18,34.21,34.3,34.16,34.13,34.3,33.71,33.74,33.79,33.57,33.54,33.54,33.37,33.74,33.37,33.44,33.32,33.36,33.2,32.78,33.2,33.12,32.73,32.94,32.82,32.9,33.07,32.87,32.82,33.07,32.99,32.99,32.73,32.94,32.68,32.94,32.68,32.53,32.95,32.95,32.94,33.12,33.19,32.94,33.2,32.99,32.95,32.73,32.99,32.85,32.94,32.94,32.77,32.99,32.87,32.87,32.73,33.04,32.95,32.62,32.99,33.1,33.32,33.2,33.24,33.62,33.54,33.49,33.12,33.49,33.15,32.85,32.7,32.85,32.95,32.82,32.35,32.99,32.87,33.44,33.74,33.78,33.52,33.27,33.71,32.95,33.1,32.4,31.83,31.02,30.29,28.39,25.57,24.29,23.91,23.6,23.67,23.6,23.64,23.3,23.48,23.11
23.87,24.11,26.61,28.63,29.39,29.4,29.81,30.09,30.36,30.38,30.92,30.65,30.66,30.73,30.58,31.03,31.07,30.98,31.07,31.2,31.49,31.29,31.39,31.15,31.27,31.44,31.81,31.32,31.98,31.81,31.52,31.72,32.06,31.91,31.91,32.28,32.11,32.09,32.14,32.23,32.18,32.23,32.31,32.28,32.73,32.53,32.99,32.87,32.78,33.07,33.15,33.12,33.32,33.74,33.66,34.08,33.99,34.35,34.21,34.16,34.35,34.25,34.16,34.08,33.78,33.86,33.88,33.69,33.62,33.49,33.49,33.37,33.49,33.44,33.44,33.24,33.36,32.9,32.95,32.78,33.1,32.78,32.73,32.77,32.73,32.95,32.85,32.78,32.78,32.7,32.85,33.2,32.45,32.6,32.57,32.68,33.19,32.87,32.94,32.78,33.07,33.15,32.87,32.95,32.78,32.78,32.7,32.82,32.78,33.1,32.9,32.77,32.9,33.15,33.07,32.94,32.87,33.04,33.04,33.27,33.04,33.52,33.88,33.86,33.74,33.24,33.66,33.44,33.29,33.12,32.85,32.85,32.9,32.9,32.82,32.7,33.1,33.27,33.44,33.74,33.74,33.2,33.57,33.27,32.87,32.4,31.81,31.19,30.55,27.37,24.83,24.39,23.72,23.6,24.02,23.72,23.67,23.48,23.3,23.37
23.72,23.94,26.61,28.31,29.0,29.56,29.67,29.77,30.26,30.26,30.55,30.58,30.58,30.73,30.9,30.65,30.87,31.15,31.12,31.35,31.2,31.24,31.39,31.29,31.32,31.4,31.47,31.56,31.91,31.91,31.61,31.74,32.01,31.66,31.98,32.2,31.86,32.23,32.14,32.48,32.14,32.18,32.57,32.57,32.82,33.02,32.94,32.95,33.15,33.24,33.2,33.62,33.66,33.74,33.96,34.38,34.25,33.78,34.13,34.01,33.86,34.01,33.83,33.78,33.44,33.52,33.44,33.49,33.44,33.61,33.37,33.2,33.1,33.41,33.32,33.36,33.19,33.27,33.07,32.82,32.7,32.78,32.94,33.02,32.82,32.68,32.6,32.68,33.15,32.7,32.9,32.57,32.65,32.57,32.82,32.57,33.04,32.65,32.95,32.73,33.12,32.87,33.12,33.07,32.73,33.1,32.65,32.85,32.73,32.85,32.85,32.82,32.94,32.77,33.2,33.2,33.12,32.99,33.02,32.95,33.24,33.37,33.32,33.52,33.61,33.41,33.57,33.29,33.32,32.95,32.95,32.94,32.87,32.45,32.73,32.77,32.68,32.95,33.78,33.49,33.61,33.78,33.44,33.37,33.02,32.36,32.26,31.39,30.24,26.97,24.71,24.36,24.09,23.79,23.48,23.69,23.57,23.33,23.23,23.18
23.54,24.24,25.99,28.34,28.88,29.47,29.98,29.93,30.41,30.18,30.5,30.58,30.66,30.83,30.73,30.9,31.02,31.12,31.15,31.24,31.32,31.32,31.49,31.49,31.57,31.49,31.77,31.81,31.91,31.74,31.74,31.94,32.2,32.03,32.26,31.94,32.35,32.18,32.57,32.31,32.48,32.77,32.68,32.9,32.95,32.95,33.19,33.36,33.37,33.61,33.69,33.71,33.86,33.88,34.35,34.13,34.25,34.08,34.08,34.01,33.91,33.83,33.69,33.62,33.61,33.66,33.36,33.61,33.66,33.37,33.29,33.44,33.19,33.49,33.66,33.36,33.12,33.04,32.94,33.04,32.87,32.85,32.62,32.78,32.77,32.82,32.65,32.6,32.7,32.99,32.53,32.45,32.7,32.68,32.6,32.48,32.73,32.95,32.9,32.73,32.78,32.7,33.15,33.07,32.82,32.99,32.9,32.77,32.82,33.07,32.9,32.99,32.9,32.95,32.77,32.94,32.7,33.04,32.94,33.12,33.15,33.24,33.24,33.52,33.78,33.62,33.29,33.69,33.49,33.29,33.02,33.04,32.94,32.65,32.62,32.82,32.65,33.12,33.41,33.74,33.49,33.37,33.2,33.12,32.78,32.31,32.03,31.44,30.53,27.72,24.9,23.97,24.17,23.64,23.57,23.42,23.67,23.33,23.18,23.08
23.18,23.91,25.72,28.36,29.27,29.44,29.77,29.67,30.38,30.16,30.58,30.45,30.61,30.82,30.82,30.92,30.92,30.83,31.29,31.02,31.12,31.69,31.27,31.27,31.44,31.69,31.61,31.57,31.64,31.72,31.98,32.06,32.2,32.18,32.36,32.43,32.2,32.18,32.62,32.68,32.45,32.57,32.77,32.85,33.19,33.19,33.41,33.54,33.62,34.1,34.18,34.21,34.16,34.43,34.48,34.18,33.93,34.04,33.78,33.86,33.61,33.69,33.61,33.86,33.71,33.29,33.36,33.44,33.12,33.27,33.24,33.44,33.29,33.15,32.87,33.36,33.1,32.95,33.04,32.85,32.78,32.85,32.68,32.7,32.94,33.02,32.77,32.48,32.77,32.57,32.57,32.51,32.28,32.7,32.57,32.53,32.73,32.62,32.78,32.87,32.78,32.95,32.78,32.57,32.99,32.7,32.65,32.94,32.87,32.6,32.73,32.77,32.85,32.7,32.82,32.85,33.1,32.7,32.78,32.95,33.12,33.1,33.15,33.49,33.41,33.46,33.54,33.49,33.2,33.02,32.9,32.87,32.73,32.87,32.57,32.43,32.53,32.77,33.24,33.74,33.49,33.36,33.37,33.02,32.99,32.48,31.69,31.52,30.55,28.23,24.98,23.97,24.06,23.48,23.37,23.54,23.33,23.22,23.52,23.11
23.48,24.17,25.32,28.63,29.12,29.52,29.61,29.69,30.09,30.13,30.38,30.41,30.73,30.82,31.24,31.03,31.12,31.27,31.56,31.1,31.24,31.12,31.47,31.66,31.47,31.57,31.61,31.74,31.77,32.01,31.94,32.14,32.23,32.14,32.4,32.43,32.65,32.45,32.82,32.6,32.78,32.99,33.07,32.94,33.32,33.36,33.74,33.78,34.13,34.57,34.25,34.63,34.38,34.26,34.21,34.13,33.78,33.86,33.78,33.66,33.79,33.78,33.46,33.46,33.61,33.36,33.61,33.12,33.2,33.24,33.02,33.12,33.2,33.24,33.44,33.04,32.99,32.9,33.04,33.07,32.7,32.78,32.95,32.53,32.82,32.7,32.36,32.87,32.45,32.7,32.7,32.53,32.68,32.68,32.62,32.53,32.85,32.99,32.73,32.73,32.87,32.99,32.99,32.87,32.65,32.7,32.99,32.78,32.85,32.57,32.85,32.82,32.68,33.04,33.04,32.9,32.95,32.62,32.62,32.95,33.1,33.1,33.32,33.24,33.29,33.62,33.49,33.62,33.32,33.2,33.24,33.1,32.94,32.62,32.51,32.57,32.68,32.7,33.24,33.24,33.69,33.2,33.29,33.02,33.12,32.6,32.09,31.4,30.66,29.03,25.84,24.17,23.91,23.57,23.67,23.75,23.54,23.3,23.27,23.15
23.38,23.79,25.17,28.55,29.39,29.35,29.89,30.16,30.26,30.36,30.5,30.58,30.65,30.95,30.78,31.03,30.98,31.27,31.47,31.47,31.2,31.56,31.64,31.49,31.77,31.61,31.86,31.72,32.03,32.11,32.18,32.43,32.23,32.65,32.57,32.57,32.77,32.87,32.99,33.19,33.19,33.24,33.61,33.66,33.62,34.04,34.26,34.43,34.73,34.48,34.68,34.25,34.1,34.13,34.16,34.18,33.88,33.96,33.69,33.69,33.61,33.61,33.62,33.74,33.49,33.24,33.24,33.29,33.19,33.04,33.02,33.04,32.99,33.19,33.04,33.07,33.19,32.78,33.02,32.85,32.78,32.78,32.68,32.82,32.73,32.94,32.45,32.62,32.82,32.6,32.51,32.53,32.53,32.35,32.65,32.48,32.77,32.53,32.78,32.87,32.77,32.77,32.82,32.99,32.95,32.68,32.87,32.95,32.62,32.82,32.9,32.99,32.87,32.77,32.99,32.82,32.87,32.94,33.04,32.65,33.07,32.85,33.27,33.19,33.32,33.52,33.61,33.52,33.52,33.44,33.1,32.78,32.94,32.62,32.62,32.36,32.36,32.4,33.19,33.27,33.04,33.2,33.07,33.19,33.07,32.62,32.14,31.69,30.92,29.64,26.07,24.68,23.75,23.6,23.79,23.79,23.72,23.48,23.75,23.3
23.57,23.84,24.93,28.51,29.67,29.35,29.52,29.77,30.08,30.16,30.36,30.55,30.87,30.83,30.92,31.02,30.98,30.92,31.1,31.24,31.52,31.64,31.66,31.64,31.64,31.98,31.89,31.83,31.89,32.28,32.09,32.4,32.43,32.57,32.7,32.82,32.73,32.99,32.99,33.19,33.49,33.04,33.71,34.1,34.08,34.43,34.25,34.41,34.38,34.41,34.1,34.26,34.04,34.18,33.99,33.96,33.41,33.93,33.69,33.46,33.74,33.49,33.44,33.37,33.49,33.19,33.1,33.19,32.82,33.15,33.12,32.94,32.95,33.15,32.85,32.77,33.04,33.02,32.82,32.65,32.53,32.82,32.7,32.65,32.6,32.78,32.48,32.51,32.6,32.7,32.43,32.57,32.51,32.43,32.57,32.35,32.6,32.82,32.23,33.07,32.94,32.82,32.65,32.7,32.43,32.68,32.9,32.73,32.68,32.7,32.73,32.95,32.99,32.95,32.94,32.85,32.94,32.78,32.9,32.94,33.07,32.85,32.95,33.07,33.02,33.2,33.27,33.57,33.29,33.41,33.12,33.2,32.9,32.68,32.62,32.53,32.28,32.45,32.9,32.68,33.27,33.1,32.95,32.87,32.99,32.48,31.83,31.52,31.47,29.93,26.23,24.33,24.17,23.64,23.23,23.45,23.48,23.06,23.3,23.18
23.69,23.45,24.95,27.79,29.67,30.18,29.72,29.77,30.09,30.24,30.36,30.41,30.58,30.92,30.9,30.95,30.95,31.56,31.32,31.44,31.47,31.4,31.69,31.4,31.74,31.81,31.94,31.98,32.11,32.26,32.57,32.35,32.7,32.57,32.62,32.7,32.99,33.07,33.15,33.37,33.61,33.54,33.93,34.35,34.63,34.35,33.99,34.33,34.21,34.3,34.01,33.78,33.91,33.86,33.86,33.83,33.93,33.62,33.54,33.46,33.46,33.52,33.57,32.94,33.29,33.04,32.99,32.9,32.7,33.27,33.19,33.02,33.15,33.12,32.95,32.85,32.9,32.6,32.95,32.51,32.95,32.51,32.62,32.73,32.87,32.53,32.62,32.65,32.51,32.57,32.48,32.48,32.45,32.48,32.57,32.31,32.62,32.77,32.6,32.53,32.73,32.85,32.77,32.57,32.85,32.53,32.78,32.36,32.6,32.73,32.78,32.95,32.85,32.62,32.94,32.65,32.82,32.9,32.85,32.87,32.95,32.65,32.78,32.95,32.82,33.19,33.27,33.29,33.52,33.19,33.32,32.82,32.68,32.65,32.45,32.36,32.36,32.2,32.82,32.62,32.73,33.12,32.9,33.27,32.78,32.7,32.06,31.94,31.29,30.16,26.65,24.75,23.91,23.72,23.45,23.38,23.54,23.54,23.23,23.22
23.84,23.72,24.51,28.46,29.81,30.5,30.41,30.24,30.16,30.41,30.38,30.41,30.55,30.73,30.82,31.2,30.9,31.47,31.44,31.44,31.35,31.56,31.77,31.64,31.86,31.89,31.66,32.03,32.28,32.35,32.36,32.62,32.87,32.85,33.27,33.27,33.15,33.29,33.78,33.88,34.18,34.08,34.43,34.25,34.25,34.21,34.01,34.25,33.83,34.04,33.88,33.78,34.04,33.52,33.86,33.93,34.04,33.66,33.57,33.36,33.46,33.32,33.24,33.27,33.36,33.24,33.02,33.12,32.9,32.94,32.82,32.85,32.78,32.94,32.57,32.73,32.78,32.9,32.82,32.82,32.6,32.78,32.7,32.99,32.82,32.68,32.65,32.62,32.7,32.68,32.36,32.4,32.48,32.36,32.48,32.6,32.65,32.62,32.4,32.28,32.9,32.73,32.94,32.65,32.7,32.57,32.57,32.6,32.7,32.51,32.7,32.7,32.82,32.94,32.77,33.04,32.95,32.62,32.82,32.73,33.1,32.9,33.07,33.02,33.07,33.07,32.87,33.04,33.52,33.07,33.36,33.19,33.07,32.48,32.43,32.26,32.18,32.26,32.45,32.36,32.31,32.9,32.73,32.94,32.78,32.57,31.98,31.61,31.2,30.24,26.88,24.63,23.75,23.57,23.54,23.23,23.48,23.27,23.54,23.06
23.52,23.94,24.75,28.36,29.67,30.46,30.95,30.78,30.55,30.38,30.65,30.55,30.65,31.12,30.92,31.61,31.49,31.66,31.44,31.29,31.72,31.86,31.81,31.89,32.11,32.01,31.86,32.26,32.43,32.6,32.51,33.19,33.07,33.12,33.27,33.74,33.83,33.88,34.21,34.47,34.04,34.1,34.1,34.26,34.21,34.16,34.01,34.13,33.88,33.78,34.08,33.78,33.86,33.61,33.96,33.61,33.78,33.66,33.57,33.44,33.66,33.54,33.27,33.52,33.29,33.37,33.12,32.99,33.1,32.9,32.9,33.1,32.87,32.73,32.78,32.73,32.78,32.78,32.9,32.82,32.62,32.9,32.7,32.77,32.7,32.85,32.85,32.62,32.95,32.94,32.43,32.9,32.62,32.6,32.6,32.65,32.45,32.9,32.53,32.68,32.85,32.51,32.6,32.82,32.6,32.51,32.45,32.85,32.82,32.73,32.99,32.78,32.9,32.82,33.2,32.95,32.95,32.85,32.95,32.78,32.78,32.87,32.99,32.78,32.6,32.9,32.9,33.02,33.62,33.46,33.54,32.94,32.77,32.85,32.62,32.36,32.51,32.2,32.57,32.6,32.68,32.62,32.82,32.77,33.07,32.4,31.86,31.4,31.29,30.5,27.2,24.78,24.02,23.72,23.91,23.54,23.72,23.6,23.42,23.3
23.57,23.6,24.9,27.96,29.44,30.36,30.92,31.49,31.52,31.1,30.53,30.87,31.02,31.03,31.02,31.56,31.4,31.52,31.56,31.72,32.11,31.89,32.09,31.98,32.01,32.36,32.4,32.6,32.57,32.7,32.68,33.1,33.44,33.62,33.93,34.18,34.16,34.13,34.25,34.16,34.08,34.04,34.18,34.04,34.1,33.93,33.88,33.93,33.88,33.96,34.01,33.69,34.13,33.71,33.88,33.66,33.57,33.69,33.69,33.61,33.07,33.24,33.37,33.49,33.27,33.04,32.9,32.82,33.02,32.73,32.85,32.78,32.68,32.7,32.82,32.43,32.9,32.95,32.7,32.78,32.78,32.9,32.85,32.78,32.6,32.57,32.51,32.82,32.7,32.65,32.6,32.73,32.51,32.65,32.7,32.6,32.45,32.68,32.73,32.62,32.85,32.7,32.73,32.4,32.53,32.73,32.6,32.78,32.62,32.31,33.04,32.73,33.1,32.85,32.99,32.77,32.94,32.85,32.73,32.9,33.1,32.85,32.85,32.73,33.04,32.99,33.02,33.12,33.27,33.41,33.12,33.15,32.82,32.65,32.48,32.48,32.45,32.45,32.26,32.53,32.7,32.7,32.9,32.9,32.77,32.36,32.18,31.74,31.2,30.75,27.44,25.1,24.14,23.75,23.64,23.69,23.42,23.6,23.22,23.08
23.22,23.69,24.8,27.81,29.2,30.29,31.19,31.4,31.2,31.91,31.64,30.95,30.98,31.1,31.4,31.35,31.64,31.81,31.91,32.18,32.35,32.26,32.35,32.23,32.28,32.53,32.73,32.73,33.2,33.36,33.41,34.01,33.96,34.18,34.08,34.25,34.08,34.21,33.93,34.13,34.01,33.91,33.93,33.91,33.93,33.79,33.61,33.88,33.91,33.91,33.88,33.46,33.74,33.83,33.61,33.69,33.69,33.57,33.44,33.37,33.49,33.36,33.37,33.1,33.24,33.12,32.94,32.9,32.95,32.62,32.99,32.68,32.6,32.78,32.65,32.7,32.51,32.78,32.9,32.65,32.6,33.02,32.77,32.87,32.85,32.53,32.65,32.4,32.6,32.7,32.4,32.62,32.53,32.36,32.62,32.57,32.62,32.62,32.57,32.53,32.7,32.57,32.57,32.6,32.77,32.51,32.36,32.62,32.57,32.51,32.45,32.48,32.77,32.95,32.62,32.85,32.94,33.12,32.95,33.02,32.9,32.85,32.85,32.99,33.07,32.53,33.1,33.15,32.94,33.2,33.02,33.12,33.1,32.9,32.48,32.43,32.23,32.28,32.53,32.43,32.4,32.62,32.99,32.7,32.82,32.48,32.2,31.56,31.19,30.41,27.59,24.8,23.82,24.24,23.64,23.87,23.72,23.23,23.23,23.3
23.52,23.84,24.53,27.91,29.0,30.36,30.73,31.56,31.39,31.77,32.28,32.45,32.23,31.61,31.74,32.06,31.91,32.09,32.2,32.23,32.35,32.48,32.7,33.02,33.07,33.15,32.99,33.27,33.61,33.83,33.83,34.04,33.88,34.04,34.01,34.13,33.86,34.04,33.93,34.08,33.83,34.01,33.74,33.74,33.99,33.99,33.69,33.49,33.71,33.79,33.61,33.71,33.66,34.01,33.44,33.24,33.32,33.49,33.24,33.24,33.24,32.99,33.15,33.07,33.19,32.9,33.12,32.7,32.77,32.94,32.68,32.9,32.68,32.35,32.78,32.62,32.48,32.68,32.73,32.62,32.73,32.7,32.85,32.85,32.77,32.68,32.78,32.85,32.6,32.57,32.51,32.57,32.43,32.87,32.48,32.36,32.57,32.57,32.62,32.4,32.73,32.62,32.78,32.57,32.6,32.4,32.48,32.53,32.68,32.43,32.65,32.77,32.77,32.77,32.9,32.6,32.95,32.99,32.94,33.02,32.94,32.77,32.99,32.85,32.95,32.68,32.43,32.48,33.07,32.65,33.2,33.04,33.04,32.62,32.65,32.36,32.23,32.18,32.31,32.4,32.57,32.65,32.6,32.77,32.78,32.26,31.81,31.56,31.19,30.7,27.49,24.86,24.21,23.6,23.91,23.45,23.67,23.23,23.3,23.22
23.54,23.52,24.9,27.71,29.03,30.08,30.78,31.15,31.39,31.72,32.09,32.31,32.23,32.53,32.45,32.31,32.43,32.82,32.65,32.73,33.07,32.99,33.44,33.46,33.36,33.71,33.57,33.69,33.71,33.86,33.74,33.69,33.83,33.69,33.79,33.69,33.69,33.79,33.62,33.91,33.93,33.69,33.79,33.93,33.69,33.74,33.44,33.61,33.49,33.62,33.57,33.74,33.41,33.83,33.27,33.52,33.24,33.19,33.04,33.29,32.9,33.12,33.1,33.2,33.12,32.9,32.62,32.65,32.9,32.62,32.7,32.7,32.51,32.82,32.65,32.51,32.6,32.45,32.35,32.48,32.36,32.73,32.53,32.45,32.28,32.57,32.78,32.6,32.62,32.62,32.48,32.7,32.62,32.36,32.51,32.2,32.23,32.53,32.57,32.7,32.18,32.57,32.4,32.51,32.48,32.31,32.57,32.57,32.43,32.53,32.94,32.68,32.73,32.6,32.48,32.9,33.1,32.9,33.07,32.9,32.99,32.85,32.95,32.65,32.73,32.77,32.57,32.7,32.73,32.73,32.99,32.57,32.78,32.6,32.35,32.28,31.89,32.26,32.18,32.28,32.51,32.45,32.53,32.62,32.6,32.26,31.74,31.47,31.32,30.75,27.79,24.78,23.94,23.69,23.48,23.33,23.27,23.22,23.33,23.11
23.48,23.52,24.48,27.44,28.83,29.67,30.33,31.27,31.29,31.83,32.11,32.35,32.43,32.14,32.57,32.45,32.57,32.82,32.78,32.95,33.15,33.41,33.46,33.44,33.61,33.27,33.24,33.44,33.61,33.79,33.79,33.71,33.54,33.57,33.36,33.79,33.44,33.66,33.71,33.49,33.44,33.54,33.71,33.49,33.88,33.52,33.44,33.49,33.61,33.78,33.46,33.66,33.69,33.78,33.41,33.32,33.29,32.87,32.9,33.12,33.04,33.04,33.07,32.99,32.94,32.95,32.9,32.43,32.62,32.7,32.57,32.57,32.9,32.36,32.6,32.53,32.51,32.6,32.62,32.51,32.36,32.48,32.51,32.48,32.6,32.36,32.9,32.57,32.65,32.36,32.65,32.73,32.51,32.23,32.14,32.09,32.35,32.51,32.65,32.53,32.48,32.77,32.35,32.62,32.48,32.43,32.65,32.77,32.48,32.45,32.65,32.82,32.82,32.68,32.68,32.6,32.94,32.94,32.65,32.85,33.07,32.62,32.73,32.78,32.65,32.43,32.36,32.65,32.85,32.57,32.53,32.57,32.36,32.45,32.43,32.18,31.94,32.01,32.03,32.06,32.14,32.2,32.45,32.14,32.51,32.35,31.83,31.27,30.87,30.73,27.71,24.68,23.97,23.57,23.48,23.45,23.45,23.48,23.45,23.33
23.37,23.57,24.14,27.08,28.71,29.64,30.5,30.78,31.15,31.29,32.01,32.18,32.35,32.26,32.28,32.7,32.82,32.95,32.95,32.6,33.24,32.99,33.41,33.27,33.37,33.46,33.12,33.37,33.57,33.52,33.52,33.54,33.32,33.66,33.52,33.91,33.57,33.44,33.57,33.37,33.46,33.69,33.41,33.19,33.62,33.37,33.44,33.44,33.62,33.44,33.44,33.61,33.32,33.49,33.2,33.07,33.15,33.07,33.19,33.27,32.78,33.04,32.77,32.85,32.94,33.12,32.73,32.82,32.65,32.7,32.48,32.65,32.6,32.53,32.85,32.68,32.62,32.35,32.36,32.14,32.48,32.35,32.31,32.65,32.31,32.77,32.57,32.51,32.7,32.65,32.6,32.4,32.26,32.35,32.36,32.26,32.53,32.43,32.57,32.62,32.85,32.65,32.6,32.7,32.57,32.77,32.28,32.45,32.48,32.7,32.62,32.7,32.68,32.48,32.7,32.51,32.85,32.62,32.99,32.85,32.94,32.78,32.95,32.78,32.77,32.48,32.51,32.6,32.85,32.45,32.62,32.45,32.48,32.65,32.43,32.26,32.06,32.06,31.86,31.98,32.11,32.28,32.48,32.43,32.43,32.01,31.91,31.29,30.78,30.18,27.47,24.71,24.17,23.54,23.27,23.54,23.22,23.33,23.37,23.18
23.54,23.42,23.91,26.29,28.87,29.27,30.38,30.61,31.15,31.56,31.77,32.11,32.01,32.31,32.4,32.51,32.78,32.65,32.82,32.85,32.65,33.07,32.94,33.15,33.41,33.37,33.12,33.27,33.32,33.49,33.37,33.44,33.41,33.57,33.62,33.49,33.37,33.83,33.32,33.54,33.78,33.32,33.66,33.61,33.57,33.46,33.44,33.54,33.36,33.57,33.46,33.32,33.52,33.19,33.12,33.12,33.29,33.04,32.99,32.87,32.94,33.12,33.02,32.73,32.73,32.6,32.7,32.57,32.62,32.87,32.6,32.68,32.48,32.48,32.68,32.53,32.57,32.31,32.51,32.57,32.2,32.31,32.62,32.6,32.23,32.57,32.43,32.6,32.65,32.65,32.53,32.48,32.36,32.31,32.6,32.6,32.78,32.4,32.18,32.77,32.9,32.62,32.53,32.51,32.45,32.73,32.4,32.68,32.82,32.4,32.43,32.68,32.7,32.48,32.78,32.43,32.77,32.77,32.9,32.94,32.62,32.87,32.73,32.65,32.48,32.77,32.6,32.51,32.28,32.77,32.45,32.62,32.57,32.65,32.53,32.53,32.23,31.94,31.94,32.23,31.91,32.31,32.51,32.48,32.23,32.01,31.69,31.19,30.9,29.93,27.55,24.44,24.36,23.91,23.37,23.6,23.27,23.37,23.38,23.08
23.75,23.64,24.14,26.58,28.6,29.64,30.18,30.55,31.15,31.39,31.61,31.64,31.81,32.14,32.06,32.35,32.43,32.77,32.78,32.57,32.99,32.95,33.15,33.15,33.07,33.32,33.49,33.41,33.36,33.29,33.24,33.71,32.94,33.41,33.46,33.37,33.61,33.46,33.41,33.24,33.46,33.49,33.36,33.46,33.57,33.46,33.44,33.36,33.37,33.32,33.69,33.44,33.36,33.49,33.36,33.07,33.2,33.24,33.02,33.04,32.85,33.07,32.82,32.65,32.82,32.7,32.31,32.35,32.53,32.6,32.53,32.53,32.31,32.48,32.43,32.4,32.43,32.18,32.53,32.65,32.53,32.45,32.53,32.35,32.4,32.43,32.2,32.35,32.68,32.57,32.65,32.31,32.45,32.53,32.31,32.11,32.65,32.51,32.57,32.36,32.57,32.77,32.73,32.35,32.28,32.45,32.26,32.4,32.57,32.48,32.53,32.6,32.43,32.51,32.48,32.35,32.7,32.45,32.6,32.4,32.6,32.7,32.73,32.6,32.43,32.45,32.35,32.43,32.4,32.51,32.35,32.36,32.2,32.43,32.06,32.36,32.09,31.77,31.83,31.83,32.03,32.14,32.36,32.28,32.09,32.01,31.74,31.35,30.73,30.04,27.47,24.59,24.14,23.84,23.52,23.23,23.64,23.52,23.3,23.27
23.54,23.45,24.06,25.91,28.8,29.29,30.09,30.45,31.02,31.2,31.64,31.83,32.01,32.01,32.03,32.18,32.57,32.48,32.48,32.53,32.78,32.57,32.9,32.85,32.9,33.15,33.02,33.1,33.32,32.87,33.19,33.44,33.36,33.2,33.15,33.32,33.36,33.19,33.12,33.19,33.37,33.24,33.29,33.07,33.27,33.52,33.36,33.57,33.49,33.32,33.1,33.61,33.32,33.19,33.29,32.94,32.82,33.02,33.12,32.94,32.62,32.7,32.78,32.45,32.6,32.6,32.57,32.6,32.36,32.51,32.57,32.14,32.51,32.26,32.57,32.57,32.45,32.45,32.53,32.62,32.4,32.57,32.35,32.68,32.26,32.28,32.7,32.53,32.45,32.43,32.26,32.53,32.43,32.28,32.45,32.11,32.2,32.28,32.6,32.65,32.53,32.4,32.4,32.45,32.43,32.31,32.65,32.35,32.4,32.62,32.51,32.43,32.62,32.45,32.26,32.2,32.36,32.43,32.53,32.6,32.68,32.78,32.57,32.7,32.62,32.26,32.28,32.35,32.45,32.36,32.14,32.31,32.48,32.36,32.48,32.35,32.51,31.83,31.77,32.01,31.91,32.06,32.2,32.2,31.91,32.11,31.56,31.03,30.45,29.77,27.2,24.9,23.69,23.64,23.15,23.52,23.45,23.08,23.42,23.23
23.52,23.38,24.02,25.84,28.51,29.15,29.93,30.5,30.83,31.27,31.49,31.81,31.83,31.91,32.26,32.36,32.36,32.51,32.68,32.62,32.9,32.62,32.73,32.82,33.04,32.87,32.94,32.87,33.29,33.24,33.02,33.15,33.24,33.37,33.2,33.29,33.46,33.24,33.27,33.36,33.15,33.19,33.27,33.24,33.46,33.19,33.36,33.32,33.1,33.19,33.15,33.02,33.19,32.99,33.19,33.04,32.82,32.9,32.73,32.82,32.82,32.73,32.7,32.78,32.57,32.26,32.9,32.43,32.85,32.6,32.51,32.43,32.11,32.65,32.31,32.18,32.36,32.48,32.43,32.26,32.28,32.14,32.28,32.28,32.48,32.28,32.26,32.57,32.57,32.35,32.28,32.62,32.4,32.43,32.28,32.23,32.14,32.65,32.57,32.45,32.68,32.78,32.48,32.31,32.6,32.68,32.4,32.73,32.68,32.53,32.45,32.53,32.51,32.31,32.18,32.28,32.31,32.35,32.82,32.43,32.73,32.2,32.53,32.57,32.26,32.28,32.14,32.4,32.28,32.43,32.43,32.2,32.26,32.36,32.35,32.43,32.26,32.03,31.98,31.98,31.83,31.94,32.11,32.09,31.86,32.01,31.56,31.12,30.46,29.2,27.23,24.63,24.09,23.97,23.69,23.52,23.23,23.48,23.23,23.22
23.54,23.52,23.54,25.4,28.11,29.56,29.84,30.58,30.98,31.12,31.39,31.61,31.74,31.83,32.48,32.23,32.2,32.26,32.35,32.57,32.73,32.6,32.73,32.95,32.94,33.15,32.87,32.82,32.94,32.95,33.04,32.99,32.78,33.1,33.1,33.1,33.37,33.24,33.12,33.32,32.99,33.29,33.2,33.12,33.12,33.2,33.24,33.24,33.29,33.19,33.29,33.19,33.04,33.07,32.99,33.12,33.32,32.95,32.82,32.7,32.73,32.68,32.57,32.57,32.18,32.43,32.65,32.43,32.18,32.57,32.09,32.23,32.4,32.51,32.36,32.6,32.51,32.48,32.43,32.35,32.18,32.57,32.11,32.48,32.35,32.31,32.18,32.51,32.51,32.36,32.31,32.53,32.45,32.18,32.53,32.4,32.53,32.53,32.43,32.4,32.85,32.68,32.35,32.51,32.36,32.35,32.48,32.7,32.57,32.51,32.36,32.53,32.78,32.18,32.6,32.26,32.43,32.51,32.35,32.45,32.4,32.48,32.4,32.31,32.6,32.51,32.43,32.28,32.18,32.18,32.18,32.23,32.23,32.2,32.53,32.51,32.18,32.06,31.83,31.77,31.86,31.52,31.74,31.98,32.06,32.09,31.4,31.15,30.53,29.77,26.88,24.53,24.02,23.94,23.84,23.33,23.52,23.37,23.3,22.96
23.38,23.64,23.91,25.05,27.84,29.03,29.61,30.46,30.98,31.32,31.56,31.77,31.69,32.09,32.26,31.98,32.11,32.57,32.4,32.26,32.6,32.6,32.65,32.77,32.7,32.82,32.95,32.78,32.85,32.7,32.95,32.95,32.99,32.9,32.95,33.24,32.73,32.99,33.07,33.29,33.2,33.1,32.73,32.99,32.94,33.29,33.15,33.04,33.24,33.19,33.19,33.07,33.1,32.99,33.2,32.82,32.78,32.87,32.78,32.62,32.35,32.68,32.36,32.65,32.6,32.57,32.14,32.45,32.35,32.53,32.18,32.36,31.94,32.23,32.43,32.31,32.09,32.14,32.26,32.36,32.31,32.06,32.36,32.53,32.18,32.18,32.43,32.4,32.28,32.45,32.23,32.26,32.65,32.4,32.23,32.23,32.57,32.23,32.6,32.4,32.4,32.78,32.45,32.53,32.31,32.31,32.43,32.51,32.45,32.31,32.68,32.28,32.26,32.48,32.31,32.2,32.31,32.18,32.23,32.53,32.36,32.11,32.43,32.48,32.18,32.18,32.35,32.23,32.43,32.03,32.11,32.31,32.14,32.35,32.18,32.23,32.57,32.23,31.77,31.49,31.72,31.24,31.49,31.69,31.86,31.94,31.29,31.15,30.46,29.44,26.8,24.39,23.97,23.48,23.45,23.75,23.52,23.27,23.33,23.37
23.54,23.42,23.69,24.83,27.79,29.19,29.64,30.38,30.58,31.02,31.49,31.57,31.83,32.03,31.91,31.91,32.18,32.28,32.45,32.4,32.6,32.53,32.73,32.68,33.02,32.77,32.6,32.95,32.85,32.9,32.87,32.87,32.99,32.95,33.04,32.99,33.24,33.19,33.1,33.04,33.12,33.1,32.95,33.04,33.24,32.87,33.07,33.04,33.44,33.32,32.95,33.1,33.07,32.85,32.85,32.7,32.51,32.78,32.95,32.78,32.73,32.51,32.7,32.57,32.36,32.53,32.57,32.09,32.2,32.31,31.98,32.26,32.14,32.62,32.11,32.28,32.51,32.23,32.26,32.09,32.6,32.23,32.31,32.18,32.18,32.51,32.6,32.45,32.68,32.45,32.82,32.68,32.36,32.06,32.6,32.26,32.7,32.43,32.57,32.53,32.65,32.78,32.31,32.62,31.98,32.62,32.18,32.53,32.43,32.31,32.4,32.43,32.43,32.28,32.68,32.28,32.35,32.43,32.03,32.2,32.43,32.45,32.6,32.45,32.2,32.26,32.4,32.31,32.48,32.09,32.2,32.18,32.36,32.26,32.11,32.36,32.2,32.18,31.81,31.81,31.77,31.72,31.91,31.72,31.69,31.49,31.81,30.95,29.96,29.0,26.14,24.71,24.24,23.75,23.52,23.48,23.64,23.38,23.67,23.15
23.18,23.72,23.82,24.29,26.97,28.87,29.72,30.21,30.61,30.9,31.12,31.72,31.81,31.89,32.03,32.01,32.01,32.11,32.26,32.18,32.4,32.45,32.45,32.51,32.45,32.62,32.9,32.94,32.68,32.94,32.7,32.78,33.04,32.48,32.87,32.68,32.77,32.65,32.9,32.57,33.02,32.77,33.02,32.85,33.27,33.1,32.95,33.02,32.68,33.02,33.1,32.78,32.82,32.95,32.77,32.82,32.73,32.45,32.6,32.57,32.48,32.53,32.53,32.6,32.35,32.53,32.45,32.36,32.23,32.26,32.26,32.28,32.06,32.11,32.11,32.35,32.09,32.09,32.4,32.35,32.01,32.18,32.36,32.43,32.35,32.51,32.28,32.23,32.7,32.48,32.51,32.35,32.31,32.18,32.31,32.4,32.7,32.53,32.45,32.4,32.65,32.51,32.51,32.43,32.28,32.53,32.14,32.57,32.14,32.4,32.48,32.53,32.14,32.35,32.4,32.01,32.2,32.11,32.11,32.2,32.23,32.4,32.28,32.35,32.01,32.4,32.18,32.45,32.26,32.31,32.35,32.11,32.36,32.51,32.09,32.18,32.26,32.03,31.83,31.64,31.32,31.19,31.47,31.44,31.64,31.86,31.4,31.2,30.01,29.03,25.91,24.44,23.97,23.38,23.69,23.57,23.45,23.33,23.3,22.93
23.27,23.42,23.54,24.09,26.41,28.55,29.69,30.45,30.58,31.03,31.35,31.39,31.32,31.91,32.11,31.74,32.03,32.14,32.03,32.35,32.51,32.14,32.53,32.9,32.43,32.4,32.77,32.6,32.78,32.6,32.9,32.68,32.65,32.6,32.73,33.04,33.02,32.85,32.78,32.9,32.82,32.78,32.85,33.02,32.9,33.07,33.02,32.78,33.12,32.95,32.95,32.77,32.9,32.68,32.7,32.62,32.6,32.62,32.51,32.6,32.65,32.28,32.68,32.4,32.23,32.35,32.28,32.53,32.2,32.26,31.86,32.36,32.14,32.31,32.18,32.09,32.11,31.91,32.28,32.11,32.36,32.23,32.28,32.23,32.03,32.28,32.36,32.45,32.62,32.53,32.78,32.53,32.31,32.26,32.35,32.11,32.31,32.53,32.45,32.11,32.68,32.45,32.43,32.48,32.6,32.35,32.11,32.43,32.43,32.36,32.36,32.2,32.35,32.35,32.26,32.31,32.03,32.36,32.14,31.86,32.14,32.35,32.28,32.14,32.28,32.43,32.11,32.26,32.28,32.2,32.28,32.2,32.14,32.09,32.06,32.01,32.03,31.91,31.94,31.61,31.61,31.39,31.64,31.77,31.69,31.49,31.74,31.07,30.38,28.75,25.79,24.26,24.11,23.54,23.57,23.54,23.22,23.38,23.42,23.37
