31.02,31.27,31.27,31.57,31.29,31.35,31.66,31.59,31.69,31.35,31.47,31.44,31.61,31.81,31.77,32.06,31.89,31.77,31.72,31.98,32.09,32.01,31.74,31.98,32.06,32.18,32.31,32.51,32.78,32.57,33.02,33.1,33.04,33.36,33.36,33.29,33.49,33.66,33.36,33.78,33.49,33.37,33.57,33.83,33.93,34.25,34.13,34.35,34.1,34.1,34.25,34.04,34.13,34.25,34.01,34.01,33.57,33.57,33.46,32.99,33.15,33.57,33.52,33.69,33.66,34.1,34.57,34.68,34.8,34.68,34.72,34.68,34.41,34.33,34.1,34.43,34.18,34.38,34.3,34.57,34.04,34.1,34.04,33.71,33.69,34.25,34.33,34.63,34.99,34.65,34.82,34.82,34.6,34.47,34.26,34.01,34.43,33.83,33.37,33.62,33.71,33.52,33.49,33.69,33.37,33.57,33.46,33.66,33.27,33.12,30.45,27.17,25.91,25.13,24.86,24.9,24.75,24.8,25.4,27.17,29.03,30.5,31.2,31.77,31.83,32.11,32.26,32.7,32.7,32.45,32.77,33.07,32.99,33.02,33.15,32.95,33.19,33.2,33.27,32.99,32.95,32.6,32.57,32.48,31.83,32.23,32.14,32.45,31.94,32.31,32.28,32.23,32.03,32.4,32.26,32.28,32.53,32.36,32.7,32.62
30.92,30.92,30.92,31.12,31.4,31.02,31.35,31.29,31.44,31.27,31.27,31.49,31.49,31.74,31.47,31.83,32.01,31.61,31.86,32.03,31.64,31.86,31.83,31.98,31.86,32.14,32.31,32.62,32.77,32.94,33.02,33.12,33.46,33.19,33.36,33.44,33.2,33.49,33.46,33.41,33.37,33.32,33.49,33.61,33.57,34.04,34.01,34.01,33.96,34.26,34.21,33.83,34.04,33.88,33.74,33.41,33.57,33.49,33.36,33.52,33.57,33.78,34.04,33.88,34.1,34.21,34.47,34.65,34.68,34.52,34.65,34.73,34.63,34.26,34.18,34.13,33.93,34.18,34.01,34.3,33.88,34.21,33.93,33.96,34.18,34.48,34.6,34.63,34.89,34.55,34.82,34.68,34.33,34.01,34.01,33.74,33.78,33.66,33.32,33.36,33.2,33.36,33.54,33.52,34.1,33.46,34.01,33.69,33.69,33.24,32.78,31.29,28.48,26.29,25.07,24.9,25.1,26.23,28.55,30.01,31.12,31.47,31.83,32.31,32.36,32.78,32.7,32.7,32.73,32.68,33.1,33.1,32.87,33.04,33.12,33.15,32.9,33.2,33.27,33.04,33.15,32.65,32.57,32.28,31.98,32.09,32.18,32.18,32.09,31.94,32.28,32.23,32.14,32.2,32.35,32.35,32.36,32.48,32.57,32.68
30.82,30.9,31.29,31.12,31.27,31.35,31.32,31.32,31.35,31.52,31.56,31.61,31.66,31.61,31.56,31.52,31.89,31.66,31.77,31.89,31.81,31.89,32.18,31.98,32.11,32.18,32.65,32.18,32.65,32.82,32.82,33.29,33.62,33.36,33.24,33.71,33.07,33.04,33.46,33.49,33.36,33.29,33.49,33.79,33.86,34.1,34.16,34.18,33.99,33.93,34.01,34.1,33.83,33.93,33.88,33.71,33.88,33.78,33.79,33.71,34.25,34.18,34.33,34.04,34.01,33.88,34.33,34.33,34.77,34.6,34.72,34.77,34.52,34.65,34.38,34.13,34.1,34.35,33.96,33.99,33.99,33.91,33.79,34.18,34.21,34.33,34.6,34.63,34.95,34.63,34.72,34.47,34.35,34.18,33.78,34.01,33.79,33.71,33.44,33.52,33.44,33.66,33.74,33.86,33.86,34.25,33.91,33.99,34.16,34.08,33.36,32.95,31.52,28.95,26.11,25.44,27.13,29.87,31.15,31.64,31.94,32.31,32.48,32.82,32.82,32.99,33.29,33.24,33.04,32.95,33.12,32.82,33.2,32.87,32.9,32.99,33.02,33.24,33.37,33.02,32.77,32.87,32.73,32.43,32.18,32.03,32.18,32.14,32.23,32.4,32.23,32.45,32.43,32.09,32.06,32.68,32.35,32.31,32.57,32.62
30.66,31.07,31.2,31.1,30.95,31.2,31.32,31.25,31.27,31.15,31.2,31.44,31.52,31.66,31.66,31.61,31.83,31.83,31.94,32.06,31.98,31.83,32.09,32.09,32.4,32.57,32.48,32.77,32.94,33.02,33.07,33.27,33.36,33.54,33.27,33.32,33.04,33.19,33.74,33.41,33.46,33.27,33.78,33.83,33.99,33.99,34.04,33.99,33.78,33.88,33.86,33.83,33.99,33.99,33.88,33.88,33.86,34.04,33.91,33.79,34.08,34.41,34.38,34.01,34.16,34.38,34.01,34.3,34.6,34.9,34.89,34.55,34.63,34.38,34.82,34.3,34.55,34.47,34.26,33.91,34.01,33.88,33.71,34.21,34.52,34.52,34.57,34.68,34.77,34.57,34.63,34.8,34.48,34.16,33.86,33.69,33.74,33.88,33.86,34.04,33.79,33.93,34.08,33.99,33.96,34.04,34.16,34.48,34.41,33.88,33.99,33.2,32.6,31.4,28.23,27.32,30.33,31.56,32.06,32.6,32.4,32.62,33.07,32.78,33.24,33.1,33.66,33.52,33.62,33.32,33.02,33.1,33.04,32.9,33.12,32.99,33.2,33.32,33.41,33.36,32.85,32.85,32.78,32.36,32.36,32.65,32.23,32.31,32.51,32.23,32.31,32.53,32.36,32.68,32.51,32.36,32.36,32.4,32.53,32.53
31.1,30.92,31.39,31.1,31.39,31.1,31.29,31.07,31.12,31.29,31.44,31.39,31.52,31.61,31.64,31.74,31.72,31.83,31.89,31.77,31.81,31.94,32.01,32.01,32.31,32.11,32.43,32.68,33.02,32.9,33.44,33.37,33.52,33.32,33.1,33.19,33.07,32.99,33.29,33.15,33.32,33.32,33.52,33.86,33.54,34.01,33.74,33.79,33.74,33.96,33.83,33.61,33.88,33.93,33.83,33.96,33.99,33.91,34.1,33.86,33.79,34.47,34.1,34.35,34.25,34.04,34.21,34.16,34.3,34.73,34.72,34.8,34.26,34.41,34.43,34.13,34.16,34.18,34.04,34.26,34.16,34.33,33.99,34.04,34.85,34.43,34.47,34.82,34.8,34.72,34.57,34.73,34.77,34.48,34.1,34.04,33.99,33.99,33.96,34.04,34.3,34.21,34.08,34.04,34.18,34.38,34.55,34.63,34.25,34.08,33.83,33.44,33.02,32.85,31.44,30.83,31.91,32.48,32.73,32.87,32.85,32.87,33.15,33.04,33.29,33.2,33.54,33.57,33.74,33.19,33.29,33.32,33.15,33.04,33.15,33.1,33.29,33.41,33.52,33.12,33.32,33.02,32.53,32.82,32.35,32.36,32.7,32.4,32.48,32.35,32.77,32.4,32.45,32.09,32.45,32.23,32.43,32.62,32.85,32.77
31.02,31.02,31.2,31.02,31.4,31.19,31.35,31.44,31.35,31.24,31.29,31.56,31.47,31.61,31.66,31.61,31.83,31.49,32.01,31.81,32.18,31.83,32.06,32.18,32.51,32.77,32.65,32.14,32.68,33.07,33.29,33.36,33.44,33.36,33.04,32.99,32.94,32.94,33.2,33.61,33.44,33.57,33.44,33.66,33.54,33.71,33.41,33.57,33.52,33.49,33.54,33.88,33.74,33.57,33.83,33.71,33.44,33.86,33.93,34.13,34.16,34.47,34.25,34.41,34.04,34.3,34.01,34.18,34.3,34.41,34.52,35.04,34.38,34.52,34.08,34.1,34.1,33.49,33.71,33.78,33.66,33.71,33.96,34.47,34.55,34.48,34.33,34.57,34.41,34.85,34.65,34.65,34.57,34.26,34.04,33.74,33.41,33.61,33.88,33.74,33.96,33.99,33.86,34.1,34.13,34.48,34.57,34.33,34.1,33.71,33.69,34.01,33.57,33.44,33.37,32.7,32.99,32.95,33.15,33.04,33.24,33.02,33.36,33.32,33.37,33.37,33.49,33.27,33.49,33.19,33.57,33.2,32.9,33.2,33.12,32.94,33.32,33.71,33.44,33.27,33.04,33.2,32.94,32.73,32.35,32.65,32.51,32.7,32.4,32.51,32.48,32.85,32.36,32.57,32.57,32.51,32.53,32.53,32.6,32.53
30.78,30.92,31.1,31.02,30.92,31.03,31.07,31.19,31.29,31.29,31.19,31.12,31.47,31.29,31.52,31.69,31.69,31.98,31.77,31.57,32.03,31.74,32.31,32.26,32.31,32.45,32.78,32.6,33.27,33.29,33.32,33.41,33.29,33.12,33.04,32.87,32.87,32.77,32.82,33.1,33.46,33.44,33.54,33.15,32.95,33.44,33.36,33.37,33.46,33.49,33.52,33.61,33.83,33.79,33.74,33.71,33.69,33.93,33.91,34.21,34.13,34.18,34.48,34.48,34.38,33.99,34.16,33.99,34.1,34.1,34.72,34.68,34.73,34.43,34.25,33.88,33.96,33.74,33.74,33.46,33.52,33.57,33.79,33.93,34.04,34.18,34.08,34.3,34.33,34.3,34.47,34.25,34.18,34.18,33.91,33.79,33.52,33.62,33.61,33.78,33.74,33.96,34.08,34.13,34.38,34.33,34.47,34.21,34.16,34.1,34.18,34.16,33.79,33.54,33.27,33.07,33.07,33.04,33.19,33.04,33.29,33.24,33.41,33.41,33.79,33.71,33.57,33.69,33.71,33.52,33.29,33.2,33.04,33.07,32.85,32.99,32.9,33.29,33.44,33.66,33.49,33.15,33.19,32.78,32.7,32.78,32.57,32.43,32.53,32.62,32.77,32.77,32.68,32.87,32.57,32.48,32.48,32.7,32.82,32.2
30.9,31.02,31.27,31.4,31.19,31.03,31.4,31.35,31.32,31.19,31.03,31.56,31.29,31.49,31.4,31.56,31.74,31.56,31.74,31.91,31.81,31.83,32.2,32.2,32.51,32.68,32.43,32.57,32.95,33.2,33.57,33.49,33.36,33.32,32.85,32.94,32.99,32.9,32.7,32.85,33.37,33.24,33.32,33.15,33.46,33.54,33.32,33.57,33.24,33.24,33.83,33.32,33.57,33.57,33.61,33.71,33.78,33.83,34.04,33.96,34.35,34.25,34.25,34.38,34.35,34.21,34.26,33.88,34.1,34.08,33.99,34.43,34.55,34.82,34.35,34.13,34.04,34.01,33.74,33.57,33.52,33.54,33.69,33.91,34.04,34.33,34.21,34.01,34.35,33.99,34.1,33.86,33.88,33.79,33.44,33.74,33.29,33.49,33.69,33.93,34.1,33.93,34.35,34.47,34.26,34.57,34.26,34.16,33.99,33.78,33.96,34.04,33.86,33.99,33.44,33.44,33.2,33.1,33.04,33.46,33.36,33.66,33.71,33.54,33.79,33.54,33.69,33.54,33.52,33.52,33.29,33.46,32.82,32.99,33.19,32.95,32.68,32.85,33.41,33.41,33.69,33.52,33.02,32.95,32.94,32.51,32.68,32.7,32.31,32.57,33.04,32.9,32.6,32.77,32.85,32.53,32.78,32.78,33.02,32.82
30.73,30.83,30.98,31.07,31.27,31.15,31.39,31.2,31.27,31.27,31.15,31.35,31.07,31.32,31.61,31.77,31.49,31.64,31.89,31.86,31.81,32.09,32.31,32.06,32.11,32.48,32.31,32.77,32.94,33.15,33.2,33.41,33.41,32.85,32.77,32.78,32.18,32.31,32.26,32.62,33.07,33.12,33.12,33.15,33.07,33.07,33.27,33.1,33.2,33.07,33.52,33.49,33.54,33.61,33.71,33.49,33.61,33.69,33.88,34.1,34.3,34.52,34.41,34.38,34.21,34.3,34.21,33.99,33.93,33.91,34.26,34.21,34.47,34.73,34.38,34.33,33.86,33.71,33.88,33.49,33.57,33.74,33.66,33.83,33.78,33.96,33.79,34.3,33.91,33.62,33.99,33.66,33.49,33.27,33.62,33.74,33.61,33.78,34.13,34.26,34.08,34.13,34.41,34.21,34.21,34.04,34.08,33.91,33.93,34.1,33.86,33.96,34.16,33.96,33.49,33.49,33.66,33.24,33.44,33.44,33.32,33.71,33.93,33.71,33.86,33.71,33.74,33.66,33.52,33.1,33.12,33.15,33.07,33.07,32.82,33.02,33.24,33.27,33.54,33.66,33.24,33.32,33.52,33.19,32.82,32.95,32.82,32.82,32.73,32.78,32.77,32.78,32.62,32.85,32.99,32.65,32.9,32.73,32.82,32.48
30.65,30.73,31.02,31.24,30.9,31.27,31.27,31.39,31.24,31.1,31.1,31.4,31.32,31.52,31.72,31.64,31.52,31.4,31.89,31.91,31.89,32.03,32.03,32.09,32.31,32.6,32.45,32.53,32.9,33.36,33.49,33.46,33.29,32.82,32.73,32.51,32.31,32.43,32.43,32.35,33.1,33.27,33.32,33.02,33.15,33.04,32.87,33.04,32.99,33.12,33.37,33.27,33.57,33.46,33.29,33.41,33.54,33.71,34.1,34.04,34.04,34.25,34.43,34.38,34.35,33.93,34.01,33.99,33.86,34.33,33.83,34.43,33.99,34.33,34.43,34.35,34.18,34.16,33.83,33.71,33.61,33.46,33.91,33.83,33.52,34.01,33.86,33.41,33.49,33.61,33.57,33.36,33.54,33.37,33.49,33.66,33.54,33.86,33.78,34.48,34.33,34.18,34.21,33.99,34.01,34.18,34.04,33.99,33.99,33.96,34.16,33.96,33.99,33.86,33.83,33.62,33.61,33.41,33.57,33.83,33.88,33.71,33.69,33.78,33.79,33.74,33.88,33.57,33.44,33.46,33.24,33.46,33.15,32.9,33.19,33.07,33.19,33.1,33.57,33.62,33.36,33.49,33.36,33.27,32.82,32.85,32.73,32.7,32.77,32.99,32.9,32.78,32.82,32.94,32.94,32.95,32.87,33.07,33.12,32.99
30.36,30.82,30.75,30.66,31.1,31.02,31.2,31.35,31.24,31.07,31.2,31.39,31.56,31.24,31.61,31.49,31.64,31.77,31.47,32.2,31.98,32.11,31.89,32.26,32.48,32.51,32.57,32.73,32.94,33.44,33.57,33.24,32.9,32.87,32.28,32.2,32.35,32.28,32.4,32.36,32.85,32.85,33.24,32.78,32.78,33.15,32.95,33.07,32.95,33.29,33.66,33.41,33.19,33.36,33.24,33.41,33.52,33.62,33.69,33.88,34.08,34.18,33.91,34.16,34.1,33.93,34.04,34.04,34.13,34.1,34.26,34.21,34.21,34.3,34.21,34.38,34.01,34.21,34.21,33.69,33.91,33.79,33.83,33.57,33.71,33.71,33.93,33.83,33.57,33.54,33.57,33.36,33.71,33.37,33.83,33.57,33.99,33.99,34.3,34.13,33.91,34.08,34.08,33.91,33.79,33.99,33.96,34.16,34.08,34.3,34.33,33.96,33.86,33.74,33.79,33.99,33.83,33.74,33.91,33.88,33.74,33.69,33.96,33.88,33.74,34.01,33.71,33.74,33.61,33.2,33.69,33.36,33.27,32.99,33.04,33.15,33.12,33.07,33.19,33.71,33.57,33.93,33.57,33.44,33.27,33.02,32.9,33.02,32.73,32.95,33.02,32.9,33.15,33.07,33.12,33.02,33.07,32.9,33.07,33.04
30.08,30.58,30.53,31.07,30.65,30.87,31.12,31.2,31.19,31.1,31.2,31.39,31.35,31.4,31.4,31.57,31.57,31.66,31.74,31.86,31.66,31.91,32.01,32.14,32.45,32.36,32.45,32.62,32.9,33.15,33.49,33.29,33.04,32.7,32.53,32.06,31.86,31.89,32.09,32.4,32.73,32.9,32.95,32.85,32.82,32.94,32.85,33.2,33.54,32.99,33.61,32.99,33.27,33.27,33.2,33.37,33.32,33.69,33.83,33.83,33.83,34.21,34.08,34.16,33.96,34.1,34.1,33.88,34.01,34.13,33.88,34.16,34.3,33.99,33.93,34.08,34.3,34.13,33.96,33.88,33.66,33.71,33.69,33.74,33.83,34.01,33.62,33.66,33.29,33.57,33.62,33.54,33.37,33.88,33.86,34.08,34.43,34.08,34.3,33.93,34.16,34.18,34.01,33.91,34.01,33.91,33.91,34.13,34.1,33.91,34.26,34.08,33.74,34.01,33.83,33.52,33.54,33.78,33.57,33.88,33.41,33.66,33.91,33.61,33.74,33.88,33.69,33.27,33.54,33.52,33.27,33.04,33.37,33.07,33.19,32.78,33.19,32.7,33.41,33.61,33.86,33.61,33.71,33.62,33.2,33.29,33.02,33.1,33.15,33.15,33.02,33.04,33.12,33.36,33.24,32.94,33.02,33.19,33.24,33.24
30.08,30.53,30.21,30.7,30.87,30.55,30.66,30.78,30.95,30.78,30.95,31.2,31.47,31.35,31.32,31.47,31.56,31.61,31.74,31.77,31.61,31.72,32.28,31.98,32.4,32.36,32.53,32.99,33.19,32.95,33.27,33.19,32.73,32.68,32.26,32.18,32.03,31.81,32.01,31.86,32.53,32.82,32.68,32.7,32.51,32.65,32.78,32.85,32.85,32.95,33.04,32.9,33.07,33.19,32.99,33.27,33.24,33.44,33.52,33.41,33.71,34.01,33.86,34.25,34.25,34.16,34.08,34.01,33.93,34.1,33.96,34.13,34.21,34.04,33.99,33.83,33.79,33.99,33.93,33.66,33.61,33.29,33.24,33.91,33.78,33.78,33.74,33.69,33.69,33.52,33.37,33.66,33.24,33.71,33.79,34.04,34.08,33.86,33.99,33.83,33.74,33.99,33.93,33.88,34.08,34.01,33.91,34.08,34.16,33.93,34.01,33.79,33.54,33.79,33.61,33.78,33.57,33.41,33.61,33.66,33.49,33.61,33.57,33.54,33.29,33.36,33.36,33.69,33.24,33.41,33.32,33.24,33.46,33.07,32.77,32.82,32.7,32.95,33.41,33.44,33.78,33.99,33.86,33.46,33.52,33.41,33.1,33.32,33.02,33.44,33.36,32.68,32.73,32.95,33.19,32.9,32.95,33.37,32.95,32.95
29.98,30.41,30.29,30.38,30.5,30.46,30.9,30.75,30.78,30.83,31.19,31.35,31.27,31.47,31.56,31.49,31.39,31.72,31.74,31.77,31.64,31.94,32.2,32.2,32.51,32.26,32.78,32.6,33.07,33.12,33.1,33.02,32.85,32.51,31.89,32.06,31.61,31.86,31.64,32.26,32.31,32.9,32.6,32.82,32.7,32.82,32.78,33.04,32.73,33.07,32.87,32.99,33.07,33.02,32.94,33.27,33.44,33.44,33.44,33.29,33.36,33.71,33.88,33.93,33.96,34.3,33.71,33.66,33.83,33.74,33.79,33.71,33.69,33.71,33.99,33.71,33.93,33.57,33.66,33.66,33.86,33.62,33.52,33.32,33.57,33.27,33.49,33.37,33.36,33.15,33.49,33.32,33.49,33.29,33.78,33.79,33.74,34.1,33.74,33.91,33.83,33.79,33.99,33.91,34.33,33.91,33.96,34.08,33.78,33.62,33.88,33.79,33.52,33.54,33.86,33.91,33.49,33.54,33.49,33.46,33.69,33.62,33.46,33.54,33.32,33.19,33.29,33.46,33.36,33.15,33.29,33.36,33.32,33.24,33.07,32.9,33.2,33.32,33.44,33.78,34.21,33.86,33.78,33.71,33.57,33.41,33.2,33.15,33.27,33.19,33.49,33.27,33.04,33.19,33.12,33.15,33.19,33.04,33.12,32.9
29.72,30.16,30.36,30.26,30.36,30.04,30.58,30.36,30.7,30.92,30.82,31.15,31.02,31.32,31.44,31.52,31.74,31.4,31.74,31.89,31.61,31.72,32.2,32.01,32.48,32.6,32.57,32.87,33.15,33.24,32.99,32.77,32.65,32.31,32.14,31.89,31.74,31.52,31.89,32.18,32.28,32.53,32.43,32.57,32.36,32.53,32.36,32.65,32.43,32.62,32.45,32.68,32.95,32.87,32.99,33.24,33.19,33.04,33.74,33.54,33.44,33.83,33.74,33.66,33.86,33.93,34.18,33.74,33.86,33.57,33.54,33.61,33.66,33.54,33.36,33.46,32.87,33.46,33.12,33.49,33.46,33.24,33.46,33.15,33.2,33.29,33.37,33.24,33.62,33.2,33.36,33.27,33.66,33.36,33.44,33.49,33.41,33.54,33.78,33.74,33.52,33.66,33.96,34.25,34.21,34.43,34.13,34.18,34.01,33.54,33.78,33.74,33.37,33.71,33.57,33.29,33.37,33.74,33.54,33.46,33.61,33.44,33.37,33.49,33.29,33.32,33.37,33.12,33.15,33.32,33.19,33.44,33.29,33.32,33.04,32.85,32.95,33.24,33.2,33.61,34.01,33.91,33.99,33.99,33.49,33.52,33.37,33.32,33.2,33.15,33.19,33.24,33.2,33.27,33.32,33.12,33.02,33.07,33.12,33.19
29.84,30.04,30.16,30.04,30.09,30.24,30.41,30.7,30.58,30.61,30.9,30.65,31.12,31.2,31.19,31.49,31.81,31.66,31.64,31.64,32.01,31.89,32.14,31.98,32.43,32.7,32.4,32.78,33.02,33.07,32.99,32.78,32.68,32.06,31.89,31.66,31.57,31.64,31.89,31.98,32.26,32.36,32.62,32.48,32.48,32.18,32.43,32.48,32.95,32.57,32.53,32.68,32.82,32.6,32.87,33.15,32.95,33.12,33.32,33.37,33.41,33.57,33.29,33.57,33.91,33.74,33.99,33.66,33.61,33.41,33.52,33.46,33.27,33.37,33.52,33.49,33.12,33.04,33.69,33.83,33.54,33.49,33.69,33.52,33.24,33.32,33.15,33.24,33.57,33.24,33.66,33.52,33.37,33.62,33.57,33.61,33.69,33.71,33.62,33.83,33.61,34.04,33.96,34.08,34.38,34.26,34.48,34.18,33.83,34.04,33.91,33.86,33.41,33.36,33.61,33.71,33.36,33.19,33.24,33.37,33.83,33.44,33.37,33.54,33.19,33.27,33.24,33.1,33.46,33.29,32.95,33.32,33.24,33.07,32.94,32.95,33.1,32.95,33.37,33.37,33.71,34.13,33.96,33.78,33.66,33.86,33.52,33.36,33.37,33.27,33.66,33.27,33.49,33.12,33.12,33.32,33.46,33.24,33.49,32.85
29.96,29.89,30.04,30.21,29.81,30.09,30.66,30.41,30.33,30.82,30.65,30.75,30.9,30.98,31.52,31.27,31.69,31.52,31.47,31.56,31.74,31.69,32.03,32.23,32.36,32.35,32.73,32.62,33.12,32.99,33.02,32.9,32.36,32.06,32.09,31.69,31.74,31.61,31.77,31.69,32.23,32.26,32.48,32.11,32.18,32.23,32.23,32.36,32.26,32.48,32.48,32.62,32.68,32.53,33.15,33.15,33.1,33.24,33.36,33.15,33.37,33.44,33.41,33.49,33.41,33.69,33.54,33.83,33.69,33.71,33.79,33.52,33.36,33.62,33.19,33.24,33.27,33.29,33.24,33.29,33.54,33.79,33.79,33.15,33.15,33.1,33.24,33.15,33.24,33.27,33.49,33.69,33.88,33.54,33.74,33.91,33.83,33.79,33.78,33.66,33.52,34.08,33.99,34.13,34.35,34.65,34.48,34.21,34.38,33.83,34.13,33.78,33.83,33.57,33.69,33.66,33.37,33.37,33.49,33.54,33.29,33.32,33.62,33.19,33.49,33.37,33.07,33.04,32.99,33.04,33.04,32.95,33.1,33.07,32.9,32.94,33.04,33.15,33.32,33.49,34.1,34.16,34.01,33.99,33.61,33.66,33.69,33.57,33.37,33.52,33.69,33.29,33.24,33.54,33.04,33.2,33.24,33.44,33.15,33.32
29.49,29.81,29.77,29.81,29.96,29.84,30.5,30.38,30.33,30.29,30.78,30.53,30.92,31.19,31.2,31.49,31.69,31.52,31.61,31.74,31.72,31.89,32.28,32.11,32.2,32.68,32.51,32.77,33.02,32.99,32.95,32.6,32.65,31.98,32.06,31.94,31.44,31.77,31.77,31.91,31.91,32.62,32.87,32.14,32.31,32.09,32.09,32.26,32.43,32.45,32.73,32.45,32.4,32.82,32.77,32.99,32.99,33.07,33.36,33.07,33.07,33.36,33.46,33.46,33.29,33.41,33.37,33.46,33.54,33.61,33.74,33.69,33.54,33.62,33.36,33.29,33.19,33.52,33.12,33.54,33.41,33.54,33.36,33.46,33.29,32.77,33.15,33.52,33.54,33.62,33.62,33.91,34.33,34.25,33.79,34.16,33.79,34.08,34.18,33.69,33.93,33.86,33.91,33.78,34.38,34.3,34.48,34.33,34.26,34.18,34.41,34.1,33.96,33.96,33.86,33.96,33.83,33.49,33.44,33.29,33.61,33.62,33.54,33.49,33.54,33.24,33.15,33.15,33.46,33.02,32.95,33.37,33.04,33.07,33.02,33.04,32.99,33.15,33.24,33.37,34.26,34.41,34.33,34.25,33.91,33.71,33.71,33.69,33.74,33.69,33.62,33.49,33.57,33.44,33.69,33.27,33.44,33.54,33.49,33.44
29.61,29.69,29.81,30.16,29.84,29.87,30.08,30.26,30.16,30.33,30.61,30.65,30.82,31.02,31.56,31.35,31.35,31.52,31.44,31.57,31.89,32.03,32.23,32.2,32.28,32.4,32.51,32.7,32.87,32.77,33.19,32.77,32.31,32.48,31.77,31.74,31.61,31.64,31.81,31.86,31.81,32.4,32.48,32.36,32.09,32.23,32.4,31.94,32.2,32.23,32.35,32.68,32.68,32.73,33.15,32.65,32.77,33.04,33.2,33.12,33.12,33.27,33.49,33.24,33.71,33.36,33.54,33.2,33.54,33.69,33.62,33.69,33.83,33.86,33.41,33.52,33.2,33.19,33.15,33.54,32.94,33.27,33.24,33.32,32.99,32.82,33.07,33.57,33.57,33.49,34.16,33.93,33.96,34.04,33.78,34.01,34.04,34.16,33.99,33.69,33.78,33.78,33.79,34.08,34.1,34.25,34.04,34.16,34.08,34.16,34.04,34.41,33.96,33.99,34.16,33.79,33.62,33.62,33.49,33.66,33.44,33.79,33.46,33.69,33.44,33.37,33.29,33.02,33.44,33.02,33.07,32.9,33.04,33.04,32.99,32.68,32.82,33.19,33.41,33.57,33.93,34.38,34.43,34.35,34.18,33.93,33.69,33.78,33.88,33.61,33.57,33.37,33.86,33.61,33.49,33.61,33.24,33.32,33.36,33.41
29.07,29.4,29.08,29.35,29.77,29.84,30.08,30.18,30.21,30.29,30.73,30.58,30.9,31.1,31.19,31.35,31.52,31.49,31.69,31.72,31.57,31.86,32.26,32.01,32.11,32.26,32.57,32.6,33.02,33.04,32.65,32.53,32.01,31.61,31.77,31.57,31.83,31.74,31.81,32.03,31.83,32.4,32.35,32.28,32.35,32.31,32.18,31.94,32.09,32.23,32.11,32.48,32.51,32.36,32.57,32.77,32.78,32.82,32.99,33.04,33.04,33.19,33.44,33.19,33.15,33.52,33.07,33.37,33.46,33.57,33.37,33.36,33.46,33.32,33.62,33.29,33.29,33.27,32.85,33.2,32.78,33.24,32.94,32.9,32.9,33.02,33.41,33.46,33.46,33.61,33.78,33.93,33.99,33.61,33.88,34.08,33.86,34.01,33.91,33.83,33.69,33.71,33.99,33.83,33.96,33.86,34.21,34.08,33.93,33.62,34.01,34.1,34.43,34.52,34.21,34.25,34.13,33.54,33.54,33.79,33.78,33.91,33.74,33.46,33.52,33.66,33.54,33.49,33.12,32.99,32.94,33.12,32.95,33.12,32.87,32.95,33.02,33.02,33.24,33.69,34.16,34.63,34.55,34.35,34.16,33.88,33.83,33.86,33.86,33.52,33.78,33.79,33.37,33.41,33.78,33.27,33.62,33.19,33.36,33.49
28.83,29.03,29.2,29.4,29.29,29.49,30.01,30.08,30.21,30.13,30.24,30.41,30.65,31.2,30.95,31.29,31.32,31.19,31.35,31.56,31.57,31.83,31.98,32.35,31.91,32.09,32.6,32.68,33.04,32.87,32.62,32.18,32.18,31.66,31.72,31.74,31.77,31.69,31.56,31.64,31.98,32.03,32.18,32.18,32.35,32.06,32.03,32.14,32.43,32.36,32.4,32.36,32.62,32.73,32.7,33.19,33.1,32.95,32.95,33.04,33.12,33.27,33.1,33.1,33.29,33.52,33.62,33.37,33.32,33.27,33.41,33.88,33.57,33.41,33.27,33.27,33.1,33.02,33.2,32.87,32.78,32.94,32.82,32.99,32.62,32.85,32.95,33.41,33.19,33.41,33.57,33.57,33.41,33.54,33.78,33.52,33.78,34.01,33.83,33.93,33.79,33.66,34.18,33.99,34.04,34.01,33.69,34.04,33.83,34.1,34.21,34.16,34.8,34.55,34.47,34.55,34.21,34.08,33.91,33.69,33.74,34.1,33.93,34.13,33.57,33.61,33.61,33.32,32.9,33.12,33.46,33.36,33.02,33.12,33.37,33.24,32.82,33.37,33.37,33.44,34.04,34.35,34.52,34.18,34.16,34.25,34.18,33.62,33.86,33.49,33.83,33.74,33.52,33.61,33.46,33.36,33.41,33.46,33.37,33.46
27.59,28.6,29.08,28.98,29.39,29.72,29.89,29.93,29.93,30.36,30.29,30.5,30.7,30.95,31.24,31.19,31.29,31.56,31.4,31.74,31.57,31.94,32.09,32.6,32.51,32.43,32.48,32.7,33.02,33.07,32.68,32.36,31.77,31.64,31.57,31.86,31.52,31.77,31.44,31.81,31.86,31.83,31.94,32.4,32.36,32.09,32.57,32.26,32.35,32.23,32.4,32.7,32.68,32.78,32.77,32.78,32.87,32.94,32.78,33.2,32.99,32.99,33.2,33.32,32.94,33.2,33.32,33.24,33.32,33.37,33.36,33.57,33.27,33.41,33.32,32.99,32.9,33.04,32.85,32.99,32.51,32.77,32.77,32.9,32.62,32.94,32.95,33.24,33.19,33.02,33.61,33.24,33.46,33.54,33.44,33.52,33.78,33.83,33.71,34.1,34.21,34.08,34.3,34.25,34.21,34.1,34.26,34.16,33.91,33.86,34.33,34.43,34.52,34.38,34.52,34.57,34.41,33.99,33.96,34.16,34.1,33.79,34.18,34.01,33.74,33.69,33.74,33.78,33.41,33.41,33.15,32.95,33.07,33.32,33.12,32.78,33.19,33.04,33.57,33.83,34.16,34.41,34.82,34.48,34.41,34.01,33.88,34.08,33.74,33.86,33.79,33.54,33.57,33.62,33.52,33.49,33.74,33.62,33.49,33.41
24.9,27.55,28.76,28.83,29.49,29.44,29.61,29.67,30.08,30.21,30.38,30.58,30.66,31.1,30.98,31.27,31.32,31.44,31.24,31.61,31.57,31.64,32.06,32.31,32.62,32.28,32.53,32.57,32.95,32.82,32.51,32.06,31.91,32.01,31.77,31.44,31.89,31.72,31.81,31.61,31.66,31.89,31.91,32.23,32.23,32.48,32.43,32.35,32.45,32.48,32.57,32.62,32.68,32.94,32.95,33.15,32.77,32.9,32.9,33.07,33.15,33.02,33.2,32.99,33.27,33.1,33.04,33.49,33.2,33.27,33.37,33.07,33.2,33.32,32.95,33.15,32.99,33.1,32.78,32.68,32.77,32.68,32.62,32.87,32.53,32.68,32.87,32.9,33.24,33.2,33.52,33.54,33.2,33.52,33.49,33.66,34.13,33.91,33.99,33.78,34.04,34.35,34.35,34.43,34.18,34.25,34.21,34.3,34.21,33.96,34.38,34.35,34.33,34.33,34.41,34.43,34.57,34.3,34.01,34.25,34.16,34.25,34.01,34.08,33.99,33.88,34.04,33.44,33.37,33.61,33.46,33.2,33.27,33.19,33.12,32.87,33.2,33.07,33.32,33.71,34.16,34.55,34.21,34.35,34.13,34.25,33.91,34.08,34.13,33.74,33.71,33.57,33.52,33.66,33.69,33.29,33.69,33.62,33.57,33.57
23.91,24.36,26.92,28.14,28.87,29.0,29.35,29.56,29.81,29.98,30.38,30.46,30.73,30.78,31.12,31.27,31.47,31.66,31.32,31.52,31.4,31.81,32.06,32.35,32.06,32.6,32.53,32.68,32.87,32.48,32.14,31.94,31.64,31.52,31.56,31.69,31.52,31.61,31.27,31.81,31.64,31.91,31.69,32.06,32.31,32.26,32.23,32.28,32.2,32.45,32.7,32.65,32.43,32.77,32.7,33.02,32.99,32.85,32.9,33.12,32.82,33.2,32.95,33.04,33.1,33.04,33.15,33.44,33.12,33.46,33.41,33.41,33.15,33.12,32.85,33.1,32.7,32.68,32.85,32.85,32.82,32.51,32.68,32.51,32.53,32.57,32.78,32.95,32.99,32.95,32.9,33.04,33.07,33.02,33.54,33.37,33.49,33.54,33.57,33.88,33.99,34.35,34.3,34.18,34.48,34.26,34.1,34.21,34.16,34.04,34.48,34.18,34.25,34.26,34.43,34.13,34.35,34.13,34.21,33.88,34.01,33.91,34.08,33.99,33.79,33.74,34.1,33.69,33.61,33.29,33.29,33.32,33.49,33.41,33.32,33.24,33.12,33.37,33.71,33.71,34.18,34.38,34.63,34.26,34.08,33.88,33.99,33.83,33.62,33.69,33.96,33.27,33.52,33.74,33.74,33.62,33.52,33.2,33.69,33.44
23.3,23.6,24.56,26.88,27.99,28.51,29.4,29.07,29.47,29.84,30.04,30.01,30.65,30.75,31.03,30.92,31.29,31.4,31.12,31.39,31.57,31.56,32.09,32.01,32.2,32.36,32.65,32.43,32.45,32.31,31.98,31.66,31.35,31.4,31.32,31.69,31.47,31.32,31.2,31.66,31.35,31.74,31.83,31.89,32.01,32.53,32.26,32.31,32.48,32.78,32.82,32.77,32.85,32.77,32.82,32.68,32.78,32.43,32.65,32.68,32.85,33.29,32.99,32.9,33.37,32.85,33.1,33.2,33.02,33.52,33.37,33.12,33.2,33.04,32.87,32.95,32.78,32.62,32.57,32.43,32.48,32.68,32.65,32.62,32.45,32.7,32.85,32.73,32.73,32.87,32.87,32.82,33.1,33.41,33.12,33.29,33.44,33.29,33.37,33.44,33.52,33.88,34.01,34.41,34.16,33.91,34.25,34.48,34.08,34.25,34.25,34.21,34.52,34.43,34.3,34.38,34.38,34.26,34.01,33.93,33.88,33.91,34.1,33.93,34.08,33.91,34.04,33.83,33.49,33.32,33.54,33.24,33.19,33.27,33.37,33.15,33.37,33.36,33.36,33.83,34.08,34.04,34.6,34.6,33.96,33.96,33.61,33.69,33.62,33.49,33.44,33.44,33.41,33.44,33.44,33.66,33.36,33.52,33.02,33.19
23.37,23.42,23.72,24.29,26.26,27.96,28.36,29.0,29.61,29.56,29.89,30.21,30.08,30.5,30.58,31.15,31.35,31.52,31.61,31.29,31.27,31.89,31.72,32.28,32.43,32.31,32.09,32.43,32.51,32.28,31.74,31.64,31.29,31.52,31.66,31.56,31.56,31.47,31.64,31.57,31.64,31.32,31.91,32.26,32.36,32.31,32.62,32.57,32.65,32.85,32.78,32.77,32.87,32.48,32.7,32.85,32.6,32.62,32.73,32.53,32.87,32.77,32.85,33.1,32.99,33.15,33.24,33.12,33.1,33.19,32.78,32.9,32.99,32.95,32.7,32.82,32.73,32.62,32.78,32.43,32.26,32.6,32.48,32.28,32.57,32.51,32.36,32.53,32.48,32.65,32.95,32.73,32.65,33.07,33.02,33.2,33.1,33.12,33.24,33.44,33.71,33.86,33.93,34.04,33.88,34.08,34.04,34.68,34.18,34.16,34.16,34.43,34.43,34.35,34.6,34.48,34.41,34.16,34.01,34.21,33.96,34.01,33.83,33.79,34.01,33.54,33.57,33.66,33.61,33.52,33.44,33.49,33.61,33.07,33.2,33.57,32.95,33.46,33.62,33.69,33.93,33.91,34.57,34.25,34.04,33.86,33.83,33.71,33.74,33.62,33.61,33.24,33.49,33.37,33.36,33.52,33.46,33.54,33.27,33.41
22.93,23.37,23.75,23.72,23.97,25.32,27.84,28.6,28.76,29.03,29.35,29.76,29.87,30.55,30.7,31.02,31.15,31.47,31.4,31.44,31.57,31.74,31.74,32.01,31.77,32.14,32.03,32.11,32.53,32.06,31.77,31.44,31.29,31.44,31.39,31.44,31.52,31.47,31.39,31.52,31.47,31.72,31.83,31.66,32.09,32.23,32.43,32.36,32.85,32.87,32.85,32.82,32.62,32.99,32.6,32.6,32.51,32.73,32.57,32.43,32.45,32.77,32.85,33.02,32.94,32.73,33.07,32.99,32.82,32.99,32.82,33.04,32.62,32.87,32.65,32.87,32.51,32.73,32.65,32.35,32.48,32.28,32.57,32.45,32.23,32.28,32.65,32.31,32.65,32.85,32.78,33.04,32.73,32.85,32.9,33.12,32.73,33.07,32.99,33.1,33.57,33.41,33.78,33.71,33.93,34.1,34.01,34.18,34.18,34.21,34.1,34.57,34.55,34.43,34.3,34.33,34.63,34.25,34.08,34.18,33.71,33.78,33.91,33.96,33.91,33.86,33.86,33.86,33.69,33.36,33.15,33.52,33.41,33.57,33.49,33.36,33.37,33.27,33.46,33.71,34.1,34.1,34.21,33.79,33.66,33.78,33.91,33.52,33.37,33.86,33.52,33.41,33.54,33.27,33.29,33.54,33.36,33.57,33.1,33.24
23.06,23.3,23.3,23.37,23.27,23.75,24.86,27.0,28.36,29.08,29.32,29.49,29.87,30.29,30.65,30.66,30.98,31.27,31.56,31.64,31.91,31.74,31.72,32.06,32.11,32.14,32.43,32.4,32.77,31.91,31.49,31.64,31.52,31.03,31.57,31.29,31.47,31.29,31.56,31.52,31.66,31.49,31.74,31.81,32.14,32.01,31.98,32.53,32.48,32.65,32.35,32.6,32.57,32.6,32.4,32.62,32.4,32.36,32.4,32.53,32.68,32.82,32.43,32.99,33.04,32.94,33.24,32.73,32.87,32.99,32.95,33.2,32.73,32.65,32.77,32.68,32.53,32.62,32.62,32.35,32.45,32.45,32.26,32.26,32.31,32.36,32.53,32.23,32.6,32.77,32.51,32.7,32.68,32.95,32.85,32.9,32.68,32.73,33.32,33.04,33.27,33.41,33.29,33.27,33.86,33.91,33.91,34.1,33.86,34.1,34.38,33.96,34.1,34.25,34.13,34.26,33.88,33.96,34.08,34.04,34.13,33.79,33.44,33.86,33.79,34.13,33.83,33.78,33.61,33.69,33.41,33.49,33.78,33.49,33.88,33.15,33.27,33.57,33.78,33.93,34.18,34.57,34.38,33.71,33.86,33.88,33.93,33.61,33.62,33.66,33.37,33.46,33.62,33.41,33.29,33.27,33.44,33.41,33.41,33.36
23.11,23.06,23.22,23.03,23.3,23.45,23.67,24.09,26.58,28.16,29.0,29.56,29.81,30.01,30.53,30.73,31.02,31.32,31.44,31.77,31.66,32.06,31.89,31.94,32.23,32.2,32.28,32.51,32.09,32.11,31.47,31.32,31.49,31.49,31.94,31.52,31.47,31.57,31.44,31.61,31.29,31.77,31.72,32.01,31.94,32.45,32.35,32.23,32.4,32.65,32.28,32.43,32.48,32.6,32.7,32.45,32.51,32.62,32.57,32.99,32.77,32.95,32.68,32.82,33.12,33.02,32.9,32.77,33.12,33.12,32.85,32.87,32.53,32.7,32.73,32.6,32.68,32.53,32.48,32.18,32.18,32.18,32.31,32.57,32.18,32.4,32.2,32.4,32.48,32.28,32.57,32.51,32.43,32.94,32.73,32.99,32.7,32.6,32.95,33.02,33.29,33.29,33.2,33.41,33.52,33.36,33.86,33.78,34.04,34.13,33.96,34.16,34.35,34.41,34.57,33.99,34.18,34.16,33.88,33.91,33.74,33.99,33.66,33.83,33.71,33.69,33.54,33.93,33.78,33.88,33.57,33.86,33.79,33.88,33.78,33.49,33.36,33.1,33.62,34.13,34.01,33.86,34.16,34.1,34.08,33.71,33.61,33.37,33.41,33.69,33.52,33.52,33.44,33.32,33.49,33.32,33.04,33.32,33.15,33.02
22.91,23.03,23.37,23.06,23.11,22.91,23.42,23.42,23.84,25.79,28.16,29.27,29.49,29.89,30.29,30.41,30.58,31.1,31.35,31.77,31.98,32.2,32.03,31.61,31.77,32.09,32.14,32.62,32.31,31.81,31.44,31.49,31.44,31.52,31.66,31.44,31.47,31.74,31.52,31.69,31.69,31.81,31.74,32.09,32.23,32.14,32.26,32.18,32.2,32.01,32.28,32.35,32.45,32.36,32.53,32.35,32.43,32.53,32.65,32.65,32.6,32.78,32.95,32.95,33.02,32.9,33.12,32.87,33.04,33.02,32.7,32.73,32.4,32.62,32.68,32.35,32.43,32.51,32.45,32.26,32.2,32.35,32.2,32.28,32.23,32.01,32.4,32.35,32.57,32.65,32.65,32.35,32.51,32.6,32.73,32.85,32.68,32.9,32.9,32.85,32.85,33.2,33.12,33.04,33.29,33.27,33.61,33.78,33.46,33.61,33.57,33.78,34.16,33.78,33.91,34.16,33.96,34.01,34.1,33.69,33.91,33.88,33.83,33.91,33.61,33.78,33.66,33.74,33.49,33.96,33.54,33.62,33.32,33.86,33.46,33.57,33.24,33.36,33.54,33.79,34.25,34.1,34.21,34.01,34.04,33.29,33.74,33.41,33.71,33.37,33.52,33.46,33.2,33.24,33.36,32.94,33.49,33.29,33.12,32.87
23.15,23.11,23.15,23.33,23.38,23.08,23.11,23.3,23.82,23.94,25.72,27.87,29.03,29.77,29.98,30.26,30.61,30.7,31.72,31.89,31.86,32.36,31.72,31.77,31.98,32.23,32.2,32.51,31.89,31.56,31.39,31.44,31.47,31.66,31.81,31.4,31.83,31.52,31.69,31.64,31.69,32.03,32.09,31.91,32.18,32.2,32.36,32.2,32.2,32.18,32.23,32.35,32.2,32.28,32.57,32.62,32.73,32.82,32.85,32.77,32.87,32.9,32.62,32.99,33.12,32.9,33.07,32.82,32.82,32.85,33.04,32.85,32.43,32.73,32.43,32.36,32.26,32.48,32.31,32.51,32.28,32.48,32.48,32.28,32.28,32.28,32.26,32.4,32.4,32.43,32.48,32.53,32.57,32.68,32.53,32.77,32.78,33.07,32.73,32.7,33.19,32.99,32.9,33.44,33.07,33.36,33.46,33.71,33.79,33.57,33.54,33.74,33.74,33.74,33.93,33.88,33.91,33.88,34.04,34.01,33.99,33.96,33.78,33.78,33.36,33.96,33.62,33.79,33.79,33.57,33.41,33.49,33.74,33.57,33.62,33.46,33.36,33.62,33.74,34.01,34.55,34.01,34.41,33.91,33.61,33.71,33.88,33.46,33.62,33.54,33.32,33.41,33.19,33.24,32.9,33.27,33.1,32.65,33.02,33.02
22.78,23.18,23.18,23.11,23.22,23.06,23.03,23.3,23.27,23.94,23.97,25.22,27.67,29.32,29.44,30.01,30.21,30.73,30.98,31.52,31.77,32.35,31.66,31.81,31.64,32.18,32.51,32.26,31.89,31.64,31.39,31.57,31.29,31.61,31.77,31.35,31.2,31.64,31.61,31.89,31.74,32.09,32.11,32.03,31.94,32.06,32.14,32.57,32.09,32.28,32.01,32.23,32.28,32.4,32.73,32.7,32.7,32.94,32.62,32.9,32.78,32.51,33.04,32.78,33.15,33.04,32.99,32.85,32.94,32.73,33.12,32.7,32.7,32.45,32.51,32.31,32.43,32.28,32.35,32.51,32.11,32.43,31.81,32.35,32.23,32.62,32.31,32.51,32.57,32.68,32.78,32.68,32.51,32.77,32.6,32.73,32.65,32.73,32.6,32.87,32.73,32.87,33.04,32.95,32.95,33.27,33.12,33.32,33.1,33.46,33.57,33.61,33.41,33.52,33.54,33.96,34.13,33.91,34.04,33.93,34.18,34.01,33.74,33.86,33.79,33.49,33.49,33.69,33.74,33.49,33.44,33.79,33.74,33.74,33.24,33.62,33.54,33.61,33.66,34.13,34.41,34.21,34.1,34.08,33.69,33.83,33.71,33.61,33.61,33.62,33.32,33.49,33.12,33.07,32.99,33.27,33.1,33.12,33.04,33.02
22.76,23.23,23.23,23.23,23.22,23.0,23.45,23.22,23.15,23.38,23.75,23.82,24.66,27.32,29.29,29.47,30.21,30.58,30.87,31.56,31.86,31.94,31.69,31.49,31.98,32.35,32.48,32.28,31.72,31.56,31.44,31.74,31.81,31.69,31.49,31.44,31.66,31.52,31.89,31.91,32.01,31.91,31.89,32.31,32.09,32.45,32.23,32.4,32.31,32.26,32.51,32.31,32.26,32.45,32.4,32.7,32.7,32.95,32.6,32.73,32.73,32.85,32.9,33.02,32.78,32.9,32.99,33.12,33.07,32.85,32.4,32.68,32.43,32.51,32.4,32.43,32.4,32.35,32.35,32.28,32.28,32.2,32.06,32.23,32.2,32.4,32.53,32.6,32.78,32.65,32.78,32.78,32.65,32.94,32.68,32.95,32.78,32.7,32.62,32.73,32.85,32.87,33.1,32.99,33.02,33.19,33.41,33.71,33.07,33.15,33.46,33.69,33.41,33.69,33.62,33.74,33.69,33.88,34.1,33.99,33.88,33.66,33.93,33.71,33.52,33.37,33.36,33.27,33.74,33.37,33.46,33.19,33.66,33.62,33.46,33.61,33.66,33.36,33.79,34.41,34.21,34.52,33.96,33.83,33.83,33.61,33.62,33.36,33.36,33.83,33.32,33.36,33.19,33.02,33.41,33.2,33.19,33.1,32.68,32.65
22.88,23.03,23.06,22.96,22.93,23.15,23.18,23.18,23.42,23.45,23.38,23.48,23.94,24.48,27.02,28.66,29.49,30.09,30.65,31.19,31.69,31.69,31.77,31.66,31.81,32.23,32.2,32.18,31.74,31.29,31.47,31.66,31.57,31.61,31.56,31.4,31.66,31.47,31.52,31.77,31.89,32.14,31.89,31.91,32.18,32.18,32.36,32.53,32.35,32.45,32.35,32.11,32.06,32.18,32.2,32.4,32.53,32.82,32.51,32.6,32.57,32.65,32.9,32.85,32.78,33.04,32.7,32.87,32.95,32.62,32.28,32.43,32.48,31.98,32.2,32.35,32.18,32.09,32.09,32.18,32.36,32.23,32.18,32.14,32.4,32.68,32.51,32.68,32.65,32.77,32.73,32.94,32.9,32.73,32.65,32.78,32.82,32.68,32.9,32.53,32.85,32.99,33.19,32.95,32.85,33.24,33.02,33.36,33.1,33.46,33.52,33.41,33.46,33.62,33.49,33.62,33.69,33.78,33.91,33.79,33.86,33.74,33.86,33.44,33.57,33.62,33.32,33.71,33.32,33.36,33.24,33.19,33.37,33.15,33.41,33.41,33.44,33.37,33.62,33.86,34.08,34.16,34.1,33.93,33.83,33.66,33.69,33.49,33.66,33.46,33.2,33.24,32.73,32.9,33.04,33.15,32.82,33.12,32.68,32.4
22.61,23.0,22.73,23.22,22.85,23.08,23.06,23.0,22.96,23.3,23.38,23.11,23.48,23.75,24.29,26.02,28.36,29.72,30.26,31.19,31.35,31.69,31.19,31.47,31.81,32.28,32.26,31.52,31.57,31.12,31.52,31.47,31.56,31.66,31.56,31.52,31.77,31.66,31.72,31.69,31.89,32.03,31.94,31.94,31.89,32.06,32.09,32.14,32.31,32.06,32.36,32.35,31.91,32.53,32.36,32.43,32.51,32.73,32.62,32.65,32.4,32.73,32.78,32.94,32.6,32.73,32.77,32.65,32.7,32.36,32.51,32.45,32.2,31.94,32.11,32.14,32.43,32.03,32.09,32.11,32.06,32.2,32.35,32.18,32.4,32.23,32.57,32.73,32.7,32.53,33.32,33.19,32.95,32.87,32.87,32.82,32.7,33.2,32.95,32.87,32.78,32.9,32.87,32.68,32.85,33.15,33.1,33.29,33.37,33.32,33.57,33.62,33.54,33.52,33.52,33.69,33.79,33.62,33.91,33.88,33.88,33.62,33.54,33.52,33.15,33.2,33.44,33.52,33.2,33.57,33.29,33.46,33.49,33.41,33.29,33.12,33.37,33.49,33.49,34.04,33.99,34.01,33.91,33.71,33.62,33.71,33.54,33.36,33.36,33.36,33.32,32.94,32.77,32.82,32.94,32.77,32.87,32.53,32.62,32.06
22.88,23.08,22.85,22.91,22.76,22.91,23.18,23.33,22.73,22.88,23.22,23.27,23.54,23.57,23.54,23.99,25.67,28.75,29.87,30.55,30.95,31.27,31.24,31.47,32.03,32.23,32.14,31.47,31.47,31.47,31.57,31.52,31.56,31.4,31.24,31.64,31.52,31.81,31.69,31.89,31.72,31.98,32.18,32.18,32.18,32.23,32.11,32.4,31.89,32.09,32.2,32.36,32.43,32.31,32.35,32.51,32.35,32.35,32.65,32.43,32.53,32.73,32.36,32.31,32.7,32.82,32.48,32.9,32.62,32.51,32.18,32.18,31.91,32.26,31.98,32.31,32.2,32.35,32.01,32.43,32.01,32.35,32.09,32.57,32.45,32.28,32.73,32.87,32.94,33.04,33.24,33.19,32.77,33.24,33.15,32.87,32.82,32.87,32.87,32.85,33.32,33.04,32.95,32.85,33.04,33.2,33.04,33.04,33.24,33.41,33.46,33.69,33.36,33.66,33.83,33.62,33.69,33.49,33.71,33.79,33.78,33.79,33.61,33.49,33.69,33.49,33.07,33.27,33.27,33.2,33.24,33.24,33.29,33.04,33.79,33.44,33.15,33.41,33.61,33.79,33.88,34.16,34.08,33.52,33.57,33.66,33.44,33.78,33.29,33.62,33.27,32.78,33.15,33.04,33.15,32.95,32.82,32.35,32.28,31.69
22.61,22.81,22.88,23.06,23.23,22.85,23.22,23.06,23.03,23.3,23.15,23.22,23.48,23.42,23.52,23.57,24.21,25.22,28.88,30.16,30.83,31.1,31.24,31.39,31.66,31.89,31.57,31.56,31.35,31.49,31.47,31.57,31.56,31.4,31.83,31.72,31.47,31.74,31.83,31.66,31.89,31.83,31.89,32.11,32.03,32.09,32.45,32.18,32.2,32.06,32.18,32.26,32.28,32.09,32.4,32.45,32.51,32.4,32.43,32.09,32.35,32.2,32.48,32.48,32.43,32.35,32.48,32.26,32.53,32.28,32.23,32.26,32.2,32.35,32.18,31.94,31.98,32.09,32.03,32.2,32.01,32.14,32.06,32.2,32.11,32.31,32.45,32.87,32.85,33.1,33.04,33.2,32.78,32.99,32.95,33.07,32.85,33.27,32.99,32.85,32.94,33.32,32.94,32.9,33.19,33.12,33.12,33.27,33.15,33.37,33.44,33.71,33.44,33.37,33.69,33.74,33.86,33.57,33.62,33.57,33.44,33.54,33.71,33.49,33.27,33.41,33.66,33.46,33.44,33.44,33.41,33.15,33.32,33.32,33.41,33.15,33.24,33.27,33.49,33.57,33.93,33.93,33.93,33.88,33.83,33.46,33.49,33.54,33.54,33.15,33.04,33.04,32.94,33.02,32.87,32.78,32.35,32.35,31.81,30.46
22.58,22.58,22.76,22.91,23.03,23.06,23.11,22.85,22.91,23.06,23.22,23.27,23.27,23.18,23.15,23.57,23.91,23.84,25.52,29.08,30.61,30.83,31.32,31.4,31.98,31.91,31.64,31.72,31.15,31.4,31.4,31.61,31.49,31.47,31.61,31.49,31.91,31.72,31.98,31.89,31.77,31.89,32.18,32.2,31.98,32.31,32.09,32.45,32.31,32.2,32.28,32.43,32.35,32.31,32.51,32.26,32.43,31.98,32.23,32.09,32.28,31.69,32.23,31.91,32.23,32.4,32.23,32.26,32.14,32.28,32.18,32.23,32.14,32.11,32.09,32.03,32.11,31.86,32.06,32.01,32.14,32.48,32.43,32.18,32.4,32.31,32.6,32.53,33.1,33.15,33.29,33.29,32.85,33.2,33.12,33.04,33.04,32.85,32.99,33.12,33.19,33.41,32.85,32.94,33.02,33.1,33.27,33.1,33.02,33.12,33.29,33.41,33.88,33.61,33.96,33.66,33.79,33.44,33.78,33.74,33.74,33.79,33.74,33.62,33.46,33.41,33.54,33.07,33.29,33.29,33.36,33.1,33.19,33.24,33.2,33.15,33.07,33.32,33.69,33.61,33.71,33.71,33.88,33.66,33.78,33.44,33.44,33.24,33.15,32.9,33.1,32.9,32.68,32.9,32.62,32.43,32.03,31.74,30.46,28.04
22.78,22.78,22.81,22.91,22.85,23.06,22.96,23.03,23.08,22.91,23.11,22.85,23.15,23.23,23.37,23.3,23.84,23.79,24.44,26.92,29.77,30.73,31.35,31.32,31.83,31.64,31.47,31.35,31.52,31.64,31.49,31.77,31.91,31.56,31.69,31.77,31.64,31.57,31.61,31.72,32.01,31.74,32.03,31.83,31.77,32.14,32.26,32.11,32.23,32.43,32.36,32.4,32.2,32.36,32.51,32.31,32.31,32.23,32.23,32.03,32.28,32.06,31.98,31.91,31.91,32.23,32.06,31.91,32.2,32.26,32.01,32.14,31.98,32.03,32.09,32.01,31.72,31.89,31.77,31.98,31.89,32.03,32.28,32.26,32.48,32.51,32.57,32.73,33.12,32.99,33.1,33.2,33.49,33.02,32.9,33.07,33.32,32.95,33.02,32.95,32.85,33.12,33.27,32.82,33.12,33.1,32.78,33.12,33.1,33.27,33.24,33.62,33.61,33.54,33.86,33.49,33.71,33.49,33.54,33.66,33.74,33.69,33.86,33.71,33.52,33.54,33.74,33.62,33.46,33.04,33.44,33.12,33.41,33.32,32.94,33.37,33.36,33.52,33.44,33.52,33.62,34.13,33.74,33.66,33.57,33.37,33.24,33.27,33.52,32.95,33.04,32.99,32.7,32.23,32.62,31.94,31.52,30.09,27.05,25.7
22.51,23.06,22.81,22.54,22.91,22.91,22.96,22.61,22.91,22.93,22.96,23.11,22.96,23.37,23.11,23.42,23.23,23.3,23.94,24.93,28.8,30.46,31.1,31.61,31.52,31.03,31.2,31.19,31.66,31.56,31.83,31.81,31.72,31.61,31.57,31.81,31.94,31.72,31.72,31.86,31.86,31.77,32.18,31.83,31.89,32.14,32.09,32.2,32.03,32.36,32.26,32.36,32.4,32.26,32.53,32.31,32.03,32.23,31.94,31.77,31.66,31.66,32.01,31.81,31.64,31.94,31.81,31.94,32.03,31.83,32.09,31.98,32.06,31.72,31.91,31.91,31.77,31.74,31.74,32.18,32.11,32.18,32.06,32.2,32.26,32.36,32.4,32.73,32.7,32.73,33.15,33.32,33.41,33.27,33.19,33.29,33.15,32.9,32.95,32.85,33.07,33.15,33.32,33.36,33.12,33.04,33.02,33.24,32.82,33.29,33.2,33.52,33.27,33.37,33.74,33.74,33.57,33.37,33.24,33.57,33.49,33.62,33.78,33.44,33.29,33.37,33.27,33.54,33.24,33.24,33.12,33.07,33.19,33.02,33.12,33.24,33.15,33.15,33.49,33.66,33.69,33.66,33.99,33.83,33.71,33.57,33.37,33.15,33.12,32.99,32.87,32.77,32.11,32.06,31.86,31.32,29.72,27.17,25.67,24.41
22.32,22.91,22.88,22.66,22.69,22.73,23.03,22.85,22.69,23.03,23.27,22.88,23.11,23.45,23.18,23.22,23.42,23.42,24.14,24.29,27.92,30.33,30.98,31.52,31.49,31.47,31.32,31.52,31.61,31.52,31.72,31.91,31.61,31.69,31.32,31.89,31.91,31.81,31.66,31.86,31.91,31.91,31.69,31.72,32.14,31.91,32.14,32.26,32.11,32.36,32.31,32.57,32.18,32.2,32.4,32.35,32.06,31.83,31.89,31.74,31.57,31.74,31.91,31.74,31.91,31.91,31.81,32.03,31.77,31.83,32.06,31.94,31.89,32.01,31.89,31.94,31.94,32.43,32.03,32.26,31.61,32.26,32.09,32.35,32.43,32.28,32.45,32.78,32.85,32.78,32.7,33.36,33.1,33.29,33.02,33.46,33.1,33.04,33.19,32.9,33.12,33.02,33.12,32.95,32.99,33.1,33.15,32.85,33.2,32.95,32.82,33.19,33.46,33.44,33.54,33.52,33.54,33.36,33.44,33.41,33.46,33.66,33.54,33.71,33.88,33.83,33.69,33.74,33.78,33.46,33.24,33.41,33.12,33.15,33.2,33.37,33.27,33.37,33.36,33.57,33.62,33.61,33.62,33.49,33.52,33.2,33.1,33.1,33.19,32.78,32.78,32.6,32.11,31.72,30.45,28.51,25.94,25.05,24.51,24.24
22.78,23.03,22.63,22.69,22.69,23.18,22.78,23.22,22.96,22.85,22.69,23.06,22.93,23.23,23.38,23.23,23.45,23.54,23.57,23.87,27.0,30.41,31.24,31.56,31.35,31.29,31.24,31.2,32.03,31.64,31.64,31.72,31.72,31.74,31.94,32.06,31.56,31.89,31.66,31.89,32.11,31.72,31.94,32.26,31.86,32.11,31.83,32.31,32.31,32.23,32.31,32.35,32.31,32.18,32.31,32.11,32.01,31.83,31.47,31.69,31.57,31.52,32.09,31.69,31.81,31.69,31.74,31.81,31.61,31.81,31.66,31.74,31.86,31.86,32.23,31.91,32.01,31.94,32.06,32.09,32.06,32.31,32.14,32.23,32.43,32.57,32.6,32.77,32.77,33.07,32.99,33.2,33.15,33.29,33.32,33.1,33.15,33.04,33.04,33.15,33.12,32.95,33.04,33.19,32.73,33.02,32.85,32.95,33.02,33.04,33.19,33.29,33.07,33.46,33.61,33.27,33.19,33.49,33.49,33.37,33.71,33.83,33.83,33.61,33.41,33.66,33.66,33.78,33.37,33.2,33.29,33.54,33.27,33.32,33.29,33.27,33.57,33.46,33.62,33.49,33.29,33.91,33.69,33.62,33.44,33.41,33.1,32.99,33.24,32.99,32.7,32.2,31.32,30.24,27.59,25.37,24.83,24.41,23.91,24.02
22.76,23.15,23.03,22.85,22.85,22.96,23.0,22.76,22.96,22.73,22.93,22.91,23.06,22.91,23.3,23.22,23.45,23.45,23.79,24.11,26.46,30.13,30.95,31.12,30.9,31.12,31.39,31.52,31.47,31.66,31.61,31.61,31.83,31.77,31.81,32.35,31.66,31.72,32.11,32.06,31.89,32.03,32.09,32.36,32.18,32.2,32.23,32.43,32.14,32.23,32.03,32.31,32.23,32.14,32.11,31.94,31.61,31.61,31.47,31.74,31.52,31.69,31.49,31.74,31.69,31.89,31.49,31.66,31.56,31.69,31.91,31.72,31.77,31.98,31.86,32.06,31.81,32.09,31.91,31.98,32.06,32.2,32.35,32.4,32.43,32.36,32.73,32.45,32.99,33.2,32.82,33.04,33.24,33.29,33.15,33.15,32.94,32.87,32.99,33.07,33.02,32.99,32.9,32.9,32.78,32.65,33.07,32.94,33.1,33.12,33.15,33.41,33.54,33.07,33.49,33.54,33.62,33.61,33.29,33.52,33.44,33.69,33.62,33.71,33.62,33.66,33.57,33.66,33.36,33.44,33.19,33.49,33.41,33.62,33.32,33.41,33.54,33.71,33.61,33.69,33.86,33.57,33.69,33.49,33.2,32.95,33.02,33.04,33.02,32.6,31.94,31.69,29.32,26.88,25.37,24.93,24.11,24.39,24.06,23.45
22.54,22.91,22.63,22.81,22.96,22.88,22.93,23.18,22.81,22.78,22.96,23.22,22.93,23.15,23.18,23.0,23.42,23.64,23.69,23.75,26.65,30.18,30.83,30.5,31.07,31.19,31.2,31.24,31.39,31.74,31.52,31.61,31.83,31.61,31.94,31.69,32.03,32.11,31.91,32.03,32.01,31.83,32.11,31.91,32.23,32.23,32.26,32.26,32.43,32.18,32.18,32.11,32.01,32.11,32.03,31.83,31.4,31.35,31.44,31.49,31.24,31.69,31.29,31.49,31.35,31.64,31.47,31.74,31.77,31.72,31.57,31.98,31.44,31.86,31.77,31.91,31.56,31.74,32.03,31.89,32.01,31.86,32.2,32.57,32.01,32.53,32.65,32.65,32.65,32.77,33.2,33.07,32.99,33.1,33.32,33.19,33.12,32.78,33.1,32.9,32.7,33.12,33.02,32.78,32.94,33.02,33.02,33.12,33.07,33.1,33.36,33.04,33.52,33.46,33.52,33.46,33.74,33.57,33.36,33.52,33.49,33.66,33.83,33.86,33.69,33.62,33.71,33.66,33.93,33.32,33.32,33.27,33.37,33.41,33.49,33.61,33.37,33.69,33.66,33.69,33.62,33.79,33.2,33.44,33.32,32.94,32.73,32.85,32.6,32.4,31.47,28.55,26.46,25.28,24.41,24.33,24.09,23.52,23.67,23.48
22.63,22.91,22.93,22.85,22.85,22.76,23.11,22.88,22.58,22.76,22.88,22.91,22.69,23.33,23.08,23.06,23.23,23.27,23.79,23.99,26.23,29.87,30.73,30.55,30.83,31.27,31.07,31.72,31.69,31.44,31.4,31.52,31.72,31.77,32.01,32.14,32.23,32.14,32.09,31.77,31.91,32.23,32.14,32.14,32.4,32.06,32.28,32.48,32.48,32.23,32.14,32.14,32.09,31.86,31.66,31.69,31.49,31.39,31.27,31.44,31.69,31.4,31.39,31.66,31.91,31.49,31.44,31.66,31.56,31.61,31.64,31.72,31.47,32.01,31.69,31.91,32.03,31.98,32.26,32.03,32.23,32.36,32.28,32.57,32.65,32.62,32.68,32.62,32.53,32.9,33.04,33.27,32.99,33.1,32.99,33.27,33.12,32.85,32.95,32.87,32.85,33.04,32.77,32.9,33.04,32.95,32.85,33.04,33.24,33.24,33.15,33.54,33.19,33.71,33.37,33.69,33.49,33.74,33.93,34.01,33.57,33.74,33.86,33.93,34.1,33.62,33.83,33.88,33.79,33.62,33.61,33.66,33.69,33.71,33.62,33.57,33.83,33.54,34.01,33.86,33.46,33.52,33.62,33.32,33.1,33.37,32.82,32.73,32.73,31.57,28.55,25.72,24.98,24.29,24.48,23.97,23.64,23.75,23.75,23.57
22.58,23.0,22.81,22.85,22.91,22.58,22.96,22.76,22.73,22.96,23.06,23.08,23.0,22.96,22.78,23.23,23.11,23.45,23.67,23.79,25.96,29.64,30.45,30.75,30.98,31.19,31.52,31.49,31.57,31.49,31.35,32.03,31.52,31.81,32.14,31.81,32.18,32.4,32.03,32.23,32.11,32.11,32.35,32.11,31.91,32.31,32.35,32.62,32.35,32.23,32.4,32.06,32.14,31.74,31.66,31.39,31.2,31.39,31.49,31.27,31.4,31.4,31.56,31.52,31.52,31.32,31.39,31.61,31.35,31.49,31.47,32.01,31.72,31.91,31.86,32.18,31.83,32.01,32.28,32.36,32.14,31.91,32.62,32.51,32.53,32.48,32.94,32.6,32.99,32.94,33.07,32.94,32.87,33.61,33.29,32.94,33.27,33.02,33.07,32.95,33.02,32.99,33.1,33.02,33.04,32.95,33.02,33.24,33.1,33.02,33.1,33.46,33.2,33.44,33.57,33.86,33.61,33.96,33.86,33.91,33.93,33.79,33.79,33.99,34.13,33.74,33.93,33.83,33.69,33.86,33.57,33.62,33.71,33.78,33.86,33.79,33.88,34.26,33.88,34.18,33.57,33.74,33.57,33.41,33.02,32.94,32.48,32.21,31.83,29.35,25.94,25.07,24.33,24.11,23.99,23.67,23.57,23.87,23.52,23.6
23.0,22.78,22.88,23.06,22.73,22.78,22.91,22.73,22.69,23.3,22.66,22.91,23.15,23.03,22.91,23.18,23.06,23.37,23.64,23.79,25.7,29.35,30.36,30.82,30.82,30.92,31.32,31.47,31.47,31.47,31.52,31.56,31.72,31.83,31.91,31.94,32.2,31.83,31.83,32.26,31.74,31.89,32.23,32.31,32.4,32.14,32.35,32.43,32.09,31.89,32.18,31.91,31.81,31.74,31.57,31.29,31.32,31.29,31.03,31.2,31.29,31.35,31.32,31.32,31.56,31.52,31.56,31.52,31.57,31.66,31.57,31.72,31.66,31.72,31.83,32.26,32.09,32.01,32.36,32.28,32.31,32.14,32.35,32.6,32.43,32.43,32.82,32.73,32.82,32.94,32.78,32.7,32.85,33.04,33.04,32.87,32.95,33.24,32.94,32.82,33.15,32.82,33.02,33.1,33.07,33.19,33.1,33.15,33.04,33.12,33.1,33.61,33.19,33.54,33.74,33.54,33.61,33.41,33.62,33.74,33.86,34.01,33.93,33.93,33.99,33.79,33.86,33.79,33.91,33.78,33.71,33.71,33.74,33.49,33.74,33.83,34.18,34.1,34.38,34.25,33.93,33.41,33.49,33.07,33.07,32.9,32.68,31.81,30.53,26.68,25.4,24.53,24.11,24.17,23.84,23.42,23.52,23.57,23.48,23.37
22.46,22.81,22.78,22.63,22.85,22.73,22.91,22.93,22.93,22.81,22.76,22.54,23.06,23.0,23.06,23.11,22.93,23.3,23.67,23.75,24.86,29.07,30.13,30.46,30.87,31.27,31.24,31.56,31.56,31.2,31.39,31.44,31.56,31.61,31.89,31.91,31.98,31.86,31.91,31.74,32.06,31.98,31.98,32.14,32.18,32.18,32.18,32.35,32.2,32.01,31.74,31.56,31.81,31.66,31.52,31.24,31.03,31.2,31.15,31.39,31.24,31.19,31.35,31.4,31.47,31.39,31.32,31.66,31.61,31.39,31.72,32.01,31.81,31.98,31.61,31.94,31.94,32.03,32.03,32.18,32.45,32.03,32.51,32.28,32.31,32.65,32.62,32.77,32.68,32.82,32.77,32.85,32.77,32.73,33.02,32.77,32.99,32.9,32.73,33.12,32.87,32.9,32.87,32.99,33.15,33.24,33.1,33.07,33.19,33.12,33.12,33.41,33.37,33.46,33.62,33.66,33.74,33.86,33.78,33.86,33.69,34.08,33.88,33.86,34.08,34.13,33.78,33.91,33.91,34.16,33.71,33.74,33.49,33.74,33.91,34.16,34.33,34.21,34.41,34.04,34.1,33.61,33.61,33.04,32.94,32.48,32.36,31.24,27.47,25.4,24.53,24.06,23.87,23.79,23.37,23.33,23.75,23.3,23.42,23.37
22.76,22.81,22.76,22.66,23.0,22.85,22.96,22.93,22.96,22.88,22.88,22.81,23.08,23.03,23.15,23.03,23.06,23.06,23.69,23.6,24.66,28.95,30.21,30.53,31.07,31.27,31.24,31.35,31.2,31.29,31.2,31.39,31.64,31.83,31.81,31.77,32.28,31.89,32.2,31.77,32.06,31.89,32.14,32.35,32.45,32.35,32.18,32.53,31.94,32.28,32.03,31.69,31.4,31.49,31.49,31.03,30.95,30.98,31.2,30.98,31.2,31.1,31.2,30.98,31.4,31.2,31.35,31.24,31.49,31.44,31.91,31.74,31.74,31.81,31.91,31.91,32.28,32.09,32.26,32.26,32.35,32.57,32.36,32.57,32.6,32.51,32.78,32.51,32.62,32.6,32.85,32.82,32.85,32.87,32.77,33.15,32.82,32.82,33.02,32.87,33.02,33.07,33.07,33.07,33.15,32.99,32.95,33.37,33.52,33.04,33.15,33.46,33.54,33.79,33.71,33.86,33.62,33.78,33.61,33.99,33.71,33.79,33.79,34.04,33.93,34.16,33.93,33.88,33.93,34.1,33.91,33.79,33.91,34.25,34.21,34.08,34.38,34.38,34.16,34.26,34.13,33.57,33.61,33.12,32.95,32.43,31.89,29.61,25.87,24.71,24.17,24.06,23.99,23.64,23.64,23.08,23.54,23.06,23.54,23.33
22.76,22.73,22.81,22.93,22.88,22.88,22.96,22.93,22.88,22.91,22.93,23.0,22.96,23.0,22.81,22.91,23.06,23.48,23.48,23.54,24.39,28.11,30.26,30.73,31.02,31.12,30.98,31.4,31.29,31.27,31.61,31.61,31.57,31.61,31.72,31.69,31.86,32.09,31.98,32.23,31.91,31.83,32.35,32.01,32.2,32.45,32.23,32.23,31.91,31.81,31.74,31.74,31.44,31.44,31.52,31.03,31.02,31.32,30.9,31.15,30.98,31.27,31.32,31.12,31.47,31.44,31.4,31.47,31.74,31.52,31.61,32.01,31.74,31.98,32.03,32.11,31.89,32.18,32.11,32.53,32.4,32.51,32.43,32.57,32.65,32.51,33.12,32.78,32.65,32.68,32.99,33.02,32.77,32.82,33.27,32.95,33.1,33.1,33.04,32.99,32.9,33.19,32.95,32.85,33.1,33.37,33.44,33.37,33.57,33.52,33.27,33.61,33.49,33.57,33.62,33.79,33.91,33.74,33.88,33.83,33.83,33.96,34.08,34.1,34.21,34.16,33.93,34.1,33.93,33.99,33.93,33.96,33.99,34.04,34.21,34.38,34.57,34.1,34.43,34.13,34.08,33.69,33.15,33.2,33.12,32.48,31.49,28.48,25.45,24.33,24.02,23.6,23.69,23.64,23.42,23.08,22.85,23.45,23.11,23.23
23.03,22.76,22.93,23.0,23.27,22.63,22.96,22.76,22.76,22.93,23.03,22.91,22.88,22.88,22.91,22.85,23.18,23.42,23.54,23.22,24.21,28.23,30.29,30.78,30.95,30.98,31.27,31.56,31.39,31.15,31.19,31.49,31.15,31.64,31.56,31.74,31.52,31.81,31.72,32.23,32.14,32.01,31.98,32.23,32.48,32.35,32.26,31.86,32.01,31.91,31.66,31.52,31.39,31.27,30.9,31.44,30.95,30.87,30.98,31.15,31.07,30.95,31.2,31.1,31.44,31.29,31.4,31.32,31.64,31.49,31.61,31.89,31.83,31.91,31.94,31.94,32.03,32.23,32.31,32.36,32.35,32.68,32.23,32.36,32.7,32.7,32.7,32.68,32.87,32.68,32.94,33.19,32.68,32.94,32.82,32.99,33.19,32.68,32.99,32.78,32.87,33.27,32.95,33.07,33.07,33.37,33.44,33.74,33.52,33.52,33.86,33.54,33.54,33.69,33.74,33.86,33.91,34.21,34.04,33.86,34.18,34.04,34.04,34.13,34.04,34.16,34.47,34.1,34.26,34.1,34.1,34.41,34.18,34.65,34.52,34.47,34.47,34.26,33.88,34.13,33.96,33.61,33.36,33.1,32.99,32.26,30.61,26.53,24.68,24.33,24.21,23.94,23.37,23.79,23.42,23.57,23.54,23.33,23.18,23.06
22.88,22.91,22.46,22.73,22.81,22.88,22.85,22.91,22.81,22.91,23.03,23.22,23.06,22.85,23.27,22.93,23.45,23.42,23.45,23.45,24.26,28.11,30.08,30.95,31.07,31.15,31.02,31.27,31.2,31.02,31.27,31.47,31.44,31.69,31.57,31.83,31.69,31.77,31.89,32.11,32.11,32.03,32.31,32.03,32.36,32.18,32.2,32.09,31.61,31.52,31.52,31.66,31.39,31.03,30.9,30.98,31.19,31.03,30.82,31.15,31.07,30.9,31.15,31.27,31.44,31.57,31.49,31.4,31.57,31.66,31.44,31.81,31.86,31.89,31.94,32.01,32.14,32.43,32.35,32.43,32.36,32.57,32.62,32.53,32.51,32.57,32.85,32.9,32.87,32.53,32.82,33.02,32.87,32.85,33.04,32.73,32.9,33.15,32.94,33.07,32.65,33.1,33.36,33.19,33.12,33.15,33.12,33.46,33.41,33.69,33.61,33.37,33.46,33.66,33.86,34.13,34.13,33.86,34.08,34.01,34.13,34.3,34.35,34.01,34.25,34.33,34.33,34.38,34.21,34.3,34.55,34.41,34.43,34.41,34.13,34.55,34.65,34.38,34.3,33.96,33.88,33.62,33.37,33.02,32.65,32.11,29.59,25.84,24.44,24.26,23.75,23.64,23.33,23.67,23.69,23.03,23.08,23.23,23.15,23.37
23.06,22.85,22.66,22.91,22.96,22.73,23.08,22.81,22.81,22.88,23.03,22.93,23.06,23.0,23.3,22.78,23.23,23.23,23.48,23.87,24.53,28.76,30.09,30.55,31.1,30.83,31.07,31.44,31.07,31.39,31.19,31.32,31.32,31.4,31.72,32.01,31.83,31.91,32.06,31.89,32.4,32.2,32.31,32.06,32.23,32.26,31.81,31.83,31.66,31.2,31.47,31.24,31.02,30.92,30.9,30.98,30.78,30.95,30.92,31.02,31.24,31.15,31.2,31.07,31.35,31.32,31.29,31.44,31.57,31.56,31.83,32.01,31.69,31.69,31.86,32.14,32.11,32.26,32.36,32.2,32.31,32.43,32.62,32.43,32.57,32.53,32.73,32.99,32.85,32.85,32.68,32.85,32.9,33.04,32.77,32.95,32.9,32.94,32.95,33.12,32.85,32.77,33.2,33.12,33.29,33.15,33.44,33.61,33.52,33.46,33.71,33.57,33.62,33.71,33.74,33.99,34.18,34.04,34.21,33.93,34.25,34.3,34.18,34.16,34.21,34.18,34.21,34.38,34.08,34.25,34.26,34.25,34.41,34.47,34.68,34.26,34.47,34.52,34.3,34.1,33.88,33.66,33.24,33.02,32.82,31.66,28.11,25.05,24.56,24.26,23.69,23.6,23.08,23.42,23.57,23.27,23.37,23.11,23.45,23.23
22.66,22.85,22.76,22.85,23.18,22.61,22.63,22.88,22.73,23.11,22.96,22.76,23.06,23.03,23.18,23.08,23.23,23.45,23.27,24.02,24.75,29.08,30.5,30.53,30.95,30.92,31.07,30.98,31.2,31.03,31.27,31.03,31.39,31.4,31.32,31.69,31.77,32.11,32.09,32.03,32.2,32.03,32.4,32.01,32.09,32.03,31.86,31.66,31.49,31.19,31.1,30.73,31.03,30.9,31.2,30.9,30.83,30.92,30.78,31.32,31.39,30.95,31.35,31.19,31.4,31.19,31.29,31.44,31.66,31.35,31.52,31.81,31.66,31.94,32.18,32.09,32.23,32.18,32.45,32.43,32.43,32.57,32.85,32.7,32.51,32.78,32.82,32.65,32.85,32.6,32.78,33.1,33.1,32.9,32.95,32.95,32.77,32.9,32.99,32.68,32.77,32.99,33.07,33.19,33.2,33.41,33.19,33.66,33.44,33.86,33.86,33.71,33.57,33.79,33.69,33.88,34.16,34.13,34.41,33.91,34.25,34.21,34.16,33.96,34.48,34.3,34.38,34.08,34.33,34.38,34.38,34.41,34.55,34.21,34.55,34.43,34.6,34.72,34.41,34.01,34.01,33.62,33.24,32.77,32.36,31.02,26.85,25.13,24.17,23.72,24.09,23.79,23.18,23.23,23.11,23.3,23.42,23.11,23.33,23.18
22.61,22.85,22.85,22.69,22.81,22.91,22.93,22.91,23.11,23.0,22.85,22.91,23.27,22.69,23.38,23.3,23.27,23.45,23.67,23.67,24.83,29.15,30.08,30.75,30.78,31.2,30.98,31.07,31.12,31.1,31.2,31.61,31.52,31.49,31.72,31.74,32.14,31.98,31.89,32.4,32.09,32.01,32.28,32.09,32.2,31.83,31.81,31.64,31.44,31.15,31.2,30.83,30.95,30.87,31.02,30.92,30.82,30.9,30.9,31.02,30.9,31.27,31.39,31.27,31.39,31.24,31.32,31.35,31.47,31.72,31.56,31.94,31.56,31.89,31.91,32.23,32.28,32.28,32.4,32.4,32.48,32.53,32.65,32.45,32.62,32.53,32.78,32.57,32.78,32.99,32.62,32.87,32.87,33.04,32.82,32.9,33.19,32.87,32.9,33.04,33.24,32.94,33.32,33.24,33.32,33.44,33.37,33.32,33.54,33.54,33.74,33.71,33.79,33.79,33.78,34.16,34.04,34.08,34.1,34.04,34.25,34.13,34.08,34.18,34.21,34.6,34.41,34.16,34.41,34.35,34.26,34.3,34.6,34.6,34.63,34.48,34.72,34.68,34.57,34.21,34.18,33.86,33.24,32.6,32.23,30.16,25.82,24.9,24.29,23.79,23.69,23.54,23.38,23.18,23.27,23.18,22.81,23.18,23.37,23.42
22.76,22.85,22.91,22.88,22.66,22.78,23.03,23.0,22.69,23.18,22.88,22.88,22.88,23.03,23.18,22.93,23.18,23.11,23.52,23.6,25.18,29.52,30.26,30.53,30.95,31.07,30.95,30.87,31.12,30.92,31.32,31.15,31.56,31.29,31.66,31.98,31.81,32.23,32.01,32.06,32.06,32.09,32.36,32.2,32.01,31.72,31.56,31.4,31.02,31.1,30.98,30.73,30.78,30.83,30.73,30.75,30.61,30.95,31.07,30.98,31.15,30.98,31.19,31.44,31.2,31.64,31.39,31.27,31.27,31.49,31.61,31.89,32.11,32.01,32.26,32.28,31.91,32.45,32.35,32.43,32.57,32.4,32.73,32.48,32.65,32.82,32.65,32.62,32.82,33.2,32.94,33.07,32.82,32.95,33.1,33.19,32.9,32.95,33.24,33.24,33.15,32.95,33.24,33.2,33.52,33.19,33.27,33.52,33.52,33.79,33.88,33.74,33.93,33.79,33.78,33.88,34.25,34.26,34.38,34.18,34.38,34.04,34.43,34.16,34.18,34.26,34.52,34.35,34.3,34.26,34.25,34.43,34.68,34.6,34.48,34.13,34.65,34.52,34.65,34.38,34.25,33.79,33.37,32.62,31.98,29.08,25.49,24.56,24.11,23.75,23.54,23.3,23.42,23.06,23.42,23.33,23.3,23.27,23.23,23.15
22.69,22.78,22.76,23.0,22.85,22.63,22.88,22.48,22.96,23.08,22.93,23.15,22.73,22.96,23.37,23.18,23.15,23.54,23.69,23.82,25.57,29.76,30.04,30.41,30.73,31.03,31.03,31.29,30.92,31.29,31.35,31.39,31.39,31.86,31.91,31.94,32.06,31.83,31.77,32.23,31.81,31.86,31.81,32.01,31.66,31.47,31.27,31.02,31.03,31.03,30.87,31.03,30.92,30.46,30.53,30.5,30.75,30.9,30.83,30.92,30.83,30.78,31.1,31.1,31.2,31.32,31.47,31.27,31.56,31.29,31.57,31.81,31.91,32.23,31.83,32.31,32.14,32.23,32.43,32.2,32.57,32.57,32.43,32.48,32.4,32.68,32.73,32.95,32.7,32.94,32.7,32.99,32.87,32.99,33.29,33.1,33.04,33.12,33.36,33.1,33.24,33.27,33.1,33.49,33.15,33.74,33.52,33.83,33.66,33.78,33.62,33.62,34.08,33.78,33.79,33.78,33.99,34.04,34.21,34.35,34.18,34.25,34.3,34.33,34.1,34.04,34.3,34.48,34.41,34.48,34.35,34.41,34.48,34.35,34.57,34.18,34.18,34.35,34.48,34.41,34.3,34.08,33.61,32.9,31.72,28.24,25.37,24.36,23.75,23.75,23.57,23.6,23.3,23.45,23.33,23.23,23.06,23.11,23.15,23.23
22.93,22.76,22.88,22.96,22.78,22.73,22.88,22.93,22.93,23.08,23.03,23.03,23.18,23.03,22.81,23.0,23.15,23.15,23.45,23.97,26.41,29.89,30.29,30.65,30.65,30.9,31.19,30.87,31.1,31.39,31.44,31.57,31.66,31.72,31.69,31.61,31.86,31.94,31.81,31.94,31.98,31.91,31.61,31.44,31.64,31.24,31.27,31.03,30.73,30.78,30.53,30.58,30.92,30.55,31.02,30.92,30.5,30.7,30.58,30.83,30.98,30.7,31.02,31.29,31.24,31.52,31.24,31.49,31.44,31.61,31.66,31.69,31.89,32.18,32.09,32.28,32.36,32.26,32.51,32.43,32.57,32.57,32.48,32.9,32.62,32.68,32.48,32.57,32.82,32.85,32.68,32.94,32.9,33.02,33.07,32.99,33.04,33.29,33.12,33.15,33.02,33.27,33.46,33.44,33.29,33.66,33.62,33.61,33.88,33.83,33.74,33.83,33.61,33.93,33.96,33.74,33.96,34.18,34.47,34.41,34.47,34.3,34.08,34.25,34.08,34.16,34.43,34.43,34.08,34.41,34.25,34.48,34.47,34.26,34.52,34.3,34.18,34.47,34.43,34.38,34.38,34.08,33.62,32.7,31.57,27.72,24.86,24.26,24.21,23.72,23.54,23.15,23.42,23.18,23.18,22.88,23.08,22.93,23.27,23.11
22.81,23.15,22.81,22.76,22.76,22.93,23.06,22.54,22.69,22.88,23.06,23.11,22.88,23.03,23.38,23.0,23.6,23.6,23.48,23.97,26.53,29.89,30.29,30.75,30.78,31.03,31.2,31.12,31.4,31.52,31.52,31.66,31.64,31.89,31.89,31.86,32.03,31.81,31.61,31.74,31.89,31.56,31.94,31.61,31.4,31.19,31.1,30.78,30.73,30.9,30.58,30.66,30.7,30.92,30.29,30.61,31.1,30.58,30.78,30.92,31.07,30.87,31.07,31.24,31.27,31.12,31.07,31.15,31.32,31.69,31.56,31.98,31.81,32.06,31.89,32.23,32.06,32.03,32.87,32.23,32.4,32.7,32.65,32.78,32.82,32.82,32.68,32.77,32.7,32.78,32.85,32.94,32.7,32.7,32.95,32.68,32.9,33.04,32.77,33.37,33.1,33.41,33.29,33.46,33.36,33.41,33.46,33.61,33.69,33.54,33.69,33.57,33.69,34.01,33.69,33.79,34.04,33.93,34.13,34.3,34.18,34.3,34.38,34.16,34.04,34.16,33.96,34.04,34.33,34.38,34.6,34.21,34.65,34.73,34.33,34.38,34.21,34.18,34.25,34.43,34.18,34.18,33.57,32.65,31.56,27.37,24.8,24.29,24.26,23.82,23.3,23.3,23.45,23.37,23.37,23.0,23.06,23.45,23.18,23.23
22.69,22.66,22.93,22.78,22.93,22.81,22.96,22.78,22.63,22.81,22.73,22.78,22.88,23.45,23.22,23.23,23.27,23.23,23.48,23.99,27.37,29.93,30.08,30.53,30.61,30.87,30.82,31.03,31.35,31.29,31.66,31.94,31.89,31.56,31.66,31.57,31.98,31.49,31.64,31.98,31.57,31.52,31.64,31.35,31.19,31.19,30.73,31.07,30.83,30.61,30.66,30.58,30.75,30.66,30.38,30.53,30.55,30.9,31.03,30.73,30.82,30.92,31.2,30.95,31.27,31.03,31.29,31.44,31.32,31.4,31.49,32.01,31.72,31.89,31.86,32.23,31.98,32.26,32.26,32.31,32.45,32.77,32.57,32.43,32.45,32.62,32.62,32.57,32.65,32.7,32.73,32.82,32.62,32.77,32.7,32.82,32.94,33.04,33.04,33.37,33.27,33.41,33.19,33.27,33.52,33.41,33.37,33.27,33.37,33.57,33.52,33.62,33.61,33.88,34.04,33.88,33.99,34.08,34.13,34.13,34.18,34.04,34.18,34.21,33.93,34.04,34.16,34.1,34.01,34.18,34.25,34.68,34.47,34.55,34.65,34.41,34.16,34.25,34.08,34.35,34.3,34.1,33.91,32.73,31.77,27.17,25.22,24.41,23.64,23.37,23.64,23.3,23.37,23.06,23.08,23.08,23.27,22.96,23.37,23.18
22.78,23.06,22.69,22.73,22.66,22.85,23.06,22.85,22.85,22.85,22.88,22.91,22.88,23.03,23.22,22.96,23.0,23.27,23.72,24.09,27.37,29.69,30.26,30.58,30.78,30.61,30.95,31.2,31.47,31.56,31.64,31.57,31.83,31.74,31.69,31.66,31.52,31.74,31.39,31.49,31.49,31.35,31.4,31.35,31.35,30.95,31.1,30.78,30.75,30.61,30.55,30.53,30.53,30.61,30.73,30.78,30.61,30.78,30.95,31.19,30.82,30.9,31.07,30.95,31.19,31.2,31.12,31.27,31.35,31.52,31.98,31.44,31.81,32.01,32.09,32.26,32.14,32.35,32.26,32.23,32.48,32.53,32.65,32.62,32.73,32.57,32.43,32.57,32.9,32.73,32.57,32.87,32.6,32.68,32.78,32.73,32.95,32.99,32.78,33.04,33.37,33.04,33.32,33.44,33.46,33.49,33.54,33.69,33.41,33.57,33.66,33.83,33.74,33.96,34.01,33.86,34.04,33.99,33.88,34.01,34.38,34.1,34.48,33.93,34.21,33.78,33.93,34.16,34.04,34.04,34.38,34.13,34.52,34.57,34.57,34.26,34.25,33.96,34.13,33.96,34.1,33.91,33.71,33.04,31.44,27.35,25.13,24.26,23.99,23.72,22.96,22.96,23.06,23.45,23.23,23.15,22.93,23.23,23.3,23.15
22.76,22.58,22.66,22.69,22.63,22.91,22.81,22.66,22.81,22.61,22.96,22.78,22.96,22.91,23.37,23.18,23.42,23.37,23.75,24.06,27.64,30.16,30.24,30.5,30.55,31.1,30.95,31.19,31.49,31.52,31.77,31.4,31.66,31.66,31.44,31.66,31.49,31.57,31.47,31.49,31.32,31.02,31.24,31.24,31.19,30.9,30.9,31.02,30.7,30.66,30.98,30.61,30.58,30.53,30.75,30.73,30.61,30.41,30.82,31.02,31.02,31.02,31.2,31.32,30.95,31.12,31.07,31.27,31.2,31.69,31.74,31.91,31.86,32.01,32.11,32.11,32.18,32.36,32.23,32.09,32.31,32.51,32.51,32.6,32.36,32.62,32.6,32.65,32.68,32.53,32.43,32.78,32.62,32.78,32.73,32.73,32.95,32.73,33.27,33.15,33.37,33.46,33.12,33.27,33.37,33.2,33.54,33.69,33.29,33.91,33.46,33.69,33.69,34.1,33.88,33.96,34.04,33.78,34.1,34.33,34.04,34.35,34.18,34.04,33.99,33.91,33.96,34.04,34.35,33.93,34.65,34.38,34.6,34.77,34.57,34.52,34.16,34.01,34.18,33.91,33.83,33.99,33.91,33.49,32.01,27.87,24.83,24.24,23.99,23.72,23.6,23.64,23.15,23.22,23.15,23.18,23.22,23.11,23.15,23.03
22.81,22.78,23.0,22.69,22.69,22.66,22.66,23.0,22.96,22.63,22.85,22.91,22.91,22.81,22.88,23.0,23.08,23.3,23.72,24.26,27.6,29.89,30.38,30.65,30.7,30.92,31.07,31.1,31.44,31.56,31.39,31.69,31.35,31.64,31.72,31.57,31.4,31.44,31.29,31.19,31.24,30.87,31.19,31.19,30.87,30.9,30.65,30.55,30.83,30.7,30.78,30.38,30.5,30.58,30.5,30.87,30.53,30.98,31.07,30.9,30.98,30.98,31.02,31.2,31.07,31.2,31.29,31.15,31.47,31.98,31.49,31.64,31.74,31.94,31.83,32.31,32.11,32.14,32.53,32.2,32.57,32.68,32.57,32.6,32.43,32.43,32.65,32.4,32.78,32.51,32.6,32.68,32.7,32.94,32.62,32.87,32.7,32.99,32.78,32.99,33.1,33.24,33.49,33.04,33.52,33.37,33.49,33.44,33.46,33.69,33.66,33.78,33.44,33.57,33.88,33.71,33.79,34.1,33.83,33.93,34.25,34.26,34.33,34.18,33.99,34.21,33.83,33.93,33.88,34.01,34.48,34.43,34.57,34.6,34.43,34.65,34.38,34.1,34.1,34.16,34.01,33.71,33.91,33.19,32.11,27.59,24.78,24.06,23.94,23.72,23.57,23.22,23.18,23.08,23.45,23.15,23.22,23.52,23.03,23.08
22.73,22.91,22.69,22.88,22.81,22.85,22.93,22.88,23.03,22.78,22.66,22.91,22.96,22.96,22.76,23.08,23.37,23.64,23.82,24.36,28.04,29.84,30.7,30.53,31.24,31.03,31.03,31.29,31.44,31.44,31.35,31.44,31.61,31.81,31.72,31.44,31.4,31.29,30.98,31.02,31.2,30.92,30.98,30.98,30.61,30.9,30.41,30.38,30.18,30.73,30.24,30.21,30.87,30.26,30.46,30.24,30.33,30.83,30.9,30.98,30.83,30.92,31.24,31.15,31.27,31.19,31.35,31.47,31.64,31.69,31.49,31.49,31.81,32.01,31.83,32.09,32.06,32.09,32.4,32.2,32.23,32.45,32.43,32.62,32.45,32.73,32.6,32.6,32.62,32.77,32.6,32.68,32.68,32.62,32.99,32.62,33.1,33.04,32.87,33.1,33.15,33.29,33.04,33.04,32.95,33.2,33.15,33.27,33.54,33.49,33.61,33.86,33.61,34.08,33.93,33.78,33.88,33.83,33.86,33.61,33.88,33.86,34.04,33.78,33.99,34.01,34.01,33.93,34.08,33.86,33.99,34.3,34.41,34.38,34.8,34.33,34.55,34.35,34.35,34.16,33.83,34.08,33.93,33.1,32.18,27.76,24.86,24.33,23.97,23.67,23.42,23.22,23.18,23.18,23.6,23.11,23.3,23.15,23.11,23.15
22.61,22.61,22.85,22.69,22.76,22.85,23.06,22.88,22.61,22.91,22.63,23.15,23.0,23.37,23.0,23.06,23.22,23.42,23.79,24.48,28.51,30.29,30.7,30.61,31.02,31.19,31.1,31.4,31.39,31.32,31.4,31.32,31.39,31.47,31.47,31.35,31.15,30.9,31.07,31.03,30.92,30.9,30.75,30.38,30.58,30.65,30.41,30.41,30.29,30.55,30.33,30.21,30.33,30.45,30.61,30.5,30.41,30.58,30.83,31.07,31.02,31.1,31.07,31.02,31.2,31.49,31.29,31.44,31.52,31.66,31.61,31.64,31.64,31.83,32.11,32.03,32.35,32.31,32.14,32.28,32.45,32.57,32.73,32.57,32.65,32.65,32.51,32.48,32.57,32.73,32.57,32.48,32.45,32.62,32.77,32.65,32.85,32.78,32.9,32.85,32.95,32.95,33.61,33.41,33.12,32.95,33.19,33.32,33.24,33.37,33.83,33.66,33.49,33.66,33.52,33.83,33.62,33.74,33.91,33.83,33.86,33.71,33.78,33.78,34.04,34.26,34.21,33.91,33.69,34.01,33.86,34.25,34.3,34.43,34.47,34.43,34.6,34.3,34.1,34.18,33.96,34.08,33.71,33.49,32.62,28.63,25.28,24.24,23.79,23.75,23.84,23.23,23.27,23.3,23.06,23.22,22.91,23.11,22.93,23.23
22.48,22.85,22.69,22.85,22.66,22.69,22.93,23.11,22.88,22.73,22.81,23.0,22.73,23.03,22.93,22.91,23.33,23.38,23.45,25.17,29.03,30.01,30.66,30.9,31.07,30.92,31.32,31.32,31.56,31.24,31.47,31.61,31.64,31.47,31.44,31.32,31.02,31.15,30.83,30.87,30.83,30.65,30.75,30.41,30.65,30.29,30.5,30.55,30.53,30.24,30.21,30.29,30.41,30.53,30.26,30.58,30.29,30.83,30.53,30.65,30.58,30.82,31.27,31.24,31.4,31.4,31.4,31.39,31.57,31.44,31.64,31.83,31.4,31.94,31.83,32.09,32.28,32.01,32.28,32.4,32.36,32.51,32.6,32.53,32.7,32.77,32.7,32.68,32.6,32.77,32.85,32.82,32.68,32.7,32.94,32.43,32.9,33.02,32.73,33.07,32.78,33.1,33.04,33.12,33.24,33.2,33.32,33.41,33.44,33.57,33.46,33.41,33.46,33.71,33.88,33.69,33.69,33.71,33.66,33.91,33.69,33.74,33.86,34.08,33.91,34.25,34.08,33.96,33.99,34.18,33.86,34.04,34.01,34.33,34.52,34.55,34.33,34.3,34.43,34.21,33.79,33.93,33.96,33.57,32.73,30.26,26.18,24.56,23.97,23.82,23.27,23.42,23.45,23.03,23.37,23.0,23.11,23.48,23.03,23.23
22.91,22.88,22.88,22.69,23.0,23.06,22.66,23.06,22.78,22.78,22.96,22.69,23.22,22.88,23.15,23.54,23.22,23.79,23.84,26.85,29.67,30.33,30.55,30.92,31.2,31.02,31.12,31.07,31.47,31.44,31.44,31.49,31.44,31.32,31.29,31.39,30.95,30.95,30.87,30.55,30.61,30.33,30.65,30.45,30.09,30.58,29.96,30.5,30.26,30.13,29.96,30.36,30.26,30.36,30.55,30.38,30.53,31.03,30.83,30.82,31.12,31.07,31.2,31.4,31.35,31.2,31.29,31.49,31.44,31.86,31.47,31.61,31.81,32.18,32.2,32.03,32.18,32.26,32.31,32.43,32.4,32.48,32.62,32.53,32.77,32.6,32.7,32.57,32.85,32.9,32.65,32.73,32.78,32.78,32.87,32.9,32.73,32.9,32.95,33.2,32.9,33.12,33.19,32.78,32.94,33.49,33.29,33.41,33.15,33.52,33.69,33.49,33.79,33.74,33.62,33.93,33.74,33.61,33.74,33.71,33.79,33.54,33.74,33.74,33.66,33.99,33.96,33.96,33.79,33.99,33.91,33.88,34.18,34.18,34.41,34.38,34.35,34.3,34.3,34.04,34.08,33.66,33.66,33.32,33.02,31.94,27.08,24.86,24.21,23.69,23.57,23.67,23.11,23.08,23.27,22.93,23.08,23.11,22.88,23.15
22.76,22.54,22.78,22.69,22.93,22.76,23.0,22.88,22.66,22.93,22.91,22.91,23.18,22.88,23.0,23.3,23.22,23.91,24.36,28.36,29.84,30.26,30.95,30.66,31.24,31.12,31.03,31.27,31.24,31.1,31.49,31.61,31.52,31.24,31.03,31.27,30.92,30.78,30.66,30.73,30.78,30.41,30.45,30.36,30.18,30.33,30.53,30.29,30.38,30.33,30.24,30.41,30.53,30.33,30.38,30.61,30.58,30.55,30.82,30.83,30.95,31.02,31.03,31.32,31.15,31.24,31.4,31.61,31.61,31.4,31.86,31.72,31.89,31.86,31.98,32.09,32.06,32.2,32.36,32.65,32.53,32.6,32.45,32.57,32.82,32.78,32.73,32.85,32.62,32.65,32.57,32.62,32.68,32.87,32.77,32.53,32.87,32.94,32.99,33.02,33.24,33.04,33.19,32.87,33.1,33.07,33.02,33.46,33.29,33.44,33.37,33.78,33.57,33.79,33.69,33.86,33.91,33.57,33.69,33.54,33.66,33.74,33.41,33.71,33.62,34.01,33.79,33.91,33.88,33.79,33.88,34.1,34.1,34.08,34.35,34.08,34.43,34.38,33.93,33.93,33.78,33.78,33.62,33.46,33.12,32.53,29.24,25.32,24.36,23.84,23.67,23.27,23.3,22.85,23.3,23.45,23.18,22.93,23.08,22.93
22.76,22.78,22.93,22.46,22.58,22.69,23.03,22.81,22.96,22.81,22.93,23.06,23.03,23.15,23.38,23.57,23.64,23.84,25.82,29.47,29.98,30.92,31.07,30.82,30.98,30.87,31.2,31.35,31.47,31.64,31.44,31.47,31.39,31.39,30.98,30.95,30.9,30.9,30.78,30.87,30.45,30.29,30.45,30.29,30.33,30.08,30.33,30.29,30.46,30.18,30.36,30.33,30.41,30.38,30.61,30.75,30.55,30.78,30.78,31.19,30.92,31.03,31.32,31.15,31.57,31.52,31.49,31.35,31.57,31.69,31.66,31.89,32.18,31.66,32.35,32.4,32.48,32.23,32.36,32.35,32.68,32.6,32.7,32.51,32.7,32.53,32.65,32.77,32.4,32.51,32.57,32.65,32.51,32.85,32.82,32.7,32.7,33.04,33.04,33.27,33.19,33.27,33.07,33.19,32.73,33.1,33.12,33.15,33.41,33.69,33.54,33.78,33.57,33.71,33.71,33.86,33.91,33.78,33.91,33.88,33.54,33.69,33.57,33.83,33.96,33.99,33.79,33.91,33.88,33.71,33.99,33.79,33.57,33.93,34.08,33.86,34.35,34.21,34.25,34.01,33.71,33.66,33.78,33.19,33.15,32.99,31.29,26.81,24.59,24.36,23.72,23.72,23.11,23.18,23.3,23.22,23.37,23.22,23.22,23.22
22.91,22.73,22.69,22.73,22.85,22.91,22.66,22.81,22.96,23.03,23.08,22.93,23.0,23.37,23.27,23.37,23.87,23.99,27.76,29.77,30.33,30.58,30.75,30.73,30.78,31.07,30.98,31.4,31.52,31.35,31.29,31.24,31.27,31.27,30.98,30.87,30.98,30.75,30.7,30.55,30.38,30.5,30.21,30.08,30.04,30.04,30.09,30.26,30.01,30.29,30.24,30.61,30.65,30.21,30.38,30.45,30.5,30.87,30.95,31.1,30.9,31.12,31.29,31.19,31.15,31.39,31.47,31.2,31.72,31.57,31.77,31.72,31.86,31.91,32.36,32.06,32.18,32.57,32.35,32.65,32.36,32.45,32.43,32.45,32.65,32.57,32.51,32.45,32.62,32.4,32.68,32.87,32.62,32.77,32.4,32.94,32.7,32.95,32.99,32.87,32.87,32.99,32.99,32.95,32.82,33.12,33.12,33.37,33.2,33.44,33.66,33.57,33.44,33.79,33.74,33.79,33.88,33.79,33.78,33.37,33.54,33.44,33.83,33.37,33.69,34.18,33.91,33.71,33.78,33.78,33.66,33.78,33.86,33.99,33.96,33.61,34.08,34.33,34.16,34.08,33.69,33.71,33.52,33.36,33.37,33.15,32.48,28.71,24.86,24.24,23.84,23.72,23.3,23.37,23.08,23.23,23.15,23.33,23.23,23.33
23.0,23.06,22.88,22.66,23.08,23.06,23.0,22.93,22.78,23.03,23.27,22.91,23.15,23.11,23.15,23.3,23.38,25.22,28.8,30.13,30.29,30.24,30.7,30.83,30.75,30.98,31.35,31.24,31.61,31.35,31.57,31.4,31.15,31.1,31.24,30.9,31.1,30.82,30.61,30.41,30.55,30.58,30.29,29.93,30.46,30.18,29.98,30.24,30.01,30.08,30.21,30.24,30.61,30.61,30.7,30.65,30.66,30.95,31.19,31.07,30.9,30.98,31.15,31.19,31.27,31.29,31.44,31.47,31.66,31.74,31.89,32.06,31.83,32.14,32.35,32.14,32.23,32.26,32.65,32.45,32.68,32.48,32.73,32.6,32.6,32.77,32.78,32.73,32.65,32.57,32.7,32.77,32.43,32.7,33.04,32.53,32.9,32.73,32.73,32.48,32.68,33.04,32.99,32.85,32.95,33.15,33.1,33.24,33.36,33.32,33.44,33.62,33.52,33.66,33.52,33.62,33.79,33.52,33.83,33.61,33.57,33.57,33.62,33.46,33.86,33.86,34.08,33.74,33.96,33.88,33.93,33.86,34.01,34.01,34.08,33.99,34.04,34.38,34.04,34.04,33.91,33.61,33.57,33.41,33.27,33.12,32.73,30.92,26.02,24.71,24.09,23.6,23.6,23.75,23.48,23.45,23.15,23.22,23.33,23.48
22.91,22.63,22.93,22.69,22.81,22.73,22.78,23.22,22.88,23.15,22.93,22.93,23.11,22.96,23.42,23.48,23.75,27.0,29.67,30.36,30.29,30.55,30.7,30.73,31.12,31.07,31.35,31.49,31.52,31.86,31.32,31.19,31.07,30.95,31.12,30.78,30.55,30.66,30.58,30.26,30.29,30.26,29.93,30.18,29.84,29.84,29.87,30.09,30.01,30.09,30.21,30.55,30.55,30.55,30.58,30.53,30.61,30.78,30.75,30.78,30.78,30.83,30.95,30.98,31.12,31.19,31.29,31.19,31.56,31.49,31.56,31.94,32.01,32.36,32.35,32.35,32.28,32.45,32.53,32.28,32.31,32.6,32.6,32.28,32.31,32.6,32.51,32.48,32.77,32.77,32.68,32.73,32.48,32.73,32.6,32.7,32.78,32.7,32.45,32.87,32.7,32.73,33.02,32.65,33.2,32.85,32.85,33.32,33.54,33.19,33.41,33.2,33.27,33.41,33.15,33.46,33.61,33.62,33.91,33.83,33.52,33.61,33.69,33.66,33.52,33.66,33.83,34.01,33.93,33.96,33.91,33.66,33.71,34.25,33.79,33.78,34.04,34.01,34.13,34.01,33.93,33.54,33.46,33.41,33.46,33.52,33.1,32.01,27.87,25.13,23.94,23.82,23.42,23.64,23.42,23.69,23.3,23.3,23.15,23.0
22.91,23.0,22.93,22.78,22.91,22.81,22.96,23.0,22.73,22.85,23.15,23.18,23.23,23.03,23.22,23.69,24.71,28.56,29.76,30.09,30.26,30.53,30.95,30.92,31.27,31.56,31.49,31.64,31.61,31.49,31.61,31.12,31.07,30.92,30.65,30.66,30.65,30.46,30.18,30.26,30.38,29.89,30.13,30.16,29.87,30.26,30.09,29.87,30.09,30.01,30.36,30.55,30.24,30.29,30.58,30.78,30.38,30.78,30.66,30.83,30.66,30.9,31.02,30.98,31.03,31.03,31.15,31.19,31.61,31.66,32.09,31.83,32.01,31.98,32.43,32.4,32.4,32.73,32.4,32.7,32.26,32.73,32.48,32.53,32.73,32.68,32.73,32.45,32.57,32.57,32.57,32.85,32.77,32.45,32.48,32.53,32.53,32.82,32.4,32.78,32.94,32.82,32.68,32.85,32.62,33.12,32.99,33.37,33.29,33.54,32.99,33.49,33.29,33.41,33.37,33.24,33.44,33.36,33.83,33.49,33.79,33.93,33.71,33.54,33.49,33.66,33.78,33.54,33.74,33.78,33.71,33.93,33.99,33.78,33.88,33.83,34.08,34.01,34.1,34.16,33.88,33.88,33.78,33.74,33.27,33.36,33.04,33.12,30.09,25.87,24.56,24.14,23.75,23.18,23.52,23.52,23.33,23.18,23.48,22.81
22.58,22.91,22.81,22.73,22.76,22.93,22.73,23.3,22.91,22.81,23.03,23.03,23.18,23.27,23.33,23.87,26.23,29.39,29.87,30.26,30.29,30.66,30.98,31.29,31.32,31.32,31.32,31.4,31.35,31.12,31.24,31.2,30.66,30.87,30.41,30.58,30.45,30.29,30.21,30.36,29.98,30.08,29.87,30.26,29.96,29.96,30.08,30.18,30.08,30.08,30.13,30.09,30.53,30.38,30.53,30.55,30.78,30.61,30.75,30.98,30.75,30.95,31.02,30.73,31.03,31.07,31.07,31.29,31.39,31.72,31.64,31.98,32.06,32.06,32.35,32.31,32.6,32.18,32.45,32.68,32.4,32.35,32.45,32.53,32.82,32.7,32.53,32.51,32.87,32.45,32.82,32.57,32.73,32.57,32.43,32.62,32.57,32.48,32.48,32.7,32.53,32.7,32.65,32.77,32.65,32.9,32.9,33.27,33.37,33.41,33.02,33.15,33.02,33.32,33.12,33.44,33.2,33.12,33.44,33.44,33.54,33.69,33.91,33.52,33.49,33.62,33.57,33.86,33.74,33.88,33.96,33.93,33.93,33.57,33.71,33.88,33.78,34.04,34.01,33.99,33.86,33.74,33.62,33.32,33.57,33.52,33.61,33.52,31.91,27.2,24.71,23.94,23.69,23.42,23.23,23.27,23.23,23.33,23.23,23.45
22.91,22.73,22.66,22.66,22.96,23.18,22.61,22.69,23.0,22.73,23.18,22.93,23.38,23.18,23.79,24.26,28.14,29.56,30.01,30.26,30.46,30.78,30.87,31.19,31.15,31.35,31.35,31.44,31.4,31.32,30.92,31.03,30.46,30.61,30.75,29.98,30.36,30.18,30.21,30.36,30.09,30.18,30.21,29.77,30.08,29.77,29.81,30.13,29.84,30.38,30.09,30.18,30.38,30.46,30.53,30.65,30.38,30.7,30.66,31.07,30.73,31.15,30.98,31.15,31.1,31.32,31.52,31.44,31.52,31.72,31.74,32.09,31.98,32.23,32.18,32.53,32.36,32.35,32.43,32.68,32.51,32.51,32.35,32.4,32.36,32.62,32.57,32.9,32.68,32.53,32.73,32.82,32.62,32.57,32.78,32.6,32.48,32.4,32.2,32.45,32.7,32.48,32.62,32.45,32.78,32.95,32.82,33.27,33.15,33.37,33.36,33.02,33.15,33.12,33.15,33.2,33.29,33.36,33.36,33.44,33.66,33.71,33.69,33.52,33.61,33.57,33.57,33.69,33.79,33.62,33.57,33.74,34.08,33.71,33.83,33.66,33.41,33.66,33.83,33.78,33.69,33.46,33.83,33.78,33.62,33.74,33.37,33.36,32.73,29.72,25.6,24.56,23.6,23.82,23.33,23.27,23.69,23.0,23.23,23.0
22.66,22.58,22.73,22.73,22.76,22.85,22.66,22.78,23.06,23.3,22.91,23.08,23.42,23.52,23.87,26.11,29.24,29.89,30.04,30.65,30.55,30.87,31.15,31.4,31.2,31.12,31.29,31.07,30.92,30.98,30.83,30.65,30.5,30.46,30.24,30.16,30.01,30.01,29.98,30.18,30.18,29.96,30.04,29.98,29.72,29.96,29.72,29.96,29.93,29.87,30.01,30.09,30.26,29.98,30.04,30.53,30.36,30.58,30.45,30.53,30.65,30.78,30.92,30.78,30.7,31.24,31.2,31.07,31.49,31.66,31.49,32.09,32.06,32.11,32.4,32.57,32.62,32.51,32.31,32.4,32.53,32.62,32.6,32.65,32.26,32.43,32.48,32.6,32.36,32.45,32.53,32.57,32.51,32.6,32.73,32.45,32.53,32.43,32.35,32.6,32.62,32.65,32.65,32.57,32.35,32.53,32.48,32.99,32.99,33.12,33.2,33.07,32.94,33.2,33.27,33.07,33.1,33.1,32.94,33.29,33.54,33.78,33.83,33.83,33.61,33.69,33.52,33.83,33.71,33.66,33.83,33.86,33.74,33.79,33.66,33.71,33.37,33.36,33.46,33.83,33.57,33.79,33.54,33.62,33.52,33.49,33.32,33.41,33.1,31.32,26.93,24.78,23.87,23.6,23.6,23.0,23.42,23.06,23.0,23.22
22.73,22.88,22.66,23.08,23.11,22.96,22.73,22.88,22.81,23.03,23.23,23.37,23.37,23.54,24.06,27.67,29.56,29.77,30.29,30.33,30.73,30.95,31.24,31.29,31.07,31.07,31.19,30.73,30.95,30.92,30.73,30.55,30.33,30.26,30.24,30.04,30.04,30.13,30.13,30.21,29.96,30.04,30.01,29.87,29.98,29.84,29.84,30.13,30.13,30.01,30.24,30.21,30.04,30.21,30.24,30.26,30.61,30.53,30.38,30.92,30.7,30.82,31.12,30.92,31.19,31.24,31.27,31.47,31.74,31.72,31.86,32.01,32.06,32.28,32.31,32.57,32.51,32.4,32.57,32.65,32.7,32.28,32.28,32.7,32.53,32.43,32.36,32.45,32.51,32.68,32.62,32.62,32.6,32.45,32.6,32.6,32.48,32.85,32.4,32.48,32.53,32.45,32.31,32.51,32.57,32.85,32.77,33.04,32.99,32.82,32.99,33.04,32.99,33.07,33.02,33.02,32.94,33.1,33.27,33.12,33.29,33.69,33.91,33.66,34.08,33.62,33.91,33.83,33.79,33.83,33.93,33.88,33.91,34.41,33.96,33.99,33.57,33.49,33.83,33.52,33.74,33.66,33.57,33.74,33.93,33.54,33.46,33.46,33.36,32.6,29.47,25.33,24.41,24.11,23.57,23.45,23.42,23.15,23.37,23.23
22.69,22.91,22.88,23.06,22.76,22.88,23.06,23.03,22.93,22.93,23.11,23.3,23.45,23.84,25.4,28.83,29.98,29.98,30.38,30.75,30.92,31.07,31.19,31.2,31.4,31.27,31.15,30.58,30.87,30.78,30.78,30.7,30.36,30.36,29.93,30.01,30.08,30.38,30.21,30.09,29.77,30.09,30.09,30.09,30.13,30.18,29.84,29.72,30.04,30.16,30.13,30.16,30.46,30.36,30.16,30.7,30.7,30.5,30.46,30.75,30.73,30.83,31.03,30.87,31.15,31.19,31.44,31.24,31.86,31.66,31.94,32.23,32.03,32.51,32.51,32.51,32.65,32.68,32.9,32.85,32.73,32.78,32.7,32.53,32.62,32.62,32.43,32.62,32.45,32.85,32.7,32.99,32.57,32.65,32.6,32.43,32.6,32.65,32.57,32.6,32.68,32.51,32.43,32.6,32.82,32.53,32.73,32.99,32.87,32.9,32.87,33.07,32.57,33.04,33.07,33.04,33.27,33.19,33.02,33.37,33.32,33.46,33.69,33.83,33.79,33.93,33.78,33.93,34.04,33.88,34.01,34.04,34.08,33.91,33.99,34.01,33.79,33.66,33.27,33.62,33.62,33.69,33.44,33.49,33.78,33.66,33.41,33.32,33.36,33.07,31.64,27.2,24.86,24.09,23.45,23.27,23.54,23.15,23.15,23.08
22.63,22.66,23.03,22.96,22.96,23.22,22.96,23.03,22.76,22.73,23.18,23.23,23.54,24.11,27.17,29.32,29.64,30.24,30.66,30.83,30.98,31.24,31.35,31.29,31.1,31.03,30.58,30.95,30.61,30.53,30.41,30.33,30.41,30.45,30.21,30.01,29.98,29.93,30.18,29.98,30.04,29.76,30.01,29.84,29.93,30.24,30.08,30.09,29.52,30.09,30.18,30.24,30.29,30.36,30.29,30.53,30.61,30.5,30.73,30.73,30.75,30.92,30.83,31.12,31.27,31.15,31.4,31.47,31.72,31.89,31.94,31.89,32.6,32.4,32.6,32.73,32.65,32.7,32.65,32.48,32.7,32.51,32.62,32.36,32.53,32.36,32.65,32.51,32.73,32.53,32.85,32.85,32.82,32.7,32.73,32.87,32.57,32.62,32.57,32.48,32.7,32.28,32.7,32.35,32.62,32.48,32.68,32.82,32.77,32.62,33.07,32.87,33.04,32.95,32.94,33.12,33.41,33.12,33.19,33.15,33.12,33.61,33.12,33.52,33.57,33.69,34.04,33.78,33.93,34.1,34.3,34.16,34.25,34.04,33.86,33.66,33.61,33.41,33.69,33.78,33.91,33.49,33.86,33.88,33.69,33.79,33.54,33.36,33.07,33.15,32.18,29.08,25.07,24.39,23.97,23.54,23.64,23.33,23.03,23.37
22.78,23.15,22.91,22.96,22.93,22.63,23.06,23.06,23.11,23.11,23.52,23.23,23.82,25.28,28.92,29.56,29.96,30.41,30.9,31.2,30.75,31.1,31.39,31.66,31.03,30.78,30.73,30.53,30.73,30.46,30.55,30.38,30.46,30.13,30.13,29.84,29.96,30.29,29.87,29.89,30.24,29.87,29.93,30.21,29.98,29.98,29.87,30.18,29.93,30.08,30.13,30.18,30.36,30.36,30.58,30.53,30.53,30.65,30.83,30.65,31.12,31.02,31.03,31.12,31.02,31.4,31.49,31.74,31.74,31.98,32.28,32.36,32.53,32.94,32.68,32.7,32.78,32.82,32.77,32.7,32.57,32.68,32.65,32.36,32.18,32.18,32.65,32.6,32.87,32.51,32.87,32.51,32.78,32.77,32.78,32.77,32.65,32.85,32.6,32.48,32.65,32.26,32.4,32.45,32.65,32.78,32.73,33.07,32.82,32.99,33.04,33.02,33.04,32.95,32.99,33.12,33.02,32.95,33.07,33.19,33.27,33.52,33.1,33.66,33.66,33.86,33.99,34.01,34.25,34.16,34.35,34.3,34.41,34.26,34.18,33.66,33.74,33.52,33.69,33.86,33.62,33.78,33.61,33.74,33.62,33.57,33.36,33.29,33.27,32.82,32.95,30.87,26.38,24.48,23.99,23.84,23.42,23.57,23.15,23.23
22.78,22.88,22.81,22.81,22.61,22.96,22.73,22.85,22.88,23.22,23.27,23.42,24.06,26.58,29.35,29.76,30.16,30.7,30.73,30.9,30.7,31.15,31.2,30.92,30.7,30.7,30.65,30.41,30.36,30.58,30.38,30.24,30.13,29.89,30.46,30.08,30.16,30.08,29.81,29.84,29.96,30.04,29.93,29.89,30.09,29.81,29.93,29.81,29.89,29.93,30.18,30.01,30.5,30.45,30.45,30.7,30.36,30.45,30.73,30.66,30.9,30.95,31.12,31.03,31.15,31.15,31.61,31.52,31.72,31.81,32.14,32.51,32.45,32.78,32.7,33.02,32.87,32.57,32.78,32.73,32.45,32.51,32.35,32.36,32.26,32.31,32.68,32.43,32.78,32.9,32.68,32.73,32.62,32.73,32.85,32.78,32.82,32.68,32.68,32.51,32.43,32.65,32.6,32.6,32.62,32.35,32.65,32.9,32.99,32.94,32.94,32.82,32.6,32.82,32.78,32.78,32.9,32.85,32.94,32.99,33.07,33.2,33.15,33.49,33.57,33.71,33.83,33.99,34.21,33.86,33.91,34.13,34.33,34.57,34.25,33.83,33.88,33.66,33.69,33.83,33.86,34.08,33.83,33.78,33.57,33.78,33.32,33.36,33.12,32.94,33.04,31.69,28.51,25.1,24.09,23.64,23.48,23.64,23.37,23.03
22.91,23.0,22.73,22.93,22.91,22.96,23.08,22.91,22.73,23.11,23.0,23.57,24.93,28.23,29.61,30.04,30.45,30.78,30.55,30.9,30.65,30.98,30.9,30.82,30.78,30.46,30.29,30.26,30.18,30.33,30.13,30.09,30.08,29.93,29.93,29.96,30.08,30.08,29.69,30.04,29.93,29.96,29.61,29.77,29.96,29.81,30.01,30.16,30.01,29.93,30.13,30.45,30.36,30.58,30.53,30.33,30.38,30.78,30.73,30.82,30.78,31.02,31.12,31.39,31.2,31.27,31.57,31.56,31.86,32.28,32.2,32.57,32.73,32.78,32.85,32.9,32.7,32.87,32.65,32.31,32.6,32.51,32.31,32.43,32.45,32.36,32.51,32.53,32.73,32.73,32.68,32.94,32.82,33.07,32.82,32.77,32.68,32.65,32.73,32.36,32.53,32.77,32.62,32.68,32.35,32.62,32.4,32.95,32.95,32.87,32.82,32.7,32.94,32.82,32.87,32.85,33.1,32.94,32.95,33.15,32.99,33.1,33.04,33.46,33.44,33.41,33.61,33.54,33.83,33.93,34.18,34.18,34.1,34.04,34.08,33.83,33.91,33.54,33.79,33.62,33.88,33.88,33.79,33.61,33.71,33.62,33.74,33.2,33.12,33.1,32.82,32.31,30.13,25.6,24.33,23.82,23.48,23.37,23.37,23.0
22.88,22.88,22.81,22.81,22.51,22.81,22.81,22.85,22.96,23.23,23.23,23.52,25.96,29.12,29.61,30.04,30.21,30.45,30.75,30.65,30.46,30.66,30.98,30.65,30.5,30.58,30.46,30.65,30.45,30.26,30.13,30.01,30.29,29.93,29.93,30.09,30.08,29.76,30.08,30.09,30.09,29.96,29.96,30.04,29.69,30.21,29.93,30.21,30.04,30.01,30.33,30.29,30.53,30.5,30.9,30.65,30.65,30.7,30.9,30.75,30.82,31.03,31.35,31.47,31.39,31.35,31.69,31.98,31.66,32.4,32.45,32.35,32.95,33.12,32.95,32.73,32.73,32.62,32.82,32.43,32.23,32.35,32.28,32.43,32.11,32.18,32.26,32.51,32.43,32.85,32.53,32.7,32.68,33.02,32.94,32.78,33.02,32.99,32.94,32.6,32.51,32.73,32.48,32.6,32.62,32.35,32.45,32.78,32.78,32.68,32.77,32.9,32.68,32.9,32.7,32.78,32.48,32.9,33.04,32.85,33.04,32.99,33.29,33.36,33.49,33.44,33.71,33.83,33.69,33.71,33.96,33.83,34.43,34.38,34.1,33.96,33.93,33.62,33.78,33.52,33.71,33.79,33.66,33.78,33.27,33.79,33.52,33.66,33.54,33.46,32.99,32.6,31.24,26.81,24.71,24.17,23.52,23.45,23.33,22.93
22.76,22.66,22.63,22.91,22.85,23.06,22.88,22.88,23.23,23.06,23.57,24.09,27.47,29.52,29.89,30.09,30.18,30.18,30.46,30.53,30.36,30.78,30.83,30.55,30.65,30.58,30.36,30.55,30.38,30.01,30.41,30.16,30.18,30.01,30.08,30.24,29.81,30.16,30.09,29.81,29.84,29.89,29.81,30.41,29.84,29.76,30.24,30.04,30.01,30.26,30.13,30.38,30.61,30.45,30.53,30.65,30.82,30.66,30.98,30.92,31.15,31.02,31.1,31.32,31.56,31.72,31.98,31.98,32.51,32.2,32.57,32.77,32.78,33.19,33.02,33.1,32.94,32.62,32.62,32.51,32.14,32.23,32.26,32.36,32.31,32.6,32.4,32.43,32.68,32.62,32.77,32.68,33.02,32.7,33.15,32.99,33.12,32.9,32.82,32.77,33.02,32.62,32.68,32.51,32.65,32.6,32.77,32.87,33.07,32.77,32.9,33.1,32.48,32.53,32.73,32.65,33.19,32.99,33.07,33.1,33.04,32.95,33.24,33.37,33.27,33.54,33.66,33.57,33.78,33.91,33.86,33.91,34.08,34.01,34.41,34.18,33.86,33.27,33.74,33.32,33.54,33.86,33.83,33.61,33.54,34.1,33.78,33.66,33.57,33.54,33.27,32.77,32.01,28.56,24.95,24.02,23.69,23.45,23.64,23.06
22.63,22.78,22.81,22.88,22.63,22.81,22.85,23.06,23.08,23.38,23.6,24.95,28.31,29.44,29.87,30.04,30.36,30.46,30.45,30.38,30.45,30.53,30.55,30.46,30.53,30.5,30.53,30.29,30.41,30.26,30.33,30.16,30.13,29.98,30.18,30.33,30.29,29.98,30.08,30.01,30.04,29.96,30.13,30.09,30.04,30.18,30.01,30.09,30.18,30.13,30.33,30.45,30.26,30.29,30.53,30.7,30.78,30.73,31.07,31.24,31.1,31.32,31.4,31.35,31.61,31.66,31.91,32.31,32.36,32.45,32.77,33.07,33.07,33.15,33.02,32.94,32.9,32.48,32.65,32.53,32.45,32.06,32.28,32.18,32.14,31.98,31.94,32.35,32.31,32.65,32.7,32.7,32.9,33.02,32.95,32.65,32.7,33.04,32.85,32.85,32.78,32.65,32.85,32.43,32.6,32.7,32.78,33.02,32.7,32.82,32.94,32.78,32.6,32.68,32.85,32.87,33.02,33.2,33.04,33.12,32.78,32.9,33.15,33.27,33.27,33.71,33.54,33.49,33.71,33.69,33.61,33.71,33.96,34.25,34.38,34.08,33.61,33.62,33.46,33.78,33.74,33.32,33.46,33.78,33.62,33.57,33.44,33.69,33.49,33.66,33.44,33.07,32.6,29.89,25.79,24.56,23.69,23.57,23.54,23.15
23.08,22.93,22.69,22.78,22.96,22.61,23.03,23.08,23.11,22.93,23.64,26.34,28.76,29.72,29.87,29.96,29.96,30.46,30.04,30.18,30.29,30.75,30.61,30.46,30.65,30.36,30.26,30.36,30.26,30.29,30.13,30.08,30.16,30.18,30.33,30.09,30.16,30.04,29.84,30.18,30.29,29.76,29.89,30.01,30.01,30.33,30.36,30.26,30.36,30.5,30.21,30.16,30.73,30.41,30.73,30.61,30.82,30.92,31.03,31.15,31.29,31.44,31.61,31.94,31.83,31.89,32.14,32.48,32.85,32.9,33.04,33.07,32.9,33.2,32.95,32.99,33.04,32.85,32.53,32.51,32.28,32.31,32.18,32.01,32.09,32.36,32.35,32.4,32.53,32.62,32.51,32.99,32.78,33.07,33.04,33.12,33.1,32.87,32.94,32.87,33.02,32.78,32.9,32.48,32.85,32.6,32.85,32.73,32.87,32.73,32.68,32.82,32.87,32.94,32.57,33.02,33.2,32.94,33.04,32.78,33.27,32.99,33.02,33.27,33.54,33.57,33.29,33.32,33.61,33.86,33.66,33.99,34.04,34.26,34.47,34.41,33.88,33.79,33.66,33.32,33.86,33.44,33.62,33.66,33.86,33.41,33.83,33.52,33.52,33.66,33.41,33.24,32.73,31.29,27.0,24.44,23.6,23.48,23.18,23.15
22.88,22.96,22.96,22.85,22.76,22.78,22.91,23.06,23.18,23.03,23.82,27.23,29.19,29.52,30.13,29.87,30.13,30.24,30.45,30.46,30.61,30.45,30.75,30.41,30.87,30.41,30.65,30.24,30.65,30.26,30.18,30.26,29.96,30.38,30.58,30.13,30.16,30.21,30.26,30.33,30.18,30.08,30.18,30.26,30.01,30.41,30.09,30.61,30.33,30.5,30.55,30.75,30.73,30.75,30.7,30.92,31.07,30.82,31.56,31.12,31.39,31.57,31.66,32.03,32.01,32.26,32.62,32.7,32.99,32.82,32.95,33.07,33.12,32.95,32.82,32.94,33.07,32.78,32.62,32.48,32.4,32.57,32.2,32.14,32.36,32.18,32.51,32.35,32.7,32.48,32.62,32.78,32.94,33.04,33.12,32.94,33.1,33.15,33.07,33.29,32.78,33.1,33.19,32.65,32.62,32.78,32.9,32.78,32.82,32.77,32.73,32.77,32.95,32.85,32.87,33.15,32.87,33.1,33.07,33.12,33.24,33.29,33.57,33.19,33.61,33.62,33.27,33.46,33.91,33.69,33.91,33.79,33.93,33.99,34.41,34.21,33.93,33.74,33.61,33.52,33.57,33.57,33.66,33.62,33.69,33.37,33.37,33.29,33.46,33.44,33.66,33.32,32.87,31.69,27.92,24.68,23.97,23.33,23.54,23.06
22.66,22.96,23.08,23.03,23.0,22.69,23.15,23.18,23.18,23.69,24.75,28.04,29.24,29.93,29.89,29.84,30.5,30.21,30.38,30.33,30.83,30.38,30.65,30.82,30.41,30.73,30.24,30.73,30.41,30.53,30.21,30.65,30.24,30.18,30.33,30.65,30.5,30.21,30.13,30.16,30.33,30.13,30.24,30.38,30.16,29.93,30.53,30.36,30.53,30.58,30.45,30.75,30.82,30.9,30.92,30.98,30.95,31.19,31.52,31.74,31.72,31.83,31.69,32.09,32.14,32.62,32.87,32.6,32.94,32.9,33.37,33.07,32.99,33.1,32.87,32.95,32.94,32.73,32.51,32.4,32.53,32.4,32.28,32.43,32.35,32.23,32.36,32.26,32.62,32.28,32.53,32.53,32.95,32.99,33.1,32.9,33.15,33.32,33.27,33.15,33.15,33.07,32.9,32.99,33.15,32.94,32.73,33.1,32.95,32.6,32.99,32.85,32.73,32.9,32.87,33.07,33.52,33.15,33.29,33.54,33.02,33.27,33.44,33.19,33.32,33.66,33.54,33.74,34.1,33.93,33.91,33.88,34.04,34.08,34.16,34.18,34.13,33.88,33.69,33.54,33.93,33.57,33.74,33.49,33.52,33.62,33.69,33.57,33.46,33.71,33.49,33.29,33.1,32.35,29.2,25.22,23.97,23.48,23.37,23.48
22.76,22.76,22.73,22.69,22.93,23.11,23.03,23.23,22.96,23.3,25.17,28.6,29.49,29.67,30.04,29.96,30.41,30.24,30.41,30.65,30.58,30.75,30.82,30.73,30.46,30.46,30.29,30.66,30.75,30.53,30.61,30.61,30.46,30.5,30.46,30.38,30.38,30.29,30.53,30.46,30.18,30.53,30.24,30.24,30.29,30.26,30.46,30.46,30.66,30.55,30.78,30.82,30.9,30.9,31.07,31.19,31.19,31.29,31.52,31.72,31.77,32.18,32.18,32.35,32.48,32.7,33.15,33.02,32.87,33.07,33.1,33.04,32.78,32.87,33.04,32.87,32.65,32.6,32.65,32.43,32.4,32.51,32.23,32.26,32.28,32.36,32.43,32.23,32.36,32.45,32.62,32.65,32.9,32.9,33.19,33.41,33.32,33.29,33.12,33.32,33.36,33.15,33.32,33.37,33.2,32.94,32.85,33.32,33.07,33.02,33.02,33.07,32.87,33.04,32.95,32.9,33.15,32.99,33.24,33.29,33.74,33.54,33.52,33.44,33.66,33.54,33.86,33.79,33.78,33.78,33.71,33.88,33.93,34.18,34.13,34.33,34.21,34.16,33.91,33.74,33.79,33.78,34.08,33.62,33.52,33.57,33.49,33.41,33.62,33.37,33.24,33.44,32.87,32.31,29.49,25.49,23.87,23.94,23.37,23.23
22.81,22.88,22.76,22.66,22.78,22.88,23.18,23.38,23.11,23.38,25.67,28.75,29.15,29.69,29.98,29.98,30.18,30.18,30.45,30.65,30.66,30.78,30.58,30.73,30.18,30.46,30.82,30.55,30.65,30.66,30.45,30.45,30.21,30.46,30.5,30.66,30.61,30.46,30.45,30.82,30.7,30.58,30.7,30.65,30.41,30.58,30.38,30.73,30.9,30.73,31.07,30.5,31.07,30.92,31.1,31.24,31.44,31.39,31.66,31.72,31.91,32.01,32.28,32.6,32.68,32.73,32.87,33.12,33.15,33.29,33.27,33.44,32.78,33.02,32.95,32.85,32.62,32.68,32.43,32.48,32.48,32.01,32.35,32.28,32.28,32.09,32.26,32.57,32.35,32.78,32.7,32.85,33.04,33.1,33.02,33.07,33.27,33.2,33.44,33.52,33.32,33.44,33.24,33.2,33.12,33.19,33.15,32.95,33.07,33.02,33.1,33.04,32.78,33.19,33.02,33.36,33.2,33.27,33.27,33.07,33.36,33.37,33.49,33.54,33.52,33.83,33.74,33.78,33.78,33.79,33.69,34.01,33.91,34.13,34.08,34.18,34.35,34.1,34.08,33.71,33.88,33.46,33.66,33.69,34.01,33.62,33.46,33.57,33.49,33.37,33.44,33.61,33.07,32.51,29.89,25.44,23.97,23.45,23.69,22.93
22.66,22.78,22.78,22.81,22.76,23.0,22.85,23.3,23.52,23.72,26.26,28.92,29.49,29.67,29.81,30.36,30.18,30.29,30.53,30.83,30.41,30.87,30.55,30.7,31.07,31.02,30.61,30.73,30.7,30.5,30.75,30.73,30.46,30.73,30.65,30.73,30.7,30.87,30.73,30.53,30.7,30.58,30.38,30.46,30.82,30.46,30.38,30.9,30.7,30.78,31.1,30.9,31.29,31.27,31.35,31.44,31.57,31.77,31.91,32.09,32.11,32.23,32.48,32.6,32.65,33.1,33.07,33.07,33.24,33.19,33.02,33.24,32.82,32.87,32.77,32.99,32.68,32.6,32.7,32.36,32.51,32.51,32.31,32.45,32.23,32.06,32.28,32.45,32.28,32.53,32.48,32.78,32.87,32.99,32.95,33.1,33.19,33.2,33.29,33.41,33.41,33.66,33.62,33.07,33.46,33.2,33.19,33.2,33.32,33.24,33.2,33.27,33.1,32.9,33.2,33.2,33.52,33.2,33.57,33.02,33.41,33.2,33.57,33.79,33.71,33.61,33.74,33.91,33.83,33.88,33.86,33.88,34.21,34.04,34.04,33.96,34.21,34.13,34.16,34.13,33.91,33.99,33.99,33.93,34.08,33.54,33.91,33.62,33.52,33.29,33.04,33.27,33.04,32.18,30.01,25.44,24.36,23.57,23.38,23.27
22.85,22.78,22.88,22.73,22.96,22.96,22.96,23.23,23.22,24.02,27.02,28.66,29.61,29.87,29.93,30.01,30.21,30.04,30.7,30.7,30.73,30.46,30.58,30.82,30.82,30.87,30.78,30.75,30.5,30.98,30.73,30.9,30.82,31.02,30.78,30.95,30.7,30.87,30.46,30.58,30.24,30.87,31.02,30.83,30.53,30.46,30.65,30.66,30.95,30.98,31.19,31.19,31.03,31.39,31.72,31.44,32.01,31.91,32.35,32.28,32.26,32.51,32.6,33.02,32.82,33.04,32.94,33.07,33.07,33.12,32.94,33.2,32.7,32.87,32.62,32.65,32.73,32.48,32.35,32.51,32.53,32.35,32.31,32.01,32.14,32.28,32.4,32.31,32.43,32.57,32.62,32.77,32.78,32.73,32.73,33.19,33.2,33.2,33.41,33.37,33.52,33.74,33.49,33.66,33.69,33.66,33.49,33.83,33.27,33.24,33.12,32.94,32.95,33.32,33.37,33.32,33.36,33.12,33.24,33.27,33.52,33.24,33.29,33.46,33.41,33.52,33.57,34.04,34.18,33.83,33.88,33.96,33.91,34.16,33.99,33.99,34.26,34.35,34.01,33.93,34.08,33.83,33.78,34.1,33.88,33.61,33.46,33.57,33.52,33.49,33.1,33.07,32.7,32.35,29.59,25.44,24.26,23.33,23.54,23.06
22.78,22.96,23.03,22.73,22.91,23.08,23.08,23.18,23.33,23.6,27.02,29.07,29.49,29.52,29.77,29.87,30.33,30.13,30.61,30.65,30.78,30.9,30.87,31.07,31.1,31.2,31.12,31.02,30.98,30.9,30.78,30.9,30.95,30.83,30.66,30.82,30.78,30.87,30.66,30.87,31.07,31.03,30.92,30.92,30.95,30.92,30.7,30.98,30.9,31.32,31.29,31.2,31.49,31.66,31.66,32.23,31.81,31.94,32.31,32.51,32.73,32.68,32.87,33.07,33.04,32.78,32.95,33.24,32.94,32.85,32.95,33.02,32.77,32.87,32.82,32.82,32.85,32.77,32.36,32.51,32.2,32.31,32.09,32.01,32.14,32.14,32.36,32.35,32.35,32.48,32.62,32.73,32.7,32.85,33.02,32.82,32.9,33.04,33.29,33.71,33.36,33.69,33.66,33.71,33.57,33.62,33.49,33.86,33.54,33.32,33.54,33.37,33.44,33.29,33.29,33.52,33.19,33.61,33.29,33.19,33.27,33.54,33.61,33.62,33.36,33.61,33.86,33.88,33.66,33.96,34.01,33.86,34.21,33.99,34.43,34.25,34.41,34.25,34.13,34.21,34.04,34.01,34.26,33.83,33.83,33.83,34.01,33.44,33.71,33.24,33.04,33.04,32.82,32.23,29.32,25.01,24.11,23.45,23.0,23.15
22.78,23.0,23.18,22.81,22.88,22.85,23.08,23.22,23.23,23.87,26.7,28.92,29.2,29.77,29.84,29.98,30.41,30.7,30.82,30.41,30.65,30.9,31.03,31.15,31.02,31.07,31.03,31.12,31.02,30.92,31.2,31.1,30.95,31.27,30.82,30.83,31.03,31.02,31.07,30.95,31.02,30.95,30.92,30.83,30.92,30.7,30.82,31.29,31.1,31.15,31.15,31.27,31.66,32.09,31.89,32.23,32.23,32.18,32.62,32.94,32.99,33.12,33.04,32.7,33.07,33.24,33.04,33.07,33.1,32.95,32.95,32.78,32.9,33.15,32.73,32.65,32.62,32.35,32.43,32.51,32.18,32.26,32.2,32.43,32.06,32.26,32.18,32.4,32.53,32.43,32.62,32.57,32.85,32.82,32.82,33.12,33.27,33.12,33.1,33.46,33.19,33.66,33.62,33.57,33.52,33.79,33.83,33.74,33.71,33.79,33.57,33.49,33.32,33.27,33.37,33.36,33.69,33.54,33.29,33.36,33.52,33.52,33.46,33.71,33.66,33.62,33.52,33.99,33.99,34.18,34.04,34.13,34.13,34.1,34.18,34.08,34.16,34.13,34.33,34.41,33.93,34.26,34.08,34.26,34.25,33.99,34.01,33.66,33.44,33.2,33.07,32.7,32.53,31.35,28.04,25.05,24.11,23.72,23.11,22.91
22.81,22.78,22.76,23.11,22.78,22.93,22.85,22.96,23.38,23.57,26.81,28.8,29.35,29.61,29.72,30.08,30.5,30.41,30.58,30.92,30.75,30.92,30.95,31.1,31.27,31.07,30.98,31.4,31.27,31.15,31.32,31.07,31.32,31.02,30.98,31.12,31.1,31.24,31.2,31.1,31.29,31.2,31.39,31.03,30.9,31.07,31.07,31.07,31.19,31.24,31.57,31.24,31.69,31.72,32.06,32.35,32.48,32.68,32.7,32.85,33.36,33.07,33.02,33.32,32.68,32.99,32.87,32.94,32.85,32.87,32.7,32.78,32.85,32.6,32.48,32.73,32.4,32.36,32.6,32.35,32.4,32.06,32.11,32.09,32.11,32.03,32.35,32.51,32.6,32.62,32.48,32.85,32.85,32.82,32.9,32.95,32.94,33.27,33.36,33.24,33.54,33.57,33.61,33.71,33.66,33.78,33.79,33.79,33.86,33.93,33.57,33.79,33.61,33.61,33.41,33.52,33.74,33.15,33.57,33.54,33.69,33.46,33.27,33.46,33.88,33.71,33.79,33.62,33.88,33.86,33.79,34.04,34.25,33.96,34.21,34.04,34.13,34.26,34.1,34.25,33.93,34.16,34.43,33.79,34.21,34.01,33.49,33.49,33.41,32.99,32.99,32.51,32.2,31.15,27.25,24.39,23.91,23.54,23.42,22.96
22.58,22.78,22.85,22.88,23.08,22.93,22.88,23.45,23.38,23.67,26.07,28.92,29.12,29.52,29.76,30.13,30.41,30.5,30.78,30.66,31.07,30.87,31.02,31.12,31.15,31.61,31.81,31.47,31.44,31.35,31.2,31.1,31.47,31.19,31.2,31.29,31.2,31.27,31.35,31.27,31.07,31.15,31.03,31.02,31.27,31.27,31.4,31.32,31.32,31.57,31.77,31.69,32.2,32.28,32.23,32.45,32.53,32.94,33.12,33.07,33.36,33.12,33.29,33.1,33.12,32.94,33.12,33.2,33.02,32.94,32.87,32.82,32.78,32.82,32.6,32.45,32.62,32.23,32.18,32.28,32.14,32.06,32.06,31.77,32.18,32.2,32.2,32.45,32.43,32.35,32.62,33.1,32.65,32.7,32.94,33.15,33.12,33.27,33.27,33.04,33.44,33.57,33.78,33.57,33.57,33.96,34.18,34.1,33.93,34.21,34.08,34.18,33.91,33.96,33.91,33.66,33.88,34.04,33.66,33.66,33.66,33.74,33.83,33.71,33.71,33.57,33.78,33.88,33.83,33.91,33.88,33.99,34.3,34.35,34.21,34.33,34.21,34.18,33.88,34.13,34.1,33.93,34.38,34.04,33.69,33.66,33.24,33.2,33.62,33.32,32.95,32.31,31.77,30.41,26.31,24.63,23.84,23.67,23.15,23.22
22.88,22.66,23.11,23.08,23.11,22.93,23.22,23.0,23.52,23.69,25.57,28.56,29.15,29.56,30.04,29.96,30.29,30.41,30.58,30.98,30.92,31.02,30.95,31.29,31.19,31.44,31.47,31.47,31.69,31.66,31.44,31.35,31.24,31.29,31.19,31.2,31.39,31.24,31.19,31.47,31.24,31.1,31.44,31.4,30.98,31.52,31.39,31.35,31.57,31.91,31.94,32.01,32.28,32.26,32.68,32.94,33.27,32.7,33.27,33.24,33.04,32.95,32.99,33.1,32.85,33.36,32.85,32.77,32.82,33.07,32.78,32.85,32.51,32.77,32.78,32.65,32.62,32.4,32.18,32.06,32.18,31.94,31.83,32.01,32.28,32.18,31.98,32.45,32.43,32.65,32.57,32.82,32.94,32.85,33.15,32.95,33.04,33.12,33.2,33.36,33.44,33.74,33.83,33.83,33.79,33.96,33.99,34.1,34.21,34.43,34.16,34.18,34.26,34.01,34.3,34.13,34.08,33.91,33.66,33.86,33.96,33.88,33.83,33.86,33.88,33.86,33.74,33.86,33.86,33.79,33.96,33.96,34.01,34.04,34.3,34.57,34.16,34.13,34.33,34.04,34.13,34.21,34.43,34.25,34.08,33.37,33.02,32.78,33.19,33.24,32.65,32.57,31.86,28.87,24.9,24.33,23.54,23.48,23.15,23.03
22.73,23.18,22.76,22.81,22.63,23.08,22.96,22.93,23.18,23.38,24.71,28.04,29.24,29.87,29.84,30.26,30.45,30.66,30.92,30.9,30.92,30.9,30.53,30.55,31.07,31.1,31.44,32.03,32.03,31.49,31.44,31.66,31.39,31.27,31.39,31.07,31.39,31.2,31.49,31.44,31.39,31.39,31.49,31.15,31.47,31.64,31.69,31.69,32.01,31.98,32.35,32.43,32.48,32.68,33.1,33.2,33.15,33.49,33.24,33.37,33.12,33.02,33.1,32.95,32.82,33.15,32.82,32.77,32.9,32.94,32.73,32.77,32.26,32.87,32.57,32.4,32.68,32.18,32.01,32.11,32.01,31.81,31.69,32.03,32.23,32.06,32.26,32.09,32.43,32.7,32.6,32.68,32.68,32.9,32.9,32.9,33.1,33.1,33.27,33.24,33.29,33.54,33.69,33.83,33.69,34.1,33.99,33.93,34.21,34.38,34.6,34.3,34.3,34.26,34.04,34.13,33.96,33.86,33.99,34.21,33.96,34.08,33.78,33.78,33.78,33.69,33.74,33.91,33.96,33.99,33.88,33.88,33.91,34.13,34.26,34.21,34.01,34.01,34.04,34.3,34.1,33.88,34.26,33.91,33.32,32.94,32.87,32.65,33.02,32.82,32.6,32.18,30.73,27.02,24.59,23.91,23.6,23.3,23.27,22.96
22.78,22.78,22.91,23.06,23.15,22.93,23.18,22.88,23.27,23.27,24.48,27.49,29.08,29.4,29.96,29.96,30.53,30.36,30.75,31.19,30.87,31.1,30.33,30.46,30.53,31.1,31.47,31.49,31.66,31.64,31.47,31.4,31.2,31.56,31.35,31.27,31.35,31.47,31.19,31.4,31.39,31.57,31.52,31.56,31.69,31.64,31.98,31.94,31.86,32.4,32.48,32.6,32.82,33.36,33.52,33.54,33.19,33.32,33.29,33.36,33.1,33.32,32.99,33.37,33.1,32.82,32.78,32.82,32.77,32.82,32.85,33.07,32.6,32.51,32.36,32.26,32.28,32.06,32.2,32.06,32.2,32.09,31.94,32.06,32.03,32.2,32.09,32.09,32.4,32.26,32.53,32.57,32.4,32.82,33.02,32.7,33.1,33.07,33.15,33.19,33.1,33.69,33.49,33.66,33.88,33.83,33.99,34.3,34.57,34.25,34.47,34.41,34.57,34.55,34.63,34.3,34.35,34.1,34.04,34.21,34.35,34.21,34.1,34.25,33.91,33.83,34.16,34.1,34.1,33.96,33.93,34.04,33.88,34.3,34.38,34.08,34.1,33.93,33.99,34.21,34.25,34.25,34.1,33.86,33.36,33.12,32.35,32.77,32.78,32.43,32.26,31.44,28.88,25.33,24.59,23.87,23.23,23.15,23.52,22.96
22.78,23.42,22.91,22.96,23.08,22.88,23.06,22.85,23.03,23.06,23.72,26.53,28.92,29.47,29.96,29.96,30.45,30.75,31.1,31.07,30.95,30.9,31.02,30.7,30.5,30.87,31.27,31.56,31.86,31.74,31.66,31.52,31.61,31.57,31.2,31.49,31.52,31.39,31.49,31.39,31.49,31.27,31.57,31.44,31.69,31.66,32.09,32.14,32.4,32.94,32.82,33.1,33.41,33.24,33.37,33.46,33.2,33.32,32.99,32.78,33.04,33.2,33.07,32.85,32.94,32.95,32.78,32.77,32.78,32.78,32.53,32.68,32.45,32.7,32.48,32.23,32.01,31.94,32.14,32.01,31.57,31.89,31.91,31.66,32.18,31.83,31.94,32.36,32.4,32.53,32.45,32.78,32.73,32.99,32.99,32.9,32.95,33.24,33.07,33.37,33.71,33.61,33.62,33.69,33.79,33.86,33.96,34.33,34.38,34.25,34.68,34.38,34.63,34.55,34.63,34.57,34.55,34.25,34.1,34.33,34.41,34.3,34.25,34.04,33.91,34.16,33.79,33.91,33.96,34.04,34.16,33.99,34.13,33.88,34.08,33.91,33.99,33.91,34.26,34.13,34.35,33.88,34.43,33.79,33.46,32.94,32.9,32.65,32.82,32.6,32.14,30.41,27.0,24.8,24.14,23.6,23.67,23.0,23.08,22.81
22.69,22.78,22.78,22.91,23.15,23.03,23.0,23.33,22.91,22.96,23.64,25.4,28.56,29.12,29.72,30.13,30.33,30.53,30.83,31.02,31.12,31.49,31.12,30.73,30.5,30.87,31.35,31.61,31.29,31.56,31.56,31.56,31.57,31.66,31.32,31.24,31.35,31.29,31.52,31.72,31.56,31.49,31.72,31.81,31.91,32.09,32.35,32.6,32.85,33.19,33.46,33.44,33.36,33.15,33.46,33.41,33.24,33.36,33.15,33.1,33.1,32.99,32.77,33.07,32.9,33.15,32.9,32.85,32.78,32.73,32.7,32.51,32.57,32.43,32.09,32.31,32.06,32.06,31.94,31.89,31.94,31.72,32.03,31.69,31.86,32.01,32.14,32.09,32.43,32.35,32.45,32.68,32.85,32.6,32.85,32.6,33.07,32.87,33.29,33.19,33.32,33.49,33.41,33.88,33.91,33.91,33.88,34.38,34.16,34.57,34.48,34.41,34.43,34.55,34.73,34.65,34.6,34.41,34.48,34.21,34.33,34.18,34.21,34.1,33.96,33.93,34.1,34.13,33.96,34.16,33.99,33.99,33.96,33.83,34.01,34.1,33.91,33.99,34.01,34.13,33.96,34.08,33.88,33.93,33.37,33.15,32.85,32.85,32.62,32.28,31.1,28.34,25.1,24.26,24.09,23.57,23.27,23.52,23.23,23.27
22.78,22.91,22.85,22.88,22.54,23.08,23.0,23.08,22.91,23.18,23.48,24.06,27.64,28.98,29.56,29.98,30.21,30.53,30.61,30.83,30.9,31.32,31.52,31.27,31.4,31.98,31.57,31.69,31.61,31.64,31.52,31.66,31.64,31.4,31.61,31.77,31.61,31.4,31.49,31.39,31.89,31.61,31.98,32.18,32.06,32.35,32.77,33.07,33.1,33.57,33.24,33.46,33.27,33.24,33.44,33.19,32.68,33.12,33.19,33.07,33.1,33.04,33.1,33.02,33.04,32.73,33.12,32.95,32.85,32.87,32.77,32.57,32.35,32.48,32.2,32.2,32.31,32.09,31.89,31.94,31.83,31.77,31.72,32.03,31.81,32.28,32.23,31.98,32.23,32.45,32.48,32.77,32.62,32.62,32.9,32.87,33.15,33.1,32.82,33.2,33.44,33.36,33.44,33.78,33.74,33.83,34.18,34.38,34.26,34.33,34.55,34.63,34.65,34.52,34.77,34.72,34.82,34.77,34.82,34.85,34.26,34.3,34.3,34.38,34.16,34.3,34.18,34.25,34.1,34.21,33.79,33.96,34.1,34.08,34.04,34.25,33.96,33.88,34.25,34.04,34.18,33.88,34.08,33.66,33.79,33.37,33.04,32.94,32.51,31.74,29.29,26.07,24.86,23.75,23.6,23.52,23.27,23.0,23.33,22.81
22.46,22.78,22.91,22.63,23.03,22.63,23.22,23.06,22.78,23.18,23.23,23.82,25.64,28.46,29.15,29.52,30.24,30.66,30.75,31.07,31.27,30.98,31.39,31.44,31.66,31.74,31.56,31.77,31.74,31.56,31.64,31.44,31.64,31.24,31.66,31.56,31.61,31.72,31.57,31.74,31.77,31.77,32.26,32.23,32.7,32.95,33.07,33.29,33.24,33.57,33.2,33.24,33.41,33.04,33.19,33.2,33.02,33.15,33.12,33.07,33.1,33.15,33.15,32.87,33.04,32.87,32.94,32.73,32.85,32.65,32.7,32.53,32.53,32.48,32.11,32.11,32.2,31.72,31.91,31.74,31.81,31.81,32.01,31.83,32.18,32.01,32.4,32.43,32.45,32.14,32.31,32.45,32.6,32.68,32.85,32.68,33.2,33.2,33.02,33.15,33.36,33.61,33.71,33.54,33.69,33.74,33.86,34.16,34.26,34.26,34.35,34.43,34.47,34.3,34.77,34.85,34.68,34.85,35.02,34.89,35.02,34.52,34.52,34.48,34.18,34.13,33.83,33.86,34.04,33.86,34.08,34.16,34.08,33.93,34.08,34.01,33.99,33.79,34.18,34.01,34.08,33.88,33.71,33.61,33.44,33.49,32.82,32.77,31.83,29.32,26.58,25.07,23.94,24.24,23.57,23.37,23.22,23.22,22.63,22.81
22.93,22.93,22.78,22.78,23.11,23.03,22.66,23.03,22.93,23.27,22.96,23.57,24.33,26.92,28.83,29.4,30.01,30.38,30.87,30.87,31.02,31.12,31.47,31.19,31.64,31.64,31.66,31.57,31.74,31.64,31.69,31.56,31.86,31.64,31.77,31.57,31.49,31.49,31.86,31.72,31.86,32.14,32.36,32.7,33.04,32.95,33.19,33.61,33.04,33.2,32.95,33.04,33.12,33.15,33.27,33.52,33.36,32.99,32.95,32.85,32.7,33.12,32.78,32.82,32.85,32.77,32.9,32.77,32.65,32.77,32.48,32.62,32.36,32.43,32.14,32.01,32.03,31.86,31.89,32.01,31.74,31.74,31.86,31.91,31.89,32.01,32.26,32.53,32.45,32.26,32.48,32.51,32.68,32.43,32.7,33.1,32.94,33.15,32.99,33.15,33.19,33.61,33.49,33.79,33.57,33.78,33.96,34.18,34.33,34.21,34.3,34.35,34.3,34.48,34.52,34.73,34.94,34.8,35.04,34.99,35.12,34.68,34.63,34.52,34.3,34.3,34.04,34.08,34.08,33.88,34.1,33.88,34.13,33.83,33.86,34.01,33.78,33.86,34.01,34.01,33.86,33.93,33.74,33.49,33.62,33.27,32.53,31.98,29.49,26.61,25.22,24.39,23.57,23.57,23.54,22.88,23.23,23.23,22.93,23.18
22.93,22.81,22.78,22.93,22.93,22.78,22.93,22.91,22.96,22.73,23.23,23.42,23.69,24.71,27.79,29.27,29.59,30.29,30.75,30.92,31.07,31.27,31.52,31.74,31.72,31.74,31.49,31.52,31.72,31.86,31.64,32.06,31.74,31.49,31.66,31.61,31.72,31.98,31.74,32.28,32.09,32.31,32.7,33.1,33.1,33.19,33.2,33.12,33.15,33.2,33.2,33.07,33.41,32.85,33.19,33.15,32.94,33.07,32.95,32.82,32.78,32.99,32.65,32.7,32.7,32.99,32.62,32.78,32.9,32.65,32.36,32.53,32.36,32.09,32.09,32.28,32.26,31.74,31.91,31.94,31.74,31.83,31.69,31.91,32.01,32.18,32.2,32.26,32.48,32.62,32.57,32.48,32.73,32.77,32.94,32.9,32.73,33.32,33.12,33.41,33.1,33.32,33.79,33.66,33.69,33.74,33.88,33.99,34.21,34.35,34.25,34.33,34.25,34.48,34.77,34.63,34.57,34.85,34.94,34.82,34.77,35.07,34.82,34.35,34.35,34.25,34.16,34.13,34.25,34.21,34.16,33.83,33.78,34.16,34.01,33.74,33.91,33.66,33.83,33.83,33.74,33.49,33.57,33.2,33.04,32.45,31.57,29.19,26.31,25.07,24.29,23.87,23.48,23.33,23.23,23.18,23.06,23.54,23.3,23.03
22.73,22.48,22.73,22.88,22.76,22.76,22.96,23.11,22.96,23.0,23.08,23.38,23.52,23.91,25.49,28.24,29.32,29.96,30.55,31.02,31.1,31.2,31.24,31.27,31.47,31.66,31.77,31.83,31.72,31.69,31.47,31.61,31.56,31.66,31.74,32.06,31.77,32.23,32.26,32.43,32.57,33.02,33.15,33.12,33.15,33.27,33.07,33.27,33.12,32.87,33.02,32.95,33.19,33.12,32.87,33.04,32.82,32.65,33.02,33.2,32.78,32.82,32.99,32.82,32.7,32.73,32.51,32.51,32.73,32.6,32.35,32.36,32.31,32.28,31.98,31.86,32.26,31.83,32.03,31.89,31.72,31.77,31.86,31.98,32.2,32.14,32.14,32.51,32.53,32.43,32.65,32.6,32.51,32.6,32.87,32.57,32.68,32.95,33.02,33.19,33.27,33.27,33.32,33.37,33.62,33.96,33.93,34.18,34.08,33.91,34.21,33.99,34.26,34.16,34.55,34.48,34.8,34.72,35.02,34.65,34.85,34.89,35.07,34.77,34.8,34.55,34.6,34.16,34.1,34.21,33.91,33.69,33.96,33.91,33.78,33.96,33.79,33.88,33.96,33.79,33.66,33.37,33.32,32.7,32.03,30.65,28.08,26.23,24.68,24.36,23.82,23.64,23.27,23.45,23.11,23.38,23.37,23.23,23.06,22.91
22.93,22.85,22.61,22.81,22.81,22.93,23.08,23.03,22.85,22.93,22.91,23.08,23.18,23.48,24.14,26.07,28.6,29.69,30.26,30.7,31.12,31.15,31.39,31.35,31.61,31.57,31.81,31.69,31.94,31.86,31.77,32.03,31.81,31.86,31.81,32.01,32.11,32.31,32.65,33.15,33.27,33.12,33.2,32.94,33.15,32.94,32.77,33.27,32.9,32.9,32.95,32.73,33.19,32.82,33.19,32.68,32.65,32.73,32.9,32.99,32.78,32.62,32.77,32.53,32.87,32.65,32.78,32.45,32.73,32.35,32.6,32.2,32.26,32.11,31.94,32.14,32.03,31.91,32.11,31.74,31.81,31.81,32.06,32.01,31.83,31.98,32.14,32.18,32.18,32.62,32.45,32.78,32.65,32.57,32.62,32.9,32.99,32.95,33.07,33.2,33.04,33.24,33.37,33.49,33.79,33.79,33.62,33.93,33.71,34.04,33.91,34.1,34.21,34.3,34.21,34.48,34.63,34.43,34.73,34.8,34.72,34.99,35.04,34.68,35.1,34.89,35.04,35.02,34.41,34.21,34.18,33.83,33.91,34.01,34.01,33.99,33.74,33.74,33.66,33.61,33.46,32.99,32.78,31.57,30.01,27.44,25.4,24.66,24.11,23.79,23.33,23.23,23.11,23.52,23.33,22.96,23.03,22.88,23.06,23.06
22.76,22.91,22.54,23.06,22.66,22.96,22.91,23.03,22.96,22.81,23.22,23.42,23.67,23.57,23.64,24.26,25.82,28.6,29.44,30.08,30.53,30.9,31.27,31.56,31.4,31.64,31.69,31.72,31.91,31.77,31.77,31.94,31.61,32.03,32.14,32.4,32.4,32.82,32.9,33.2,33.24,33.29,32.94,33.1,33.07,32.9,32.95,32.85,32.82,33.1,32.95,32.99,32.82,32.87,32.68,32.45,32.57,32.77,32.65,32.73,32.73,32.4,32.6,32.82,32.31,32.48,32.62,32.43,32.43,32.53,32.28,32.4,32.31,31.91,32.18,32.03,31.91,32.03,32.01,31.81,31.81,31.91,31.81,32.11,31.91,32.14,32.06,32.28,32.51,32.51,32.78,32.57,32.7,32.7,32.7,32.87,32.82,32.94,32.85,32.85,33.49,33.46,33.52,33.54,33.66,33.37,33.74,33.99,33.93,33.93,33.96,34.3,34.01,34.25,34.21,34.16,34.65,34.52,34.77,34.43,34.35,34.72,34.77,34.99,35.12,35.07,34.72,34.99,35.07,34.72,34.8,34.47,34.35,34.01,33.79,33.62,33.57,33.44,33.37,33.49,33.02,32.82,31.35,28.68,26.26,24.9,24.51,24.48,24.01,23.75,23.52,23.52,23.33,22.96,23.23,23.27,22.91,23.15,22.69,22.96
22.48,22.61,23.06,22.78,22.93,22.78,22.61,22.78,22.88,23.0,23.06,22.78,23.08,23.79,23.69,23.48,24.11,26.07,28.34,29.72,30.29,30.61,31.15,31.12,31.47,31.49,31.49,31.77,31.69,31.77,31.83,31.74,31.83,31.91,32.4,32.62,32.78,33.24,33.02,33.32,33.07,32.82,32.95,32.85,32.94,32.73,32.65,32.77,32.48,32.6,32.73,32.7,32.78,32.78,32.57,32.77,32.7,32.53,32.62,32.7,32.57,32.48,32.6,32.51,32.73,32.35,32.51,32.23,32.68,32.4,32.31,32.45,32.01,32.28,32.03,32.26,31.89,32.09,31.66,31.61,31.72,31.86,31.74,31.77,31.69,31.81,32.36,32.28,32.36,32.28,32.4,32.7,32.45,32.7,32.73,32.77,32.65,33.04,32.65,32.87,33.04,33.04,32.95,33.57,33.49,33.69,33.71,33.74,33.79,33.93,34.08,34.04,33.91,34.38,34.16,34.33,34.6,34.35,34.63,34.41,34.38,34.52,34.8,34.6,34.85,34.89,34.94,35.15,34.8,35.02,34.99,34.99,34.85,34.85,34.41,34.18,33.66,34.08,33.57,33.57,33.52,32.7,31.07,27.37,25.33,24.75,24.17,24.14,23.67,23.6,23.33,23.69,23.11,22.96,23.3,22.93,22.63,22.93,22.85,23.08
23.03,22.88,23.03,22.91,22.93,22.66,22.88,23.15,22.76,23.03,23.18,23.03,23.18,23.06,23.57,23.06,23.27,24.26,25.6,27.76,29.49,30.41,30.78,31.03,31.24,31.35,31.47,31.74,31.81,32.4,32.06,32.23,32.51,32.53,32.78,33.36,33.57,33.29,33.1,33.02,32.94,33.07,33.1,32.68,32.6,32.73,32.7,32.94,32.87,32.65,32.78,33.02,32.78,32.87,32.7,32.7,32.73,32.53,32.68,32.68,32.78,32.62,32.65,32.65,32.51,32.45,32.43,32.01,32.43,32.36,32.43,32.43,32.43,32.18,32.11,31.91,31.89,32.03,32.06,32.01,31.86,32.03,32.01,31.89,32.01,31.86,32.43,32.28,32.7,32.48,32.77,32.57,32.73,32.57,32.6,32.82,32.73,33.1,33.07,33.02,33.07,33.27,33.29,33.27,33.54,33.78,33.71,33.99,33.93,33.93,34.04,34.1,34.21,34.18,34.35,34.38,34.43,34.26,34.13,34.41,34.55,34.43,34.6,34.65,34.55,34.89,34.6,34.89,34.95,34.82,34.99,34.99,35.15,34.95,34.63,34.72,34.26,34.08,34.08,34.08,33.62,32.73,31.19,27.25,24.78,24.36,23.94,23.64,23.87,23.67,23.27,23.22,23.33,22.96,23.33,23.11,23.11,23.22,23.22,22.96
22.51,22.88,23.03,22.76,22.58,23.0,22.91,22.76,23.06,22.78,22.85,22.91,23.15,23.27,23.22,23.27,23.69,23.6,23.99,24.75,26.11,27.87,28.48,30.36,30.92,31.24,31.49,31.81,32.4,31.94,32.36,32.6,32.95,33.27,33.57,33.57,33.41,33.27,32.95,32.99,32.94,32.94,32.78,32.68,32.9,32.78,32.48,32.62,32.82,32.53,32.82,32.62,32.6,32.62,32.53,32.51,32.51,32.53,32.6,32.68,32.53,32.45,32.6,32.57,32.6,32.57,32.31,32.62,32.35,32.14,32.2,32.23,31.91,32.14,32.28,32.2,32.2,31.94,31.83,31.91,32.2,31.86,32.11,32.18,32.11,32.31,32.18,32.36,32.57,32.57,32.77,32.65,32.85,32.77,32.77,32.68,32.82,33.04,33.1,33.15,33.27,33.27,33.27,33.49,33.52,33.69,33.32,33.54,33.71,34.08,33.88,34.21,34.08,34.04,34.25,34.3,34.43,34.1,34.25,34.21,34.35,34.43,34.55,34.43,34.43,34.55,34.77,34.9,34.94,34.73,34.77,34.68,34.95,35.04,34.82,34.6,34.38,34.26,34.1,33.88,33.61,32.87,31.1,27.47,24.98,23.82,23.99,23.79,23.48,23.15,23.57,23.18,23.33,22.96,22.93,23.15,22.88,22.88,22.69,22.96
22.78,22.81,22.58,22.51,22.91,22.63,23.11,22.69,22.66,22.85,22.96,22.91,23.03,23.15,22.93,23.15,23.27,23.42,23.72,24.17,24.17,24.9,28.53,30.09,30.9,31.39,31.47,32.01,31.86,32.23,32.45,32.73,33.12,33.07,33.19,33.2,33.29,33.2,33.1,33.04,32.94,32.85,32.77,32.87,32.95,32.7,32.7,33.04,32.73,32.48,32.7,32.4,32.6,32.53,32.36,32.7,32.48,32.62,32.48,32.57,32.53,32.57,32.57,32.7,32.45,32.2,32.43,32.31,32.36,32.36,32.57,32.35,32.28,32.23,32.31,32.03,32.26,32.11,32.09,32.01,32.06,32.03,32.09,31.94,32.14,32.14,32.26,32.35,32.18,32.6,32.68,32.45,33.02,32.68,32.85,32.85,32.78,32.7,32.65,33.2,32.95,32.9,33.15,33.37,33.32,33.52,33.62,33.62,34.1,33.78,33.86,34.08,34.1,34.16,34.41,34.16,34.13,34.35,34.35,34.33,34.16,34.55,34.16,34.43,34.47,34.47,34.38,34.41,34.47,34.72,34.65,34.6,34.57,34.57,34.72,34.52,34.3,34.08,33.99,33.88,33.2,32.45,31.07,27.29,24.75,23.99,23.67,23.57,23.67,23.23,23.45,23.0,23.23,23.11,23.27,23.15,23.22,23.11,23.11,22.69
22.66,22.54,22.93,22.61,22.69,23.0,22.66,22.61,22.69,22.88,22.61,22.78,22.85,23.03,22.93,23.27,23.0,23.57,23.97,23.72,23.91,24.71,28.76,30.46,30.98,31.72,31.81,31.98,32.18,32.18,32.18,32.68,32.85,32.85,32.99,33.15,33.15,32.95,32.85,32.95,32.82,32.51,32.87,32.62,32.78,32.78,32.68,32.35,32.51,32.51,32.77,32.78,32.53,32.53,32.62,32.62,32.6,32.2,32.45,32.45,32.4,32.53,32.36,32.35,32.43,32.51,32.26,32.06,32.2,32.03,32.26,32.36,32.18,31.83,32.14,31.98,32.09,32.01,32.18,32.06,31.77,32.03,32.01,32.14,32.01,31.83,32.03,32.36,32.51,32.43,32.28,32.35,32.62,32.68,32.57,32.82,32.68,32.7,32.94,33.07,33.07,32.94,33.1,33.27,33.36,33.32,33.36,33.36,34.01,33.74,33.83,34.01,33.71,33.99,33.86,34.01,34.04,33.96,34.18,34.08,34.21,34.3,34.21,34.01,34.04,34.25,34.43,34.41,34.55,34.65,34.41,34.47,34.57,34.65,34.3,34.26,34.04,34.01,33.83,33.62,33.29,32.26,30.95,26.85,24.9,24.14,23.79,23.6,23.27,23.37,23.37,23.08,23.0,23.11,23.18,22.93,23.18,22.91,23.22,22.88
22.76,22.54,22.81,22.54,22.88,22.91,22.78,22.81,22.81,22.69,22.93,22.88,22.96,23.03,22.96,23.03,23.06,23.67,23.6,23.64,23.79,24.83,29.08,30.38,31.2,31.4,31.66,31.94,32.28,31.74,31.83,32.43,32.85,32.94,32.62,32.82,33.15,32.95,32.94,32.65,32.9,32.73,32.78,32.78,32.68,32.65,32.57,32.77,32.48,32.4,32.45,32.36,32.62,32.51,32.6,32.4,32.43,32.35,32.57,32.53,32.36,32.35,32.57,32.31,32.36,32.31,32.18,32.31,32.4,32.35,32.14,32.06,32.36,32.31,31.91,32.11,32.09,31.89,32.14,31.98,31.83,32.18,31.94,32.14,32.03,31.83,32.18,32.35,32.48,32.48,32.28,32.65,32.62,32.87,32.65,32.68,32.48,32.65,32.73,32.95,32.95,32.95,33.1,33.07,33.36,33.36,33.46,33.57,33.54,33.78,34.01,33.88,33.79,33.83,33.96,34.01,34.25,34.1,33.99,34.18,34.13,34.35,34.16,34.55,34.1,34.33,34.1,34.35,34.43,34.52,34.3,34.35,34.33,34.63,34.08,34.1,33.93,33.99,33.69,33.71,33.19,32.45,31.07,27.49,24.93,24.09,23.72,23.45,23.45,23.45,23.3,22.91,23.08,23.03,23.11,22.93,23.08,22.96,22.76,23.11
22.63,22.66,22.85,22.63,22.78,22.76,22.88,22.81,22.88,22.66,23.03,23.08,23.0,22.81,22.91,22.93,23.03,23.08,23.38,23.27,23.99,25.33,29.03,30.53,31.1,31.49,31.74,31.94,32.14,31.66,31.83,32.28,32.48,32.82,32.85,32.62,32.78,32.77,32.7,32.94,32.78,32.57,32.77,32.48,32.4,32.53,32.28,32.68,32.11,32.51,32.28,32.51,32.43,32.45,32.51,32.35,32.43,32.45,32.35,32.48,32.31,32.36,32.35,32.57,32.28,32.28,32.36,32.11,32.4,32.03,32.03,32.23,32.14,32.18,32.09,31.77,32.06,32.01,32.2,31.94,32.23,32.09,32.03,32.2,32.14,32.06,32.06,32.26,32.23,32.26,32.26,32.7,32.53,32.68,32.51,32.65,32.53,32.9,32.78,32.77,33.07,33.52,33.02,33.04,33.36,33.46,33.24,33.62,33.83,33.66,33.71,33.86,33.78,33.86,33.88,34.04,34.1,34.04,34.26,34.18,33.99,34.01,34.01,33.96,33.93,34.13,34.33,34.08,34.08,34.3,34.35,34.33,34.18,34.26,34.13,34.21,33.88,33.66,33.61,33.29,33.07,32.09,30.98,27.52,24.95,24.21,23.54,23.54,23.48,23.06,23.38,23.15,23.0,23.27,23.08,23.22,22.91,23.33,22.54,22.96
22.88,23.08,22.66,22.48,22.46,23.03,22.61,22.78,22.78,23.03,22.96,22.96,22.81,22.88,22.96,23.06,23.27,23.33,23.38,23.72,23.84,25.75,29.27,30.53,31.19,31.56,31.77,31.91,31.77,31.44,31.83,32.11,32.48,32.62,32.65,32.6,33.02,32.82,32.68,32.85,32.6,32.65,32.78,32.31,32.65,32.43,32.68,32.48,32.26,32.51,32.6,32.62,32.45,32.45,32.45,32.36,32.77,32.4,32.62,32.14,32.4,32.45,32.28,32.23,32.28,32.06,32.28,32.28,32.03,31.89,32.35,32.03,32.11,32.43,32.26,32.14,32.03,32.11,31.98,31.81,31.74,32.2,31.98,31.89,32.06,32.06,32.06,32.18,32.4,32.31,32.53,32.68,32.65,32.4,32.62,32.68,32.99,32.9,32.7,32.95,32.78,33.02,32.99,33.2,33.29,33.24,33.52,33.62,33.69,33.99,33.44,34.08,34.01,33.96,34.21,33.74,33.91,33.69,34.16,33.96,34.04,34.04,33.99,33.99,33.96,33.93,34.01,34.16,34.16,34.13,34.1,34.08,34.08,34.21,34.13,33.93,33.83,33.54,33.36,33.29,32.85,31.83,30.83,27.91,25.1,23.94,23.69,23.38,23.27,23.38,23.27,23.22,23.15,23.06,23.15,23.03,22.93,22.91,23.0,23.03
22.61,22.73,22.73,22.88,22.81,22.73,22.48,22.58,22.78,22.96,22.73,23.03,23.06,23.18,22.93,23.27,23.3,23.18,23.38,23.57,23.82,25.79,29.35,30.53,31.19,31.27,31.69,31.61,31.83,31.49,31.57,32.36,32.18,32.43,32.43,32.62,32.53,32.57,32.68,32.68,32.7,32.77,32.48,32.35,32.45,32.65,32.53,32.26,32.28,32.23,32.31,32.31,32.43,32.45,32.45,32.31,32.23,32.2,32.53,32.36,32.18,32.45,32.26,32.53,31.86,32.11,32.06,32.06,32.03,32.11,32.09,31.91,32.01,31.83,32.06,32.03,32.14,31.89,32.2,31.91,31.86,31.98,32.06,32.01,32.11,31.83,32.11,32.11,32.14,32.31,32.26,32.45,32.45,32.4,32.6,32.48,32.77,32.78,32.7,32.57,32.95,33.24,33.02,33.41,33.19,33.19,33.24,33.57,33.49,33.62,33.79,33.79,33.79,33.99,33.96,34.08,34.08,33.88,33.96,34.04,33.93,33.86,33.88,33.99,33.88,34.01,33.86,33.93,34.13,33.91,33.91,33.96,34.01,34.01,33.96,33.86,33.93,33.69,33.24,32.9,32.51,31.39,30.7,27.92,25.01,23.87,23.54,23.52,23.3,23.37,23.37,23.0,23.06,23.03,23.03,23.08,22.78,22.88,22.96,23.08
22.78,22.46,22.69,22.51,22.61,22.96,22.48,22.85,22.85,22.61,23.11,22.96,22.91,22.85,23.15,23.15,23.18,23.11,23.38,23.54,23.82,26.02,28.13,30.66,31.03,31.52,31.61,31.91,31.57,31.64,31.83,31.86,32.23,32.26,32.53,32.65,32.73,32.78,32.77,32.4,32.6,32.7,32.73,32.26,32.4,32.35,32.11,32.4,32.48,32.43,32.6,32.4,32.26,32.51,32.43,32.18,32.11,32.09,32.31,32.06,32.23,32.28,32.14,32.2,32.23,32.28,32.11,31.69,32.01,31.98,31.86,32.2,31.89,32.11,31.86,32.11,31.94,31.72,31.77,31.81,32.11,31.91,31.72,31.98,31.74,32.18,32.4,32.26,32.4,32.26,32.51,32.43,32.31,32.26,32.57,32.57,32.99,32.77,32.9,33.02,32.65,33.12,33.04,33.29,32.99,33.46,33.12,33.52,33.52,33.36,33.69,33.71,33.83,33.83,33.88,33.99,33.96,34.13,33.86,34.01,33.93,33.71,34.04,34.13,33.86,33.86,33.99,34.01,34.13,33.99,33.83,33.79,34.08,33.88,34.01,33.74,33.46,33.54,33.12,32.94,32.51,31.56,30.75,28.19,25.1,23.94,23.67,23.64,23.33,23.18,23.23,23.18,22.96,22.85,23.11,22.93,23.08,22.85,23.48,22.91
22.32,22.85,22.76,22.85,22.73,23.03,22.69,22.91,22.81,22.66,22.73,23.22,23.03,22.69,23.06,23.22,23.03,23.06,23.27,23.48,23.87,26.46,29.37,30.55,31.12,31.12,31.86,31.69,31.77,31.91,31.77,31.98,32.31,32.09,32.36,32.43,32.6,32.77,32.53,32.62,32.57,32.6,32.48,32.43,32.51,32.6,32.35,32.7,32.31,32.43,32.48,32.2,32.18,32.43,32.45,32.18,32.26,32.4,32.35,32.31,32.36,32.11,32.14,32.43,32.28,32.14,32.09,31.98,31.94,31.83,32.03,31.86,31.94,32.03,31.86,31.86,31.89,31.98,32.06,31.98,31.77,32.03,31.86,31.81,32.18,31.89,31.91,32.09,32.48,32.31,32.18,32.48,32.36,32.48,32.48,32.45,32.78,32.48,32.78,32.9,32.87,32.95,33.29,33.27,33.27,33.46,33.1,33.57,33.2,33.32,33.71,33.79,33.74,33.86,33.83,33.66,33.99,33.99,33.71,33.86,33.79,33.83,33.71,33.79,33.41,33.79,33.99,33.78,33.86,34.08,33.93,33.93,33.91,34.04,33.62,33.88,33.44,33.15,33.07,32.85,32.23,31.77,30.66,27.72,24.78,24.63,23.72,23.6,23.18,23.18,23.38,23.54,22.81,23.08,23.3,22.96,23.18,23.0,23.0,22.96
22.63,22.78,22.66,22.85,22.81,22.85,22.91,22.88,22.93,22.73,22.93,23.11,22.91,23.15,23.23,22.81,23.23,23.45,23.15,23.69,24.21,26.81,29.77,31.02,31.24,31.35,31.66,31.66,31.69,31.66,31.72,31.72,32.14,32.45,32.53,32.57,32.57,32.6,32.51,32.6,32.57,32.57,32.62,32.53,32.31,32.77,32.53,32.73,32.48,32.36,32.51,32.23,32.43,32.11,32.28,32.11,32.23,32.31,32.14,32.36,32.14,32.23,32.36,32.06,31.89,32.01,31.64,32.09,32.14,31.89,32.01,31.91,31.94,32.26,32.09,32.03,31.72,31.64,31.94,32.11,31.83,32.06,32.11,32.06,32.01,32.14,32.28,32.26,32.28,32.2,32.45,32.28,32.36,32.26,32.48,32.43,32.77,32.77,32.94,32.85,33.1,33.04,33.02,33.24,33.54,33.37,33.1,33.29,33.46,33.46,33.44,33.52,33.71,33.62,33.74,33.86,34.01,33.93,33.96,33.69,33.78,34.08,33.88,33.93,33.78,33.99,33.74,33.79,33.99,33.99,34.01,33.88,33.78,33.57,33.86,33.37,33.37,32.9,32.99,32.65,32.11,31.52,30.7,27.84,25.13,23.87,23.75,23.69,23.23,23.37,23.3,23.37,23.33,23.11,23.22,23.0,22.91,23.03,23.11,23.15
