31.74,32.01,31.98,32.23,31.83,31.91,31.81,31.76,31.81,31.61,31.86,31.61,31.94,31.74,31.77,32.14,32.09,32.01,32.36,32.48,32.94,32.7,33.1,33.07,33.29,33.44,33.57,33.44,33.41,33.27,33.41,33.49,33.2,33.83,34.08,33.96,34.04,34.1,33.93,33.78,33.96,33.99,33.83,33.61,33.52,33.36,32.77,32.26,30.95,27.2,25.96,25.87,27.64,30.95,32.94,33.41,33.27,33.27,33.74,33.02,33.36,33.37,33.41,33.36,33.32,33.46,33.49,33.44,33.29,32.85,32.82,32.87,33.02,33.12,33.61,33.91,34.26,34.35,34.04,33.91,33.78,33.49,33.46,33.44,33.71,33.71,33.44,33.24,33.66,33.36,33.62,33.46,33.61,33.71,33.62,33.36,33.61,33.32,33.29,32.99,31.64,26.7,25.72,25.45,25.13,25.1,25.05,25.01,24.9,24.9,24.93,25.13,26.02,26.8,29.2,30.61,31.66,32.2,32.43,32.87,32.77,33.07,33.36,33.27,33.29,33.29,33.15,33.54,33.36,33.2,33.1,33.2,32.95,32.62,32.26,32.03,31.77,31.91,31.94,31.94,32.23,31.91,32.09,32.01,31.94,32.26,32.26,32.6,32.23,32.82,32.36,32.48,32.7,32.73,32.9,32.68,32.94,32.65,32.43,32.7
31.77,31.77,31.89,32.01,31.72,31.64,32.06,31.57,32.03,31.81,31.91,31.83,31.69,32.03,31.91,32.31,32.09,32.01,32.31,32.43,32.77,33.1,32.77,32.9,32.94,33.19,33.27,33.32,33.37,33.12,33.32,33.49,33.66,33.88,33.79,33.96,33.62,33.86,33.93,34.04,33.78,33.93,34.16,33.69,33.24,33.61,33.27,32.77,32.2,30.41,27.47,27.35,30.7,32.2,33.12,33.44,33.37,33.71,33.61,33.41,33.29,33.49,33.66,33.36,33.49,33.61,33.49,33.37,33.2,33.04,33.15,33.02,32.99,33.44,33.66,34.21,34.21,34.47,34.08,34.18,33.71,33.86,33.86,33.69,33.83,33.54,33.54,33.57,33.61,33.32,33.74,33.78,33.52,33.62,33.83,33.54,33.78,33.88,33.49,33.19,32.35,29.08,27.2,25.91,25.57,25.13,25.22,24.93,24.86,25.05,25.64,26.53,28.43,30.82,31.74,32.09,32.73,32.7,32.6,33.19,33.19,32.95,32.87,33.29,32.87,33.2,33.29,33.24,33.36,33.12,33.1,33.2,32.65,32.77,32.14,32.09,31.86,31.91,32.2,31.64,32.06,32.01,32.06,32.26,32.11,32.14,32.45,32.45,32.53,32.4,32.48,32.48,32.65,32.65,32.62,32.43,32.6,32.62,32.73,32.65
31.72,31.61,31.83,32.06,31.91,31.74,31.83,31.86,32.14,31.91,31.77,32.06,32.01,32.14,31.77,32.2,32.09,32.14,32.35,32.77,33.04,32.87,33.02,33.1,33.19,33.41,33.07,33.27,33.46,33.2,32.99,33.37,33.66,33.61,33.74,34.04,33.93,33.78,33.86,33.88,33.96,33.88,33.86,34.08,33.66,33.69,33.69,33.36,32.9,32.11,30.09,30.55,32.53,33.15,33.61,33.93,34.01,33.88,33.79,33.66,33.66,33.54,33.62,33.74,33.79,33.62,33.91,33.78,33.32,33.46,33.12,33.32,33.46,33.88,34.13,34.13,34.26,34.55,34.38,34.48,34.08,33.91,33.49,33.91,33.54,33.46,33.57,33.41,33.52,33.32,33.79,33.62,33.69,33.96,33.88,34.1,33.96,33.91,33.88,33.69,33.12,32.43,31.07,29.03,26.46,25.91,25.37,25.4,25.37,25.75,27.79,30.41,31.61,32.31,32.62,33.04,32.95,33.04,33.2,32.99,33.04,33.15,33.2,33.24,33.07,33.57,33.49,33.37,33.27,33.32,33.32,33.19,33.19,32.23,32.4,31.94,32.03,32.14,32.11,32.14,31.94,32.28,31.98,32.14,32.23,32.2,32.18,32.51,32.65,32.94,32.7,32.73,32.62,32.4,32.6,32.94,32.73,32.53,32.53,32.62
31.61,32.03,32.09,31.89,31.57,31.94,31.89,31.86,32.01,31.72,31.94,32.14,32.28,32.43,32.14,32.11,32.36,32.28,32.62,32.9,32.68,33.1,33.12,33.19,33.27,33.07,33.2,33.37,33.52,33.27,33.24,33.52,33.49,33.93,33.96,34.01,33.79,33.86,34.3,33.86,33.99,33.91,33.88,34.08,33.86,33.62,33.61,33.36,33.24,33.07,33.04,33.1,33.41,33.49,34.04,33.99,34.26,34.16,34.1,34.08,33.79,33.78,33.57,33.61,33.83,33.86,33.78,33.99,33.57,33.49,33.49,33.66,33.86,34.01,34.72,34.35,34.38,34.52,34.21,34.1,34.04,33.86,33.46,33.66,33.61,33.62,33.29,33.37,33.37,33.57,33.69,33.37,34.04,33.93,33.91,33.99,33.93,34.18,33.93,34.16,33.91,33.12,32.57,31.56,30.04,26.92,25.84,25.96,26.29,28.28,31.24,32.18,32.51,32.85,32.77,33.32,33.66,33.49,33.69,33.46,33.19,33.02,33.36,33.02,33.52,33.36,33.52,33.41,33.54,33.36,33.27,33.37,33.32,32.45,32.77,32.35,32.26,32.11,32.51,32.36,31.94,32.18,32.36,32.4,32.48,32.4,32.4,32.36,32.78,32.36,32.35,32.43,32.77,32.87,32.94,32.68,32.7,32.51,32.35,32.62
31.94,31.98,31.98,31.66,32.06,31.61,31.89,31.4,31.69,31.91,32.43,32.09,31.98,32.11,32.09,32.26,32.43,32.28,32.6,32.82,32.85,33.07,33.27,33.37,33.24,33.2,33.2,33.2,33.44,33.2,33.32,33.44,33.78,33.79,33.96,33.71,33.99,33.86,33.93,33.86,33.96,33.83,33.78,34.13,33.74,34.01,33.83,33.44,33.32,33.62,33.78,33.66,33.62,33.88,33.74,34.01,34.47,34.04,34.3,34.01,34.41,33.83,33.69,33.78,33.91,33.52,33.79,33.78,33.54,33.61,33.57,33.74,33.83,34.47,34.55,34.41,34.6,34.3,34.21,34.3,33.91,33.78,33.49,33.27,33.62,33.62,33.49,33.44,33.93,33.88,33.83,33.83,34.21,34.21,34.1,34.01,33.99,34.38,34.18,34.26,34.3,33.61,33.37,32.48,31.89,30.01,27.44,26.85,29.03,31.83,32.65,32.82,33.15,33.29,33.54,33.36,33.52,33.88,33.79,33.88,33.27,33.27,33.12,33.1,33.2,32.94,33.36,33.41,33.66,33.49,33.44,33.54,33.27,32.85,32.6,32.48,32.18,32.4,32.48,32.28,32.35,32.45,32.26,32.57,32.53,32.48,32.65,32.31,32.62,32.45,32.78,32.78,32.65,32.53,32.6,32.62,32.77,32.85,32.68,32.87
31.74,31.86,32.01,31.77,31.86,31.86,32.11,32.03,32.03,32.03,31.94,32.09,32.18,32.36,32.51,32.2,32.57,32.62,32.7,32.94,33.19,33.07,33.27,33.12,33.15,33.2,33.29,33.07,33.37,33.32,33.2,33.27,33.71,33.86,34.08,33.91,33.96,34.01,33.93,34.16,33.91,33.93,33.93,33.99,33.74,33.83,33.44,33.41,33.49,33.66,33.83,34.16,33.62,33.61,33.74,33.96,33.93,34.47,34.3,34.35,34.33,34.18,33.99,33.88,33.71,33.83,33.57,33.74,33.52,33.29,33.41,33.99,33.74,34.04,34.21,34.41,34.6,34.25,34.43,34.16,33.91,33.71,33.74,33.74,33.61,33.78,33.78,33.69,33.74,34.04,34.25,34.35,34.35,34.21,34.21,34.33,34.33,34.57,34.48,34.35,34.08,33.78,33.32,33.29,32.73,32.35,30.29,30.16,31.89,32.62,33.2,33.44,33.2,33.15,33.61,33.49,33.78,33.78,33.74,33.66,33.52,33.32,33.57,33.27,32.94,33.2,33.24,33.19,33.69,33.36,33.52,33.57,33.36,33.1,32.7,32.62,32.18,32.45,32.26,32.2,32.35,32.36,32.62,32.53,32.53,32.68,32.53,32.53,32.62,32.73,32.45,32.94,32.51,32.82,32.85,32.73,32.53,32.94,33.02,33.15
31.57,31.83,31.57,31.64,31.91,31.94,32.03,32.2,31.94,32.26,32.23,32.11,32.06,32.2,32.45,32.6,32.36,32.4,32.7,32.87,33.2,33.27,33.44,33.29,33.15,33.19,33.29,33.15,33.2,33.54,33.54,33.36,33.41,33.96,33.79,34.04,33.96,33.99,33.88,33.74,33.86,33.86,33.96,34.04,33.61,33.52,33.71,33.86,33.78,33.71,33.86,34.01,33.91,33.91,33.57,33.74,33.88,34.35,34.35,34.52,33.96,34.1,34.21,34.18,33.96,33.88,33.96,33.74,33.71,33.69,33.57,33.93,33.71,34.13,34.08,34.41,34.48,34.43,34.55,34.38,34.25,34.08,33.93,34.21,33.99,33.93,33.99,33.88,33.74,33.93,34.1,34.04,33.99,34.16,34.33,34.43,34.47,34.82,34.16,34.16,33.99,33.93,33.52,33.52,33.54,33.36,32.9,32.73,32.87,33.24,33.12,33.61,33.44,33.52,33.52,33.41,33.78,33.71,33.79,33.46,33.66,33.54,33.19,33.15,33.12,33.15,33.07,33.46,33.41,33.78,33.78,33.62,33.32,33.19,32.77,32.9,32.65,32.7,32.65,32.36,32.73,32.45,32.53,32.35,32.31,32.77,32.31,32.48,32.78,32.82,32.53,32.68,32.68,33.2,33.04,32.68,32.95,32.73,32.82,32.48
31.57,31.72,31.91,32.06,31.91,31.83,31.89,31.91,32.09,32.18,32.28,32.26,32.2,32.57,32.28,32.57,32.57,32.51,32.85,33.27,33.29,33.36,33.2,33.37,33.2,33.2,32.94,32.85,33.29,33.41,33.27,33.41,33.36,33.83,33.79,33.79,34.08,33.88,33.74,33.61,33.79,33.96,33.62,33.69,33.71,33.74,33.88,33.99,33.83,33.54,34.01,34.21,33.96,33.79,33.78,33.78,33.88,34.25,34.08,34.35,34.16,34.01,33.74,33.86,34.21,33.88,34.04,33.83,33.78,33.96,33.96,34.08,34.08,34.47,34.41,34.38,34.52,34.43,34.47,34.55,34.43,34.33,33.99,34.1,33.74,33.62,33.66,33.49,33.71,33.61,34.1,33.86,34.21,34.35,34.33,34.82,34.65,34.48,34.43,34.3,34.38,34.08,34.01,33.88,33.99,33.83,33.52,33.52,33.46,33.29,33.71,33.78,33.69,33.74,33.61,34.1,33.91,33.93,33.57,33.88,33.46,33.62,33.41,32.95,33.32,33.02,33.1,33.27,33.37,33.79,33.69,33.88,33.46,33.52,33.02,32.99,32.57,32.73,32.82,32.68,32.95,32.94,32.68,32.48,32.85,32.68,32.65,33.07,32.7,32.82,33.02,32.62,32.78,32.95,32.87,32.9,32.95,32.62,32.9,32.73
31.57,31.56,31.81,31.81,31.86,31.89,31.98,31.77,31.86,31.91,32.23,32.35,32.14,32.23,32.51,32.6,32.48,32.82,33.02,33.24,33.46,33.66,33.54,33.19,33.07,33.1,32.77,32.7,33.1,33.32,32.95,33.2,33.57,33.44,33.29,33.62,33.71,33.46,33.52,33.2,33.62,33.74,33.62,33.69,33.74,33.79,33.74,33.69,33.71,33.57,33.99,33.99,34.04,33.93,33.66,33.57,33.32,33.78,34.21,34.48,34.21,34.21,33.57,33.52,33.29,33.49,33.44,33.74,33.69,33.74,33.91,34.16,34.13,34.35,34.3,34.21,34.18,34.18,34.21,34.13,34.13,33.99,33.57,33.36,33.49,33.29,33.52,33.62,33.69,33.66,34.16,34.21,34.16,34.55,34.6,34.73,34.43,34.43,34.41,34.41,34.08,34.01,34.16,34.08,33.96,34.13,33.62,33.44,33.71,33.66,33.69,33.79,33.99,33.83,34.04,33.91,33.86,33.74,33.69,33.69,33.44,33.27,33.15,33.15,33.12,33.15,33.2,33.46,33.61,33.29,33.52,33.74,33.57,33.46,33.1,33.02,32.9,33.1,32.68,33.15,32.45,32.65,33.02,32.6,32.65,33.07,32.6,33.1,32.99,32.62,32.48,32.51,32.68,32.77,32.94,32.57,32.82,32.73,32.57,32.78
31.72,31.74,31.91,32.11,31.74,31.86,32.03,31.86,32.09,32.09,31.91,32.2,32.26,32.31,32.57,32.48,32.77,32.6,33.15,33.41,33.44,33.37,33.49,33.02,33.32,32.9,32.48,32.68,32.78,33.04,33.24,33.37,33.61,33.19,33.54,33.36,33.69,33.57,33.52,33.44,33.74,33.71,33.62,33.41,33.96,33.61,33.27,33.54,33.83,33.74,33.88,34.21,34.3,33.93,33.46,33.62,33.71,33.79,34.01,34.01,34.3,33.99,33.99,33.41,33.37,33.36,33.37,33.36,33.52,33.93,33.32,33.74,33.74,33.96,34.26,33.96,34.16,34.1,33.88,33.86,33.86,33.61,33.66,33.62,33.36,33.44,33.74,33.29,33.61,33.79,34.26,33.99,34.33,34.57,34.63,34.52,34.21,34.25,34.13,34.25,34.13,34.3,33.96,34.3,33.93,33.83,33.57,33.78,33.62,33.86,34.04,33.91,34.13,34.01,34.25,33.93,33.99,33.93,33.88,33.86,33.74,33.46,33.29,33.07,32.99,33.1,33.15,33.41,33.46,33.66,33.78,34.1,33.66,33.57,33.37,33.19,33.04,32.73,33.07,32.77,32.77,32.62,32.68,32.73,32.95,32.7,32.73,32.77,33.02,32.82,32.78,32.51,32.62,32.78,33.07,33.02,32.77,32.82,32.62,33.02
31.57,31.94,31.69,31.94,31.91,31.98,31.89,31.98,31.91,31.94,32.09,32.31,32.18,32.43,32.45,32.6,32.7,32.53,32.82,33.37,33.69,33.32,33.1,33.1,33.1,32.9,32.6,32.78,32.87,32.85,33.1,33.19,33.24,33.41,33.37,33.37,33.36,33.36,33.29,33.29,33.78,33.32,33.54,33.49,33.36,33.62,33.57,33.66,33.69,33.79,34.01,34.21,34.26,33.86,33.52,33.46,33.57,33.66,33.54,33.99,34.48,34.33,33.86,33.71,33.37,33.49,33.44,33.41,33.46,33.37,33.57,33.86,33.37,33.78,33.96,33.83,33.54,33.83,33.93,33.74,33.66,33.74,33.49,33.41,33.44,33.54,33.54,33.74,33.96,33.99,34.25,34.25,34.48,34.21,34.26,33.96,34.18,34.38,34.43,34.21,34.26,34.16,34.52,34.25,33.88,33.88,33.83,34.1,33.93,34.08,34.16,33.99,34.41,34.18,34.04,34.47,33.88,34.01,33.66,33.61,33.57,33.57,33.49,33.1,33.12,33.44,33.02,33.19,33.54,33.37,34.04,33.99,33.83,33.83,33.61,33.12,32.95,32.99,32.95,33.04,33.07,33.02,32.85,32.78,32.85,32.9,33.02,32.9,32.62,32.94,32.87,32.82,32.85,32.94,33.15,33.04,32.85,32.78,32.57,33.04
31.39,31.72,31.83,31.89,31.83,32.09,32.06,31.83,32.11,32.03,32.26,32.2,32.14,32.53,32.43,32.57,32.7,33.02,33.1,33.2,33.57,33.32,33.12,33.27,32.9,32.6,32.43,32.57,32.57,32.82,32.95,33.24,32.99,33.2,33.27,32.95,33.29,33.32,33.37,33.27,33.71,33.54,33.27,33.44,33.49,33.41,33.49,33.86,34.04,33.66,34.35,34.41,34.21,34.01,33.54,33.71,33.49,33.49,33.78,33.79,33.93,34.1,34.26,33.66,33.41,33.27,33.54,33.15,33.46,33.24,33.19,33.66,33.57,33.41,33.69,33.71,33.69,33.61,33.37,33.04,33.37,33.24,33.27,33.15,33.41,33.74,33.83,33.74,33.69,33.96,34.41,34.08,34.08,34.41,34.13,34.25,34.25,34.25,34.38,34.16,34.3,34.3,34.25,33.83,33.88,33.99,33.91,34.01,33.93,34.08,34.35,34.52,34.04,34.1,33.99,33.99,33.83,33.96,33.71,33.74,33.36,33.32,33.54,33.37,33.41,33.32,33.36,33.12,33.54,33.74,33.88,33.91,33.93,33.99,33.69,33.15,33.29,32.82,33.07,32.85,32.95,32.7,32.73,33.02,32.94,32.53,32.77,32.85,33.15,32.82,32.7,32.87,33.07,32.99,33.02,32.82,32.95,32.87,33.04,32.95
31.39,31.4,31.56,31.89,31.83,31.83,31.77,31.66,31.77,31.91,32.11,32.26,32.4,32.14,32.4,32.73,32.68,33.02,33.1,33.29,33.29,33.27,33.02,32.9,32.7,32.36,32.43,32.28,32.53,32.48,32.48,33.12,33.04,33.04,33.02,33.29,33.2,33.29,33.24,32.9,33.54,33.71,33.29,33.49,33.66,33.44,33.2,33.54,33.69,33.74,33.71,34.08,34.3,33.86,33.54,33.78,33.54,33.49,33.36,33.78,33.71,34.01,33.99,33.96,33.69,33.83,33.46,33.37,33.24,33.49,33.37,33.52,33.32,33.44,33.46,33.41,33.37,33.61,33.36,32.9,33.32,33.44,33.44,33.78,33.66,33.52,33.88,33.79,33.88,34.35,34.26,34.18,33.86,33.96,33.88,34.18,34.35,33.83,33.96,33.88,34.13,34.16,34.04,33.91,33.88,33.88,33.96,34.01,33.99,34.35,34.41,34.16,33.78,33.88,34.01,33.96,34.01,33.88,33.62,33.66,33.62,33.24,33.49,33.46,33.12,33.2,33.24,33.04,33.32,33.71,33.88,34.1,34.33,33.83,33.62,33.1,33.24,33.2,33.02,33.02,32.82,33.19,33.07,32.7,33.02,32.7,32.99,32.95,32.68,32.94,33.12,32.6,33.24,32.9,32.95,32.6,32.94,32.73,32.73,32.9
31.19,31.86,31.74,31.74,32.06,31.89,32.18,32.09,32.09,31.89,31.89,32.28,32.31,32.43,32.57,32.68,32.45,33.12,33.12,33.61,33.52,33.36,33.2,32.87,32.36,32.57,32.31,32.43,32.31,32.36,32.57,33.12,33.24,33.15,32.94,33.04,32.94,33.07,33.15,33.37,33.24,33.49,33.57,33.57,33.41,33.36,33.29,33.57,33.32,33.93,33.83,33.88,34.41,33.83,33.57,33.37,33.49,33.32,33.86,33.62,33.41,33.79,33.93,33.88,33.83,33.93,33.57,33.27,33.44,33.37,33.49,33.49,33.32,33.37,33.66,33.52,33.15,33.04,32.87,32.94,33.1,33.29,33.41,33.52,33.71,33.86,34.1,34.33,34.16,33.93,34.13,33.62,33.88,33.96,34.1,34.08,33.99,34.3,33.93,34.25,34.16,34.21,33.99,34.1,33.79,33.69,33.93,34.18,33.66,33.83,34.25,34.25,33.91,34.04,34.01,34.13,33.79,33.83,33.74,33.71,33.61,33.36,33.46,33.37,33.37,32.9,33.19,33.44,33.57,33.61,34.08,33.96,34.48,33.99,33.83,33.49,33.27,33.32,33.2,33.27,33.15,33.15,33.07,33.24,32.95,32.9,32.85,32.94,33.19,32.99,33.02,32.78,32.78,32.99,33.04,32.85,32.95,32.68,32.6,33.02
31.39,31.86,31.74,31.89,31.66,31.72,31.94,31.81,32.06,32.11,32.35,32.23,32.14,32.23,32.45,32.68,33.04,32.78,33.37,33.19,33.52,33.1,32.99,32.53,32.45,32.68,32.03,32.01,32.11,32.2,32.7,32.85,32.87,32.7,33.02,32.9,33.02,33.1,33.41,33.36,33.2,33.1,33.46,33.2,33.04,33.12,33.07,33.44,33.27,33.79,33.49,34.13,34.21,34.1,33.78,33.69,33.46,33.49,33.41,33.71,33.57,33.74,33.74,34.13,33.88,34.01,33.86,33.37,33.49,33.29,33.37,33.49,33.32,33.61,33.36,33.41,33.32,33.32,33.19,33.1,33.29,33.41,33.71,33.96,34.21,34.35,34.35,34.25,34.16,33.88,34.01,34.08,34.21,34.13,33.93,33.91,34.13,34.13,34.21,34.16,34.08,33.86,33.96,34.04,34.1,33.91,34.1,33.83,33.88,33.71,33.91,34.04,33.79,33.62,33.74,33.49,33.86,33.86,33.91,33.66,33.66,33.57,33.54,33.44,33.07,33.29,33.44,33.32,33.54,33.86,33.74,34.55,34.41,34.3,33.74,33.54,33.27,33.57,33.19,33.44,32.99,32.7,33.02,33.1,33.04,33.07,33.04,33.19,32.85,32.99,32.68,33.02,33.04,32.87,32.94,33.02,33.36,32.99,32.65,32.9
31.72,31.81,31.89,31.83,31.66,31.91,31.86,32.14,31.74,31.91,31.98,32.11,32.11,32.4,32.53,32.45,32.95,32.82,33.12,33.24,33.54,33.02,32.94,32.68,32.45,32.36,32.09,31.98,32.11,32.23,32.35,32.77,32.78,32.77,32.87,32.68,32.65,32.95,33.27,32.99,33.29,32.95,33.36,33.1,33.32,33.2,33.27,33.44,33.41,33.74,33.74,34.1,33.96,33.69,33.54,33.71,33.57,33.19,33.24,33.36,33.49,33.66,33.52,33.66,33.93,33.91,33.88,33.66,33.37,33.32,33.57,33.49,33.46,33.54,33.78,33.52,33.36,33.36,33.57,33.27,33.69,33.54,33.66,34.01,33.83,34.16,34.18,33.79,34.21,33.93,33.99,33.71,34.08,33.71,34.1,34.13,34.1,34.25,33.69,34.08,33.57,34.16,33.88,33.88,33.93,33.86,33.71,33.83,33.62,33.46,33.88,33.99,33.69,33.66,33.71,33.69,33.37,33.66,33.61,33.49,33.79,33.27,33.29,33.52,33.36,33.24,33.49,33.36,33.54,33.71,33.66,34.35,34.33,34.04,33.83,33.62,33.41,33.46,33.54,33.32,33.1,33.19,33.24,33.32,32.94,33.1,33.19,32.85,33.15,32.94,33.07,33.02,33.2,32.95,33.15,33.04,32.87,33.04,32.87,32.62
31.49,31.66,31.69,31.77,31.91,31.91,32.28,32.31,32.03,32.14,32.11,32.14,32.23,32.26,32.57,32.43,32.78,32.48,32.94,33.2,33.24,33.12,32.57,32.57,32.28,32.11,32.18,32.01,32.09,32.06,32.51,32.68,32.73,32.9,32.7,32.9,33.02,32.87,33.2,33.19,33.32,32.9,33.02,33.02,33.02,33.32,33.2,33.32,33.15,33.37,33.62,33.83,33.83,33.66,34.1,33.62,33.44,33.24,33.2,33.46,33.46,33.41,33.46,33.61,33.54,33.88,33.71,33.62,33.66,33.52,33.44,33.54,33.71,33.99,33.91,33.71,33.78,33.46,33.37,33.36,33.69,33.74,34.1,33.71,33.88,33.88,34.13,33.74,33.83,33.86,34.16,33.99,34.41,34.1,34.21,34.43,34.21,34.3,34.26,34.08,33.69,34.21,33.88,33.62,33.74,34.1,33.88,34.13,33.78,33.78,34.16,34.04,34.01,34.01,33.69,33.52,33.49,33.83,33.61,33.74,33.44,33.32,33.54,33.37,33.69,33.41,33.36,33.52,33.37,33.78,34.1,34.35,34.73,34.38,34.13,33.78,33.96,33.61,33.66,33.36,33.57,33.32,33.19,33.15,33.2,33.44,33.12,33.32,33.27,33.36,33.19,32.95,33.36,33.32,33.27,33.36,33.07,32.82,33.12,32.95
31.4,31.61,31.64,31.83,31.69,32.01,32.18,31.89,32.03,31.91,32.11,32.26,32.53,32.31,32.68,32.85,32.85,32.82,33.07,33.36,33.27,33.04,32.65,32.11,32.31,32.35,32.09,32.03,32.26,32.18,32.51,32.51,32.87,32.78,33.12,32.85,32.62,33.04,32.7,33.19,33.07,32.9,33.29,32.99,33.07,32.9,33.1,32.99,33.36,33.49,33.54,33.52,33.66,33.93,33.83,33.66,33.54,33.54,33.61,33.29,33.29,33.44,33.54,33.29,33.46,33.37,33.54,33.62,33.41,33.41,33.52,33.69,33.36,33.61,33.88,33.66,33.61,33.62,33.32,33.52,33.32,33.69,33.71,33.78,33.79,33.61,34.01,34.08,33.88,34.18,34.16,34.25,34.73,34.94,34.52,34.82,34.72,34.55,34.16,34.21,33.79,33.93,34.04,33.79,33.78,33.99,33.93,33.69,33.91,33.96,33.79,34.04,33.83,34.13,34.01,33.93,33.99,33.54,33.61,33.57,33.57,33.54,33.46,33.24,33.44,33.29,33.62,33.52,33.69,33.57,33.86,34.3,34.6,34.55,34.25,34.1,33.57,33.66,33.57,33.2,33.61,33.36,33.24,33.07,33.04,33.27,33.19,33.52,33.46,33.27,33.15,33.07,33.49,33.41,33.66,32.95,33.27,32.85,32.62,32.99
31.12,31.57,31.64,31.98,31.77,32.09,32.31,32.23,32.36,31.94,32.2,32.57,32.35,32.28,32.62,32.73,32.77,33.04,33.19,33.27,33.52,32.99,32.73,32.6,32.45,32.2,32.26,32.14,31.89,32.23,32.6,32.82,32.82,32.94,32.6,32.45,32.77,32.68,32.94,32.7,32.51,32.95,32.77,32.99,32.87,33.07,33.32,32.95,33.24,33.41,33.24,33.86,33.57,33.74,33.83,33.54,33.71,33.37,33.57,33.24,33.19,33.1,33.29,33.29,33.27,33.49,33.36,33.36,33.69,33.46,33.52,33.36,33.69,33.44,33.41,33.66,33.49,33.69,33.41,33.41,33.37,33.44,33.71,33.69,33.96,33.83,33.91,33.62,34.21,33.88,34.1,33.86,34.57,34.8,35.04,34.72,34.8,34.55,34.43,34.35,34.3,33.99,34.1,34.26,34.26,33.93,33.93,34.33,33.71,33.93,33.88,33.91,33.86,33.79,33.83,33.91,33.57,33.61,33.29,33.54,33.52,33.41,33.32,33.57,33.37,33.41,33.37,33.44,33.78,33.66,34.04,34.33,34.57,34.52,34.21,33.96,33.86,33.69,33.91,33.79,33.66,33.52,33.57,33.61,33.46,33.41,33.1,33.54,33.37,33.32,33.44,33.27,33.61,33.37,33.2,33.04,33.24,32.95,32.82,33.02
31.29,31.27,31.81,31.72,31.77,31.98,32.23,32.01,32.2,32.14,32.53,32.43,32.45,32.4,32.6,32.73,32.6,32.77,33.19,33.36,33.2,32.82,32.53,32.31,32.18,32.11,32.09,31.81,32.03,32.18,32.43,32.6,32.53,32.48,32.43,32.35,32.28,32.78,32.57,32.85,32.65,32.77,32.73,32.73,32.95,33.02,32.9,33.07,33.41,33.37,33.24,33.49,33.54,33.52,33.74,33.44,33.79,33.52,32.99,33.15,33.07,33.15,33.24,33.1,33.2,33.46,33.32,33.29,33.66,33.69,33.69,33.74,33.27,33.29,33.29,33.41,33.49,33.52,33.46,33.61,33.93,34.08,33.99,33.79,33.83,34.08,33.96,33.96,34.04,33.78,33.99,34.13,34.47,34.6,34.82,34.8,34.63,34.16,34.33,34.41,34.3,34.41,34.21,34.04,33.91,34.16,34.08,34.01,33.83,33.62,33.88,33.88,33.99,34.13,33.93,33.96,33.74,33.52,33.27,33.71,33.44,33.52,33.52,33.41,33.29,33.49,33.41,33.69,33.69,33.52,33.96,34.6,34.48,34.52,34.52,34.3,33.79,33.71,33.66,33.62,33.69,33.66,33.54,33.61,33.44,33.32,33.19,33.46,33.57,33.41,33.36,33.54,33.37,33.15,33.19,33.07,33.24,33.02,32.99,32.65
31.19,31.69,31.61,31.81,31.81,31.74,32.2,32.35,32.23,32.2,32.31,32.45,32.36,32.28,32.48,32.65,32.65,32.85,33.07,33.2,33.19,32.78,32.48,32.36,32.01,32.2,32.11,32.14,32.45,32.2,32.31,32.31,32.73,32.62,32.62,32.85,32.51,32.45,32.36,32.68,32.78,32.73,32.9,32.57,32.9,32.77,33.02,33.04,33.36,33.41,33.1,33.36,33.49,33.36,33.41,33.41,33.46,33.88,33.36,33.27,33.32,33.32,33.36,33.24,33.2,33.52,33.29,33.61,33.74,33.96,33.61,33.69,33.46,33.54,33.36,33.36,33.52,33.57,33.91,33.88,34.1,34.13,34.25,34.21,33.93,34.16,33.99,34.16,34.26,33.99,33.88,34.16,34.33,34.9,34.72,34.6,34.35,34.41,34.41,34.47,34.26,34.47,34.3,34.38,34.1,34.3,33.79,34.08,33.83,34.08,34.1,34.1,34.26,34.18,33.91,33.61,33.71,33.61,33.49,33.52,33.27,33.37,33.57,33.12,33.29,33.29,33.37,33.49,33.52,33.71,33.91,34.6,34.72,34.68,34.52,34.26,33.86,33.88,33.88,33.66,33.71,33.66,33.41,33.36,33.54,33.46,33.36,33.52,33.62,33.44,33.61,33.07,33.27,33.36,33.41,32.94,32.94,32.78,32.87,32.68
31.07,31.27,31.4,31.4,32.09,31.72,32.06,32.11,32.35,32.35,32.14,32.4,32.48,32.6,32.48,32.7,32.95,33.02,33.19,33.41,33.12,32.95,32.23,32.43,32.53,32.2,32.01,32.03,32.4,32.43,32.48,32.57,32.68,32.45,32.43,32.51,32.35,32.62,32.65,32.6,32.53,32.53,32.73,32.9,32.51,32.51,33.1,33.04,33.37,33.12,33.27,33.2,33.46,33.27,33.46,33.19,33.2,33.19,33.15,33.32,33.12,33.1,33.12,33.19,33.12,33.19,33.52,33.32,33.62,33.86,33.86,33.66,33.46,33.52,33.44,33.66,33.52,33.54,33.88,34.16,33.99,34.38,34.13,34.52,34.26,34.3,34.35,34.1,34.13,34.01,34.16,34.16,34.3,34.55,34.43,34.26,34.26,34.41,34.04,34.55,34.68,34.57,34.73,34.33,34.3,34.13,34.38,33.99,33.78,33.83,34.26,34.26,34.35,34.3,34.1,34.13,33.62,33.52,33.57,33.74,33.41,33.46,33.32,33.29,33.29,33.52,33.41,33.46,33.79,33.79,33.83,34.25,34.68,34.8,34.43,34.21,34.08,33.91,33.99,33.93,33.71,33.61,33.79,33.46,33.93,33.57,33.24,33.69,33.44,33.74,33.49,33.46,33.44,33.27,33.04,33.1,32.99,32.7,32.68,32.43
30.98,31.47,31.57,31.64,31.83,31.94,31.86,32.01,32.31,32.73,32.31,32.36,32.35,32.48,32.31,32.51,32.68,32.85,33.12,33.19,32.85,32.26,32.43,32.31,32.35,32.18,31.91,31.98,32.36,32.43,32.36,32.6,32.7,32.82,32.53,32.03,32.51,32.51,32.48,32.4,32.31,32.6,32.43,32.57,32.53,32.82,32.99,32.73,33.02,32.82,32.99,33.19,33.49,33.07,33.52,33.29,33.46,33.2,33.12,33.29,33.37,32.94,33.27,33.1,33.32,33.1,33.27,33.27,33.54,33.69,33.79,33.57,33.24,33.46,33.32,33.41,33.46,33.83,34.16,34.01,34.65,34.38,34.21,34.13,34.16,34.48,34.48,34.21,34.16,34.18,34.08,34.1,34.25,34.13,33.93,34.08,34.52,34.1,34.25,34.33,34.6,34.8,34.65,34.68,34.55,34.52,34.26,34.16,33.78,34.08,34.16,34.08,34.33,33.99,34.1,34.08,33.83,33.57,33.62,33.79,33.49,33.61,33.46,33.46,33.44,33.57,33.36,33.29,33.69,33.88,33.83,34.1,34.68,34.57,34.55,34.13,34.18,33.79,33.91,33.57,33.91,33.69,33.69,33.37,33.52,33.49,33.44,33.78,33.61,33.49,33.61,33.32,33.27,33.19,32.99,33.04,33.2,32.78,32.65,32.35
30.9,30.95,31.35,31.39,31.57,31.56,31.89,32.06,32.18,32.03,32.6,32.57,32.43,32.31,32.28,32.45,32.62,32.9,33.04,33.32,32.94,32.31,32.06,32.28,32.11,32.2,31.94,32.11,32.26,32.26,32.06,32.4,32.77,32.57,32.26,32.43,32.23,32.43,32.18,32.28,32.45,32.68,32.62,32.65,32.45,32.68,32.9,32.68,32.9,32.99,33.04,33.27,33.12,33.15,33.2,33.19,33.07,33.46,33.19,33.41,33.36,33.46,33.29,33.02,33.07,33.04,33.2,33.69,33.44,33.49,33.44,33.49,33.37,33.36,33.04,33.52,33.27,33.96,34.08,34.41,34.48,34.18,34.35,34.13,34.16,34.47,34.48,34.18,34.21,33.96,33.78,33.93,34.1,34.01,34.1,34.21,34.25,34.01,34.04,34.1,34.63,34.65,34.82,34.8,34.8,34.63,34.18,34.41,34.25,33.78,34.18,34.25,34.26,34.33,34.26,34.08,33.88,33.74,33.61,33.61,33.61,33.36,33.71,33.44,33.2,33.46,33.36,33.54,33.79,33.46,34.04,34.16,34.72,34.72,34.3,34.35,34.08,34.01,33.88,33.88,33.83,33.52,33.62,33.66,33.66,33.46,33.52,33.46,33.52,33.27,33.57,33.37,33.2,33.29,33.29,33.07,32.7,32.94,32.7,32.23
30.9,31.35,31.47,31.74,31.52,31.81,32.23,32.01,32.14,32.03,32.06,32.53,32.68,32.7,32.6,32.48,32.48,32.77,32.77,32.99,32.87,32.35,32.14,32.11,31.91,32.18,32.09,32.09,32.03,32.18,32.18,31.98,32.4,32.65,32.51,32.48,32.31,32.2,32.06,32.48,32.51,32.51,32.51,32.68,32.65,32.45,32.78,32.78,32.85,32.95,32.95,32.94,32.9,32.94,33.29,33.07,33.24,33.29,33.36,33.71,33.57,33.74,33.37,33.04,33.46,32.87,33.19,33.24,33.29,33.29,33.2,32.94,33.24,33.1,33.27,33.36,33.74,33.83,34.1,34.04,33.91,34.26,34.04,34.18,34.18,34.26,34.25,34.1,33.78,34.04,34.01,34.08,34.43,34.18,33.99,33.93,34.33,34.08,33.96,34.18,34.48,34.47,34.43,34.82,34.82,34.89,34.63,34.55,34.16,34.25,34.08,33.99,33.88,34.33,33.93,34.21,34.04,33.79,33.66,33.52,33.54,33.62,33.74,33.54,33.46,33.54,33.36,33.66,33.57,33.37,33.91,34.08,34.48,34.38,34.13,34.13,34.18,33.83,33.96,33.74,33.69,33.52,33.69,33.96,33.52,33.49,33.49,33.62,33.79,33.19,33.61,33.32,33.29,33.15,33.04,33.52,32.85,32.6,32.2,32.4
30.92,31.32,31.35,31.4,31.89,31.83,31.77,31.86,32.01,32.06,32.28,32.2,32.28,32.68,32.4,32.45,32.57,32.7,32.99,33.04,32.65,32.01,31.98,32.23,32.09,31.98,32.14,32.28,32.4,31.94,31.86,32.03,32.35,32.73,32.53,32.28,32.45,32.2,32.26,32.6,32.48,32.31,32.31,32.6,32.78,32.78,32.82,32.62,33.02,33.1,32.85,32.87,33.12,33.04,33.27,33.41,33.15,33.32,33.2,33.44,33.57,33.41,33.27,33.37,33.07,33.02,33.1,32.87,33.12,32.95,32.95,33.2,32.9,33.27,33.12,33.15,33.71,33.86,34.1,33.99,33.74,33.88,33.83,33.83,34.16,34.16,34.08,34.13,34.1,34.33,34.38,34.3,34.38,34.38,34.16,34.01,34.1,34.26,34.43,34.38,34.3,34.47,34.73,34.43,34.41,34.73,34.63,34.8,34.26,33.99,34.08,34.08,34.21,34.13,34.13,34.13,34.16,33.88,33.91,33.96,33.57,33.32,33.66,33.61,33.83,33.49,33.37,33.49,33.61,33.57,33.93,34.25,34.47,34.65,34.38,34.25,33.93,33.79,33.83,33.66,33.86,33.44,33.88,33.62,33.49,33.52,33.57,33.66,33.62,33.52,33.37,33.36,33.15,33.15,33.12,32.57,32.7,32.57,32.4,32.26
30.83,30.92,31.07,31.24,31.47,31.81,31.83,31.86,31.94,31.83,32.18,32.03,32.26,32.68,32.31,32.43,32.6,32.77,32.87,32.9,32.6,32.18,31.94,31.83,32.06,31.89,32.09,32.2,32.23,32.01,32.2,31.98,32.28,32.62,32.48,32.53,32.45,32.51,32.14,32.4,32.23,32.68,32.36,32.35,32.6,32.62,32.7,32.57,32.77,32.94,32.78,32.99,32.65,33.46,33.1,33.24,33.1,33.12,33.37,33.1,33.15,33.2,33.44,33.52,32.99,32.68,33.02,32.77,32.94,33.1,32.94,32.95,32.7,32.53,32.94,33.19,33.2,33.61,33.62,33.29,33.79,33.57,33.93,33.93,33.99,34.35,34.41,33.99,34.25,34.55,34.41,34.72,34.04,34.01,34.18,34.25,34.04,34.16,34.1,34.47,34.6,34.47,34.6,34.43,34.43,34.55,34.65,34.47,34.1,34.18,33.74,34.08,34.13,34.18,34.13,34.38,34.13,33.86,33.62,33.86,33.54,33.41,33.69,33.79,33.61,33.66,33.49,33.69,33.61,33.79,33.88,34.16,34.65,34.65,34.38,34.38,33.99,33.91,33.44,33.83,33.57,33.83,33.79,33.49,33.57,33.49,33.69,33.44,33.46,33.24,33.19,33.19,33.19,33.19,33.19,32.65,32.57,32.57,32.36,32.28
30.61,31.15,31.02,31.27,31.66,31.72,31.98,31.91,32.01,31.94,32.09,32.14,31.98,32.45,32.6,32.31,32.57,32.68,33.1,32.68,32.62,31.72,31.74,31.86,31.91,32.01,31.72,32.26,32.36,32.14,32.11,32.35,32.2,31.98,32.65,32.43,32.31,32.35,32.6,32.6,32.6,32.28,32.36,32.23,32.6,32.45,32.48,32.7,32.94,32.73,32.48,33.02,32.9,32.87,32.99,33.1,33.04,33.1,33.27,33.2,33.41,33.2,32.9,33.24,33.1,32.9,33.07,32.73,32.65,32.87,32.99,32.78,32.7,33.04,33.02,33.1,33.41,33.46,33.2,33.29,33.62,33.88,33.91,33.66,34.01,34.3,34.25,33.96,34.38,34.26,34.6,34.47,34.26,34.25,34.1,34.38,34.08,34.33,34.57,34.43,34.68,34.65,34.6,34.33,34.65,34.6,34.35,34.38,34.21,34.13,34.33,34.01,33.96,34.16,34.13,34.38,34.18,33.86,33.86,33.83,33.66,33.78,33.71,34.01,33.27,33.61,33.79,33.57,33.66,33.91,33.93,34.13,34.68,34.21,34.43,34.1,33.78,34.01,33.96,33.83,33.61,33.86,33.74,33.29,33.49,33.62,33.66,33.44,33.29,33.57,33.44,33.44,33.04,32.87,32.85,32.53,32.62,32.4,32.28,32.01
30.66,30.83,31.32,31.29,31.72,31.57,31.66,32.09,31.94,32.09,32.18,32.28,32.2,32.36,32.6,32.78,32.48,32.62,32.57,32.57,32.31,32.2,31.86,31.91,32.09,32.06,32.01,32.06,32.01,32.01,31.86,32.11,32.03,32.65,32.57,32.62,32.35,32.43,32.45,32.48,32.45,32.48,32.18,32.53,32.43,32.4,32.4,32.65,32.85,32.7,32.45,32.65,33.12,32.82,33.32,32.85,33.2,33.2,33.37,33.32,33.24,33.2,33.12,33.07,33.27,33.12,32.6,32.68,32.45,32.82,32.48,32.9,32.62,32.77,32.82,32.78,32.99,32.95,33.32,33.2,33.49,33.36,33.54,34.08,33.74,33.88,33.79,33.86,33.96,34.16,34.3,34.13,34.48,34.35,34.21,34.55,34.13,34.18,34.57,34.26,34.57,34.73,34.68,34.73,34.6,34.52,34.72,34.48,34.48,34.26,33.83,34.08,34.1,34.25,34.35,33.93,34.1,33.91,33.74,34.1,33.86,34.01,34.25,34.01,33.46,33.78,33.79,33.79,33.54,34.01,33.79,34.26,34.52,34.47,34.16,34.3,33.79,33.66,33.91,33.71,33.69,33.61,33.62,33.46,33.54,33.54,33.2,33.12,33.52,33.32,33.36,33.07,33.37,32.99,32.85,32.7,32.48,32.43,31.98,31.74
30.65,30.9,31.12,31.12,31.47,31.57,31.69,31.86,31.91,31.98,31.91,32.09,32.28,32.31,32.48,32.62,32.53,32.77,32.82,32.77,32.14,31.89,31.66,31.66,32.06,32.01,32.01,32.18,32.06,31.77,31.89,32.03,32.01,32.2,32.68,32.57,32.65,32.77,32.7,32.68,32.48,32.57,32.35,32.53,32.53,32.77,32.51,32.6,32.68,32.6,32.82,32.9,33.02,33.24,33.32,33.1,33.1,33.2,33.04,33.52,33.69,33.19,33.29,33.1,33.2,32.9,32.65,32.65,32.7,32.6,32.53,32.78,32.62,32.9,32.94,32.7,32.82,32.95,33.2,33.27,33.29,33.15,33.52,33.61,33.41,33.44,33.74,33.71,33.69,33.79,34.16,34.13,33.93,34.1,34.21,34.21,34.33,34.43,34.26,34.6,34.68,34.8,34.94,34.52,34.43,34.77,34.47,34.38,34.13,34.26,34.21,34.04,34.16,33.96,34.16,34.1,34.21,34.08,33.88,33.79,34.3,34.21,34.13,34.3,34.16,34.13,33.74,33.91,33.69,33.91,34.08,34.47,34.55,34.73,34.1,34.33,33.91,33.74,33.74,33.57,33.49,33.44,33.91,33.62,33.57,33.29,33.62,33.37,33.61,33.07,33.41,33.32,33.1,32.78,32.82,32.06,32.48,32.09,31.94,31.4
30.5,30.78,30.92,31.52,31.57,31.32,31.77,32.14,32.18,31.98,32.35,32.23,32.28,32.43,32.03,32.7,32.53,32.62,33.02,32.65,32.09,31.98,31.89,31.94,31.89,32.28,32.03,31.94,32.03,31.91,32.03,32.14,32.26,32.45,32.57,32.35,32.7,32.68,32.68,32.7,32.62,32.62,32.68,32.36,32.6,32.57,32.57,32.68,32.45,32.45,32.68,32.94,32.62,32.85,33.07,33.24,33.07,33.2,33.29,33.44,33.61,33.02,32.9,32.95,32.94,32.78,32.85,32.65,32.28,32.77,32.09,32.82,32.45,32.87,32.7,32.99,32.85,32.99,32.99,33.41,33.07,33.44,33.57,33.27,33.49,33.52,33.41,33.41,33.49,33.88,33.69,33.83,33.62,33.78,34.13,34.13,34.26,34.47,34.52,34.55,34.95,34.65,34.63,34.82,34.41,34.55,34.57,34.38,34.48,34.1,34.18,34.3,34.13,34.18,34.04,34.3,34.18,33.83,34.01,33.91,34.08,34.25,34.25,34.3,34.04,34.18,33.93,33.79,33.91,33.79,34.26,34.26,34.47,34.35,34.26,33.99,33.71,34.18,33.83,33.46,33.69,33.57,33.93,33.62,33.46,33.52,33.49,33.29,33.41,33.69,32.95,33.02,32.85,32.85,32.73,32.45,32.26,31.94,31.49,31.57
30.58,30.7,30.75,31.1,31.56,31.61,31.81,32.06,32.2,32.53,32.36,32.45,32.62,32.35,32.2,32.28,32.4,32.51,32.68,32.51,31.89,31.81,31.98,32.14,32.09,32.11,32.23,31.89,32.11,32.06,31.98,32.2,32.28,32.28,32.4,32.53,32.35,32.62,32.65,32.51,32.62,32.82,32.4,32.65,32.45,32.45,32.28,32.77,32.48,32.57,32.65,32.94,32.68,32.95,33.02,33.12,33.12,33.52,33.41,33.29,33.27,33.29,33.1,32.85,32.78,32.68,32.73,32.57,32.62,32.53,32.62,32.53,32.77,32.65,32.62,32.68,32.95,33.19,32.95,33.12,33.29,33.37,33.29,33.36,33.44,33.62,33.46,33.37,33.57,33.71,33.79,33.69,33.79,33.99,34.04,34.26,34.38,34.35,34.16,34.52,34.77,34.47,34.55,34.65,34.3,34.18,34.08,34.33,33.93,34.1,34.3,33.96,33.78,33.83,34.1,34.13,33.99,34.3,33.91,34.21,34.26,34.33,34.25,34.1,34.33,34.43,33.88,33.86,33.74,33.62,33.86,34.73,34.73,34.35,33.86,34.01,33.96,33.91,33.86,33.88,33.71,33.71,33.71,33.71,33.37,33.79,33.27,33.52,33.32,33.46,33.36,32.99,32.9,32.62,32.23,32.31,31.98,31.64,31.32,30.73
29.93,30.65,30.95,31.15,31.49,31.57,31.77,32.2,32.35,32.43,32.57,32.48,32.43,32.4,32.45,32.36,32.57,32.65,32.7,32.4,32.26,32.03,32.01,31.91,32.28,32.26,32.11,32.01,32.01,31.91,31.91,32.45,32.36,32.36,32.31,32.65,32.77,32.48,32.77,32.57,32.51,32.7,32.6,32.65,32.57,32.4,32.53,32.43,32.9,32.82,32.73,32.82,32.7,33.15,32.95,33.37,33.12,33.04,33.29,33.2,33.19,33.27,33.12,33.12,32.77,32.87,32.78,32.62,32.7,32.53,32.35,32.57,32.45,32.6,32.7,32.7,32.99,33.02,33.15,33.19,33.29,33.46,33.32,33.07,33.2,33.44,33.32,33.27,33.62,33.57,33.74,33.86,33.74,33.79,34.01,33.74,34.18,34.16,34.1,34.18,34.1,34.47,34.57,34.55,34.18,34.1,34.65,34.25,34.25,33.86,34.13,34.21,33.83,33.96,33.62,33.88,33.86,34.18,34.13,34.08,33.93,34.08,34.13,33.91,34.18,34.1,33.83,33.69,34.01,33.91,34.38,34.33,34.55,34.63,34.13,34.3,34.1,33.86,33.88,33.88,33.78,33.93,33.88,33.69,33.71,33.46,33.37,33.15,33.24,33.61,32.9,33.02,32.53,32.53,32.48,32.18,31.81,31.2,30.46,28.83
29.69,30.21,30.46,30.73,31.15,31.52,31.66,31.94,32.43,32.65,32.53,32.53,32.77,32.4,32.2,32.4,32.57,32.87,32.68,32.31,31.86,32.01,31.83,32.06,32.11,32.14,32.06,32.06,32.09,32.01,32.28,32.4,32.03,32.35,32.43,32.51,32.6,32.31,32.51,32.57,32.31,32.7,32.48,32.48,32.53,32.45,32.4,32.65,32.87,32.85,32.6,32.9,32.95,33.04,32.87,33.2,33.04,33.02,33.2,33.2,33.19,33.1,33.24,33.12,32.7,32.68,32.78,32.73,32.62,32.51,32.4,32.53,32.62,32.53,32.7,32.95,32.99,32.73,32.78,32.94,33.19,33.1,33.37,33.19,33.37,33.1,33.12,33.07,33.37,33.52,33.44,33.44,33.69,33.79,33.71,33.88,33.93,33.99,33.96,33.99,34.26,34.33,34.21,34.13,34.04,34.25,34.26,34.3,34.26,34.25,34.16,34.1,33.96,33.69,33.66,33.88,33.69,33.93,34.01,33.99,33.86,33.91,34.13,34.01,34.25,34.21,33.88,33.71,33.71,33.83,34.04,34.55,34.47,34.38,34.43,34.1,33.78,33.36,33.74,33.49,33.78,33.71,33.78,33.79,33.41,33.37,33.12,33.46,33.2,32.9,32.87,32.78,32.36,32.65,32.11,31.91,31.35,30.83,28.87,26.31
29.39,30.01,30.7,30.9,30.92,31.44,31.56,31.83,32.31,32.35,32.57,32.87,32.51,32.23,32.28,32.4,32.62,32.62,32.62,32.18,31.81,31.86,31.83,32.14,31.91,32.23,32.11,31.81,31.94,31.83,32.26,32.14,31.98,32.36,32.36,32.28,32.65,32.45,32.68,32.48,32.4,32.62,32.7,32.36,32.36,32.7,32.62,32.2,32.78,32.73,32.82,32.85,32.62,33.02,33.12,33.15,33.12,33.37,33.24,33.1,33.04,33.41,33.12,33.04,32.53,32.57,32.53,32.4,32.53,32.23,32.77,32.6,32.51,32.6,32.51,32.51,32.95,33.19,33.36,33.1,32.9,33.24,33.36,33.07,33.29,33.12,33.36,33.2,33.46,33.27,33.52,33.49,33.57,33.61,33.57,33.62,33.66,33.86,34.01,33.91,33.79,33.99,33.91,34.13,33.96,34.3,34.43,34.41,34.3,34.25,34.41,34.04,33.88,33.93,33.86,33.78,33.93,33.71,33.91,33.88,33.88,33.79,33.79,33.88,33.71,33.83,34.01,34.04,33.69,34.16,34.16,34.41,34.63,34.41,34.33,33.88,33.88,33.88,33.83,33.86,33.49,33.83,33.52,33.27,33.41,33.41,33.32,33.32,33.29,32.95,32.7,32.51,32.48,32.26,32.06,31.44,30.92,28.98,26.93,25.13
28.34,29.47,30.13,30.21,30.87,31.02,31.15,31.89,32.01,32.31,32.85,32.9,32.48,32.23,32.06,32.28,32.65,32.9,32.6,32.14,31.81,31.89,31.98,32.14,32.14,32.03,32.09,31.98,31.94,32.09,32.06,32.06,32.35,32.26,32.03,32.4,32.36,32.45,32.31,32.35,32.11,32.65,32.6,32.51,32.95,32.62,32.78,32.77,32.51,32.94,32.87,32.78,33.19,32.9,32.99,33.27,33.12,33.24,33.2,33.27,33.46,33.12,33.12,32.48,32.94,32.51,32.53,32.78,32.53,32.6,32.36,32.45,32.45,32.73,32.94,32.85,32.82,33.27,32.87,33.37,32.99,33.15,33.12,33.32,33.24,33.27,33.32,33.15,33.37,33.24,33.29,33.46,33.57,33.99,33.62,33.71,33.62,33.83,33.93,33.86,34.08,34.04,33.96,34.25,33.96,33.96,34.38,34.26,34.1,34.18,34.38,34.01,33.86,33.93,33.71,33.69,33.86,33.52,33.71,33.62,33.71,33.78,33.88,33.99,34.04,33.88,33.99,34.16,34.13,33.83,34.26,34.48,34.41,34.33,33.96,34.38,33.66,33.62,33.74,33.71,33.79,33.69,33.91,33.74,33.27,33.19,33.04,33.36,33.24,33.07,32.87,32.26,32.45,32.28,31.61,31.15,29.64,26.76,25.64,24.66
25.32,27.92,29.32,30.33,30.7,30.95,31.61,31.86,31.91,32.51,32.62,32.85,32.4,31.98,32.26,32.28,32.95,32.87,32.45,31.81,31.72,32.03,31.83,31.94,32.03,32.18,31.57,32.09,32.11,31.94,32.18,32.18,32.28,32.4,32.4,32.36,32.78,32.4,32.57,32.09,32.28,32.35,32.51,32.57,32.48,32.62,32.77,32.68,32.73,32.82,32.77,32.94,32.95,33.1,33.04,33.07,33.36,32.94,33.46,33.12,32.9,32.78,32.94,32.7,32.45,32.45,32.62,32.36,32.48,32.31,32.51,32.68,32.62,32.57,32.9,32.99,32.99,33.07,33.04,33.1,33.04,33.07,33.04,33.24,32.73,33.24,33.1,33.2,33.15,33.57,33.27,33.49,33.24,33.46,33.54,33.61,33.71,33.78,33.61,33.71,33.99,33.99,33.88,33.91,34.04,34.08,34.33,34.3,34.18,34.16,34.38,34.08,33.74,33.61,33.83,33.66,33.52,33.86,33.83,33.74,33.62,33.69,33.66,33.79,33.83,33.49,33.88,33.93,34.1,33.93,34.08,34.18,34.3,34.48,34.38,34.08,34.25,33.41,33.78,33.71,33.86,33.78,33.69,33.74,33.29,33.37,33.19,33.19,33.44,32.94,32.85,32.4,32.14,31.77,31.44,29.87,26.97,25.52,24.68,24.75
24.59,25.28,27.44,29.47,30.36,30.95,31.02,31.24,31.52,32.23,32.35,32.65,32.26,32.14,32.09,32.77,32.62,33.04,31.91,31.77,31.86,31.91,32.18,32.01,32.45,32.09,32.03,32.2,31.91,32.09,32.18,32.35,32.18,32.36,32.36,32.2,32.82,32.4,32.57,32.18,32.4,32.4,32.77,32.57,32.7,32.94,32.7,32.87,32.94,32.68,32.94,33.24,33.27,33.2,33.24,33.2,33.36,33.27,33.19,33.04,33.12,32.65,32.87,32.51,32.53,32.77,32.51,32.35,32.31,32.6,32.68,32.7,32.85,32.6,32.65,33.04,33.04,33.19,33.2,33.12,33.46,33.46,33.29,32.9,33.15,33.07,33.24,33.24,33.27,33.27,33.36,33.37,33.2,33.44,33.71,33.83,33.71,33.49,33.91,34.1,34.16,34.1,34.04,34.13,34.08,33.99,34.13,34.18,34.01,34.01,34.18,33.91,33.69,33.66,33.57,33.44,33.78,33.52,33.54,33.62,33.78,33.54,33.27,33.83,33.52,33.61,33.99,33.79,33.99,34.08,34.16,34.16,34.33,34.1,34.47,34.08,33.78,33.61,33.93,33.78,33.93,33.74,33.71,33.52,33.46,33.29,33.32,33.02,33.02,32.7,32.48,32.11,31.77,31.27,30.21,27.32,25.37,24.33,24.39,24.56
24.29,24.59,25.32,26.85,28.98,30.41,30.53,31.24,31.32,31.86,32.28,32.4,32.23,32.03,32.23,32.51,33.02,32.78,31.98,31.72,31.98,31.77,32.23,31.89,32.09,32.06,32.2,32.01,32.23,32.28,32.14,32.35,32.51,32.65,32.62,32.31,32.43,32.51,32.18,32.14,32.26,32.62,32.51,32.57,32.53,32.87,33.02,32.57,32.85,32.9,32.95,33.04,32.87,33.46,33.29,33.2,33.07,33.04,33.2,32.78,32.73,32.6,32.77,32.4,32.65,32.53,32.28,32.14,32.62,32.57,32.31,32.7,32.57,32.77,32.73,33.37,33.04,33.07,33.29,33.2,33.12,33.2,33.24,33.15,33.1,33.29,33.46,33.52,33.46,33.12,33.41,33.36,33.32,33.37,33.57,33.69,33.79,33.79,33.66,33.86,34.01,34.21,34.3,33.71,34.04,34.21,34.38,33.99,33.99,33.96,33.96,34.3,33.91,33.66,33.69,33.79,33.62,33.44,33.61,33.83,33.62,33.54,33.78,33.79,33.69,33.66,33.99,33.78,33.88,34.08,34.26,34.01,34.38,34.33,34.04,34.01,34.21,33.93,33.86,33.61,33.69,33.99,33.69,33.69,33.61,33.27,33.07,33.2,32.77,32.28,32.01,31.81,31.15,30.13,27.59,25.25,24.95,24.29,23.97,24.39
24.17,24.48,24.63,24.93,26.44,29.2,30.29,30.83,31.39,32.09,32.09,32.23,31.94,32.09,32.31,32.77,32.77,32.43,31.94,31.61,31.83,31.77,32.26,32.09,31.98,31.52,32.06,32.23,31.98,32.06,32.14,32.23,32.57,32.51,32.31,32.57,32.6,32.45,32.36,32.43,32.62,32.28,32.68,32.62,32.57,32.82,32.6,32.85,32.53,32.94,32.99,33.19,33.2,33.1,33.62,33.15,32.87,33.15,33.02,32.99,32.77,32.45,32.62,32.62,32.43,32.53,32.45,32.73,32.68,32.53,32.65,32.65,32.65,32.82,33.04,33.24,33.36,33.1,33.37,33.49,33.37,33.44,33.24,33.2,33.1,33.19,33.12,33.24,33.2,33.12,33.36,33.27,33.46,33.61,33.52,33.54,33.88,33.78,33.86,33.86,33.91,33.88,34.1,34.41,34.1,33.99,34.01,34.35,34.01,34.1,34.16,34.04,33.88,33.91,33.79,33.71,33.57,33.41,33.66,33.69,33.62,33.57,33.86,33.69,33.49,33.69,33.62,33.74,33.83,33.99,33.88,34.1,33.99,34.04,34.33,33.99,33.74,33.99,34.43,33.79,33.69,33.79,33.69,33.36,33.29,33.46,32.95,32.68,32.43,31.91,31.91,31.15,29.81,27.25,25.64,24.98,24.8,24.8,24.29,24.21
24.21,24.44,24.53,24.33,24.8,25.79,28.19,30.36,31.02,31.91,32.31,32.03,32.06,32.09,32.23,32.62,33.1,32.31,32.01,32.09,31.86,31.98,31.89,32.11,32.14,32.14,31.98,32.14,32.26,32.14,32.14,32.45,32.2,32.28,32.26,32.14,32.65,32.68,32.57,32.14,32.57,32.65,32.53,32.62,32.6,32.77,33.02,32.65,32.53,32.85,32.65,32.87,32.82,33.1,33.41,33.12,33.19,32.99,32.78,33.12,32.85,32.73,32.78,32.48,32.4,32.14,32.48,32.23,32.45,32.78,32.94,32.94,32.6,32.9,33.2,33.12,33.29,33.69,33.91,33.54,33.29,33.41,33.27,33.29,33.41,33.19,33.2,33.29,33.36,33.61,33.27,33.52,33.27,33.57,33.62,33.66,33.62,33.99,33.96,33.83,34.1,34.16,34.25,34.1,34.13,34.35,34.21,33.99,34.18,34.08,33.93,34.04,34.1,33.57,33.69,33.96,33.66,33.49,33.86,33.79,33.49,33.74,33.57,33.69,33.78,33.66,33.93,33.78,33.96,34.16,33.96,33.96,34.35,34.16,34.3,34.18,34.04,33.99,33.91,33.91,33.71,33.66,33.62,33.54,33.41,33.15,32.62,32.73,32.09,31.69,31.35,29.96,27.47,25.64,24.83,24.11,24.44,24.14,24.48,24.14
24.09,24.17,23.91,24.36,24.59,24.95,25.55,28.11,30.36,31.19,31.74,31.83,32.09,32.14,32.26,32.51,32.45,31.89,31.69,31.57,32.2,32.09,32.31,32.62,32.11,32.01,32.18,32.28,32.36,32.2,31.98,32.43,32.4,32.4,32.48,32.51,32.43,32.51,32.36,32.51,32.51,32.28,32.57,32.7,32.77,32.82,32.48,32.9,32.65,32.7,32.9,33.02,32.87,33.07,33.36,33.02,33.12,32.94,32.9,33.19,32.77,32.7,32.77,32.35,32.51,32.51,32.4,32.68,32.36,32.9,32.62,32.62,32.9,32.87,33.1,33.1,33.24,33.54,33.66,33.57,33.46,33.52,33.49,32.99,33.27,33.46,33.36,33.37,33.52,33.91,33.32,33.32,33.24,33.61,33.49,33.46,33.57,33.96,33.99,34.16,34.3,34.08,34.04,34.43,34.04,34.35,33.99,33.78,33.93,33.93,34.01,33.99,33.99,33.93,33.96,33.74,33.49,33.37,33.71,33.66,33.86,33.57,33.91,33.69,33.29,33.46,33.62,33.78,33.66,33.74,33.96,34.25,34.04,34.26,34.18,33.99,33.96,33.69,33.69,33.86,33.32,33.78,33.62,33.19,32.94,32.94,32.57,32.14,31.94,31.32,29.81,26.8,25.28,24.9,24.66,24.51,24.24,24.24,24.26,24.21
23.99,24.24,24.24,23.97,23.99,24.41,24.63,25.52,27.79,30.5,31.56,31.72,31.83,32.01,32.43,32.4,32.36,31.74,31.81,31.66,32.09,32.01,32.14,32.2,32.06,32.09,32.26,32.11,32.06,32.26,32.06,32.09,32.45,32.35,32.23,32.51,32.53,32.26,32.65,32.4,32.43,32.57,32.6,32.48,32.65,32.48,32.68,32.78,32.6,32.77,32.65,32.65,32.9,33.2,33.07,32.99,32.73,33.12,32.7,32.82,32.77,32.77,32.53,32.31,32.43,32.4,32.6,32.43,32.28,32.48,32.51,32.94,32.77,33.19,32.99,33.24,33.32,33.79,33.52,33.36,33.44,33.46,33.27,33.41,33.32,33.36,33.54,33.27,33.61,33.54,33.44,33.61,33.46,33.49,33.49,33.49,33.69,33.49,33.71,34.01,34.1,34.26,34.16,34.16,34.1,33.93,33.91,34.04,33.93,34.08,33.91,33.83,33.91,33.66,33.54,33.79,33.74,33.71,33.46,33.78,33.61,33.52,33.88,33.83,33.69,33.62,33.57,33.78,33.71,33.93,33.86,33.91,33.91,34.3,34.01,34.08,33.74,33.83,33.46,33.69,33.88,33.54,33.44,33.24,33.19,32.62,32.18,31.83,31.15,29.15,26.53,25.32,24.68,24.63,24.56,24.39,24.14,24.24,23.82,23.72
23.82,23.87,24.11,23.82,24.24,24.41,24.44,25.01,25.72,28.95,30.83,31.47,31.91,32.2,32.03,32.4,31.98,31.83,31.86,31.91,32.36,32.26,32.4,31.91,32.35,32.36,32.18,32.31,32.09,32.18,32.36,32.06,32.31,32.45,32.2,32.51,32.53,32.77,32.7,32.36,32.73,32.57,32.77,32.7,32.51,32.53,32.6,32.6,32.57,32.62,32.51,32.62,32.62,33.02,33.12,32.9,32.95,32.85,32.68,32.57,32.48,32.95,32.65,32.57,32.36,32.36,32.14,32.94,32.77,32.68,32.62,32.94,32.82,33.04,32.77,32.95,33.19,33.57,33.78,33.52,33.54,33.24,33.62,33.46,33.1,33.49,33.54,33.46,33.78,33.79,33.79,33.88,33.69,33.46,33.61,33.49,33.69,33.37,33.61,33.71,34.01,34.33,34.13,33.96,33.96,33.88,34.13,33.79,33.79,33.96,34.43,33.86,33.83,33.69,33.69,33.74,33.78,33.69,33.78,33.62,33.54,33.66,33.71,33.54,33.57,33.62,33.71,33.83,33.93,33.96,33.88,33.74,34.1,33.86,33.96,34.01,33.44,33.74,33.62,33.37,33.69,33.46,33.41,33.07,32.87,32.45,31.61,31.24,28.8,26.07,25.45,24.78,24.56,24.29,24.29,24.09,24.02,23.67,23.97,23.99
24.09,24.06,24.02,23.87,24.39,24.17,24.48,24.56,24.48,26.07,29.77,31.19,31.89,32.36,32.23,32.14,31.81,31.64,31.61,31.86,32.36,32.2,32.35,32.01,32.18,32.4,32.18,32.31,32.03,32.26,32.28,32.11,32.35,32.45,32.35,32.48,32.57,32.36,32.6,32.4,32.65,32.45,32.57,32.7,32.68,32.57,32.48,32.68,32.65,32.35,32.31,32.51,32.65,32.95,32.7,32.7,32.82,32.7,32.73,33.02,32.94,32.31,32.45,32.82,32.36,32.36,32.65,32.57,32.53,32.6,32.77,32.87,32.73,32.95,33.07,33.04,33.24,33.44,33.91,33.36,33.83,33.93,33.27,33.54,33.49,33.93,33.78,33.46,33.32,33.71,33.78,33.96,33.78,33.52,33.46,33.71,33.61,33.37,33.49,33.46,33.93,33.88,33.88,34.01,33.83,33.88,33.78,33.71,33.93,33.96,34.04,33.88,34.1,34.18,33.62,33.78,33.66,33.93,33.52,34.01,33.69,33.54,33.61,33.69,33.83,33.54,33.71,33.78,34.04,34.08,34.04,34.21,34.26,34.01,34.18,33.86,33.74,33.52,33.71,33.74,33.46,33.46,33.44,33.04,32.62,31.98,31.07,28.48,26.23,25.01,24.56,24.44,24.44,24.09,24.29,24.11,24.09,24.17,23.82,23.91
23.91,24.06,24.02,23.87,24.17,23.97,24.56,24.24,24.56,25.28,28.48,30.78,31.69,32.2,32.11,32.11,31.81,31.69,31.86,32.03,32.23,32.43,32.36,32.4,32.2,32.28,32.09,32.23,32.23,31.86,32.06,32.4,32.18,32.53,32.53,32.23,32.73,32.85,32.57,32.68,32.77,32.6,32.77,32.53,32.57,32.53,32.35,32.7,32.51,32.43,32.31,32.35,32.4,32.57,32.78,32.68,32.6,32.65,32.73,32.82,32.68,32.31,32.65,32.36,32.77,32.45,32.51,32.65,32.45,32.73,32.65,32.95,32.7,33.19,33.19,32.99,33.37,33.41,33.49,33.54,33.71,33.52,33.79,33.61,33.74,33.44,33.41,33.44,33.71,33.78,33.49,33.61,33.74,33.86,33.54,33.36,33.71,33.61,33.54,33.69,33.74,33.91,33.69,33.93,34.04,33.96,33.86,34.04,33.71,33.78,33.46,34.13,33.86,33.66,33.57,34.25,33.66,33.66,33.83,33.99,33.78,33.66,33.54,33.57,33.61,33.61,33.86,33.96,34.1,34.13,33.91,34.18,33.88,34.01,34.33,33.83,33.44,33.78,33.36,33.24,33.12,33.19,32.82,32.77,32.26,30.9,28.14,26.61,24.95,24.8,24.29,24.39,24.24,24.06,23.94,24.02,23.87,24.09,23.67,23.94
24.09,24.11,23.97,24.02,23.72,24.02,24.36,24.33,24.68,25.13,26.49,30.36,31.69,31.74,32.03,32.06,31.69,31.56,31.69,32.11,32.26,32.28,32.26,32.06,32.31,32.01,32.31,32.23,32.36,32.26,32.36,32.35,32.4,32.7,32.2,32.35,32.65,32.4,32.26,32.6,32.53,32.77,32.7,32.78,32.73,32.62,32.23,32.35,32.53,32.14,32.43,32.28,32.23,32.43,32.45,32.2,32.45,32.65,32.65,32.7,32.45,32.68,32.36,32.2,32.53,32.51,32.65,32.48,32.45,32.51,32.68,32.62,32.85,32.65,32.85,33.27,33.2,33.19,33.49,33.61,33.79,33.78,33.71,33.83,33.37,33.46,33.74,33.74,33.62,33.41,33.61,33.32,33.44,33.54,33.66,33.2,33.52,33.78,33.44,33.24,33.88,33.71,34.08,33.83,34.04,34.18,33.91,34.01,33.86,33.69,33.74,33.99,33.93,33.74,33.88,33.88,33.49,33.91,33.93,33.54,33.99,33.71,33.52,33.88,33.78,33.86,34.08,34.1,34.33,34.26,34.25,34.26,33.91,33.79,34.33,33.69,33.62,33.57,33.49,33.19,33.24,32.85,32.7,31.98,31.39,28.63,26.14,24.9,24.8,24.53,24.44,24.29,23.84,24.14,24.14,23.72,23.94,23.99,23.6,23.72
23.69,23.97,23.99,23.82,23.84,23.99,24.17,24.17,24.24,25.01,25.99,29.93,31.52,31.89,31.94,31.74,31.32,31.61,32.01,32.35,32.36,32.26,32.4,32.09,32.01,32.2,32.35,32.35,32.31,32.09,32.14,32.35,32.48,32.18,32.43,32.36,32.43,32.31,32.65,32.65,32.65,32.77,32.62,32.6,32.4,32.4,32.06,32.01,31.81,32.03,32.11,32.03,32.28,32.48,32.35,32.2,32.51,32.2,32.53,32.51,32.57,32.57,32.7,32.51,32.53,32.43,32.51,32.6,32.53,32.45,32.53,32.9,32.9,32.95,32.9,32.94,33.1,32.99,33.36,33.54,33.71,33.62,33.61,33.52,33.44,33.78,33.49,33.49,33.19,33.44,33.46,33.41,33.46,33.32,33.27,33.2,33.66,33.32,33.07,33.88,33.44,33.54,33.61,33.99,33.91,34.1,33.74,33.96,33.79,33.86,33.99,34.08,33.86,33.96,33.91,33.99,34.1,33.96,33.74,33.57,33.54,33.54,33.57,33.71,33.74,34.1,33.96,34.26,34.16,34.48,34.52,34.13,33.91,33.62,34.01,33.83,33.52,33.52,33.32,33.19,33.15,32.95,32.57,31.52,29.59,26.18,24.98,24.75,24.66,24.09,24.29,23.91,24.09,23.84,23.79,23.79,23.87,24.06,23.79,23.94
23.52,24.11,23.6,23.57,24.14,23.99,24.17,24.29,24.48,24.8,25.44,29.96,31.47,31.69,31.74,31.64,31.1,31.72,31.94,31.89,32.28,32.23,32.01,32.4,32.35,32.23,32.28,32.43,32.14,32.45,32.09,32.09,32.36,32.36,32.4,32.6,32.53,32.43,32.53,32.31,32.51,32.57,32.6,32.45,32.73,32.36,31.98,31.89,32.03,32.14,31.94,31.98,31.94,32.06,32.57,32.4,32.06,32.18,32.36,32.57,32.43,32.43,32.43,32.48,32.65,32.28,32.6,32.4,32.53,32.6,32.6,32.85,32.78,32.85,32.87,33.04,33.1,33.02,33.46,33.49,33.54,33.93,33.46,33.66,33.62,33.41,33.71,33.24,33.49,33.29,33.36,33.54,33.29,33.15,33.41,33.54,33.41,33.44,33.36,33.54,33.57,33.78,33.74,33.91,33.79,33.74,33.79,33.99,33.99,33.93,34.04,34.13,33.93,33.93,33.96,34.16,33.91,33.86,33.71,33.69,33.86,33.36,33.86,33.79,33.69,34.04,33.93,34.38,34.57,34.63,34.57,34.41,34.08,33.91,34.01,33.96,33.61,33.29,33.15,33.2,32.6,32.78,32.43,30.36,26.92,25.33,24.71,24.39,24.51,23.94,24.06,24.14,24.24,23.79,24.06,23.48,24.06,23.38,23.94,23.72
23.38,23.69,23.99,23.75,23.79,24.24,24.24,24.02,24.44,24.51,25.55,29.72,31.12,31.35,31.47,31.39,31.35,31.61,31.89,31.86,32.09,31.98,31.89,31.98,32.09,32.43,31.98,32.2,32.31,32.43,32.35,32.36,32.31,32.7,32.31,32.45,32.53,32.57,32.57,32.48,32.53,32.45,32.36,32.26,32.09,32.03,31.81,32.06,31.98,32.03,32.11,32.11,31.83,32.45,32.28,32.2,32.28,32.28,32.14,32.35,32.06,32.4,32.43,32.18,32.36,32.18,32.57,32.62,32.6,32.53,32.62,32.94,33.04,32.85,32.99,33.04,33.04,32.9,33.36,33.24,33.24,33.41,33.61,33.66,33.49,33.44,33.62,33.24,33.1,33.46,33.19,33.15,33.07,33.37,33.49,33.66,33.46,33.41,33.36,33.46,33.61,33.62,33.61,34.08,33.61,33.96,34.1,34.01,33.83,34.35,34.04,33.96,34.13,34.35,34.1,33.86,33.88,33.66,33.78,33.71,33.78,33.61,33.91,33.88,33.99,34.04,34.41,34.63,34.6,34.6,34.57,34.48,34.38,33.61,33.96,33.88,33.54,33.12,33.46,32.68,32.7,32.43,31.44,28.04,25.52,24.83,24.44,24.33,24.44,23.82,23.91,23.94,23.91,23.82,23.82,23.64,23.6,23.64,23.75,23.69
23.72,23.97,23.67,23.91,24.21,23.91,23.99,24.06,24.29,24.51,25.37,28.98,30.95,31.4,31.24,31.32,31.4,31.66,31.98,31.74,31.91,31.94,32.36,32.2,32.48,32.28,32.36,32.4,32.45,32.35,32.4,32.57,32.23,32.4,32.53,32.62,32.4,32.65,32.35,32.57,32.7,32.45,32.36,32.4,32.28,31.94,32.03,31.74,32.01,32.06,32.01,32.14,32.11,32.51,31.94,32.43,32.09,32.06,32.14,32.23,32.31,32.4,32.68,32.36,32.57,32.43,32.62,32.35,32.62,32.65,32.68,32.82,32.78,32.65,32.94,33.04,33.24,33.24,33.2,33.27,33.49,33.44,33.49,33.57,33.24,33.69,33.46,33.19,33.27,33.2,33.24,33.46,33.27,33.27,33.12,33.37,33.41,33.15,33.49,33.49,33.57,34.01,33.71,33.91,33.83,33.99,34.1,34.38,34.1,34.1,34.26,34.16,34.13,34.33,34.25,34.3,34.18,34.25,33.88,33.93,34.16,33.99,33.93,34.08,34.21,34.33,34.72,34.52,34.55,34.89,34.63,34.55,34.38,34.16,33.99,33.86,33.52,33.37,33.12,32.94,32.36,32.11,29.96,26.31,25.52,24.66,24.53,23.87,24.06,23.87,24.06,23.82,24.21,23.82,23.67,24.02,23.82,23.84,23.57,23.79
23.69,23.97,23.6,23.79,23.82,24.14,23.99,23.99,24.14,24.51,25.33,28.83,30.87,31.29,31.47,31.49,31.39,31.44,31.91,31.98,32.18,31.98,32.4,32.2,32.4,32.28,32.45,32.31,32.45,32.03,32.28,32.36,32.6,32.78,32.28,32.62,32.62,32.6,32.48,32.6,32.36,32.51,32.2,32.06,32.01,32.03,31.72,32.09,32.01,32.01,31.94,32.28,32.14,32.03,31.98,31.98,32.28,32.35,32.01,32.26,32.14,32.23,32.62,32.57,32.62,32.9,33.04,32.78,32.68,32.87,32.7,32.57,32.85,32.9,33.2,32.99,32.99,33.2,33.49,33.41,33.37,33.46,33.61,33.71,33.46,33.61,33.49,33.27,33.37,33.12,33.1,33.2,33.2,33.07,33.24,33.12,33.24,33.32,33.36,33.52,33.54,33.78,34.13,34.04,34.04,34.08,34.25,33.91,34.13,34.33,34.21,34.04,33.88,34.1,34.16,34.48,34.1,34.04,34.01,34.1,34.21,34.13,34.13,34.04,34.01,34.41,34.68,34.82,34.41,34.65,34.73,34.77,34.52,33.91,33.78,33.79,33.79,33.36,33.15,32.77,32.48,31.52,28.83,25.87,25.18,24.56,24.33,24.24,24.21,23.97,23.67,23.69,23.82,24.11,23.94,23.84,23.69,23.79,23.82,23.67
23.69,23.84,23.82,23.72,24.09,24.02,24.09,24.06,24.36,24.56,25.17,27.72,30.53,31.24,31.4,31.1,31.52,31.61,31.66,31.98,32.18,32.09,32.03,32.2,32.28,32.18,32.45,32.51,32.31,32.4,32.28,32.43,32.23,32.43,32.6,32.87,32.73,32.73,32.45,32.68,32.2,32.45,32.28,32.18,32.03,31.66,31.72,32.01,32.01,31.66,32.09,32.03,31.83,31.89,31.98,31.86,31.86,31.98,32.06,32.4,32.45,32.62,32.65,32.53,32.51,32.65,32.62,32.68,32.94,32.65,32.82,32.77,32.73,32.68,33.04,32.77,33.12,33.1,33.07,33.24,33.29,33.46,33.52,33.24,33.54,33.52,33.54,33.49,33.37,33.44,33.12,33.44,33.24,33.07,33.29,33.32,33.61,33.36,33.46,33.57,33.44,33.54,33.88,34.13,34.33,34.13,34.25,34.18,34.16,34.16,34.21,34.16,34.16,34.25,34.26,34.13,34.13,33.99,34.21,34.18,34.25,34.13,34.33,34.35,34.25,34.48,34.65,34.47,34.8,34.47,34.57,34.52,34.18,33.99,33.61,33.71,33.24,33.46,32.99,32.73,32.35,30.5,27.05,25.22,24.9,24.21,24.21,24.11,24.29,23.94,24.09,23.87,23.79,23.54,24.02,23.82,23.87,23.91,23.79,23.72
23.75,23.91,23.79,23.94,23.94,23.69,24.09,23.75,24.09,24.56,24.8,26.8,30.61,30.87,31.15,31.07,31.44,31.77,31.74,31.89,32.06,32.2,32.14,32.09,32.43,32.11,32.43,32.45,32.31,32.51,32.48,32.31,32.73,32.68,32.6,32.85,32.94,32.62,32.57,32.53,32.48,32.28,32.2,31.77,31.91,31.81,31.83,31.64,31.89,32.01,31.74,31.86,31.89,32.09,32.4,32.09,31.94,32.03,32.03,32.53,32.57,32.45,32.6,32.36,32.85,32.77,32.87,32.62,32.73,32.73,32.68,32.82,32.7,32.77,33.12,32.99,33.07,33.12,33.15,33.27,33.32,33.54,33.61,33.88,33.46,33.44,33.52,33.29,33.41,33.1,32.95,33.52,33.61,33.37,33.27,33.1,33.32,33.27,33.41,33.49,33.52,33.44,33.96,33.93,33.79,34.38,33.93,34.13,33.93,34.18,34.41,34.04,34.08,34.08,34.21,34.3,34.3,34.3,34.47,34.18,34.43,34.13,34.16,34.26,34.6,34.68,34.73,34.8,34.68,34.63,34.21,34.18,34.52,34.25,33.86,33.66,33.46,33.44,32.95,32.51,32.01,29.52,25.96,25.05,24.48,24.33,24.17,24.11,23.97,24.06,24.14,24.02,24.02,23.72,23.64,23.84,23.97,23.72,23.72,23.72
23.6,23.72,23.72,23.69,23.84,24.17,24.21,24.11,24.06,24.24,24.48,26.23,30.26,30.73,31.27,31.27,31.27,31.56,31.86,31.61,31.98,31.81,32.14,32.35,32.18,32.51,32.31,32.4,32.51,32.53,32.26,32.62,32.73,32.68,32.87,32.73,32.85,32.48,32.53,32.51,32.23,32.09,32.06,31.86,31.56,31.64,31.69,31.69,31.89,31.94,32.06,31.66,31.91,31.98,32.11,32.01,32.01,32.03,32.23,32.18,32.11,32.6,32.68,32.48,32.82,32.7,32.85,32.62,32.73,32.95,32.78,33.07,32.82,32.94,32.94,32.95,33.37,32.95,33.2,33.27,33.37,33.37,33.66,33.19,33.46,33.61,33.37,33.04,33.2,33.36,33.07,33.27,33.44,33.71,33.32,33.52,33.49,33.32,33.41,33.49,33.93,33.66,33.71,34.26,34.18,34.25,34.33,33.99,34.18,34.3,34.38,33.96,34.08,34.13,34.26,34.35,34.3,33.96,34.26,33.99,34.38,34.38,34.41,34.52,34.48,34.95,34.9,34.6,34.9,34.47,34.41,33.93,34.41,34.26,33.91,33.62,33.46,33.15,33.02,32.68,31.64,27.99,25.52,24.83,24.63,24.39,23.99,24.29,24.11,24.02,24.06,23.67,23.75,23.97,23.82,23.79,23.57,23.75,24.09,23.91
23.52,23.75,23.69,23.67,23.57,23.79,24.17,24.14,24.14,24.53,24.39,25.33,29.59,30.82,31.27,30.95,31.39,31.52,31.52,31.69,31.98,31.64,31.83,32.06,32.09,31.98,32.26,32.6,32.2,32.06,32.36,32.35,32.28,32.6,32.85,32.7,32.82,32.85,32.35,32.18,32.09,31.94,32.09,31.69,31.77,31.77,31.64,31.57,31.49,31.94,31.64,31.44,31.81,31.98,32.09,31.89,32.01,32.36,32.2,32.2,32.28,32.4,32.94,32.85,32.94,33.15,32.68,32.82,32.57,32.82,32.82,32.77,32.95,33.2,33.07,33.19,32.87,33.02,33.2,33.12,33.37,33.29,33.19,33.52,33.12,33.54,33.24,33.32,33.19,33.66,33.41,33.37,33.12,33.69,33.49,33.57,33.54,33.37,33.66,33.74,33.78,34.08,33.93,34.3,34.18,34.43,34.47,34.47,34.16,34.35,34.43,34.13,34.41,34.21,34.08,34.41,34.38,34.55,34.25,34.18,34.73,34.35,34.55,34.38,34.6,34.77,34.68,34.89,34.9,34.35,34.43,34.1,34.38,34.04,33.78,33.61,33.44,33.27,32.99,32.53,30.66,26.7,25.18,24.78,24.51,24.11,24.17,24.06,23.99,23.72,23.67,23.6,23.72,23.6,23.75,23.82,23.84,23.84,23.64,23.79
23.79,23.79,23.91,23.75,23.91,23.82,23.72,23.75,23.97,24.39,24.63,25.49,29.12,30.61,30.95,31.07,31.24,31.72,31.52,31.64,31.64,31.74,31.81,31.69,31.61,32.4,32.45,32.51,32.18,32.14,32.4,32.28,32.65,32.68,32.99,32.78,32.62,32.31,32.2,32.51,32.06,31.94,31.56,32.01,31.57,31.77,31.66,31.44,31.57,31.91,31.74,31.77,31.91,31.49,31.86,31.89,32.18,32.14,32.18,32.31,32.43,32.36,32.68,32.7,32.78,32.85,32.94,33.1,32.57,32.82,32.73,32.9,33.12,33.2,32.87,33.04,32.95,33.07,33.32,33.24,33.57,33.15,33.12,33.32,33.15,33.24,33.29,33.37,33.2,33.44,33.2,33.37,33.29,33.2,33.44,33.54,33.44,33.41,33.66,33.52,33.96,33.79,33.86,34.47,34.04,34.52,34.47,34.63,34.25,34.21,34.13,34.35,34.38,34.48,34.04,34.21,34.25,34.21,34.35,34.35,34.47,34.25,34.35,34.73,34.41,34.72,34.47,34.95,34.9,34.41,34.3,34.16,34.1,34.25,34.18,33.66,33.37,33.1,32.6,31.83,29.98,26.29,24.93,24.83,24.33,24.17,24.06,23.94,23.91,23.84,23.64,23.67,23.69,24.09,24.09,23.57,23.69,23.48,23.82,23.87
23.79,23.79,23.84,23.87,23.67,23.97,23.67,23.97,24.11,24.17,24.36,25.13,28.92,30.78,30.95,31.12,31.35,31.52,31.44,31.77,31.69,31.74,31.83,32.03,32.01,31.86,32.18,32.23,32.09,32.28,32.28,32.62,32.65,32.51,32.68,32.4,32.53,32.6,32.48,32.11,31.89,31.91,31.74,31.64,31.47,31.52,31.52,31.72,31.49,31.64,31.35,31.56,32.03,31.64,32.2,32.18,31.94,32.09,32.06,32.31,32.53,32.35,32.77,32.68,33.02,33.04,32.78,33.41,32.9,32.99,32.95,33.15,32.9,32.94,33.1,33.19,33.12,33.27,33.12,33.15,33.2,33.12,33.1,33.37,33.37,33.19,33.36,32.99,33.2,33.27,33.2,33.49,33.49,33.44,33.88,33.57,34.01,33.96,33.78,33.69,33.88,33.74,34.1,34.16,34.18,34.47,34.26,34.25,34.43,34.1,34.26,34.33,34.16,34.33,34.52,34.48,34.63,34.52,34.55,34.43,34.35,34.33,34.41,34.38,34.38,34.48,34.82,34.94,34.99,34.55,34.38,34.26,34.38,34.21,33.86,33.69,33.54,32.87,32.62,31.89,28.04,25.52,24.71,24.59,24.36,24.14,24.21,23.84,24.26,23.94,23.79,23.69,23.84,23.69,23.72,23.82,23.72,23.64,23.99,23.97
23.75,23.82,24.09,23.82,23.79,23.99,23.79,23.72,23.94,24.36,24.48,25.32,28.55,30.38,30.92,31.02,31.56,31.4,31.32,31.57,31.74,31.64,31.61,32.09,32.14,32.2,32.31,32.36,32.2,32.18,32.57,32.4,32.43,32.78,32.53,32.65,32.53,32.14,32.2,32.01,31.91,31.72,31.74,31.56,31.39,31.66,31.57,31.52,31.69,31.56,31.27,31.98,31.56,31.91,31.69,31.98,32.45,32.26,32.35,32.23,32.51,32.48,32.7,32.77,32.94,32.95,32.73,33.07,32.85,32.95,32.82,33.2,32.94,32.85,33.12,33.19,33.02,33.02,33.29,33.2,32.95,33.2,33.29,33.24,33.41,33.27,33.1,33.36,33.15,33.27,33.19,33.41,33.32,33.27,33.61,33.54,33.69,33.71,33.52,33.74,33.96,33.74,33.79,34.01,34.3,34.26,34.26,34.43,34.3,34.47,34.33,34.33,34.25,34.65,34.16,34.52,34.33,34.33,34.47,34.82,34.55,34.41,34.52,34.38,34.47,34.48,34.33,34.55,34.82,34.43,34.38,34.43,34.21,34.26,33.86,33.71,33.36,32.99,32.36,31.44,27.29,25.25,24.71,24.39,24.29,23.99,23.57,23.79,23.99,24.06,23.6,23.48,23.87,23.91,23.75,23.37,23.48,23.91,23.52,23.42
23.97,23.84,23.97,23.64,23.84,23.64,23.84,23.72,23.99,24.36,24.09,25.13,28.46,30.5,30.82,30.98,31.07,31.15,31.35,31.64,31.72,31.74,31.77,31.86,31.64,32.2,31.98,32.28,32.4,32.03,32.35,32.45,32.51,32.62,32.51,32.57,32.51,32.03,32.01,31.83,31.61,31.57,31.44,31.27,31.29,31.44,31.27,31.49,31.57,31.49,31.66,31.64,31.64,31.57,31.77,31.77,31.91,31.94,32.14,32.45,32.51,32.43,32.73,32.68,32.82,32.73,33.07,33.04,32.78,32.87,32.78,33.12,33.19,32.94,32.7,33.02,32.9,33.27,32.9,32.87,33.02,33.32,33.02,33.2,32.99,33.41,33.27,33.19,33.04,33.19,33.29,33.44,33.1,33.49,33.32,33.49,33.54,33.69,33.49,33.99,33.79,33.91,33.69,33.83,34.25,34.1,34.08,34.1,34.3,34.04,34.52,34.16,33.91,34.52,34.6,34.25,34.38,34.48,34.41,34.6,34.35,34.35,34.3,34.35,34.38,34.38,34.48,34.41,34.47,34.73,34.6,34.6,34.33,34.48,34.25,33.71,33.37,32.65,32.23,30.65,26.81,25.13,24.63,24.41,24.33,24.06,24.06,23.79,23.64,23.79,23.94,23.64,23.72,23.64,23.79,23.54,23.75,23.67,23.64,23.87
23.64,23.6,23.75,23.82,23.75,23.87,23.69,24.29,23.94,24.21,24.36,25.32,28.55,30.45,30.78,31.1,31.27,31.49,31.83,31.56,31.72,31.72,31.74,31.61,31.91,31.91,32.01,32.06,32.26,32.18,32.18,32.51,32.68,32.4,32.31,32.28,32.26,32.48,31.91,31.49,31.66,31.19,31.35,31.27,31.39,31.27,31.39,31.32,31.2,31.61,31.39,31.81,31.66,31.77,31.72,32.06,32.01,32.48,32.45,32.57,32.45,32.36,32.6,32.62,32.9,32.68,32.82,33.15,32.9,33.02,33.04,33.04,32.87,33.12,33.19,32.94,32.99,33.2,33.37,33.12,33.2,33.41,33.27,33.2,33.29,33.27,33.15,33.29,33.24,33.37,33.37,33.44,33.32,33.46,33.2,33.32,33.49,33.86,33.71,34.04,34.04,33.79,33.96,33.86,34.08,34.43,34.25,34.25,34.43,34.68,34.48,34.72,34.48,34.55,34.43,34.47,34.55,34.55,34.26,34.26,34.48,34.38,34.55,34.63,34.3,34.48,34.55,34.48,34.41,34.63,34.82,34.48,34.65,34.38,33.96,33.62,33.07,32.82,32.48,30.78,26.46,24.98,24.33,24.39,24.14,23.82,23.84,24.09,23.84,23.94,23.52,23.82,23.37,23.57,23.72,23.67,23.48,23.79,23.69,23.84
23.72,23.67,23.69,23.67,23.69,24.02,23.84,23.91,24.14,24.14,24.56,25.1,28.6,30.53,30.73,31.02,31.35,31.24,31.64,31.4,32.09,31.69,31.64,31.77,31.81,32.09,32.18,32.11,32.6,32.18,32.31,32.26,32.45,32.51,32.35,32.23,32.01,31.94,31.56,31.4,31.61,31.32,31.39,31.32,31.32,31.47,31.27,31.81,31.4,31.56,31.66,31.69,31.64,31.83,31.94,32.01,32.03,32.09,32.28,32.26,32.57,32.78,32.48,32.77,32.78,32.78,32.94,32.9,32.95,33.12,33.04,33.15,33.04,32.9,33.04,32.87,33.32,33.1,33.2,33.07,33.1,33.27,33.29,33.2,33.41,33.15,33.37,33.52,33.37,33.37,33.27,33.52,33.62,33.78,33.49,33.54,33.74,33.69,33.78,33.83,33.88,34.08,33.88,34.21,34.3,34.13,34.33,34.65,34.25,34.52,34.33,34.33,34.16,34.38,34.47,34.48,34.52,34.25,34.63,34.55,34.41,34.47,34.6,34.33,34.33,34.38,34.38,34.3,34.6,34.52,34.8,34.55,34.41,34.72,34.26,33.69,33.04,33.02,32.51,30.45,26.23,25.05,24.75,24.53,24.24,24.36,24.06,23.79,24.17,24.02,23.67,23.84,23.67,23.79,23.82,23.75,23.72,23.23,23.94,23.72
23.91,23.75,23.87,23.87,23.69,23.97,23.67,24.14,24.24,24.09,24.41,25.44,28.76,30.45,30.73,30.9,31.02,31.27,31.57,31.61,31.89,32.01,31.94,31.83,32.2,32.2,32.4,32.23,32.31,32.18,32.28,32.62,32.62,32.65,32.36,32.11,31.74,31.72,31.64,31.2,31.27,31.19,31.4,31.52,31.15,31.44,31.29,31.57,31.72,31.64,31.66,31.61,31.66,31.89,31.83,32.18,32.2,32.53,32.4,32.62,32.48,32.78,33.04,32.57,32.85,32.7,32.82,32.87,33.04,33.36,32.7,33.04,32.99,33.1,33.1,33.04,33.24,33.32,33.24,33.12,33.37,33.36,33.27,33.32,33.32,33.36,33.54,33.32,33.54,33.36,33.2,33.44,33.78,33.83,33.41,33.57,33.41,33.69,33.62,33.91,34.04,33.93,34.04,34.18,34.08,34.3,34.48,34.48,34.43,34.47,34.33,34.6,34.18,34.38,34.3,34.33,34.38,34.48,34.47,34.63,34.77,34.47,34.52,34.55,34.65,34.6,34.21,34.43,34.55,34.26,34.63,34.6,34.57,34.33,34.3,33.86,33.32,33.2,32.4,30.95,26.26,25.07,24.86,24.51,24.09,23.72,24.02,23.82,24.14,23.69,24.11,23.67,23.91,23.6,24.02,23.87,23.82,23.67,23.75,23.79
23.87,23.67,23.79,23.67,23.84,23.75,23.84,23.75,24.26,24.06,24.48,25.28,28.98,30.26,30.65,30.98,31.03,31.24,31.81,31.77,32.06,31.94,31.91,31.89,32.4,32.28,32.23,32.35,32.53,32.48,32.11,32.28,32.28,32.31,32.03,31.98,31.61,31.52,31.47,31.12,31.49,31.29,31.15,30.92,31.35,31.39,31.32,31.19,31.27,31.56,31.29,31.64,32.14,32.11,31.69,31.72,32.06,32.43,32.23,32.53,32.23,32.36,32.85,32.7,32.87,32.43,33.15,33.02,32.87,33.15,33.12,33.04,33.1,32.85,33.02,33.19,33.1,33.1,33.29,33.49,33.37,33.36,33.37,33.19,33.44,33.79,33.49,33.44,33.52,33.54,33.46,33.66,33.83,33.29,33.79,33.62,33.91,33.66,33.49,33.91,33.96,33.78,33.78,33.99,33.61,34.33,34.26,34.21,34.6,34.52,34.72,34.41,34.16,34.25,34.38,34.01,34.48,34.43,34.08,34.43,34.48,34.6,34.43,34.41,34.38,34.33,34.21,34.13,34.18,34.38,34.13,34.48,34.43,33.88,34.18,33.93,33.24,32.82,32.53,30.98,26.61,25.18,24.9,24.41,24.14,23.72,24.11,23.67,23.94,23.79,23.52,23.84,23.79,23.82,23.82,23.72,23.82,23.42,23.6,23.52
23.69,23.57,24.06,23.75,23.75,23.82,23.84,24.06,24.02,24.14,24.33,25.55,29.12,30.24,30.58,31.03,31.03,31.27,31.69,31.77,32.03,32.18,32.36,32.06,32.26,32.31,32.2,32.4,32.31,32.43,32.35,32.14,32.2,31.86,31.69,31.66,31.64,31.35,31.44,31.19,31.49,31.24,31.32,31.02,31.39,31.35,31.2,31.12,31.4,31.57,31.27,31.57,31.47,31.98,32.01,31.89,31.72,31.98,32.35,32.43,32.45,32.78,32.62,32.77,32.78,32.87,32.82,33.1,32.99,33.19,33.04,33.12,32.87,32.99,33.07,33.02,33.32,33.2,33.29,33.32,33.61,33.52,33.54,33.27,33.57,33.69,33.32,33.44,33.32,33.46,33.78,33.61,33.61,33.49,33.69,33.74,33.57,33.78,33.78,33.61,33.88,33.86,34.41,34.01,34.3,34.08,34.47,34.13,34.41,34.41,34.89,34.55,34.38,34.25,34.08,34.26,34.04,34.1,34.3,34.21,34.63,34.41,34.52,34.47,34.47,34.57,34.6,34.3,34.13,34.08,34.01,34.16,34.38,34.33,34.26,34.04,33.52,32.9,32.35,30.98,27.12,24.98,24.59,24.39,24.24,23.79,23.79,24.14,23.84,23.99,24.06,23.6,23.75,23.94,23.6,23.91,23.52,23.52,23.87,23.75
23.6,24.14,23.67,23.57,24.02,23.72,23.87,24.11,24.36,24.26,24.51,25.4,29.19,30.26,30.73,30.92,31.27,31.52,31.4,31.89,32.11,31.94,32.28,32.2,32.45,32.28,32.4,32.36,32.45,32.18,32.35,32.03,32.11,31.86,31.66,31.64,31.66,31.56,31.66,31.29,31.39,31.2,31.2,31.2,31.4,31.2,31.03,31.56,31.49,31.64,31.24,31.56,31.4,31.98,31.81,31.81,31.77,32.09,32.06,32.31,32.35,32.35,32.77,32.57,32.85,32.95,32.95,32.85,33.1,32.68,33.1,33.19,32.9,32.99,32.85,32.9,33.29,32.85,33.02,33.32,33.07,33.2,33.27,33.32,33.37,33.62,33.36,33.36,33.36,33.66,33.49,33.71,33.79,33.71,33.69,33.27,33.83,33.74,33.54,33.62,33.71,33.86,33.96,33.83,33.88,33.93,34.21,34.1,34.21,34.18,34.48,34.1,34.1,34.04,34.18,34.33,33.79,34.1,34.13,34.16,34.55,34.57,34.8,34.57,34.68,34.68,34.52,34.33,34.18,34.25,33.96,34.08,34.04,34.1,34.16,34.04,33.49,33.12,32.85,31.15,27.0,25.13,24.83,24.53,24.09,24.09,23.72,24.09,23.75,23.72,23.75,23.38,23.87,23.54,23.64,23.84,23.82,23.67,23.87,23.52
23.75,23.82,23.99,23.84,23.45,24.02,24.06,24.17,24.14,24.36,24.36,25.44,29.03,30.5,30.61,31.32,31.07,31.49,31.77,32.03,32.06,32.23,32.23,32.28,32.35,32.18,32.14,32.35,32.18,32.06,32.01,31.89,31.91,32.01,31.66,31.72,31.72,31.56,31.44,30.9,31.32,31.12,31.47,31.29,30.92,31.24,31.19,31.03,31.2,31.57,31.29,31.57,31.72,31.86,32.09,32.23,32.03,32.01,32.31,32.28,32.6,32.48,32.68,32.65,32.9,32.57,32.99,32.94,33.15,33.19,33.07,33.15,33.02,33.32,33.1,32.85,33.12,33.12,33.07,33.27,33.36,33.27,33.24,33.37,33.46,33.36,33.36,33.36,33.37,33.71,33.57,33.62,33.49,33.74,33.61,33.61,33.74,33.32,33.41,33.57,33.71,33.71,33.93,34.04,33.49,34.26,34.16,34.38,34.01,34.26,34.47,34.18,34.33,34.13,34.26,34.33,34.26,34.08,34.18,34.26,34.47,34.52,34.72,34.65,34.6,34.77,34.41,34.33,34.04,34.21,34.38,34.26,34.21,33.88,34.13,34.08,33.49,33.1,32.7,31.44,27.23,25.13,24.51,24.44,24.24,24.11,23.72,23.72,24.14,23.57,23.79,23.54,23.82,23.82,23.75,23.54,23.79,23.45,23.54,23.57
23.72,23.67,23.82,23.84,23.54,23.67,23.99,23.97,23.84,24.44,24.56,25.52,29.32,30.29,30.83,30.9,31.39,31.56,31.57,31.61,32.14,32.23,32.18,32.06,32.01,32.4,32.11,32.45,31.91,31.94,31.94,31.86,32.06,31.89,31.57,31.81,31.27,31.61,30.9,30.92,31.49,31.27,31.12,31.19,31.12,31.32,31.47,31.32,31.66,31.49,31.49,31.49,31.66,31.91,31.69,31.86,32.06,31.81,32.06,32.45,32.53,32.45,32.73,32.68,32.53,32.73,32.73,32.85,32.78,32.99,32.85,33.04,32.94,33.19,32.99,33.02,33.02,33.19,32.82,33.12,33.12,33.36,33.2,33.19,33.19,33.32,33.66,33.41,33.41,33.51,33.49,33.71,33.61,33.62,33.52,33.57,33.74,33.54,33.32,33.69,33.86,33.79,34.04,33.93,34.04,34.04,34.01,33.99,34.3,34.25,34.48,34.18,33.93,34.08,33.99,34.16,34.08,34.21,34.1,34.21,34.33,34.52,34.38,34.57,34.3,34.6,34.73,34.47,34.3,34.26,34.18,33.96,34.16,33.93,33.96,33.78,33.62,33.24,32.57,31.39,27.4,25.1,24.71,24.24,24.06,23.91,23.97,23.91,23.94,23.69,23.6,23.69,23.84,23.6,23.67,23.82,23.82,23.54,23.52,23.48
23.52,23.6,23.72,23.52,23.57,23.69,23.84,23.82,24.24,24.26,24.75,25.67,29.56,30.66,31.12,31.29,31.47,31.72,31.86,32.06,32.11,32.28,32.2,32.14,32.03,31.94,32.03,32.09,31.86,31.89,31.89,32.01,31.74,31.69,31.4,31.35,31.72,31.32,31.49,31.29,31.15,31.39,31.27,31.27,31.1,31.39,31.52,31.35,31.47,31.74,31.86,31.72,31.69,31.64,32.09,32.06,32.06,32.26,32.18,32.18,32.6,32.53,32.53,32.65,32.82,32.9,32.99,32.99,33.04,33.24,33.1,33.46,33.49,33.1,33.37,33.27,33.32,33.1,33.24,32.94,33.36,33.29,33.15,33.19,33.19,33.27,33.29,33.41,33.29,33.41,33.24,33.61,33.54,33.88,33.57,33.32,33.79,33.54,33.62,33.54,33.54,34.04,33.88,33.96,33.78,34.21,34.08,34.01,34.21,34.57,34.21,33.93,34.13,34.04,34.13,34.25,34.13,34.26,34.35,34.18,34.16,34.21,34.52,34.55,34.73,34.68,34.43,34.89,34.47,34.38,34.21,34.21,34.38,33.91,33.99,33.69,33.88,33.15,32.95,31.98,27.99,25.18,25.17,24.41,24.26,23.72,23.97,23.97,23.82,23.84,23.84,23.6,23.84,23.79,23.99,23.82,23.84,23.75,23.75,23.82
23.87,23.57,23.54,23.79,23.67,23.84,23.64,23.97,24.26,24.41,24.63,26.26,29.52,30.78,31.02,31.39,31.52,31.61,32.01,32.06,32.01,32.23,32.11,32.2,32.01,32.03,32.18,32.09,32.01,31.61,31.69,31.86,31.77,31.64,31.39,31.56,31.61,31.44,31.35,31.19,31.27,31.24,31.39,31.35,31.4,31.4,31.24,31.64,31.39,31.72,31.52,31.86,32.11,31.91,31.98,31.91,31.94,32.2,32.18,32.36,32.28,32.53,32.9,32.73,32.9,33.02,32.9,32.99,33.1,32.87,32.87,33.24,32.99,33.02,33.2,33.04,33.07,33.29,33.24,33.24,33.27,33.12,33.19,33.15,33.15,33.37,33.29,33.2,33.71,33.41,33.57,33.37,33.41,33.41,33.37,33.57,33.62,33.96,33.66,33.86,33.54,33.79,33.71,33.88,33.79,34.13,33.96,33.99,34.16,34.3,34.3,34.13,34.08,33.91,34.33,34.63,34.55,34.3,33.99,33.88,34.16,34.01,34.52,34.35,34.65,34.72,34.8,34.55,34.38,34.3,34.08,34.18,34.3,34.3,33.62,33.57,33.66,33.32,32.95,32.11,28.16,25.25,24.93,24.63,24.51,23.99,24.09,23.91,23.75,23.82,23.72,23.91,23.52,23.82,23.99,23.64,23.69,23.79,23.72,23.67
23.75,23.94,23.94,23.82,23.6,24.06,23.91,24.14,23.72,24.26,24.56,26.34,29.87,30.78,30.87,31.03,31.52,31.83,31.86,32.18,31.94,31.91,32.23,32.26,32.06,31.81,31.83,31.69,31.74,31.69,31.69,31.72,31.61,31.52,31.57,31.29,31.49,31.32,31.29,31.24,31.29,31.44,31.49,31.15,31.49,31.4,31.32,31.57,31.56,31.49,31.61,31.56,31.94,31.83,32.01,32.09,32.06,32.31,32.14,32.36,32.6,32.65,32.77,32.77,32.65,32.94,33.04,32.99,32.85,32.99,33.29,33.12,33.15,33.02,33.12,32.95,33.2,32.95,33.19,33.02,33.52,33.27,33.19,33.19,33.37,33.44,33.19,33.29,33.32,33.78,33.37,33.69,33.46,33.69,33.57,33.49,33.78,33.61,33.57,33.69,33.41,33.91,33.93,33.74,34.04,33.99,33.96,33.91,34.1,34.08,34.1,34.08,34.13,34.01,34.25,34.43,34.47,34.25,34.08,34.08,34.25,34.18,34.26,34.3,34.48,34.52,34.8,34.65,34.55,34.21,34.38,33.99,34.21,33.93,33.83,33.83,33.57,33.44,32.99,32.06,28.56,25.75,24.93,24.53,24.48,24.11,23.82,23.91,23.84,23.84,23.91,23.91,23.75,24.02,24.14,23.82,23.75,23.82,23.82,23.72
23.57,23.84,23.87,23.94,24.09,23.67,24.11,24.39,24.33,24.59,24.71,27.2,30.36,30.66,31.07,31.47,31.47,31.94,31.74,31.98,32.11,32.03,32.35,31.89,32.26,31.91,31.94,31.52,31.56,31.57,31.44,31.66,31.49,31.47,31.44,31.57,31.57,31.24,31.44,31.29,31.19,31.61,31.03,31.12,31.27,31.29,31.39,31.44,31.57,31.66,31.77,32.23,32.03,32.11,32.11,32.01,32.03,32.14,32.36,32.26,32.53,32.48,32.82,32.45,32.65,32.82,33.07,32.68,32.94,33.1,32.94,33.15,33.12,33.2,33.04,33.1,32.9,33.04,33.2,32.99,32.94,33.27,33.07,32.87,33.2,33.32,33.19,33.41,33.37,33.69,33.52,33.57,33.54,33.57,33.52,33.36,33.44,33.44,33.29,33.46,33.54,33.62,33.62,33.61,33.91,33.88,34.01,34.1,33.93,33.69,33.88,33.74,33.88,33.93,33.88,34.16,34.26,34.1,34.25,33.91,33.88,33.91,34.26,34.35,34.3,34.26,34.77,34.63,34.55,34.3,34.25,33.99,34.21,34.16,33.79,33.88,33.61,33.49,33.36,32.14,28.8,25.4,24.63,24.75,24.33,23.97,23.87,23.94,24.06,24.02,23.75,23.75,23.54,23.67,23.6,23.79,23.82,23.75,23.87,23.54
23.79,23.97,23.91,23.82,24.02,23.84,24.06,23.91,24.17,24.59,25.25,28.6,30.53,30.78,30.9,31.44,31.72,31.89,31.74,31.69,32.03,31.77,32.06,31.89,32.14,31.83,31.64,31.72,31.52,31.66,31.44,31.32,31.4,31.39,30.9,31.27,30.98,31.03,31.1,31.32,31.44,31.19,31.12,31.44,31.47,31.72,31.44,31.49,31.61,31.83,31.64,31.72,32.06,31.91,32.01,32.2,32.23,32.35,32.2,32.45,32.31,32.14,32.65,32.7,32.82,33.04,32.9,32.7,32.77,32.82,33.32,33.15,32.95,32.95,33.41,33.24,32.95,33.2,33.12,33.19,33.1,33.2,33.07,33.2,33.44,33.52,33.1,33.2,33.44,33.29,33.41,33.37,33.71,33.32,33.36,33.52,33.46,33.86,33.52,33.83,33.62,33.57,33.78,33.74,33.83,33.96,33.69,34.04,33.93,33.93,33.83,33.74,33.88,34.18,33.88,34.1,33.86,33.99,34.25,34.1,34.16,34.13,34.1,33.96,34.41,34.18,34.47,34.38,34.41,34.21,33.93,33.96,33.99,33.86,34.16,33.91,33.71,33.83,33.54,32.57,28.92,25.33,25.05,24.8,24.24,24.14,23.99,24.11,23.99,23.97,23.6,23.72,23.52,23.69,23.91,23.6,23.69,23.67,23.6,23.15
23.64,23.87,23.75,23.69,23.6,24.21,24.02,24.24,24.06,24.56,26.41,29.56,30.66,31.12,31.15,31.61,31.56,31.72,31.72,31.98,32.2,32.01,32.03,32.11,31.72,31.69,31.35,30.95,31.32,31.24,31.24,31.29,31.15,31.27,30.98,30.95,31.19,31.2,30.95,31.27,30.83,31.02,31.24,31.4,31.39,31.69,31.77,31.47,31.83,31.74,31.69,31.83,31.98,32.14,31.98,32.45,32.36,32.03,32.11,32.51,32.57,32.43,32.73,32.65,32.78,32.94,32.99,32.87,32.95,33.29,32.9,33.07,32.87,32.9,33.07,33.2,33.36,32.9,33.12,33.07,33.19,33.27,33.1,33.32,33.41,33.24,33.36,33.27,33.46,33.37,33.46,33.32,33.62,33.69,33.46,33.36,33.44,33.71,33.41,33.61,34.04,34.01,33.74,33.78,33.78,33.93,33.69,34.08,33.91,33.79,33.96,33.66,33.66,34.21,34.25,34.3,34.08,33.96,33.79,33.79,34.13,33.78,34.13,33.74,34.13,34.16,34.41,34.33,34.48,34.38,34.1,34.16,33.99,33.78,33.74,33.96,33.52,33.86,33.54,32.94,29.67,25.72,25.13,24.48,24.44,24.24,24.17,23.75,24.17,23.72,23.84,23.67,23.75,23.94,23.54,23.84,23.82,23.48,23.72,23.67
23.45,23.52,23.57,23.72,24.06,23.99,23.82,23.91,24.17,24.56,27.52,30.33,30.66,31.03,31.44,31.02,31.72,31.72,31.89,31.94,32.31,32.06,31.91,31.81,31.74,31.39,31.32,31.44,31.44,31.27,31.2,31.19,31.19,31.07,31.19,31.12,31.1,31.29,30.87,31.12,31.03,31.24,31.39,31.2,31.47,31.49,31.61,31.69,31.44,31.89,31.83,32.06,32.01,31.86,32.09,32.23,32.14,32.51,32.35,32.57,32.36,32.85,32.65,32.68,32.87,32.9,33.2,33.1,33.2,33.12,32.77,33.29,32.99,33.37,32.99,33.07,33.1,33.07,33.15,33.2,33.27,33.15,33.12,33.2,33.44,33.52,33.52,33.24,33.41,33.41,33.2,33.46,33.44,33.62,33.44,33.44,33.57,33.29,33.44,33.61,33.71,33.93,33.86,34.01,33.86,34.16,33.91,34.08,33.69,33.61,33.91,33.66,33.93,34.25,34.21,34.16,34.3,34.21,34.04,34.01,33.99,33.99,33.96,33.83,34.01,33.91,34.16,34.57,34.52,34.13,34.16,33.99,33.79,33.93,33.52,33.71,33.46,33.74,33.54,33.36,31.47,27.05,25.37,24.78,24.39,24.29,23.82,24.02,24.02,23.82,23.67,23.84,23.54,23.75,23.6,23.72,24.09,23.6,23.54,23.72
23.82,23.6,23.79,23.84,24.09,24.14,24.06,24.14,24.51,25.45,28.88,30.33,30.78,30.75,31.4,31.72,31.57,31.61,31.72,32.26,32.11,31.94,31.77,31.72,31.57,31.39,31.29,31.19,31.24,31.03,30.95,31.15,30.66,31.19,31.12,31.15,30.83,31.07,30.92,31.27,31.44,31.35,31.27,31.19,31.44,31.35,31.57,31.86,31.81,31.61,31.77,31.81,31.98,31.86,31.86,32.09,32.26,32.06,32.31,32.43,32.28,32.53,32.53,32.73,32.87,33.07,33.02,32.9,33.02,33.04,32.62,33.1,32.95,33.02,33.04,33.12,33.24,33.02,32.77,33.1,32.99,33.2,33.46,33.32,33.36,33.29,33.27,33.44,33.15,33.44,33.44,33.49,33.12,33.44,33.27,33.37,33.54,33.37,33.54,33.62,33.99,33.91,33.96,33.79,33.66,33.83,33.52,33.83,33.88,33.44,33.74,33.86,33.71,33.71,34.26,34.16,33.91,34.01,33.96,33.96,34.04,34.1,34.04,33.74,34.01,33.86,34.04,34.47,34.63,34.26,34.1,33.93,33.83,33.57,33.62,33.71,33.49,33.66,33.69,33.54,32.62,29.44,25.64,24.86,24.33,24.21,23.72,24.11,23.84,23.57,23.75,23.87,23.64,23.64,23.69,23.6,23.48,23.45,23.37,23.64
23.64,23.79,23.79,23.99,24.09,23.97,23.97,24.48,24.59,26.53,30.08,30.7,30.78,31.32,31.35,31.4,31.72,31.74,31.86,32.03,31.89,31.72,31.49,31.69,31.49,31.44,31.52,31.03,31.24,31.15,31.15,31.15,30.92,30.95,31.2,30.87,30.87,30.83,31.12,31.03,31.24,31.39,31.15,31.47,31.49,31.44,31.57,31.69,31.4,32.23,31.98,32.2,32.09,32.14,31.83,32.11,32.14,32.36,32.18,32.6,32.6,32.68,32.78,32.85,32.87,32.9,33.07,33.24,32.99,32.87,32.82,33.07,32.9,32.99,33.02,33.04,33.15,32.87,32.9,33.19,33.36,33.19,33.15,33.24,33.44,33.32,33.04,33.2,33.54,33.46,33.2,33.46,33.32,33.37,33.41,33.49,33.61,33.57,33.52,33.61,33.79,33.86,33.46,33.52,33.69,33.83,33.79,33.96,33.66,33.62,33.88,33.86,33.69,33.78,33.88,34.25,34.08,33.88,34.01,34.3,34.13,34.25,34.01,34.04,34.13,33.88,34.04,34.1,34.43,34.25,34.16,34.18,33.96,34.18,33.96,33.79,33.69,33.93,33.78,33.62,33.19,31.49,26.61,24.83,24.68,24.11,24.11,24.02,24.21,23.69,23.72,23.84,23.87,23.82,23.54,23.6,23.69,23.64,24.06,23.67
23.82,23.72,23.82,23.97,23.97,24.21,24.33,24.29,25.37,28.48,30.13,30.61,30.87,31.19,31.29,31.69,31.69,31.74,32.03,32.09,31.86,31.89,31.66,31.52,31.64,31.72,31.47,31.2,31.12,30.98,31.07,31.2,30.98,31.1,30.78,30.73,30.92,30.95,31.15,30.87,31.24,31.29,31.61,31.66,31.39,31.74,31.72,31.4,32.01,32.01,31.89,32.06,31.89,32.06,32.09,32.35,32.4,32.03,32.23,32.57,32.36,32.73,32.85,32.65,33.07,33.02,33.12,32.68,32.85,33.19,33.1,33.41,33.1,33.46,33.04,32.95,32.9,33.12,33.24,33.37,33.29,33.24,33.44,33.19,33.29,33.32,33.2,33.15,33.27,33.46,33.36,33.49,33.27,33.49,33.32,33.71,33.71,33.62,33.79,33.54,33.86,33.71,33.52,33.71,33.41,33.46,33.83,33.88,33.79,33.61,33.83,33.62,33.46,33.66,33.99,34.04,33.83,33.78,34.04,34.13,33.83,34.04,34.01,34.25,33.71,34.08,33.66,34.1,34.13,34.38,34.21,34.1,34.18,33.83,34.13,33.79,34.01,33.91,33.78,33.91,33.29,32.14,28.68,25.55,24.75,24.29,24.41,24.06,24.06,24.17,23.91,23.67,24.06,23.91,23.54,23.67,23.69,23.6,23.57,23.64
23.57,23.82,23.72,23.72,23.94,24.36,24.06,24.41,25.7,29.29,29.98,30.73,30.98,31.2,31.56,31.52,31.81,31.94,32.11,31.81,31.69,31.81,31.49,31.49,31.74,31.57,31.15,30.87,31.02,30.82,30.92,30.73,30.9,30.87,30.73,30.98,30.87,30.78,31.1,31.15,31.15,31.12,31.39,31.29,31.49,31.57,31.57,31.83,31.64,31.83,31.81,32.01,31.74,32.14,31.83,32.14,32.03,32.11,32.28,32.35,32.53,32.45,32.6,32.62,33.1,32.87,32.9,32.77,33.04,33.24,33.02,32.87,33.12,33.12,33.24,33.07,33.02,33.07,33.37,33.2,33.37,32.95,33.36,33.32,33.2,33.24,33.24,32.87,33.36,33.32,33.36,33.29,33.44,33.52,33.61,33.54,33.32,33.37,33.74,33.69,33.57,33.57,33.41,33.49,33.52,33.36,33.61,33.79,33.86,34.01,33.66,33.52,33.57,33.96,33.78,33.83,34.04,33.93,33.99,33.74,33.91,33.86,33.71,33.93,33.79,33.86,34.21,33.74,33.86,34.08,34.1,33.88,34.25,34.08,34.16,33.99,33.69,33.96,33.88,33.83,33.74,33.1,31.4,26.31,24.75,24.21,24.24,24.11,23.94,23.75,23.82,23.87,23.57,23.87,23.84,23.57,23.72,23.54,23.57,23.87
23.75,23.84,23.84,23.94,24.11,24.09,24.39,24.8,27.79,29.96,30.55,30.87,30.95,31.39,31.89,31.91,31.66,31.98,31.83,32.2,31.44,31.57,31.64,31.66,31.4,31.12,30.9,31.03,31.19,30.78,30.87,30.98,30.75,31.07,30.83,30.87,30.78,31.02,31.12,31.32,31.47,31.49,31.4,31.52,31.47,31.72,31.64,31.74,31.56,31.77,31.56,31.66,31.86,32.2,32.03,31.91,31.91,32.4,32.26,32.2,32.45,32.6,32.65,32.77,32.77,32.99,32.95,33.1,33.15,33.04,33.15,33.2,33.07,33.1,33.07,33.12,33.07,33.12,33.32,33.29,33.24,33.12,33.2,33.15,32.9,33.19,33.15,33.24,33.1,33.15,33.15,33.27,33.19,33.12,33.44,33.49,33.69,33.88,33.71,33.44,33.54,33.27,33.54,33.41,33.41,33.66,33.66,33.78,33.71,33.88,34.04,33.83,33.79,33.91,33.78,33.86,33.88,34.13,33.74,34.08,34.33,33.88,33.78,34.3,33.93,34.08,33.88,33.93,33.74,33.99,34.01,33.71,34.01,34.18,33.99,33.99,33.79,33.79,33.88,33.66,33.74,33.54,32.43,28.31,24.86,24.75,24.21,24.44,24.02,23.97,24.11,23.91,23.84,23.72,23.69,23.82,23.64,23.82,23.57,23.54
23.69,23.84,23.94,24.11,23.64,24.36,24.44,25.57,28.8,30.21,30.55,30.92,30.87,31.4,31.56,31.61,31.83,31.77,31.94,31.69,31.49,31.52,31.52,31.15,31.32,31.12,31.1,30.9,30.92,30.82,30.83,30.73,30.75,30.83,31.24,31.12,31.1,31.03,31.1,31.35,31.27,31.35,31.52,31.24,31.56,31.4,31.64,31.47,31.49,31.64,31.57,31.47,31.81,31.81,31.64,32.03,31.81,32.11,32.11,32.18,32.48,32.43,32.6,32.62,32.85,32.85,33.04,32.9,32.85,32.9,32.77,33.02,32.85,33.15,32.9,32.95,33.15,32.94,33.29,33.15,33.19,33.07,33.19,33.02,32.99,33.04,33.24,33.1,33.15,33.19,32.95,33.19,33.07,33.2,33.37,33.29,33.78,33.74,33.52,33.69,33.61,33.36,33.49,33.54,33.29,33.24,33.66,33.61,33.86,33.71,33.93,33.79,33.61,33.74,33.86,33.62,33.57,33.91,33.99,33.96,34.26,33.99,34.25,34.1,34.1,34.18,34.1,33.99,33.79,33.74,33.93,34.04,34.01,33.91,33.78,34.08,33.96,33.86,33.69,33.96,33.61,33.71,33.04,30.73,26.53,24.75,24.17,24.71,24.02,23.97,24.14,23.82,23.82,23.79,23.82,23.69,23.69,23.6,23.75,23.45
23.57,23.94,23.94,24.17,24.02,24.41,24.56,27.12,29.44,30.45,31.03,31.19,31.57,31.81,31.77,31.98,31.89,32.11,31.83,31.81,31.66,31.4,31.29,30.87,31.07,30.83,30.9,30.82,30.82,30.7,30.83,30.98,30.82,30.58,30.95,30.92,31.12,30.87,30.83,31.15,31.24,31.39,31.35,31.4,31.39,31.19,31.27,31.52,31.72,31.4,31.56,31.83,31.61,32.01,32.09,31.74,31.83,32.2,32.09,32.09,32.18,32.51,32.6,32.9,32.82,32.7,33.12,32.78,32.9,33.02,32.68,33.15,32.82,32.87,32.77,33.02,32.99,33.12,33.24,33.07,33.2,33.24,33.1,33.15,32.95,33.24,33.2,32.99,33.19,33.07,33.1,33.1,33.15,33.37,32.95,33.1,33.37,33.36,33.69,33.41,33.41,33.52,33.29,33.32,33.36,33.29,33.36,33.46,33.57,33.36,33.78,33.54,33.71,33.71,33.96,33.69,34.08,33.86,33.78,34.08,34.01,33.88,34.38,34.25,33.99,34.04,33.99,33.86,33.69,33.79,33.99,34.04,33.78,33.88,34.01,33.93,34.04,33.66,33.78,33.79,33.57,33.71,33.49,32.03,28.16,25.32,24.48,24.36,24.17,24.09,23.87,23.79,23.79,23.48,23.69,23.79,23.67,23.67,23.6,23.69
23.82,23.97,23.75,24.02,23.79,24.51,25.28,28.55,30.13,30.5,30.65,31.24,31.77,31.83,31.86,31.64,31.44,31.81,31.83,31.44,31.44,31.03,31.2,30.82,30.95,31.02,30.78,30.83,30.78,30.83,30.53,30.65,30.87,30.9,30.9,30.83,30.75,30.9,30.92,31.07,31.07,31.44,31.39,31.24,31.32,31.39,31.29,31.44,31.49,31.39,31.64,31.72,31.77,31.74,31.89,31.77,32.09,32.2,32.36,32.36,32.73,32.48,32.7,32.68,32.85,32.77,32.95,33.1,32.77,33.02,32.78,32.95,33.02,33.12,32.94,32.94,32.85,33.19,33.15,32.94,32.95,33.29,32.94,33.32,33.1,33.04,33.12,33.1,33.02,33.32,33.02,33.07,32.9,33.1,33.19,33.12,33.36,33.61,33.32,33.36,33.1,33.24,33.44,33.27,33.19,33.15,33.49,33.46,33.32,33.41,33.41,33.52,33.61,33.83,33.61,33.88,33.61,34.13,33.79,34.1,34.18,34.26,34.35,34.16,34.25,33.78,33.96,34.04,33.99,33.99,33.96,33.91,33.83,33.91,33.78,33.96,33.86,33.96,33.79,33.57,33.61,33.44,33.1,32.95,30.33,26.31,24.86,24.33,24.51,24.29,24.02,24.09,24.02,24.06,23.72,23.67,23.72,23.87,23.57,23.75
23.79,23.82,24.02,24.21,23.99,24.71,26.73,29.44,30.21,30.55,31.29,31.81,31.49,31.94,31.77,31.74,31.49,31.47,31.4,31.4,31.29,30.98,30.95,30.78,30.82,30.92,30.61,30.92,30.9,30.58,30.9,30.7,30.75,30.7,30.9,31.15,30.73,31.15,30.75,31.1,31.15,31.39,31.2,31.44,31.24,31.19,31.64,31.35,31.56,31.52,31.35,31.61,31.77,31.69,31.52,32.03,31.72,31.94,32.35,32.36,32.48,32.35,32.65,32.9,32.9,32.65,33.04,32.99,33.2,32.65,33.1,32.9,32.78,32.9,32.99,32.82,32.99,33.07,32.99,33.19,32.77,32.9,33.19,33.27,33.2,33.29,33.24,33.07,32.77,32.9,32.94,32.9,33.04,32.99,33.04,32.95,33.29,33.15,33.32,33.12,33.2,33.29,33.2,33.2,33.41,33.19,33.32,33.41,33.61,33.61,33.52,33.52,33.44,33.66,33.69,33.93,34.25,34.04,34.52,34.38,34.38,34.48,34.48,34.26,33.79,33.96,33.88,33.88,33.93,33.91,33.78,34.04,34.26,34.08,33.78,34.1,34.01,33.91,33.86,33.32,33.61,33.41,33.36,32.87,31.4,27.6,25.32,24.78,24.41,24.36,24.09,23.67,23.97,23.79,23.67,23.72,23.84,23.75,23.48,23.6
23.64,23.91,24.14,24.24,23.82,24.86,27.96,29.93,30.58,30.73,31.27,31.89,31.64,31.77,31.52,31.49,31.32,31.52,31.19,31.29,30.92,30.92,30.95,30.87,30.75,30.55,30.9,30.5,30.58,30.9,30.61,30.83,30.53,30.9,30.73,30.83,31.19,30.98,30.87,30.78,31.24,31.19,31.15,31.24,31.29,31.32,31.29,31.24,31.4,31.64,31.24,31.66,31.74,31.61,31.35,31.66,32.14,31.94,32.06,32.4,32.4,32.62,32.53,32.65,32.9,32.68,32.77,32.82,32.9,32.87,32.68,33.1,32.7,32.99,32.9,32.82,33.1,32.9,33.15,33.29,33.12,33.1,33.07,33.27,33.15,33.02,32.94,32.95,32.99,32.9,32.7,32.73,32.9,32.87,32.99,32.78,32.9,32.99,33.12,33.19,33.2,32.99,33.12,33.36,33.1,33.12,33.49,33.54,33.37,33.36,33.44,33.32,33.62,33.52,33.61,33.74,33.91,34.33,34.18,34.35,34.18,34.35,34.41,34.26,33.79,33.88,34.08,33.69,33.88,33.88,33.91,33.93,34.1,33.88,34.01,34.21,33.62,34.16,33.79,33.79,33.74,33.37,33.1,33.02,32.26,29.47,25.49,24.56,24.21,24.33,24.09,23.82,23.79,23.69,23.67,23.75,23.48,23.6,23.79,23.6
24.14,23.91,23.84,24.17,24.63,25.96,29.15,29.96,30.5,31.12,31.57,31.83,31.74,32.11,31.35,31.29,31.27,31.07,30.95,30.95,30.82,31.03,30.75,30.55,30.98,30.66,30.5,30.7,30.55,30.66,30.75,30.7,30.83,30.5,30.75,30.7,31.1,30.78,30.61,31.02,30.9,30.92,30.75,31.27,30.95,31.15,31.27,31.02,31.52,31.39,31.2,31.4,31.77,31.56,31.64,31.91,31.98,31.83,32.06,32.23,32.73,32.36,32.85,33.04,33.15,32.95,33.02,32.94,32.87,32.7,32.65,32.7,32.7,33.02,32.51,32.94,32.87,33.07,33.07,32.99,33.15,33.24,33.29,33.04,33.12,33.15,33.15,33.15,32.68,33.1,32.94,32.82,32.87,32.9,32.99,32.85,33.02,32.99,32.99,33.02,32.94,32.95,32.95,33.15,33.1,33.15,33.29,33.19,33.04,33.04,33.19,33.27,33.19,33.61,33.44,33.79,34.08,33.93,34.13,34.26,34.48,34.3,34.57,34.38,34.18,34.1,33.71,33.69,33.88,33.93,33.93,34.18,34.16,33.99,34.21,34.08,33.83,33.83,33.57,33.71,33.37,33.32,33.36,32.99,32.45,31.19,26.81,24.9,24.48,24.48,24.06,23.6,23.69,23.79,23.79,23.54,23.52,23.54,23.48,23.72
23.82,24.21,24.09,24.26,24.66,27.84,29.64,30.38,30.82,31.52,31.47,31.66,31.98,31.64,31.61,31.32,31.12,31.19,31.07,31.07,30.75,30.9,30.75,30.82,30.66,30.78,30.92,30.36,30.87,30.87,30.75,30.83,30.55,30.95,30.92,30.75,30.65,30.82,30.83,31.12,30.98,30.9,31.07,31.27,31.03,31.35,31.2,31.52,31.44,31.64,31.47,31.66,31.66,31.94,31.77,31.69,32.26,31.91,32.36,32.18,32.48,32.6,32.62,32.94,32.85,32.87,33.04,32.7,33.02,32.62,32.65,32.65,32.68,32.65,32.85,32.7,33.15,33.07,33.27,33.27,33.19,33.69,33.24,33.24,33.52,32.95,33.32,33.24,33.07,32.95,32.94,32.9,33.02,32.85,32.82,32.7,32.82,32.73,32.82,33.15,32.85,32.94,33.15,33.02,32.78,33.19,33.1,33.2,33.41,33.27,33.07,33.19,33.19,33.32,33.19,34.01,33.96,34.08,33.96,33.99,34.21,34.33,34.57,34.43,34.33,33.88,33.74,33.91,34.13,34.1,34.04,34.01,34.47,33.93,34.01,34.16,33.86,34.1,33.74,33.74,33.69,33.66,33.19,33.02,32.82,31.72,28.51,24.93,24.41,23.94,24.11,23.94,23.57,23.82,23.84,23.79,23.67,23.52,23.54,23.97
23.72,23.72,24.26,24.26,25.45,28.87,30.21,30.55,31.35,31.49,31.74,31.66,31.89,31.61,31.24,31.2,31.44,30.9,30.83,30.95,31.02,30.7,30.87,30.83,30.66,30.82,30.7,30.75,30.66,30.65,30.7,30.83,30.73,30.61,30.5,30.87,30.66,30.83,30.83,30.9,31.12,30.9,31.27,31.15,31.1,31.15,31.1,31.39,31.24,31.52,31.19,31.52,31.57,31.81,31.83,31.74,32.01,32.14,32.14,32.48,32.51,32.77,32.6,32.82,32.99,32.99,33.07,32.73,32.7,32.77,32.73,32.82,32.6,32.68,32.68,32.7,33.07,33.15,33.24,32.9,33.19,33.29,33.32,33.41,33.36,33.36,33.46,33.29,33.19,32.78,32.87,32.94,32.9,32.95,32.73,32.62,32.65,33.07,32.78,32.9,32.82,32.78,32.9,32.7,32.73,32.94,32.9,33.07,33.07,33.07,33.1,33.32,33.07,33.41,33.19,33.61,33.79,33.83,33.99,34.08,33.96,34.01,34.1,34.08,34.26,34.3,34.04,33.93,34.1,33.93,34.13,34.25,34.21,34.25,33.96,33.96,33.93,33.96,34.01,33.88,33.99,34.18,33.44,33.15,32.99,32.28,29.49,25.87,24.78,24.41,24.09,23.75,24.09,24.02,23.75,23.67,23.6,23.75,23.42,23.87
23.57,23.97,24.06,24.56,26.76,29.81,30.45,30.83,31.27,31.32,31.35,31.81,31.89,31.52,31.32,31.1,31.03,31.02,30.9,30.82,30.75,30.83,30.75,30.41,30.73,30.46,30.38,30.82,30.87,30.78,30.82,30.5,30.9,30.61,30.98,30.5,30.75,30.87,30.55,31.19,30.78,31.12,31.27,30.95,31.27,31.19,31.24,31.32,31.39,31.56,31.47,31.72,31.66,31.64,31.81,32.01,32.14,31.89,32.31,32.43,32.73,32.73,32.99,32.87,33.12,32.85,32.85,32.82,32.62,32.43,32.85,32.73,32.45,32.51,32.77,32.51,32.99,33.02,33.15,33.04,33.41,33.27,33.44,33.41,33.44,33.66,33.41,33.24,33.27,33.24,32.94,32.99,32.95,32.99,32.73,33.02,32.85,32.85,32.73,32.99,32.77,33.02,32.87,33.04,33.02,33.04,32.9,33.27,32.95,33.02,33.32,33.27,32.68,33.37,33.44,33.37,33.49,33.61,33.99,34.13,34.04,34.13,34.01,34.16,34.26,34.52,34.26,34.3,34.18,33.79,33.78,33.74,34.3,33.93,34.21,34.33,33.99,34.1,34.1,33.93,33.86,34.1,33.93,33.32,33.24,32.51,30.78,26.92,25.18,24.29,24.06,23.82,23.69,23.6,23.72,24.02,23.57,24.06,23.57,23.52
24.02,24.36,24.26,25.1,28.23,29.76,30.61,30.95,30.95,31.03,31.35,31.69,31.44,31.52,31.27,30.98,31.03,30.58,30.7,30.53,31.02,30.73,30.78,30.66,30.61,30.36,30.82,30.98,30.92,30.73,30.83,30.75,30.66,30.83,30.78,30.7,30.9,30.73,31.19,30.9,31.27,31.24,31.27,31.27,31.19,31.19,31.2,31.24,31.64,31.74,31.72,31.64,32.03,31.83,31.83,31.74,32.23,32.03,32.26,32.53,32.73,32.65,32.94,32.85,33.07,32.87,32.99,32.94,32.62,32.95,32.68,32.73,32.51,32.48,32.62,32.4,32.68,33.02,33.12,33.29,33.24,33.29,33.52,33.66,33.71,33.74,33.32,33.52,33.32,33.36,33.15,32.87,33.04,33.37,32.99,33.02,33.2,32.9,32.95,32.95,32.95,32.82,32.62,32.99,32.68,32.99,32.95,33.04,33.1,33.19,33.61,33.2,32.87,33.27,33.36,33.61,33.46,33.71,33.79,33.91,33.88,33.96,33.96,34.35,34.21,34.57,34.47,34.16,33.91,33.79,33.66,34.18,34.16,34.16,34.35,34.04,34.08,33.86,34.13,33.96,34.18,33.83,33.93,33.74,33.62,33.04,31.69,28.04,25.32,24.8,24.21,24.14,23.91,23.87,24.02,23.6,23.75,23.72,23.54,23.48
23.82,24.02,24.33,26.06,29.12,30.16,30.75,31.07,30.98,31.32,31.12,31.44,31.52,31.39,31.03,31.29,31.1,31.07,30.83,30.83,30.65,30.65,30.58,30.73,30.95,30.53,30.82,30.41,30.78,30.66,30.82,30.82,30.66,30.87,30.78,30.82,30.87,31.1,30.78,31.1,30.92,31.2,31.07,31.03,31.66,31.03,31.1,31.52,31.56,31.74,31.69,31.64,31.66,32.01,32.11,32.23,32.43,32.57,32.48,32.77,32.85,32.99,33.15,33.02,33.19,33.27,32.77,32.53,32.73,32.73,32.51,32.85,32.53,32.53,32.6,32.65,32.82,33.02,33.02,33.37,33.46,33.36,33.49,33.57,33.54,33.71,33.52,33.49,33.54,33.04,33.04,33.19,33.07,33.12,32.82,33.12,33.12,33.04,32.82,32.87,33.02,33.04,32.87,32.85,33.02,32.95,32.85,33.02,33.1,33.29,33.2,33.15,32.94,33.19,33.44,33.44,33.61,33.71,33.79,33.79,33.99,33.62,33.96,34.41,34.38,34.47,34.08,33.96,34.1,33.71,33.91,34.25,34.16,34.35,34.04,34.01,34.16,33.93,33.99,34.04,34.08,34.41,34.38,33.79,33.54,33.24,32.51,29.77,25.55,24.48,24.11,24.06,24.21,23.97,23.94,23.69,23.75,23.6,23.79,23.64
24.06,24.14,24.63,27.05,29.49,30.53,30.58,30.73,31.03,31.1,31.15,31.27,31.35,31.39,31.19,31.29,31.12,31.02,30.82,30.95,30.75,30.7,30.66,30.75,30.82,30.61,30.82,30.9,30.82,30.73,30.83,31.03,30.73,30.7,30.87,30.9,30.92,30.87,30.92,30.75,30.73,31.27,31.47,31.1,31.24,31.19,31.39,31.66,31.57,31.77,31.77,32.01,32.06,32.28,32.09,32.35,32.36,32.2,32.73,32.95,33.02,33.12,33.1,32.99,32.94,33.04,32.95,32.7,32.82,32.48,32.51,32.65,32.65,32.51,32.6,32.36,33.07,33.15,33.15,33.1,33.74,33.62,33.54,33.52,33.52,33.54,33.91,33.79,33.52,33.62,33.24,33.24,32.85,33.2,32.95,32.95,33.07,33.2,32.85,32.9,33.15,33.1,32.53,32.95,33.02,33.04,33.04,33.36,33.19,33.12,33.1,33.2,33.24,33.19,33.61,33.83,33.36,33.52,33.62,33.69,33.86,33.79,33.99,34.43,34.55,34.57,34.52,33.88,34.08,33.83,33.66,33.99,33.79,34.04,33.96,34.01,33.96,34.18,33.99,34.08,34.26,33.96,33.93,34.04,33.91,33.44,32.26,30.5,25.75,24.8,24.39,24.06,24.06,24.11,23.94,23.87,23.87,23.38,23.54,23.45
23.69,24.36,25.05,28.16,29.77,30.16,30.92,30.78,30.92,30.9,31.1,31.74,31.44,31.2,31.2,31.02,31.12,30.82,30.92,30.98,30.83,30.66,30.92,30.75,30.95,31.1,30.92,30.82,30.87,30.58,30.98,30.75,30.58,30.98,30.78,30.82,31.07,30.98,31.03,31.1,31.12,31.47,31.35,31.27,31.29,31.61,31.19,31.52,31.77,31.86,32.11,31.98,32.09,32.26,32.09,32.53,32.43,32.7,32.94,33.15,33.04,32.87,33.29,33.2,33.02,33.02,32.68,32.78,32.51,32.51,32.53,32.68,32.51,32.62,32.43,32.9,32.77,32.99,32.95,33.46,33.19,33.36,33.54,33.36,33.57,33.86,33.78,33.62,33.74,33.44,33.32,33.36,33.04,33.02,33.04,32.95,32.99,32.6,32.78,32.99,32.77,33.02,33.04,33.04,32.82,32.95,33.1,32.99,33.27,33.07,33.27,33.41,33.41,33.44,33.32,33.49,33.27,33.78,33.61,33.44,33.71,33.79,33.83,34.13,34.16,34.35,34.08,33.86,34.16,33.93,33.86,33.93,34.16,34.16,34.41,34.3,33.96,34.04,34.26,34.18,34.1,33.88,34.38,33.93,33.79,33.37,32.73,31.19,26.85,24.95,24.33,24.44,24.09,24.24,24.26,23.84,23.94,23.72,23.72,23.52
23.87,24.59,26.11,28.92,29.84,30.24,30.5,30.41,30.82,30.95,31.27,31.39,31.27,31.35,31.02,31.1,31.02,31.19,31.02,30.78,30.87,30.78,30.73,30.78,30.9,31.15,30.98,30.82,30.78,30.92,30.95,30.7,30.9,30.95,30.95,30.78,30.87,31.07,31.32,31.12,30.98,31.2,31.47,31.24,31.52,31.4,31.72,31.94,32.09,32.11,32.01,31.89,32.23,32.62,32.65,32.73,32.7,32.65,33.1,33.15,33.07,33.29,33.29,32.85,33.19,32.99,32.82,32.94,32.82,32.53,32.48,32.51,32.65,32.51,32.65,32.48,32.7,32.7,33.02,33.15,33.2,33.29,33.79,33.66,33.88,33.62,33.74,33.61,33.86,33.71,33.66,33.32,33.37,33.2,33.04,33.15,33.27,32.9,32.94,32.78,32.78,33.27,33.07,32.87,32.77,32.87,33.19,33.46,33.24,33.24,33.32,33.12,33.29,33.46,33.74,33.44,33.49,33.71,33.52,33.71,33.74,33.79,33.88,34.38,34.26,34.38,34.21,34.16,34.18,34.21,33.86,34.38,34.33,34.21,34.3,34.16,34.08,33.91,34.18,34.21,34.18,33.93,33.71,34.41,34.08,33.29,33.12,31.77,27.2,24.9,24.66,24.29,23.91,23.75,23.54,23.6,23.79,23.37,23.64,23.79
24.14,24.44,26.73,29.44,30.09,30.36,30.33,30.46,31.07,31.02,31.07,31.1,31.47,31.24,31.02,31.27,31.64,31.12,30.9,31.07,31.1,30.75,30.82,31.03,30.98,30.7,30.73,30.87,30.92,30.7,30.9,30.7,31.02,30.78,30.87,31.2,31.15,31.03,31.19,31.19,31.24,31.35,31.74,31.44,31.61,31.66,31.66,31.69,31.91,31.89,32.31,32.23,32.28,32.23,32.78,32.73,32.82,33.2,33.27,33.2,33.41,33.15,33.04,33.04,32.73,32.9,32.77,32.77,32.45,32.36,32.45,32.6,32.53,32.53,32.62,32.78,32.78,32.7,33.04,33.24,33.15,33.36,33.32,33.88,33.86,33.86,33.86,33.99,33.93,33.79,33.66,33.52,33.62,33.49,33.1,33.04,33.29,33.07,32.95,32.95,32.95,33.02,32.82,32.99,32.95,33.02,33.27,33.37,33.1,33.24,33.12,33.32,33.46,33.41,33.29,33.49,33.57,33.44,33.52,33.78,33.79,33.74,33.79,34.1,34.1,34.41,34.21,34.35,34.41,34.18,34.04,34.52,34.26,34.35,34.04,34.41,34.41,34.33,34.01,34.08,34.08,33.93,34.08,33.62,33.96,33.46,32.82,31.52,27.25,25.1,24.41,23.87,23.79,23.75,23.82,23.67,23.84,23.54,23.84,23.48
24.09,24.56,27.23,29.52,30.21,30.36,30.45,30.53,31.03,30.98,31.32,31.19,31.35,31.12,31.1,31.1,31.19,31.2,31.2,30.75,31.47,31.07,31.03,30.78,30.92,31.03,31.1,30.98,30.95,30.78,30.95,30.46,30.92,30.98,30.73,31.12,31.07,31.19,30.9,31.27,31.1,31.24,31.49,31.29,31.69,31.86,31.89,31.94,31.66,32.23,32.23,32.35,32.45,32.68,32.87,32.95,33.02,33.07,33.04,33.2,33.44,33.41,33.15,33.07,33.02,32.99,32.85,32.85,32.62,32.4,32.35,32.51,32.51,32.68,32.51,32.62,32.65,32.73,32.7,33.1,33.2,33.41,33.36,33.52,33.71,33.91,33.57,33.88,33.74,33.78,33.79,33.96,33.36,33.52,33.1,33.27,33.36,33.2,32.9,33.02,33.1,33.07,33.07,32.9,32.99,33.15,33.02,33.07,33.1,33.36,33.29,33.52,33.46,33.57,33.57,33.57,33.54,33.61,33.54,33.83,33.78,33.96,33.83,33.71,34.08,33.96,34.43,34.26,34.47,34.21,34.04,34.1,34.41,34.25,34.57,34.48,34.47,34.26,34.04,33.83,33.99,33.57,33.91,33.86,33.54,33.19,32.68,31.94,27.92,24.95,24.17,23.94,23.84,23.99,23.87,23.72,23.82,23.6,23.33,23.6
24.33,24.71,27.96,29.59,30.13,30.46,30.45,30.58,31.29,31.1,31.12,31.29,31.4,31.44,31.1,30.95,31.27,31.35,31.19,31.12,31.24,31.12,30.98,31.24,31.1,31.19,31.24,30.98,31.35,31.24,31.03,31.02,31.1,30.78,31.19,31.07,31.27,31.1,30.98,31.56,31.4,31.49,31.74,31.49,31.98,31.86,32.11,32.01,32.11,32.09,32.45,32.53,32.68,32.6,32.99,33.02,33.37,32.94,33.27,33.24,32.94,33.12,32.99,33.19,32.87,32.87,32.65,32.87,32.6,32.57,32.23,32.48,32.48,32.53,32.57,32.82,32.87,32.78,32.82,33.36,33.12,33.2,33.41,33.41,33.41,33.66,33.66,33.61,33.91,33.74,33.52,33.83,33.91,33.66,33.44,33.52,33.49,33.12,33.1,33.1,33.07,33.29,33.24,33.32,33.12,33.27,33.02,33.15,33.37,33.44,33.36,33.54,33.52,33.52,33.78,33.78,33.86,33.57,33.79,33.69,33.71,34.08,33.83,33.93,34.13,34.16,34.3,34.43,34.57,34.21,34.25,34.38,34.41,34.43,34.63,34.65,34.35,34.21,34.3,34.08,33.96,34.25,34.01,33.83,33.62,33.37,32.7,31.1,27.12,25.1,24.51,24.17,24.17,24.11,23.79,23.72,23.64,23.64,23.48,23.42
24.09,25.22,28.24,29.56,30.13,30.41,30.53,30.92,31.12,31.19,31.27,31.32,31.69,31.44,31.27,31.19,31.29,31.39,31.32,31.44,31.27,31.1,30.92,31.1,31.39,31.2,30.87,31.2,31.35,31.07,30.9,31.2,31.27,31.1,31.19,31.02,31.12,31.2,31.24,31.44,31.32,31.56,31.61,31.86,31.98,31.91,32.03,32.31,32.45,32.65,32.53,32.78,32.77,33.04,33.12,33.24,33.12,33.52,33.04,33.24,33.2,33.29,32.94,32.77,32.94,32.87,32.53,32.94,32.53,32.6,32.4,32.73,32.23,32.62,32.78,32.53,32.65,32.7,32.87,33.1,33.24,33.1,33.36,33.37,33.52,33.61,33.71,33.71,33.83,33.96,33.96,33.69,33.96,33.69,33.83,33.66,33.52,33.79,33.49,33.1,33.24,33.24,33.29,33.24,33.1,33.37,33.02,33.2,33.36,33.32,33.49,33.2,33.37,33.46,33.37,33.54,33.52,33.78,33.71,33.93,33.99,33.88,33.86,34.08,34.21,34.04,33.99,34.6,34.25,34.43,33.99,34.26,34.47,34.25,34.55,34.73,34.73,34.3,34.47,34.48,33.99,33.96,33.93,33.49,33.44,33.02,32.14,30.66,26.58,24.68,24.41,24.24,24.29,23.94,23.72,23.54,23.72,23.52,23.54,23.84
24.36,25.05,28.14,29.98,30.41,30.26,30.87,30.78,31.47,31.32,31.69,31.39,31.44,31.4,31.44,31.61,31.39,31.2,31.39,31.44,31.39,31.47,31.15,30.95,31.12,31.07,31.24,31.2,31.19,31.07,31.02,31.19,31.24,31.02,31.4,31.29,31.32,31.32,31.19,31.64,31.56,32.01,31.94,31.86,32.36,32.23,32.28,32.23,32.6,32.65,32.9,32.48,32.7,33.32,33.36,33.29,33.29,33.46,33.44,33.57,33.24,33.12,32.94,32.99,33.04,32.6,32.77,32.77,32.45,32.48,32.68,32.68,32.35,32.45,32.57,32.77,32.45,32.65,32.85,33.27,33.1,33.49,33.12,33.62,33.49,33.44,33.52,33.37,33.69,33.62,33.78,34.04,33.66,33.78,33.78,33.61,33.96,33.62,33.46,33.46,33.32,33.46,33.36,33.2,33.32,33.1,33.1,33.36,33.52,33.02,33.32,33.36,33.52,33.41,33.52,33.96,33.71,33.62,33.74,33.74,33.91,33.88,33.86,33.99,34.18,34.01,34.43,34.38,34.57,34.18,34.18,34.08,34.21,34.65,34.65,34.48,34.48,34.26,34.41,34.38,34.35,34.26,33.83,33.41,33.2,32.77,31.66,29.96,25.87,24.63,24.24,23.87,23.97,23.72,23.97,23.57,23.69,23.45,23.84,23.67
24.09,25.52,28.39,29.81,30.21,30.45,30.61,30.82,31.1,30.92,31.29,31.2,31.15,31.56,31.56,31.57,31.81,31.57,31.66,31.39,31.27,31.2,31.4,31.52,31.27,31.27,31.29,31.2,31.47,31.15,31.15,31.15,31.32,31.29,31.07,31.19,31.66,31.32,31.86,31.44,31.66,31.57,31.98,31.74,32.11,32.14,32.35,32.11,32.73,32.99,32.94,33.12,33.19,33.49,33.57,33.37,33.62,33.15,33.1,33.27,33.07,33.19,32.94,32.95,33.07,32.73,32.82,32.87,32.57,32.53,32.43,32.51,32.48,32.36,32.62,32.43,32.7,32.65,32.6,33.04,33.04,33.32,33.44,33.29,33.37,33.52,33.49,33.86,33.71,33.54,34.16,33.71,34.25,33.93,34.08,33.71,33.66,34.26,33.93,33.66,33.61,33.69,33.49,33.36,33.19,33.19,33.61,33.32,33.27,33.1,33.37,33.32,33.2,33.49,33.66,33.66,33.54,33.41,33.57,34.04,33.91,33.66,33.83,34.01,34.13,34.08,34.25,34.25,34.21,34.35,34.16,34.04,34.43,34.3,34.48,34.63,34.41,34.52,34.38,34.41,34.21,33.88,33.93,33.32,32.9,32.85,31.77,28.87,25.22,24.56,24.24,24.09,23.97,23.84,23.91,23.79,24.09,23.64,23.54,23.37
24.29,25.37,28.39,29.72,29.89,30.41,30.58,30.92,30.78,31.1,31.52,31.56,31.49,31.61,31.57,31.74,31.52,31.69,31.64,31.83,31.64,31.52,31.47,31.57,31.47,31.39,31.35,31.47,31.39,31.29,31.4,31.47,31.52,31.52,31.02,31.27,31.35,31.32,31.56,31.69,31.91,31.91,32.03,32.11,32.03,32.11,32.4,32.65,32.51,32.82,33.02,33.2,33.12,33.2,33.37,33.61,33.36,33.46,33.32,33.02,33.29,33.07,33.07,32.95,33.1,32.99,32.77,32.65,32.7,32.48,32.53,32.26,32.18,32.36,32.43,32.77,32.65,32.77,32.94,33.07,32.87,33.2,33.2,33.32,33.49,33.57,33.52,33.41,33.74,33.74,33.86,33.86,34.13,34.18,33.88,33.88,33.99,33.91,34.13,33.66,33.78,33.71,33.46,33.66,33.36,33.52,33.69,33.71,33.37,33.54,33.37,33.24,33.61,33.37,33.46,33.57,33.62,33.61,33.78,33.74,33.86,33.78,33.83,33.88,34.26,34.35,34.21,34.16,33.91,34.35,34.21,34.13,34.01,34.3,34.52,34.48,34.41,34.25,34.47,34.18,34.08,34.08,33.83,33.29,32.73,32.57,30.87,27.35,25.22,24.66,24.33,23.75,23.72,23.94,23.82,23.87,23.75,23.67,23.64,23.48
24.39,25.13,28.63,29.69,30.04,30.5,30.5,30.66,30.92,31.39,31.61,31.64,31.64,31.56,31.72,32.06,31.77,31.89,31.49,31.81,31.52,31.77,31.66,31.74,31.39,31.4,31.56,31.52,31.49,31.44,31.4,31.56,31.64,31.49,31.69,31.32,31.57,31.83,31.74,31.57,32.11,31.91,32.2,32.18,32.23,32.26,32.43,32.87,32.82,33.41,33.12,33.52,33.41,33.52,33.46,33.46,33.2,33.37,33.32,32.99,33.07,33.12,33.24,32.82,33.07,32.82,32.73,32.68,32.6,32.73,32.53,32.4,32.73,32.48,32.28,32.43,32.53,32.82,32.85,32.9,32.9,33.32,33.36,33.1,33.24,33.57,33.54,33.44,33.49,33.71,33.54,34.01,33.86,34.08,34.16,34.08,34.25,34.1,33.93,34.26,34.1,33.86,33.86,33.62,33.46,33.37,33.69,33.83,33.57,33.36,33.57,33.57,33.78,33.61,33.66,33.79,33.54,33.69,33.61,34.04,33.79,33.66,33.93,34.16,33.91,34.13,34.38,34.1,33.74,34.08,34.13,34.47,34.18,34.35,34.47,34.55,34.13,33.96,34.13,34.18,34.41,33.93,33.61,33.04,32.9,32.06,29.93,26.34,25.01,24.59,24.17,24.06,24.11,23.87,23.57,24.26,23.54,23.3,23.79,23.57
24.26,24.75,28.23,29.44,30.13,30.36,30.66,30.58,30.9,31.29,31.57,31.4,31.69,32.01,31.74,31.86,32.06,31.98,31.86,31.89,31.91,31.74,31.66,31.61,31.74,31.64,31.64,31.64,31.72,31.72,31.69,31.72,31.32,31.2,31.61,31.61,31.72,31.66,31.66,31.74,31.89,32.18,32.06,32.35,32.7,32.62,32.51,33.02,33.32,33.54,33.32,33.61,33.41,33.54,33.52,33.36,33.52,33.1,33.44,33.41,33.02,33.29,33.2,32.9,32.99,32.82,32.68,32.53,32.6,32.78,32.57,32.65,32.65,32.23,32.43,32.45,32.77,32.7,32.95,33.04,33.15,33.27,32.99,33.36,33.57,33.29,33.44,33.66,33.44,33.36,33.88,33.71,34.1,33.78,33.93,34.08,34.52,34.3,34.08,34.26,34.3,34.18,34.21,33.96,33.96,33.79,33.74,33.74,33.79,33.62,33.66,34.01,33.61,33.62,33.86,33.74,33.37,33.74,33.86,33.83,34.16,33.78,33.83,34.1,33.83,34.13,33.83,33.74,34.08,33.91,34.35,34.18,34.33,34.33,34.43,34.43,34.13,33.61,33.91,33.83,34.04,33.93,33.44,33.15,32.4,31.39,28.43,25.72,24.66,24.36,24.21,24.24,23.69,23.94,23.79,23.72,24.09,23.72,23.6,23.67
24.51,24.8,27.81,29.35,30.01,30.36,30.75,30.87,31.35,31.32,31.52,31.52,31.77,31.89,32.01,32.06,32.09,32.14,32.14,31.91,31.81,31.83,31.81,31.81,31.81,31.69,31.52,31.74,31.86,31.66,31.57,31.56,31.61,31.74,31.61,31.69,31.69,31.57,31.86,31.81,32.09,32.14,32.51,32.68,32.57,32.94,32.95,33.49,33.29,33.49,33.46,33.49,33.32,33.54,33.32,33.41,33.49,33.24,33.44,33.04,33.1,33.2,32.9,32.78,32.99,33.02,32.82,32.82,32.7,32.62,32.43,32.45,32.2,32.48,32.51,32.28,32.82,32.77,32.77,32.95,32.99,33.02,33.32,33.24,33.36,33.32,33.57,33.49,33.54,33.61,33.61,33.57,33.99,33.71,34.21,34.18,34.38,34.43,34.18,34.47,34.26,34.68,34.48,34.52,34.35,33.96,34.04,34.18,33.88,33.74,33.88,33.74,33.71,34.13,33.52,33.93,33.79,33.83,33.49,33.88,33.71,33.79,33.99,34.1,34.35,34.18,34.1,34.1,34.21,34.08,34.41,34.52,34.57,34.35,34.48,34.16,33.61,33.36,33.41,33.71,33.91,33.74,33.57,32.57,32.45,30.5,26.7,24.95,24.66,24.39,24.17,24.09,23.94,23.84,23.99,23.54,23.67,23.52,23.75,23.82
24.14,24.78,26.65,29.24,29.81,29.98,30.61,30.9,31.03,31.19,31.4,31.66,31.29,31.44,31.83,32.36,32.11,32.18,32.09,31.86,31.91,31.83,31.86,32.01,31.83,31.52,31.57,31.69,31.74,31.66,31.64,31.94,31.72,31.83,31.52,31.83,31.72,32.06,31.74,32.18,32.11,32.23,32.6,32.62,33.04,33.15,33.41,33.37,33.41,33.57,33.44,33.52,33.41,33.32,33.69,33.27,33.29,33.32,33.41,33.02,33.2,33.29,33.1,32.94,32.78,33.15,32.4,32.65,32.28,32.6,31.94,32.35,32.23,32.57,32.09,32.35,32.51,32.51,32.95,33.04,33.12,33.2,33.1,33.15,33.32,33.37,33.41,33.44,33.44,33.88,33.46,33.83,33.99,33.71,33.96,34.13,34.1,34.47,34.33,34.55,34.52,34.6,34.68,34.82,34.26,34.3,34.13,34.33,33.99,34.01,34.26,33.74,33.86,33.88,33.83,33.88,33.52,33.91,33.71,33.74,33.96,33.91,34.01,33.41,33.71,34.04,34.01,33.61,34.21,33.99,34.41,34.04,34.1,34.25,33.96,33.79,33.49,32.94,33.24,33.24,33.74,33.32,32.77,32.23,31.61,28.16,25.05,24.44,24.53,24.26,24.02,23.84,24.02,23.69,23.79,23.75,23.52,23.79,23.75,23.6
24.06,24.56,25.75,29.03,29.76,30.26,30.53,30.75,31.2,31.64,31.24,31.29,31.1,31.27,31.4,31.86,31.91,32.11,32.26,32.09,32.14,31.83,31.81,31.74,31.57,31.81,31.83,31.81,31.57,31.77,31.64,31.94,31.72,31.72,31.86,31.81,32.18,32.06,32.09,32.57,32.36,32.68,33.02,32.87,33.29,33.62,33.44,33.74,33.54,33.61,33.62,33.49,33.62,33.62,33.37,33.2,33.24,33.24,33.12,33.2,33.12,33.15,33.12,32.95,32.95,32.77,32.65,32.68,32.43,32.26,32.35,32.01,32.36,32.23,32.35,32.48,32.68,32.85,32.9,33.07,32.85,33.36,33.02,33.24,33.29,33.29,33.37,33.54,33.52,33.61,33.93,33.71,33.86,34.08,34.01,33.96,34.48,34.25,34.43,34.52,34.55,34.38,34.65,34.77,34.82,34.72,34.68,34.63,34.26,34.1,34.35,34.25,34.13,33.93,33.91,33.74,34.1,33.74,33.96,34.04,34.04,33.83,34.16,34.04,33.93,33.96,34.08,34.04,33.96,34.13,34.04,34.13,34.16,34.08,33.86,33.83,33.41,33.15,33.24,33.49,33.83,33.12,33.07,32.06,29.07,26.19,24.78,24.44,24.14,24.36,23.87,23.64,23.84,24.06,23.79,23.94,23.6,23.72,23.69,23.45
24.11,24.51,25.22,28.28,29.87,30.18,30.78,30.83,30.82,31.4,31.61,31.32,31.03,30.98,31.44,31.77,32.06,32.43,32.31,32.11,32.01,32.01,31.98,31.83,31.89,31.61,32.03,31.77,31.94,31.77,31.89,31.89,31.81,31.77,32.18,31.98,32.26,32.26,32.31,32.73,32.6,32.9,33.19,32.99,33.74,33.86,33.52,33.88,33.46,33.57,33.52,33.44,33.78,33.66,33.46,33.27,33.36,33.32,33.36,33.32,33.61,33.04,32.99,32.87,32.82,32.62,32.73,32.73,32.45,32.2,32.48,32.35,32.45,32.31,32.26,32.43,32.06,32.62,33.02,32.87,32.99,33.2,33.24,33.41,33.46,33.44,33.32,33.61,33.37,33.57,33.62,33.96,33.93,33.74,33.99,34.25,34.1,34.35,34.48,34.43,34.41,34.68,34.77,34.65,34.9,34.94,34.68,34.73,34.38,34.33,34.25,34.3,34.3,34.47,33.88,34.16,34.04,34.08,33.99,33.86,34.04,33.91,34.04,33.93,33.91,33.74,34.26,33.91,34.04,34.08,34.41,34.16,34.48,34.38,34.18,34.01,33.46,33.27,33.61,33.66,33.57,32.94,32.26,30.38,27.4,25.45,24.59,24.33,24.41,24.11,23.54,23.87,23.6,24.02,23.94,23.72,23.79,23.6,23.84,23.72
23.87,24.02,24.98,27.29,29.12,30.09,30.29,30.87,30.83,30.87,31.4,31.4,31.24,30.78,31.35,31.69,31.86,32.23,32.01,31.86,32.03,31.74,31.66,31.98,31.98,31.74,31.61,31.89,31.86,31.66,31.89,31.89,31.69,31.89,31.91,32.23,32.48,32.87,32.65,33.02,33.15,33.46,33.44,33.61,33.83,33.74,33.71,33.66,33.66,33.52,33.2,33.52,33.41,33.61,33.49,32.94,32.95,33.32,33.1,33.24,33.04,32.85,33.02,32.51,32.82,32.57,32.6,32.51,32.2,32.45,32.23,32.36,32.14,31.91,32.28,32.48,32.35,32.82,32.77,32.73,32.95,33.15,33.27,33.36,33.32,33.44,33.44,33.24,33.54,33.57,33.61,33.71,33.61,33.93,33.91,34.13,33.99,34.41,34.26,34.35,34.63,34.68,34.6,34.57,34.77,34.33,34.89,34.9,34.77,34.6,34.48,34.38,34.35,34.25,34.18,34.1,34.3,34.13,34.25,33.96,34.01,34.01,34.1,33.88,34.13,33.69,33.83,33.86,34.3,33.91,34.01,34.26,34.38,34.3,34.16,34.04,33.78,33.86,33.62,33.49,32.95,32.26,30.58,27.67,25.33,24.75,24.26,24.39,24.21,23.99,23.82,23.91,24.09,23.69,24.06,23.84,23.6,23.52,23.54,23.54
23.82,24.02,24.93,25.87,28.71,29.61,30.04,30.7,30.82,31.15,31.49,31.61,31.35,31.07,31.35,31.49,31.94,32.03,32.01,32.06,31.91,31.94,32.18,32.03,31.72,31.91,31.86,32.03,31.81,31.66,32.03,31.83,31.83,32.03,32.36,32.23,32.62,32.68,32.9,33.46,33.86,33.57,33.74,33.99,33.88,33.78,33.61,33.74,33.37,33.44,33.24,33.46,33.19,33.62,33.07,33.04,33.41,33.36,33.12,33.32,33.1,32.95,32.78,32.87,32.73,32.6,32.48,32.14,32.57,32.2,32.36,32.23,32.26,32.4,32.4,32.53,32.53,32.73,32.77,33.04,32.94,33.1,33.1,32.99,33.29,33.29,33.49,33.41,33.66,33.54,33.69,33.79,33.88,33.88,34.04,33.91,34.18,34.33,34.13,34.25,34.41,34.38,34.43,34.9,34.82,34.89,34.95,34.89,34.82,35.24,34.89,34.77,34.57,34.35,34.25,34.35,34.38,34.18,34.18,34.13,33.78,33.96,33.78,33.91,34.04,34.08,33.88,34.13,33.96,34.3,34.04,34.01,33.99,34.38,34.35,34.26,33.71,33.93,33.37,32.73,32.51,30.73,28.04,25.55,25.01,24.33,24.09,24.36,24.06,24.36,23.75,23.94,23.91,23.82,23.91,23.18,23.54,23.79,23.48,23.72
24.09,24.11,24.24,25.07,27.49,29.52,29.98,30.61,30.87,31.2,31.29,31.44,31.64,31.44,31.83,31.98,32.03,31.91,32.01,31.91,31.81,32.03,31.91,32.14,32.2,31.86,31.81,31.89,32.09,32.31,32.09,32.11,32.28,32.26,32.26,32.77,32.85,33.36,33.52,33.49,33.66,33.78,34.01,33.79,33.49,33.57,33.36,33.54,33.37,33.49,33.36,33.49,33.49,33.27,33.32,32.99,33.2,32.85,32.95,33.02,32.9,32.99,32.95,32.85,32.65,32.4,32.35,32.06,32.35,32.43,32.03,32.09,32.4,32.06,32.4,32.48,32.82,32.78,32.9,32.85,32.99,33.15,33.15,33.15,33.36,33.15,33.62,33.15,33.57,33.61,33.83,33.46,33.83,33.74,33.83,33.83,34.01,34.26,34.38,34.38,34.26,34.55,34.41,34.48,34.52,34.63,34.63,34.95,35.15,34.94,34.82,34.99,35.04,34.6,34.55,34.26,34.3,34.21,34.26,33.99,34.33,33.71,33.79,34.26,33.93,33.96,33.93,34.13,34.08,33.83,33.99,34.16,34.04,33.86,33.83,33.91,33.41,33.27,32.73,32.11,30.36,27.99,26.02,24.83,24.83,24.39,24.09,23.84,23.94,23.94,23.97,23.94,23.84,23.84,23.82,23.82,23.75,23.79,23.97,23.54
23.79,24.41,24.17,24.39,25.28,28.75,29.87,30.08,30.65,31.1,31.2,31.24,31.69,31.72,31.66,31.91,32.14,31.89,31.98,31.91,31.89,31.98,31.93,31.86,31.89,31.83,31.94,32.01,32.03,32.09,32.06,32.06,32.26,32.53,32.82,33.2,33.36,33.62,33.69,33.88,33.74,33.71,33.83,33.52,33.66,33.52,33.52,33.29,33.52,33.29,33.12,33.15,32.99,33.24,32.95,32.99,33.12,33.04,32.78,33.07,32.9,32.7,32.51,32.78,32.62,32.45,32.48,32.51,32.26,32.06,32.23,32.31,32.14,32.23,32.45,32.51,32.78,32.77,32.85,32.78,33.02,32.94,32.77,32.85,33.1,33.52,33.27,33.46,33.83,33.71,33.74,33.69,33.79,34.08,33.99,33.74,33.96,34.13,34.38,34.3,34.52,34.3,34.57,34.63,34.52,34.72,34.57,34.63,34.72,34.73,34.99,35.26,35.04,34.73,34.85,34.68,34.55,34.35,34.3,33.96,34.18,33.78,33.99,33.99,33.88,33.96,34.04,34.08,34.13,34.21,33.91,34.13,33.96,33.83,33.74,33.46,33.1,32.73,31.98,30.16,27.25,25.75,25.33,24.75,24.41,24.11,24.21,23.97,23.75,23.52,23.87,23.69,23.97,23.94,23.52,23.75,23.38,23.67,23.67,23.48
23.91,23.91,23.82,24.36,24.83,26.49,29.44,29.76,30.46,31.07,31.12,31.56,31.72,31.49,31.74,32.03,31.98,31.72,32.23,32.14,31.86,31.98,31.89,31.86,32.06,31.98,31.81,32.09,32.03,32.35,32.28,32.26,32.45,32.87,33.24,33.66,33.54,34.04,33.88,33.78,33.86,33.83,33.71,33.62,33.61,33.57,33.52,33.44,33.37,33.32,33.24,33.24,33.07,33.2,33.19,33.07,33.1,33.12,32.77,32.73,32.82,32.62,32.78,32.53,32.43,32.43,32.45,32.28,32.26,32.26,32.28,32.31,32.18,32.35,32.4,32.26,32.77,32.78,32.94,33.15,32.78,33.04,33.2,33.1,33.36,33.27,33.44,33.32,33.46,33.66,33.69,33.74,33.52,33.78,34.01,34.1,34.08,34.16,34.13,34.63,34.43,34.04,34.18,34.25,34.47,34.72,34.52,34.73,34.95,34.99,34.82,35.07,35.04,35.07,35.21,35.02,34.85,34.77,34.73,34.38,33.96,33.99,33.78,34.04,33.93,33.99,34.01,33.83,34.01,34.01,34.01,33.93,33.69,33.62,33.46,33.07,32.77,31.94,30.9,27.79,25.64,25.18,24.78,24.53,24.48,24.06,23.75,23.79,23.91,23.64,23.72,23.67,23.84,23.69,23.69,23.75,23.87,23.64,23.72,23.64
23.99,23.99,24.11,24.29,24.53,25.4,27.44,29.49,30.21,30.87,30.98,31.15,31.39,31.47,31.66,31.83,31.74,31.89,32.03,32.06,31.94,31.91,31.86,31.89,32.06,31.89,32.35,32.26,32.26,32.26,32.48,32.85,33.02,33.19,33.74,33.78,34.01,33.71,33.66,33.54,33.61,33.49,33.52,33.46,33.61,33.49,33.32,33.24,33.29,33.49,33.36,33.37,33.29,33.32,33.24,33.27,33.1,32.99,32.94,32.99,32.9,32.73,32.77,32.6,32.43,32.57,32.45,32.23,32.18,32.57,32.2,32.31,32.26,32.11,32.31,32.35,32.35,32.77,32.9,32.78,32.99,32.95,33.1,33.24,33.15,33.12,33.15,33.36,33.52,33.62,33.61,33.32,33.74,33.79,34.13,33.86,34.21,33.93,34.04,34.26,34.13,34.52,34.3,34.38,33.99,34.33,34.26,34.57,34.68,34.8,34.95,34.95,34.8,34.99,35.04,35.12,34.9,34.95,34.99,34.57,34.48,34.41,34.21,34.01,33.88,34.04,33.96,33.83,33.88,33.88,33.41,33.71,33.57,33.36,32.85,32.94,32.65,32.03,30.5,27.0,25.67,24.75,24.78,24.39,24.29,24.24,24.26,24.09,24.06,24.11,23.64,23.87,23.84,23.72,23.82,23.64,23.64,23.48,23.84,23.72
23.94,24.14,23.97,23.91,24.24,24.53,25.72,28.04,29.81,30.36,30.73,31.29,31.29,31.44,31.57,31.49,31.94,31.94,32.01,31.89,32.14,31.69,32.18,31.77,31.91,32.03,31.91,32.43,32.57,32.73,32.7,32.99,33.41,33.66,33.71,33.74,34.01,33.79,33.57,33.32,33.61,33.49,33.44,33.37,33.24,33.27,33.27,33.44,33.15,33.19,33.02,33.2,33.12,33.02,33.32,33.12,33.1,32.78,32.87,32.77,32.51,32.65,32.6,32.4,32.26,32.45,32.35,32.45,32.35,32.35,32.26,32.18,32.43,32.53,32.35,32.57,32.6,32.77,33.02,32.9,33.19,33.15,33.07,33.32,33.1,33.36,33.24,33.2,33.12,33.49,33.61,33.88,33.78,33.91,33.57,33.62,33.78,34.08,34.16,34.16,34.13,34.18,34.21,34.38,34.33,34.38,34.48,34.48,34.57,34.95,34.85,34.73,34.95,34.9,34.89,34.85,35.1,35.15,35.12,35.26,35.15,34.94,34.77,34.48,34.18,34.18,34.1,34.01,34.1,34.08,33.78,33.69,33.57,33.57,33.79,33.46,33.12,32.23,30.58,27.17,25.1,24.9,24.59,24.66,24.06,24.11,23.79,23.79,23.69,23.64,23.87,23.97,23.67,23.6,23.69,23.52,23.37,23.45,23.54,23.64
23.72,23.84,23.87,23.84,23.99,24.48,24.48,25.91,28.71,29.98,30.41,30.98,31.32,31.44,31.77,31.69,31.83,31.72,31.94,31.72,32.14,31.91,31.89,32.14,32.35,32.11,32.57,32.4,32.82,32.9,33.29,33.62,33.83,33.83,33.74,33.83,33.99,33.62,33.37,33.71,33.54,33.15,33.57,33.15,33.27,33.27,33.19,33.27,33.2,33.29,33.1,32.95,32.99,32.99,33.07,33.02,32.78,32.94,32.95,32.87,32.73,32.65,32.57,32.57,32.6,32.53,32.51,32.11,32.36,32.36,32.28,32.26,32.48,32.77,32.35,32.51,32.53,32.73,33.02,32.7,33.15,33.19,33.15,33.1,33.24,33.1,32.99,33.36,33.41,33.24,33.57,33.66,33.66,33.66,33.69,33.96,33.71,33.88,34.18,34.25,34.18,34.55,34.25,34.16,34.38,34.41,34.26,34.55,34.57,34.41,34.77,34.72,34.55,34.73,34.65,34.9,34.94,35.07,35.37,35.07,35.19,35.02,35.19,35.04,34.85,34.94,34.57,34.89,34.63,34.52,34.41,34.55,34.16,34.16,34.01,33.83,33.12,32.11,30.61,26.68,25.01,24.36,24.63,23.84,24.21,24.06,24.17,23.75,24.11,23.79,24.02,23.84,23.69,24.06,24.02,23.84,23.64,23.6,23.64,23.69
23.99,23.84,23.82,23.97,23.64,24.17,24.51,24.63,26.18,28.75,30.08,30.53,31.02,30.9,31.44,31.61,31.74,31.64,31.72,31.86,32.01,31.98,32.14,32.4,32.43,32.35,32.51,32.94,33.15,33.29,33.79,33.71,33.49,33.66,33.74,33.46,33.69,33.46,33.37,33.49,33.49,33.27,33.2,33.1,33.24,33.1,33.24,33.29,33.19,33.04,33.15,33.02,32.82,33.02,32.82,33.04,33.04,32.73,32.73,32.85,32.65,32.68,32.6,32.4,32.35,32.48,32.53,32.31,32.31,32.43,32.14,32.2,32.26,32.65,32.45,32.65,32.48,32.9,32.94,32.78,32.99,33.12,33.1,32.99,33.27,33.19,33.1,33.27,33.2,33.19,33.62,33.54,33.83,33.27,33.71,33.99,34.08,34.21,33.83,34.16,34.13,34.01,34.18,34.47,34.13,34.21,34.33,34.55,34.47,34.65,34.82,34.8,34.82,34.63,34.89,34.82,34.89,34.85,34.82,34.94,35.1,35.29,35.41,34.99,35.34,35.41,35.26,35.1,34.85,34.94,34.68,34.43,34.3,34.13,34.04,33.69,33.24,32.14,30.45,27.2,25.44,24.56,24.33,24.33,24.29,23.75,24.06,23.84,24.06,23.82,23.64,23.82,23.84,23.87,23.99,23.38,23.72,23.79,23.45,23.72
23.6,23.94,23.82,24.02,24.29,23.97,23.75,24.53,25.01,26.07,28.55,30.01,30.61,30.78,31.39,31.64,31.35,31.83,31.89,31.81,32.11,32.31,32.2,32.28,32.45,32.78,32.94,33.15,33.62,33.57,33.79,33.79,33.49,33.57,33.37,33.29,33.12,33.46,33.37,33.66,33.27,33.37,33.19,33.19,32.99,33.1,33.07,32.7,33.1,33.29,32.94,33.27,33.19,32.85,32.95,32.77,32.68,32.85,32.53,32.7,32.48,32.68,32.51,32.68,32.82,32.45,32.43,32.45,32.6,32.4,32.28,32.18,32.26,32.28,32.53,32.7,32.62,32.53,32.7,32.77,32.94,33.15,33.04,33.24,33.07,33.36,33.24,33.32,33.46,33.52,33.29,33.36,33.86,33.61,33.57,33.79,34.16,33.79,34.08,33.88,33.91,34.43,34.18,34.47,34.26,34.1,34.13,34.33,34.38,34.43,34.73,34.52,34.52,34.43,34.65,35.04,34.73,34.68,34.82,34.8,34.99,34.94,35.02,34.73,35.21,34.95,35.19,34.68,34.9,34.57,34.48,34.3,34.3,34.13,33.66,33.29,33.15,32.36,30.78,27.0,25.1,24.26,24.24,24.06,23.97,23.82,23.69,23.97,23.6,23.69,23.84,23.64,23.84,23.72,23.57,23.79,23.6,23.6,23.38,23.79
23.91,23.84,23.94,23.91,23.84,24.29,23.99,24.48,24.86,24.78,26.02,27.79,29.32,30.41,30.78,31.1,31.2,31.61,31.69,31.94,32.28,32.01,32.26,32.53,33.02,33.37,33.41,34.1,33.69,33.88,33.52,33.66,33.57,33.54,33.61,33.49,33.29,33.37,33.15,33.04,33.36,33.32,33.24,33.07,33.1,32.7,32.94,33.12,33.24,33.12,33.04,33.07,32.99,33.02,32.9,32.78,32.7,32.51,32.85,32.68,32.77,32.68,32.7,32.62,32.57,32.4,32.65,32.18,32.2,32.36,32.2,32.62,32.31,32.7,32.48,32.65,32.73,32.53,32.87,32.7,32.95,33.27,33.19,33.04,33.07,33.02,33.57,33.44,33.54,33.44,33.66,33.49,33.46,33.44,33.57,33.57,34.04,33.86,33.99,34.16,33.91,34.35,34.21,34.38,33.96,34.43,34.35,34.35,34.33,34.35,34.38,34.73,34.65,34.57,34.68,34.65,34.72,34.89,34.72,34.9,35.07,34.9,35.07,35.04,35.07,34.94,34.99,34.85,34.95,34.48,34.43,34.48,34.43,33.83,33.93,33.24,32.85,32.2,30.58,27.32,25.33,24.56,24.29,24.48,24.09,24.09,23.97,23.67,23.99,23.54,23.6,23.64,23.54,23.69,23.69,23.69,23.69,23.75,23.75,23.57
23.6,23.82,23.75,23.87,23.64,24.26,24.09,24.24,24.17,24.33,24.68,25.32,26.14,27.47,28.88,30.09,30.58,31.24,31.49,31.86,31.91,32.23,32.67,32.99,33.37,33.74,33.91,33.96,33.73,33.57,33.54,33.49,33.37,33.27,33.29,33.27,33.27,33.12,33.15,33.04,33.27,33.15,33.29,33.02,33.12,32.95,32.99,33.02,32.62,32.85,32.7,32.62,32.95,33.04,33.04,32.48,32.57,32.78,32.43,32.78,32.82,32.43,32.6,32.6,32.77,32.6,32.62,32.77,32.35,32.45,32.26,32.36,32.26,32.26,32.28,32.57,32.51,32.68,32.77,33.15,32.9,33.02,33.1,33.02,33.15,33.2,33.15,33.2,33.36,33.24,33.27,33.44,33.46,33.41,33.49,33.83,33.71,33.74,34.08,34.04,34.26,34.25,34.21,34.18,33.99,34.21,34.25,34.18,34.1,34.41,34.55,34.38,34.41,34.52,34.48,34.52,34.55,34.82,34.47,34.68,34.55,34.63,34.77,34.57,34.73,34.99,34.73,34.89,34.57,34.48,34.41,34.43,34.08,33.83,33.57,33.24,32.87,32.26,30.66,27.64,25.28,24.63,24.39,24.06,23.91,24.11,23.72,24.14,23.97,23.67,23.69,23.67,23.57,23.64,23.79,23.72,23.6,23.57,23.82,23.54
23.94,24.14,23.91,23.72,23.69,24.09,23.75,24.11,24.11,24.09,24.56,24.78,24.83,25.75,26.06,26.81,29.4,31.12,31.69,31.94,32.31,32.31,32.94,33.49,33.54,33.66,33.69,33.57,33.69,33.41,33.46,33.29,33.27,33.36,33.29,33.41,33.44,33.04,33.1,33.19,32.87,33.19,32.85,32.99,32.82,33.02,32.99,32.9,32.94,33.04,32.77,32.87,32.73,32.6,32.9,32.82,32.94,32.73,32.6,32.62,32.73,32.45,32.68,32.35,32.31,32.28,32.31,32.78,32.6,32.6,32.2,32.65,32.23,32.6,32.77,32.87,32.6,32.6,32.87,33.1,32.87,33.15,33.07,33.2,33.15,33.37,33.27,33.32,33.36,33.27,33.36,33.54,33.49,33.37,33.62,33.52,33.69,33.74,33.96,33.83,34.1,34.1,34.21,34.04,34.3,34.35,34.1,34.25,34.16,34.43,34.33,34.26,34.48,34.38,34.65,34.57,34.52,34.68,34.65,34.6,34.6,34.77,34.68,34.63,34.65,34.82,34.41,34.72,34.73,34.55,34.1,34.25,33.74,33.74,33.37,33.1,32.68,32.01,31.15,27.79,25.49,24.36,24.41,24.29,23.99,23.67,23.91,24.24,23.79,23.72,23.94,23.69,23.72,23.64,23.87,23.69,23.45,23.67,23.75,23.64
