31.12,31.32,31.69,31.74,31.15,31.39,31.57,31.61,31.69,31.49,31.61,31.61,31.66,31.66,31.64,31.81,31.72,31.47,31.47,31.69,31.69,31.56,31.47,31.66,31.72,31.81,31.94,32.48,32.51,32.62,32.73,32.85,32.82,32.78,33.32,32.95,33.36,33.19,32.94,33.07,33.46,33.37,33.44,33.41,33.44,33.52,33.32,33.29,33.12,32.94,32.57,32.18,31.57,28.8,24.8,23.03,22.46,22.85,22.85,22.81,27.12,31.94,32.6,32.78,32.85,32.87,32.99,32.95,33.04,32.87,33.02,33.37,33.2,33.07,33.24,32.82,32.4,32.31,32.35,32.68,33.07,33.66,33.62,34.04,33.91,33.37,33.29,32.78,32.99,32.95,32.9,32.85,32.7,32.85,32.68,32.53,32.95,32.35,32.51,32.65,32.53,32.18,32.26,31.77,27.13,22.88,21.84,21.53,21.42,21.35,21.05,20.79,21.1,20.64,20.91,20.71,20.71,20.9,20.54,20.71,20.68,21.05,20.83,21.13,20.9,21.38,21.53,21.94,23.57,25.67,27.71,29.89,31.12,31.77,31.81,31.74,31.64,31.57,31.77,31.64,31.89,31.66,31.52,31.72,31.52,31.72,31.61,32.01,31.81,32.11,31.94,32.14,32.26,32.36,32.36,32.7,32.9,32.57,32.9,32.68
31.19,31.32,31.32,31.64,31.66,31.19,31.49,31.49,31.61,31.52,31.35,31.49,31.57,31.69,31.89,31.66,31.83,31.69,31.44,31.69,31.64,31.64,31.35,31.81,31.69,32.11,32.2,32.51,32.51,32.85,33.07,33.1,33.19,33.04,33.12,33.24,33.15,32.95,32.99,33.19,33.41,33.41,33.24,33.46,33.19,33.32,33.46,33.32,33.32,33.32,33.29,32.65,32.35,31.29,28.87,24.39,23.03,22.81,23.42,26.02,29.27,32.68,33.04,32.95,33.12,33.02,33.15,32.94,32.82,33.04,33.1,33.04,33.29,33.27,33.32,33.12,32.48,32.43,32.6,33.07,33.57,34.18,33.93,33.93,34.08,33.79,33.2,32.87,33.19,33.1,32.95,32.73,32.45,32.36,32.62,32.53,32.43,32.14,32.62,32.53,32.26,32.14,32.03,31.57,27.2,22.54,22.36,21.47,21.2,20.86,20.91,20.91,20.9,20.79,20.95,21.08,21.08,20.79,20.58,20.91,20.79,20.98,21.01,21.38,21.65,23.03,24.48,26.53,28.8,29.96,30.78,31.66,31.89,32.2,32.14,32.06,31.86,31.72,31.64,31.56,31.74,31.44,31.47,31.69,31.66,31.66,31.64,31.57,31.86,31.89,32.06,32.11,32.23,32.68,32.45,32.48,32.7,32.78,32.78,32.78
31.39,31.29,31.52,31.47,31.19,31.29,31.47,31.44,31.49,31.56,31.44,31.69,31.61,31.56,31.35,31.57,31.47,31.66,31.52,31.77,31.64,31.56,31.77,31.89,31.86,32.14,32.23,32.45,32.68,32.65,32.82,32.9,32.95,32.99,33.12,33.15,33.24,32.9,32.77,33.2,33.12,33.62,33.46,33.32,33.15,33.19,33.52,33.61,33.36,33.49,33.24,33.07,32.85,32.28,31.64,28.71,24.56,24.06,26.73,30.53,32.14,33.2,33.32,33.44,33.49,33.15,33.57,33.1,33.15,32.87,33.02,33.04,33.15,33.07,33.1,32.78,32.78,32.9,32.99,33.12,33.57,34.01,33.91,34.01,33.71,33.37,33.41,32.85,33.12,32.95,32.85,32.53,32.48,32.6,32.57,32.68,32.78,32.6,32.62,32.6,32.51,32.51,32.2,31.56,26.61,23.11,21.9,21.84,21.32,21.23,21.32,20.83,21.13,20.79,20.79,21.16,21.08,20.98,21.28,21.08,21.13,21.5,21.95,22.96,25.13,28.16,29.69,30.65,31.39,31.86,32.01,32.28,32.48,32.23,32.57,32.11,31.74,31.81,31.64,31.61,31.52,31.69,31.66,31.64,31.64,31.69,31.64,31.94,31.89,32.11,32.2,32.31,32.45,32.31,32.6,32.77,33.04,32.73,32.6,32.73
31.27,31.2,31.29,31.29,31.2,31.56,31.29,31.4,31.56,31.72,31.56,31.64,31.4,31.61,31.24,31.4,31.81,31.64,31.66,31.69,32.01,31.83,31.94,31.86,32.09,31.94,32.36,32.87,32.82,32.9,33.12,32.87,32.82,33.07,32.87,32.99,32.99,32.99,33.15,32.95,33.32,33.71,33.62,33.32,33.54,33.19,33.24,33.52,33.54,33.27,33.29,33.36,33.02,32.82,32.51,31.24,28.43,26.8,30.58,32.45,32.9,33.57,33.69,33.41,33.66,33.88,33.69,33.62,33.29,33.27,32.95,33.02,32.87,33.04,33.02,32.99,32.82,32.57,32.82,33.2,33.37,33.99,33.79,33.93,33.74,33.74,33.15,32.62,32.77,32.68,32.62,32.28,32.53,32.43,32.4,32.45,32.7,32.77,32.87,33.19,32.85,32.65,32.51,32.18,27.55,23.18,22.27,21.94,21.65,21.35,21.62,21.23,21.16,20.91,20.91,20.98,21.13,21.1,21.5,21.72,22.21,23.37,25.84,28.23,29.77,30.75,31.61,32.09,32.4,32.28,32.82,32.65,32.87,32.51,32.77,32.51,32.03,32.2,32.03,31.98,31.64,31.64,31.77,31.64,31.89,31.94,32.2,31.94,32.23,32.03,32.18,32.35,32.23,32.57,32.65,32.65,32.65,32.9,32.57,32.77
31.2,31.03,31.44,31.35,31.4,31.29,31.35,31.27,31.49,31.49,31.74,31.64,31.56,31.72,31.52,31.74,31.72,31.74,31.72,31.74,31.81,31.91,31.86,32.18,32.23,31.98,32.43,32.85,32.95,33.02,33.2,33.02,33.2,32.95,32.73,33.02,33.15,33.24,32.82,32.94,33.24,33.46,33.32,33.54,33.62,33.44,33.36,33.49,33.37,33.44,33.41,33.12,33.19,33.29,32.73,32.35,31.72,31.24,32.6,32.7,33.07,33.32,33.83,34.04,33.96,33.46,33.96,33.52,33.83,33.66,33.2,33.27,32.95,33.27,33.02,32.68,32.53,32.57,32.78,33.15,33.49,33.99,33.52,33.71,33.57,33.41,33.1,32.85,32.85,32.68,32.73,32.53,32.57,32.51,32.65,32.73,32.77,32.87,32.99,33.37,33.19,32.99,32.82,32.62,29.84,24.21,23.03,22.12,21.6,21.6,21.42,21.32,21.1,21.32,21.27,21.2,21.53,21.87,22.66,24.29,26.76,29.24,30.38,31.4,31.64,31.86,32.18,32.28,32.94,32.85,32.95,33.19,32.87,32.73,32.48,32.78,32.06,32.18,32.14,31.57,31.74,31.91,31.89,31.94,31.98,31.98,32.11,31.91,32.48,32.01,32.65,32.4,32.35,32.6,32.77,32.7,32.82,32.85,32.7,32.77
31.32,30.98,31.64,31.27,31.49,31.47,31.12,31.39,31.49,31.35,31.56,31.81,31.39,31.47,31.52,31.57,31.81,31.72,31.64,31.86,31.74,32.09,32.2,32.2,32.36,32.6,32.77,32.43,33.07,33.02,33.36,33.02,33.02,32.73,33.07,32.77,33.1,33.15,33.12,33.12,33.44,33.86,33.52,33.52,33.62,33.29,33.37,33.36,33.27,33.29,33.36,33.27,33.24,33.12,33.32,32.94,32.78,33.36,33.36,33.46,33.46,33.49,33.54,33.96,34.13,33.91,33.54,33.54,33.71,33.66,33.83,33.91,33.49,33.61,33.2,32.99,32.77,32.77,33.07,33.36,33.66,33.49,33.79,33.93,33.99,33.52,33.41,32.95,32.99,33.02,32.87,32.87,32.78,32.9,33.12,33.27,33.24,33.15,33.24,33.32,33.1,32.82,33.12,33.07,31.24,25.7,23.64,22.32,22.21,21.62,21.62,21.75,21.42,21.32,21.57,21.62,23.03,24.71,27.52,29.52,30.92,31.32,32.03,32.26,32.18,32.6,32.53,32.82,33.27,32.94,33.2,33.15,33.1,32.85,32.85,32.82,32.18,32.31,31.98,32.11,31.81,32.03,32.03,31.72,32.11,31.86,31.83,32.18,32.28,32.43,32.4,32.4,32.28,32.87,32.77,32.36,32.82,32.77,32.77,32.73
31.12,31.24,31.15,31.15,31.12,31.12,31.49,31.39,31.39,31.56,31.56,31.69,31.61,31.44,31.72,31.49,31.52,31.91,31.64,31.61,31.89,32.18,32.14,32.36,32.26,32.45,32.77,32.9,33.29,33.41,33.04,33.1,32.87,32.94,32.94,32.73,32.65,33.12,32.9,32.85,33.12,33.52,33.29,33.49,33.2,33.29,33.19,33.36,33.36,33.27,33.29,33.37,33.36,33.2,33.27,33.44,33.19,33.54,33.57,33.54,33.32,33.41,33.44,33.74,33.96,34.33,33.91,33.46,33.41,33.44,33.62,33.46,33.57,33.41,33.46,33.32,33.04,33.24,33.52,33.24,33.74,33.99,33.62,33.74,33.78,33.66,33.46,33.15,33.04,33.19,33.15,32.99,32.7,32.99,33.04,33.15,33.32,33.29,32.95,33.24,33.2,33.1,33.44,33.29,32.45,30.09,27.71,24.24,22.73,22.14,21.9,21.94,21.53,21.87,22.14,24.78,27.76,29.67,30.98,31.56,32.35,32.43,32.45,32.43,32.94,32.82,32.94,32.87,32.9,33.36,33.37,33.27,33.12,32.85,32.9,32.82,32.35,32.03,32.23,32.28,32.01,32.09,32.23,32.28,32.06,32.23,31.86,31.91,32.36,32.26,32.43,32.62,32.6,32.73,32.94,32.77,33.07,32.73,32.68,32.65
31.12,31.2,31.24,31.32,31.35,31.2,31.39,31.57,31.32,31.57,31.66,31.32,31.64,31.44,31.47,31.66,31.86,31.72,31.64,32.01,32.11,32.26,32.2,32.6,32.53,32.7,32.78,32.9,33.29,33.66,33.41,32.99,33.04,33.12,32.78,32.57,32.7,32.94,33.07,33.02,33.15,33.2,33.24,33.15,33.37,33.46,33.41,33.44,33.37,33.07,33.44,33.12,33.36,33.32,33.36,33.29,33.49,33.71,33.91,33.57,33.86,33.57,33.44,33.57,33.88,34.01,34.13,33.52,33.54,33.27,33.27,33.1,33.15,33.04,33.04,33.07,33.02,33.2,33.2,33.49,33.46,33.37,33.54,33.79,33.71,33.49,33.54,33.19,33.2,32.94,32.73,32.65,32.6,32.6,32.99,33.07,33.1,33.15,33.15,33.41,33.86,33.44,33.61,33.99,32.9,32.36,31.39,29.19,25.01,22.66,22.17,21.84,22.24,23.84,26.7,29.52,30.9,31.4,31.64,32.48,32.53,32.95,33.02,32.94,33.19,32.94,32.95,33.04,32.85,33.32,33.57,33.24,33.27,33.29,33.36,33.1,32.6,32.51,32.65,32.51,32.51,32.26,32.14,32.11,32.06,32.28,32.06,32.11,32.14,32.35,32.78,32.68,32.6,32.65,32.57,32.82,33.04,32.53,32.51,32.57
30.98,31.29,31.39,31.47,31.44,31.27,31.64,31.35,31.35,31.44,31.61,31.64,31.32,31.19,31.64,31.74,31.57,31.86,32.06,32.2,32.06,32.43,32.28,32.48,32.77,32.73,32.73,33.24,33.27,33.71,32.95,33.1,32.78,32.53,32.53,32.65,32.82,32.65,32.82,32.99,32.94,33.24,32.9,33.04,33.04,33.2,33.32,33.02,33.12,33.02,33.12,33.2,33.1,33.19,33.37,33.27,33.37,33.71,33.78,34.1,33.62,33.46,33.46,33.41,33.57,33.79,34.25,33.93,33.83,33.02,33.04,32.73,32.6,32.78,32.48,32.57,32.53,32.62,32.82,32.99,33.2,33.36,33.2,33.29,33.12,33.19,33.24,33.07,32.94,32.65,32.73,32.57,32.6,32.78,32.85,32.82,33.15,33.24,33.62,33.83,33.86,33.49,33.66,33.71,33.41,32.87,32.26,31.27,29.56,24.83,22.85,22.93,25.57,28.76,30.41,31.12,31.56,32.03,31.94,32.45,32.87,33.32,33.12,33.32,33.12,33.27,33.12,33.02,32.94,33.12,33.12,33.57,33.41,33.61,33.36,33.27,33.1,32.95,32.65,32.77,32.14,32.31,32.78,32.45,32.43,32.48,32.23,32.6,32.4,32.4,32.28,32.65,32.62,32.53,32.7,32.53,32.85,32.68,32.62,32.57
31.32,31.27,31.56,31.66,31.29,31.83,31.47,31.44,31.47,31.4,31.39,31.61,31.57,31.72,31.86,31.61,31.32,31.89,32.01,31.89,32.11,32.36,32.01,32.26,32.77,32.9,32.85,33.24,33.12,33.49,33.12,33.04,32.78,32.51,32.53,32.45,32.31,32.51,32.62,32.94,33.04,33.04,33.02,32.62,33.12,33.07,32.9,32.9,32.85,33.07,32.99,33.19,33.19,33.24,33.32,33.2,33.49,33.54,33.62,34.01,33.69,33.62,33.41,33.54,33.52,33.46,33.86,33.74,33.83,33.49,32.85,32.94,32.43,32.73,32.35,32.36,32.35,32.62,32.48,32.77,32.82,32.9,33.12,33.15,32.95,33.36,33.12,32.65,32.51,32.36,32.23,32.35,32.57,32.68,33.02,32.85,33.19,33.37,33.54,34.08,33.79,33.91,33.46,33.36,33.02,32.87,32.53,32.26,31.56,28.16,24.48,26.18,29.56,30.83,31.86,31.77,32.43,32.77,32.85,32.85,33.19,33.29,33.27,33.44,33.52,33.1,33.07,32.95,33.12,33.07,33.1,33.74,33.37,33.2,33.52,33.37,33.29,32.9,32.7,32.7,32.51,32.2,32.48,32.45,32.48,32.45,32.09,32.53,32.53,32.6,32.82,32.53,32.62,32.9,32.73,32.94,32.62,32.78,32.9,32.48
30.87,31.4,31.27,31.49,31.72,31.52,31.32,31.72,31.44,31.24,31.44,31.32,31.57,31.57,31.66,31.35,31.56,31.94,31.61,32.11,32.06,32.23,32.2,32.35,32.77,32.62,32.94,33.27,33.44,33.32,32.94,32.82,32.4,32.43,32.35,32.06,32.23,32.51,32.7,32.85,32.99,32.65,33.02,32.57,32.73,32.94,33.04,32.94,32.95,33.07,33.04,33.2,32.85,33.2,32.94,33.12,33.41,33.46,33.54,34.01,33.83,33.54,33.52,33.41,33.37,33.88,33.71,33.62,33.83,33.78,33.36,33.15,32.82,32.73,32.53,32.6,32.23,32.4,32.73,32.53,32.78,32.87,32.87,32.94,32.87,33.04,32.82,32.7,32.45,32.51,32.31,32.36,32.6,32.68,32.94,33.02,33.27,33.37,33.52,33.57,33.83,33.46,33.61,33.41,33.15,33.27,32.9,32.85,32.45,31.4,28.23,29.84,31.29,31.69,32.23,32.31,32.57,32.77,32.87,32.99,33.32,33.29,33.46,33.54,33.12,33.32,32.99,33.1,33.24,33.15,33.49,33.69,33.61,33.69,33.36,33.41,33.46,33.12,32.94,33.1,32.77,32.78,32.6,32.62,32.53,32.23,32.2,32.4,32.31,32.43,32.57,32.65,32.68,32.78,32.68,32.95,32.85,32.6,32.7,32.57
30.78,31.15,31.24,31.49,31.44,31.44,31.44,31.49,31.52,31.44,31.47,31.39,31.47,31.52,31.47,31.57,31.44,32.09,31.83,32.09,32.03,32.31,32.18,32.7,32.9,32.95,32.95,33.44,33.62,33.29,33.15,32.68,32.57,32.23,32.28,31.69,32.01,32.28,32.51,32.73,32.87,32.85,32.62,32.62,32.68,32.99,32.9,32.85,33.36,33.07,33.24,33.24,32.9,33.24,33.04,33.27,33.27,33.32,33.61,33.86,33.86,33.54,33.49,33.41,33.29,33.36,33.54,33.32,33.46,33.74,33.49,33.32,32.9,32.7,32.53,32.51,32.62,32.35,32.36,32.36,32.43,32.94,32.6,32.77,32.53,32.82,32.62,32.43,32.03,32.35,32.48,32.36,32.77,33.1,33.02,33.27,33.29,33.2,33.57,33.57,33.54,33.57,33.15,33.19,33.27,33.1,33.07,33.07,32.99,33.07,32.01,31.72,31.83,32.28,32.48,32.62,32.87,33.04,33.44,33.37,33.15,33.49,33.41,33.61,33.54,33.62,33.19,32.99,33.1,33.1,33.12,33.2,33.54,33.96,33.61,33.41,33.46,33.2,33.04,33.07,33.12,32.82,32.6,32.78,32.57,32.78,32.48,32.48,32.87,32.43,32.78,32.57,32.6,32.77,32.78,32.77,33.02,32.77,32.65,32.77
30.58,30.95,30.9,31.49,30.98,31.57,31.2,31.44,31.52,31.44,31.72,31.69,31.86,31.47,31.47,31.81,31.61,31.94,31.57,31.86,32.14,32.14,32.53,32.51,33.04,32.82,32.95,33.36,33.52,33.04,33.04,32.53,32.31,32.14,31.98,31.94,32.18,31.98,32.26,32.48,32.45,32.87,32.4,32.57,32.77,32.65,32.65,32.62,32.77,32.6,32.48,32.68,32.94,32.68,32.9,32.99,33.19,33.57,33.44,33.44,33.78,33.83,33.19,33.44,33.32,33.37,33.52,33.36,33.46,33.57,33.44,33.32,33.36,33.12,32.78,32.73,32.4,32.53,32.4,32.43,32.28,32.43,32.57,32.51,32.35,32.31,31.94,32.51,32.28,32.6,32.53,32.77,32.6,32.87,33.02,33.12,33.49,33.32,33.41,33.27,33.24,32.99,32.99,33.02,33.1,33.2,32.99,33.46,33.52,33.41,32.53,32.18,32.28,32.6,32.6,32.87,33.12,33.41,33.52,33.24,33.61,33.49,33.46,33.49,32.94,33.37,32.9,33.15,33.02,33.29,33.07,33.46,33.66,33.49,33.52,33.46,33.36,33.37,33.24,33.19,33.07,33.02,32.85,32.73,32.82,32.94,32.36,32.65,32.7,32.57,32.78,32.31,32.68,32.65,32.7,32.48,32.68,32.65,32.45,32.43
30.75,30.87,30.98,31.1,31.29,31.24,31.49,31.35,31.29,31.44,31.47,31.49,31.57,31.56,31.72,31.74,31.66,31.89,31.98,32.01,32.09,32.28,32.43,32.53,32.78,32.82,33.07,33.37,33.49,32.94,32.73,32.45,32.53,31.98,31.69,32.01,31.61,32.14,32.18,32.57,32.57,32.73,32.45,32.65,32.45,32.57,32.7,33.02,32.68,32.9,32.62,32.51,32.68,32.65,32.77,32.9,33.37,33.2,33.71,33.49,33.57,33.69,33.54,33.49,33.41,33.52,33.29,33.41,33.52,33.44,33.12,33.44,33.37,33.32,33.2,32.9,32.7,32.45,32.31,32.4,32.68,32.48,32.28,32.43,32.2,32.28,32.26,32.06,32.35,32.57,33.15,32.73,33.07,33.15,33.2,33.29,33.07,33.24,33.27,33.07,32.9,32.65,33.04,33.04,32.94,33.15,33.2,33.29,33.24,32.95,33.02,33.04,32.73,32.73,33.02,33.57,33.29,33.24,33.41,33.52,33.27,33.27,33.37,33.27,33.15,33.37,33.15,33.29,33.36,33.12,33.19,33.44,33.71,33.54,33.88,33.78,33.78,33.71,33.27,33.29,33.32,32.73,32.82,33.15,32.73,32.82,32.78,32.7,32.77,32.73,33.1,32.65,32.78,32.77,32.85,32.82,32.77,32.7,32.57,32.73
30.53,30.75,31.02,30.92,31.15,31.15,31.19,31.32,31.52,31.57,31.39,31.47,31.57,31.64,31.57,31.61,31.57,31.47,31.72,31.98,31.77,32.11,32.4,32.51,32.85,33.2,33.19,33.49,33.37,33.1,32.65,32.18,32.06,31.74,31.91,31.66,31.81,31.77,32.43,32.62,32.51,32.26,32.51,32.23,32.43,32.2,32.53,32.62,32.77,32.68,32.4,32.53,32.68,32.65,32.7,33.1,32.77,33.12,33.32,33.61,33.54,33.71,33.78,33.41,33.49,33.37,33.32,33.29,33.2,33.1,33.07,33.02,33.15,33.07,32.78,32.9,32.51,32.51,32.51,32.7,32.77,32.6,32.77,32.28,32.43,32.36,32.36,32.31,32.53,32.78,33.12,33.15,33.37,33.41,33.1,32.95,32.95,32.4,32.73,32.85,32.68,32.65,32.65,32.99,33.04,33.24,33.27,32.99,32.85,32.95,33.02,33.24,32.95,33.2,33.12,33.46,33.2,33.32,33.44,33.2,33.36,33.44,33.24,33.24,32.99,33.37,33.19,33.02,33.32,33.29,32.94,33.46,33.57,33.78,33.83,33.93,33.93,33.79,33.62,33.2,33.24,32.99,32.85,32.85,32.85,32.87,33.07,33.07,32.82,32.94,33.12,32.62,33.02,32.53,32.73,33.2,33.02,32.82,32.45,32.35
30.36,30.78,31.1,30.75,30.75,31.19,31.07,31.39,31.29,31.32,31.57,31.39,31.47,31.56,31.66,31.49,31.66,31.74,31.72,31.98,31.98,32.09,32.35,32.36,32.95,33.04,32.95,33.27,33.12,33.02,32.31,32.35,31.89,31.61,31.57,31.56,31.61,31.91,32.26,32.14,32.31,32.01,32.35,31.98,32.31,32.43,32.43,32.14,32.51,32.62,32.28,32.43,32.45,32.43,32.65,32.68,32.95,32.78,32.82,33.36,33.37,33.69,33.71,33.2,33.49,33.36,33.29,32.9,32.7,32.9,32.85,32.9,32.78,32.53,32.68,32.68,32.7,32.48,32.82,32.57,32.73,32.57,32.62,32.57,31.83,32.36,32.31,32.35,32.9,32.99,33.04,33.24,33.15,32.85,32.99,32.82,32.85,32.62,32.65,32.65,32.68,32.82,32.82,32.82,32.99,32.6,32.85,33.37,32.85,33.24,33.07,33.15,33.02,32.9,33.37,33.27,33.07,33.02,33.12,33.2,33.19,33.07,33.2,33.19,33.02,32.95,33.19,33.02,33.27,33.04,32.94,33.1,33.37,33.61,33.93,34.3,34.1,33.91,33.54,33.36,33.2,33.1,33.24,33.07,33.02,32.94,33.04,33.02,32.9,32.77,32.65,32.62,32.77,32.95,32.6,32.7,32.87,32.57,32.57,32.26
30.55,30.73,30.78,30.61,30.9,31.03,31.57,31.39,31.24,31.57,31.64,31.35,31.52,31.4,31.61,31.81,31.89,31.86,31.86,31.98,31.94,32.11,32.14,32.57,32.73,32.95,33.27,33.32,33.19,32.73,32.65,32.2,31.89,31.66,31.77,31.4,31.89,31.86,32.03,32.4,32.36,32.11,32.06,31.81,32.4,32.06,32.36,32.31,32.03,32.26,32.23,32.28,32.4,32.53,32.87,32.7,33.07,32.94,32.82,33.04,33.41,33.41,33.69,33.66,33.49,33.36,33.2,33.02,32.77,32.77,32.9,32.65,32.65,32.77,32.6,32.6,32.62,32.51,32.35,32.26,32.28,32.35,32.57,32.36,31.81,32.03,32.28,32.28,32.48,32.4,32.85,32.7,32.95,32.53,32.77,32.65,32.65,32.78,32.85,32.77,32.62,33.02,32.82,32.87,32.68,32.73,33.02,33.04,33.15,33.24,33.44,33.15,33.37,33.27,33.44,33.2,33.27,33.2,33.2,33.1,33.1,33.19,33.32,33.04,33.36,33.2,33.07,32.99,33.04,33.15,33.07,33.07,33.52,33.71,33.78,34.35,34.25,34.16,33.91,33.52,33.62,33.15,33.19,32.95,32.99,33.1,32.99,33.04,32.77,32.9,33.02,32.7,32.87,33.07,32.77,32.7,32.57,32.78,32.78,32.51
30.13,30.33,30.36,30.58,30.7,30.7,30.83,31.02,31.35,31.27,31.4,31.24,31.66,31.66,31.47,32.01,31.89,31.94,31.86,31.98,31.81,31.83,32.31,32.18,32.78,33.2,33.36,33.36,33.04,32.65,32.36,32.01,32.11,31.74,32.11,31.61,31.74,32.18,32.28,32.35,32.43,32.31,32.2,31.91,32.03,31.98,31.89,31.98,31.94,32.06,32.06,32.18,32.26,32.57,32.82,32.62,32.94,32.87,32.82,33.2,32.77,33.29,33.44,33.15,33.29,32.99,32.95,32.78,32.95,32.6,32.85,32.65,32.51,32.53,32.53,32.62,32.68,32.6,32.45,32.43,32.31,32.06,32.11,32.36,32.01,32.03,32.36,32.53,32.48,32.7,32.6,32.73,32.51,32.7,32.6,32.57,32.68,32.73,33.02,32.94,33.04,32.85,32.87,32.73,32.85,32.95,32.94,32.87,33.12,33.12,33.12,33.27,33.04,33.07,33.2,33.36,33.49,33.24,32.94,32.9,33.19,32.77,32.99,33.15,32.95,33.32,33.32,33.12,33.12,32.95,33.07,32.9,33.36,33.71,34.1,34.55,34.41,33.88,33.79,33.46,33.71,33.29,33.27,32.94,33.24,32.95,33.02,33.07,33.02,32.94,32.9,32.73,32.85,32.85,32.95,33.04,33.04,32.82,32.73,32.77
30.01,30.09,30.21,30.38,30.5,30.41,30.55,30.95,30.98,31.56,31.4,31.56,31.39,31.52,31.74,31.66,31.56,31.86,31.91,32.01,32.2,32.18,32.36,32.57,32.7,33.04,33.19,32.95,32.9,32.62,32.45,32.23,31.98,32.23,31.64,31.83,31.91,31.81,32.01,32.2,32.28,32.2,32.09,31.81,31.94,31.89,32.06,31.81,32.09,32.09,32.06,32.03,32.57,32.9,32.6,32.68,32.65,32.57,33.02,32.87,33.12,33.24,33.36,32.85,33.2,32.95,33.2,32.82,33.15,32.85,32.85,32.51,32.7,32.4,32.23,32.85,32.62,33.02,32.2,32.01,31.77,32.03,31.91,32.03,32.06,32.28,32.31,32.57,32.9,32.82,32.82,32.4,32.77,32.57,32.6,32.48,32.53,32.77,32.82,32.9,33.44,33.2,32.9,33.02,32.73,33.02,32.87,32.94,32.65,33.07,33.02,33.32,33.19,33.04,33.02,33.07,32.95,33.36,32.9,32.87,32.82,33.07,32.68,33.12,32.78,33.15,32.94,32.85,33.02,33.27,32.87,32.94,33.19,33.54,34.08,34.41,34.08,34.26,33.96,33.91,33.52,33.2,33.54,33.24,33.49,33.1,33.1,33.15,33.02,32.73,32.82,32.94,32.78,32.73,32.95,32.87,32.99,32.7,32.77,32.6
29.81,29.84,29.84,29.87,30.29,30.66,30.9,30.98,31.02,31.07,31.32,31.44,31.39,31.64,31.77,32.06,31.89,32.14,32.11,32.06,31.86,32.31,32.14,32.43,32.48,32.78,33.1,33.02,32.85,32.6,32.01,31.98,31.91,31.72,31.74,31.35,31.83,31.77,31.94,32.01,32.28,32.48,32.11,31.86,32.09,31.91,31.98,31.72,31.77,32.03,31.91,31.98,32.28,32.45,32.6,32.53,32.82,32.78,32.6,32.73,32.95,33.02,33.12,32.87,32.85,33.24,33.02,32.95,33.02,32.82,32.68,32.77,32.28,32.31,32.4,32.45,32.85,32.85,32.26,32.31,32.2,32.26,31.86,31.83,32.03,32.35,32.68,32.62,32.99,32.94,32.94,32.85,32.82,32.7,32.99,32.78,32.95,32.7,32.77,33.36,33.19,33.27,33.1,32.85,32.7,33.07,33.02,33.15,33.02,32.87,33.1,33.19,33.12,33.19,33.29,32.95,33.2,33.36,33.04,33.04,32.94,32.85,32.85,33.07,32.95,32.94,33.04,33.12,33.02,33.02,32.94,33.32,33.19,33.66,34.01,34.57,34.57,34.43,34.01,33.83,33.71,33.54,33.37,33.29,33.36,33.12,32.99,32.9,33.12,33.02,33.12,32.95,32.73,32.73,32.68,32.78,32.82,32.73,32.36,32.57
29.49,29.67,30.08,29.89,30.18,30.18,30.5,30.87,30.95,31.07,30.98,31.56,31.52,31.47,31.57,31.91,31.56,31.86,31.83,32.09,32.14,32.2,32.23,32.48,32.65,32.9,33.19,33.27,32.95,32.28,32.06,31.74,31.81,31.89,31.89,31.94,31.86,32.06,31.91,31.89,32.57,32.65,32.06,31.74,32.03,31.81,31.89,32.03,31.94,32.06,32.01,32.18,32.43,32.45,32.6,32.77,32.73,32.53,32.65,32.82,32.9,32.85,32.73,32.87,33.02,33.02,33.12,33.2,33.15,32.99,32.78,32.62,32.6,32.48,32.4,32.51,32.57,32.26,32.26,32.18,32.03,31.94,32.11,32.03,32.26,32.53,32.73,33.1,33.24,33.12,32.77,32.87,32.99,33.1,32.85,32.82,32.94,32.51,32.77,33.12,33.2,33.44,33.04,33.12,32.85,33.19,32.95,33.15,33.07,33.32,33.29,33.07,33.57,33.44,33.24,33.54,33.29,33.27,33.07,33.37,33.2,33.12,33.02,33.02,32.78,32.94,32.95,33.04,32.68,32.78,32.99,33.24,33.24,33.57,34.13,34.82,34.43,34.33,34.3,33.88,33.74,33.71,33.24,33.52,33.36,33.29,33.32,32.78,33.12,32.99,33.07,32.99,33.04,32.73,33.04,32.94,32.77,32.82,32.36,32.53
29.4,29.81,30.04,29.84,30.36,30.38,30.55,30.36,30.61,30.87,31.32,31.35,31.29,31.49,31.83,32.01,32.03,32.18,31.98,32.06,32.01,32.36,32.2,32.51,32.77,33.02,32.95,33.04,32.68,32.14,31.83,31.74,31.56,31.61,31.77,31.83,31.69,31.69,31.64,32.06,32.06,32.51,32.2,32.14,31.94,32.03,32.11,31.91,32.01,31.83,32.09,32.11,32.36,32.62,32.36,32.51,32.53,32.62,32.45,32.82,32.7,32.65,32.87,32.94,32.78,33.02,33.12,32.78,33.24,33.1,32.82,32.43,32.26,32.43,32.53,32.36,32.31,32.18,32.26,32.01,31.69,31.89,31.83,32.2,32.36,32.7,32.99,33.04,33.04,33.15,33.02,32.95,33.02,33.29,32.85,32.57,32.87,32.7,32.4,32.87,33.04,32.87,33.2,32.95,32.87,33.04,33.19,33.37,33.24,33.54,33.69,33.66,33.32,33.27,33.07,33.52,33.62,33.62,33.57,33.52,33.32,33.07,32.94,32.94,32.87,33.02,33.07,32.87,33.02,32.85,32.9,33.1,32.99,33.54,34.08,34.57,34.9,34.47,34.52,34.3,33.96,33.52,33.57,33.66,33.46,33.46,33.24,33.15,33.04,33.15,33.07,33.04,32.95,32.87,33.02,32.85,32.78,33.04,32.7,32.51
29.27,29.59,29.96,29.81,30.18,30.21,30.38,30.66,30.92,31.19,31.02,31.47,31.32,31.49,31.64,31.39,31.66,31.83,31.72,32.06,32.35,32.09,32.18,32.51,32.95,32.65,32.82,32.62,32.53,32.11,31.77,31.61,31.52,31.98,32.06,31.89,31.94,31.69,31.98,31.94,32.11,32.35,32.51,32.18,32.26,32.18,32.14,31.94,31.86,32.06,32.18,32.09,32.4,32.28,32.7,32.57,32.45,32.43,32.4,32.35,32.65,32.78,32.68,32.7,32.95,32.7,32.82,32.77,32.73,32.68,32.78,32.6,32.26,32.43,32.14,32.11,31.86,32.03,32.11,31.91,31.98,31.74,31.98,31.86,32.14,32.31,32.4,32.53,32.53,32.99,32.85,32.57,33.07,32.85,32.73,32.78,33.07,32.73,32.78,32.9,32.95,32.99,32.85,33.07,33.24,33.12,33.41,33.62,33.46,33.71,33.86,33.69,33.44,33.37,33.36,33.79,33.61,33.69,33.96,33.78,33.32,33.49,33.29,33.19,32.94,33.07,33.41,32.94,33.04,32.82,32.85,32.95,33.27,33.29,33.74,34.57,34.72,34.38,34.26,34.01,33.71,33.66,33.52,33.46,33.46,33.41,33.19,33.37,33.2,32.99,32.94,32.87,32.78,33.07,32.77,32.85,33.2,32.78,32.57,32.78
29.07,29.29,29.77,29.76,29.96,30.01,30.38,30.83,30.7,30.9,31.27,31.44,31.1,31.4,31.49,31.44,31.77,31.91,31.91,32.26,32.18,32.28,32.23,32.6,32.65,32.77,32.73,32.87,32.14,31.89,31.74,31.52,31.74,31.69,31.89,31.89,31.61,31.66,31.47,31.91,32.23,32.14,32.28,32.48,32.26,32.2,32.06,32.09,31.91,32.23,32.03,32.06,32.26,32.36,32.35,32.57,32.6,32.77,32.4,32.57,32.51,32.65,32.77,32.68,32.65,32.82,32.73,32.94,32.85,32.73,32.68,32.48,32.51,32.18,31.74,31.94,31.69,31.69,31.83,31.69,31.72,31.61,31.81,31.98,31.69,32.03,32.36,32.2,32.65,32.77,32.57,32.53,32.77,32.78,32.85,33.1,33.04,32.87,33.1,33.02,33.2,32.99,32.9,32.95,33.24,33.15,33.1,33.71,33.86,34.13,34.04,33.88,33.78,33.57,33.52,33.62,33.86,33.86,34.01,33.71,33.61,33.57,33.41,33.1,32.99,33.1,33.1,33.15,33.1,32.65,32.87,33.19,33.19,33.46,33.71,34.68,34.8,34.41,34.35,34.16,34.21,33.62,33.52,33.49,33.69,33.2,33.37,33.19,33.32,33.07,33.2,33.12,33.12,33.19,32.82,33.02,32.7,32.78,32.95,32.62
28.66,29.15,29.29,29.64,29.76,30.09,30.29,30.5,30.55,30.73,31.02,31.12,31.39,31.32,31.39,31.44,31.61,31.89,31.77,31.94,32.14,32.18,32.28,32.45,32.57,32.95,32.95,32.53,31.98,31.66,31.64,31.64,31.64,31.72,31.77,31.86,31.57,31.66,31.52,31.83,31.89,32.06,32.48,32.62,32.01,32.35,32.23,32.26,32.18,32.18,32.26,32.2,32.23,32.26,32.6,32.28,32.62,32.65,32.48,32.51,32.62,32.87,32.9,32.65,32.48,32.6,32.6,32.82,32.77,33.07,32.62,32.35,32.6,32.06,31.81,31.89,31.81,31.56,31.61,31.64,31.29,31.69,31.64,31.74,31.69,32.11,32.51,32.09,32.31,32.26,32.57,32.53,32.85,32.95,32.65,33.15,33.37,33.54,33.37,33.41,33.29,33.15,33.02,33.37,33.19,33.19,33.62,33.69,33.61,34.01,34.21,34.1,33.74,33.61,33.44,33.83,33.93,33.99,33.99,33.78,33.88,33.78,33.69,33.32,33.27,33.1,33.1,33.27,33.07,33.02,32.95,33.04,33.04,33.32,33.79,34.57,34.95,34.38,34.38,33.96,33.96,33.66,33.54,33.91,33.41,33.41,33.27,33.19,33.36,32.82,33.04,32.87,33.1,33.04,32.99,33.02,32.9,32.65,32.48,32.6
28.34,28.76,28.88,29.39,29.76,29.77,29.98,30.24,30.58,30.65,30.7,31.27,31.07,31.29,31.32,31.24,31.47,31.66,31.64,31.86,32.2,32.03,32.28,32.48,32.57,32.7,32.68,32.73,32.01,31.57,31.56,31.27,31.86,31.61,31.83,31.39,31.66,31.69,31.61,31.56,31.89,31.72,32.31,32.35,32.14,32.48,32.35,32.06,32.31,32.28,32.06,32.23,32.28,32.18,32.2,32.43,32.31,32.65,32.62,32.53,32.6,32.51,32.6,32.85,32.6,32.78,32.73,32.62,32.73,32.78,32.57,32.68,32.31,32.18,31.86,31.74,31.69,31.56,31.72,31.29,31.49,31.64,31.86,31.66,31.83,31.94,31.89,31.77,32.4,32.45,32.36,32.48,32.48,32.6,32.85,32.82,33.15,33.54,33.78,33.49,33.15,33.29,33.29,33.54,33.32,33.62,33.57,34.04,33.71,33.79,33.62,34.25,34.25,33.71,33.71,33.71,34.01,33.74,34.13,33.96,33.86,33.61,33.54,33.32,33.44,33.07,33.15,33.15,33.1,32.99,33.02,33.12,33.24,33.32,33.74,34.52,34.65,34.43,34.35,33.96,33.93,33.57,33.62,33.32,33.2,33.27,33.27,33.32,33.1,33.15,32.95,32.85,33.07,32.95,33.12,32.78,32.68,32.73,32.51,32.51
26.93,28.16,28.71,28.92,29.08,29.61,29.98,30.16,30.24,30.55,30.66,30.78,31.03,31.27,31.4,31.35,31.35,31.64,31.69,31.77,32.06,32.28,32.18,32.36,32.35,32.28,32.51,32.06,31.74,31.61,31.57,31.57,31.72,32.01,31.74,31.61,31.69,31.47,31.56,31.47,31.94,31.94,32.2,32.06,32.18,31.94,32.11,32.26,32.26,32.31,32.03,32.26,32.23,32.26,32.26,32.28,32.28,32.45,32.36,32.31,32.45,32.45,32.68,32.77,32.51,32.57,32.68,32.57,32.57,32.77,32.48,32.31,31.94,31.86,31.64,31.49,31.47,31.27,31.47,31.24,31.47,31.24,31.61,31.49,31.56,31.89,32.09,31.74,32.2,32.31,32.2,32.36,32.14,32.28,32.48,32.87,32.77,32.94,33.07,33.27,33.49,33.2,33.2,33.07,33.24,33.69,33.83,33.66,33.91,33.93,33.52,34.21,33.69,33.96,33.79,33.79,33.86,33.74,33.79,33.88,33.96,33.71,33.44,33.62,33.37,33.32,33.27,33.36,33.15,33.02,33.1,33.1,33.37,33.32,34.21,34.41,34.68,34.47,33.99,34.1,33.74,33.49,33.66,33.41,33.41,33.44,33.46,33.02,33.24,33.04,33.12,33.1,33.02,32.87,32.82,33.02,32.87,32.62,32.51,32.51
23.48,26.85,28.23,28.6,29.03,29.47,29.49,30.13,30.24,30.36,30.73,30.82,31.24,31.27,31.64,31.44,31.19,31.81,31.83,31.94,32.28,32.03,32.11,32.23,32.28,32.51,32.43,32.23,32.01,31.64,31.66,31.69,31.83,31.44,31.72,31.49,31.49,31.47,31.57,31.57,31.89,31.81,31.94,32.2,32.28,32.01,32.01,32.26,32.4,32.23,32.09,32.09,32.36,32.35,32.11,32.2,32.09,32.35,32.11,32.48,32.51,32.51,32.4,32.35,32.45,32.57,32.57,32.18,32.36,32.35,32.51,32.36,31.83,32.01,31.69,31.47,31.69,31.72,31.24,31.4,31.57,31.56,31.44,31.56,31.52,31.86,32.09,32.18,32.14,32.31,32.26,31.98,32.2,32.36,32.36,32.65,32.4,32.73,33.12,32.94,33.24,33.15,33.52,33.41,33.57,33.79,33.74,33.93,34.01,34.21,34.25,33.83,33.78,33.83,33.74,33.88,33.83,33.79,33.78,33.83,33.93,33.93,33.74,33.46,33.29,33.32,33.52,33.19,33.44,33.27,33.29,33.07,33.29,33.27,33.79,34.35,34.55,34.48,34.52,33.96,33.83,33.96,33.79,33.66,33.44,33.37,33.44,33.27,32.95,33.19,33.32,33.15,33.19,32.82,32.87,32.7,33.07,32.53,32.65,32.26
21.72,23.67,26.76,28.02,28.6,28.87,29.4,29.76,30.21,30.66,30.53,30.9,31.44,31.24,31.27,31.52,31.61,31.77,31.61,31.89,31.81,32.09,32.28,32.4,32.48,32.68,32.36,31.94,31.77,31.69,31.56,31.77,31.81,31.72,31.66,31.56,31.52,31.64,31.56,31.64,31.74,31.94,31.89,32.06,32.26,32.06,31.91,31.98,32.03,32.01,32.23,32.09,32.36,32.43,32.43,32.28,32.51,32.36,32.62,32.62,32.6,32.78,32.73,32.45,32.7,32.6,32.51,32.26,32.45,32.43,32.35,32.23,32.03,31.91,31.81,31.64,31.47,31.35,31.44,31.29,31.29,31.1,31.39,31.39,31.4,31.39,31.72,31.77,31.77,31.74,32.06,32.09,31.81,32.36,32.01,32.48,32.57,32.36,32.82,32.94,33.15,33.24,33.12,33.61,33.83,33.62,33.93,33.99,34.13,34.1,33.99,33.78,33.91,33.93,33.91,33.54,33.74,33.91,33.66,33.78,33.96,33.99,33.99,33.62,33.49,33.15,33.37,33.44,33.52,33.36,33.1,33.36,33.19,33.49,33.79,34.41,34.52,34.6,34.26,34.18,33.83,33.71,33.69,33.49,33.62,33.27,33.12,33.2,33.15,33.24,33.29,33.2,33.24,32.82,33.04,32.73,32.65,32.78,32.4,32.31
20.98,21.62,23.37,26.41,28.04,28.6,29.12,29.49,29.76,30.18,30.26,30.9,31.15,31.2,31.49,31.86,31.56,31.64,31.74,31.89,31.83,32.18,32.01,31.94,32.6,32.48,32.26,31.98,31.39,31.4,31.52,31.69,31.69,31.66,31.52,31.39,31.83,31.69,31.35,31.61,31.81,32.06,32.18,31.98,32.14,32.03,32.09,31.98,32.03,32.01,31.98,32.43,32.18,32.4,32.62,32.2,32.43,32.36,32.48,32.57,32.62,32.65,32.6,32.35,32.51,32.51,32.23,32.23,32.4,32.26,32.26,32.11,31.64,32.14,31.66,31.35,31.29,31.27,31.35,31.49,31.19,31.29,31.35,31.39,31.52,31.47,31.86,31.52,31.77,31.89,31.77,31.94,32.14,31.98,32.18,32.45,32.36,32.51,32.45,32.65,32.73,32.95,33.24,33.24,33.41,33.74,33.83,33.91,33.83,34.13,33.62,33.83,34.04,33.57,33.71,33.78,33.86,33.69,33.52,33.41,33.79,33.78,33.91,33.57,33.37,33.52,33.41,33.57,33.44,33.44,33.37,33.2,33.1,33.74,33.61,34.25,34.6,34.35,34.25,34.13,33.61,33.54,33.74,33.46,33.78,33.46,33.27,33.04,33.37,33.15,33.04,33.02,33.04,32.94,32.7,32.6,32.85,32.45,32.26,31.81
20.86,21.23,21.57,22.81,25.45,27.35,28.48,29.2,29.69,30.08,30.46,30.66,30.92,31.44,31.39,31.77,31.91,31.94,32.23,32.14,31.89,31.83,32.36,32.36,32.78,32.51,32.09,31.74,31.83,31.56,31.72,31.77,31.66,31.83,31.66,31.61,31.61,31.52,31.72,31.74,32.06,31.94,32.28,31.81,32.31,31.81,31.89,32.09,31.83,31.91,31.94,32.09,32.23,32.65,32.4,32.43,32.65,32.36,32.57,32.43,32.6,32.51,32.31,32.23,32.53,32.43,32.48,32.26,32.28,32.2,32.18,32.18,31.64,31.81,31.64,31.56,31.47,31.39,31.27,31.56,31.35,31.66,31.4,31.56,31.61,31.39,31.49,31.83,31.81,31.74,31.83,31.74,31.81,31.86,31.86,32.23,32.09,32.45,32.51,32.78,32.85,33.02,33.15,33.1,33.04,33.07,33.36,33.44,33.96,33.71,33.83,33.66,33.69,33.69,33.74,33.66,33.66,33.52,33.78,33.57,33.54,33.54,33.52,33.41,33.29,33.57,33.74,33.74,33.71,33.36,33.36,33.12,33.41,33.61,33.83,34.21,34.33,34.57,34.3,33.93,33.66,33.61,33.66,33.61,33.54,33.46,33.41,33.44,33.15,33.2,32.78,33.19,32.85,32.95,32.51,32.82,32.51,32.48,32.18,31.86
20.68,21.01,21.27,21.2,22.32,24.93,27.59,28.87,29.44,30.18,30.21,30.65,31.03,31.2,31.35,31.72,31.98,32.18,32.11,32.18,31.77,31.98,32.36,32.51,32.53,32.4,31.81,31.56,31.52,31.56,31.74,31.89,31.52,31.66,31.64,31.49,31.56,31.61,31.66,31.69,32.14,32.11,32.06,32.01,31.81,32.03,32.06,32.45,31.98,32.06,31.98,32.14,32.26,32.51,32.6,32.65,32.48,32.68,32.36,32.9,32.36,32.43,32.57,32.43,32.6,32.35,32.53,32.31,32.53,31.94,32.14,31.77,31.81,31.61,31.86,31.49,31.64,31.57,31.61,31.35,31.47,31.4,31.47,31.61,31.57,31.74,31.81,31.69,31.83,32.11,32.06,31.83,31.83,31.89,31.89,32.06,32.2,32.4,32.18,32.45,32.73,32.48,32.85,32.87,32.77,33.02,32.9,33.07,33.04,33.52,33.74,33.61,33.46,33.61,33.96,33.83,33.74,33.66,33.62,33.49,33.37,33.36,33.44,33.49,33.57,34.04,33.74,33.96,33.83,33.57,33.2,33.52,33.41,33.46,33.69,34.43,34.57,34.41,34.26,34.01,34.04,33.57,33.61,33.83,33.46,33.44,33.41,33.32,33.24,33.37,33.07,33.19,32.77,32.6,32.48,32.62,32.57,32.43,32.06,31.69
20.36,20.95,20.98,21.05,21.13,21.75,24.68,27.67,28.75,29.32,29.96,30.33,30.75,31.02,31.44,31.86,31.94,32.45,32.4,31.89,31.94,31.83,32.45,32.35,32.7,32.14,31.81,31.64,31.56,31.4,31.64,31.81,31.49,31.52,31.52,31.29,31.64,31.77,31.66,31.89,31.98,32.01,31.86,31.98,31.77,31.77,32.01,32.01,31.91,32.2,32.18,32.14,32.35,32.48,32.57,32.48,32.53,32.36,32.48,32.45,32.26,32.65,32.51,32.53,32.26,32.43,32.23,32.2,32.35,31.69,31.77,31.69,31.74,31.69,31.77,31.64,31.44,31.29,31.32,31.29,31.35,31.61,31.4,31.61,31.77,31.89,31.86,31.72,31.86,31.69,31.81,31.74,31.81,31.66,31.98,32.06,32.03,31.98,32.28,32.4,32.57,32.99,32.65,32.85,32.82,32.7,33.24,33.07,33.02,33.02,33.37,33.41,33.57,33.41,33.62,33.61,33.88,33.79,33.66,33.37,33.29,33.24,33.44,33.44,33.46,33.66,33.41,33.62,33.71,33.54,33.41,33.12,33.36,33.69,33.91,34.35,34.47,34.21,33.93,34.25,33.79,33.71,33.74,33.57,33.32,33.37,33.24,33.29,32.94,33.24,32.78,33.15,32.68,32.62,32.85,32.43,32.31,32.14,31.81,31.57
20.17,20.51,20.91,20.83,20.95,21.27,21.99,24.66,27.52,29.03,29.2,29.93,30.26,30.92,31.03,31.47,31.91,32.2,32.14,31.56,31.66,32.06,32.28,32.48,32.31,31.94,31.57,31.66,31.49,31.39,31.77,31.56,31.49,31.74,31.72,31.74,31.69,31.77,31.69,31.69,31.72,32.01,31.56,31.77,32.23,31.98,32.01,31.89,32.2,32.23,32.06,32.26,32.26,32.23,32.03,32.18,32.06,32.28,32.43,32.43,32.53,32.35,32.45,32.4,32.28,32.23,32.2,32.11,31.89,32.06,31.74,31.61,31.98,31.61,31.74,31.61,31.39,31.44,31.29,31.49,31.56,31.61,31.61,31.81,31.91,31.91,32.11,32.03,31.98,31.72,31.83,31.49,31.83,31.74,31.91,31.91,31.89,32.06,32.4,32.53,32.53,32.77,32.73,32.73,32.65,32.77,32.73,32.82,32.87,33.15,32.94,33.24,33.36,33.74,33.83,33.71,33.83,33.79,33.78,33.29,33.32,33.07,33.32,33.15,33.36,33.27,33.24,33.46,33.41,33.32,33.49,33.1,33.24,33.36,34.13,34.33,34.08,33.86,33.93,33.69,33.66,33.66,33.54,33.54,33.37,33.24,33.1,33.1,33.19,32.99,32.85,32.85,32.31,32.65,32.26,32.26,31.81,32.01,31.4,31.29
20.05,19.95,20.14,20.42,20.71,21.05,21.23,21.62,23.79,27.12,28.87,29.35,30.18,30.61,30.87,31.29,31.81,32.09,31.94,31.66,31.69,31.91,32.2,32.57,32.28,31.81,31.49,31.56,31.44,31.39,31.69,31.56,31.29,31.66,31.49,31.39,31.52,31.66,31.56,31.74,31.69,31.77,31.77,31.98,31.66,31.64,31.86,31.81,31.91,32.11,31.94,32.23,32.23,32.48,32.35,32.26,32.28,32.28,32.11,32.43,32.18,32.43,32.48,32.18,32.35,32.23,32.06,32.03,32.18,32.01,31.91,31.77,31.66,31.44,31.4,31.69,31.64,31.64,31.49,31.52,31.19,31.57,32.03,31.74,32.09,32.36,32.31,31.98,32.09,31.72,32.09,31.52,31.74,31.66,31.77,32.01,32.09,32.18,32.23,32.31,32.57,32.48,32.53,32.6,32.57,32.68,32.7,32.95,32.99,33.02,33.04,33.27,33.46,33.41,33.66,33.71,33.86,33.52,33.44,33.46,33.49,33.1,33.04,33.04,32.87,33.04,33.04,33.24,33.15,33.46,33.36,33.24,33.36,33.54,33.88,34.26,34.33,34.26,34.25,34.08,33.66,33.52,33.44,33.24,33.32,33.15,33.15,33.12,33.1,32.7,32.7,32.57,32.6,32.35,32.23,32.18,32.11,31.39,31.49,30.83
20.12,19.87,20.14,20.31,20.61,20.61,20.95,21.23,21.62,23.45,27.23,28.92,29.69,30.33,30.66,31.03,31.77,32.11,31.91,31.57,31.66,32.14,32.35,32.6,32.26,31.83,31.66,31.52,31.4,31.35,31.72,31.64,31.49,31.56,31.44,31.64,31.81,31.66,31.86,31.61,31.47,31.81,31.91,31.83,31.74,31.86,31.94,31.83,31.64,32.23,32.01,32.14,32.36,32.23,32.35,31.98,32.18,31.98,32.11,32.14,32.51,32.43,32.45,32.31,32.23,32.14,32.06,32.14,31.74,32.09,31.64,31.49,31.83,31.57,31.56,31.69,31.74,31.81,31.4,31.64,31.44,31.77,31.66,32.26,31.98,32.01,32.48,32.23,32.03,31.86,32.06,31.83,31.89,31.83,31.94,31.98,32.23,31.98,32.28,32.35,32.65,32.53,32.78,32.85,32.62,32.73,32.85,32.95,32.9,32.99,33.19,33.27,33.2,33.41,33.69,33.69,34.01,33.41,33.37,33.66,33.32,33.19,32.9,33.41,33.46,33.15,32.78,33.12,33.27,33.12,33.1,33.12,33.04,33.37,34.21,34.57,34.38,34.18,33.99,33.99,33.78,33.61,33.44,33.37,33.41,33.36,33.29,33.1,32.82,32.7,32.82,32.57,32.57,32.26,31.98,31.94,31.61,31.49,30.95,30.5
19.77,20.02,20.02,20.39,20.54,20.49,20.76,21.05,21.28,21.62,23.23,27.05,29.27,29.89,30.65,31.02,31.81,31.83,31.86,31.4,31.66,32.11,32.65,32.51,31.69,31.52,31.39,31.49,31.56,31.89,31.81,31.91,31.49,31.69,31.91,31.61,31.72,31.57,31.81,31.57,31.66,31.74,31.91,31.81,31.81,31.74,31.89,31.91,31.81,31.94,31.94,32.06,32.06,32.31,32.18,31.77,32.18,32.14,31.83,31.86,32.09,32.06,32.31,32.26,32.4,32.06,32.06,31.66,31.69,31.57,31.47,31.64,31.74,31.81,31.74,31.64,31.49,31.64,31.72,31.83,31.83,31.49,31.81,32.09,32.11,32.43,32.53,32.45,32.11,32.35,31.81,31.98,31.98,31.74,31.98,32.23,32.28,32.26,32.35,32.23,32.36,32.18,32.35,32.73,32.9,32.9,32.94,33.12,32.95,33.2,33.37,33.1,33.02,33.07,33.37,33.19,33.36,33.61,33.36,33.19,33.2,33.02,33.07,33.02,32.95,32.78,33.15,33.07,33.15,32.99,33.19,33.32,32.99,33.74,34.13,34.33,34.38,33.99,33.93,33.79,33.78,33.41,33.44,33.62,33.54,33.57,33.27,32.9,33.36,32.87,32.73,32.95,32.31,32.14,32.11,31.86,31.19,31.15,30.36,29.67
19.77,19.9,19.87,20.21,20.24,20.54,20.76,20.83,21.08,21.38,21.8,23.11,26.56,29.2,30.21,30.82,31.24,31.57,31.52,31.66,31.66,32.14,32.53,32.35,31.74,31.56,31.74,31.81,31.69,31.66,31.77,31.72,31.86,31.64,31.81,31.86,31.94,31.91,31.74,31.66,31.83,31.74,31.91,31.91,32.01,31.91,32.2,32.26,32.03,31.94,32.31,32.35,32.31,32.35,32.31,32.09,32.14,31.74,31.86,32.03,32.03,31.61,32.2,32.01,32.28,32.28,32.09,31.98,31.89,32.01,31.64,31.74,31.94,31.69,31.69,31.91,31.57,31.61,31.66,31.74,31.81,32.18,32.14,32.09,32.28,32.57,32.35,32.35,32.28,32.18,32.23,31.98,31.98,32.06,32.11,32.26,32.26,32.23,32.43,32.51,32.62,32.51,32.45,32.6,32.7,32.87,33.15,33.27,33.19,33.2,33.36,33.57,33.27,33.2,33.24,33.41,33.66,33.36,33.24,33.15,33.12,32.87,32.94,32.99,32.94,32.78,33.19,33.02,33.19,32.95,33.04,33.1,33.46,33.44,34.16,34.13,34.18,34.26,33.93,34.08,34.08,33.57,33.44,33.57,33.62,33.32,32.87,33.07,32.9,32.51,32.73,32.48,32.01,32.26,31.98,31.47,31.35,30.55,29.47,27.67
19.55,19.87,20.17,19.87,20.09,20.24,20.58,20.71,20.61,21.1,21.27,21.57,22.81,26.29,29.08,30.18,30.98,31.61,31.44,31.56,31.74,31.74,31.98,31.66,31.66,31.64,31.91,31.57,32.03,31.86,31.77,31.47,31.74,31.74,31.89,31.77,31.57,31.72,31.74,31.64,31.86,31.86,31.74,31.57,31.66,32.01,31.72,31.91,31.81,32.18,32.31,32.4,31.94,32.48,32.23,32.09,31.72,32.03,32.01,31.86,31.83,31.77,32.01,31.91,32.06,31.86,31.69,31.66,31.83,32.03,31.64,31.91,31.77,31.69,31.77,31.86,31.52,31.69,31.74,31.77,31.77,31.69,31.77,32.06,32.14,32.48,32.51,32.51,32.6,32.28,32.23,32.31,31.91,31.86,31.77,32.23,32.57,32.51,32.65,32.43,32.26,32.28,32.53,32.35,32.68,32.99,32.87,33.12,32.95,33.2,33.19,33.52,33.19,33.15,33.41,33.41,33.37,33.12,33.27,33.29,33.07,33.15,33.02,33.02,32.95,32.78,32.94,32.73,33.04,33.02,33.07,32.95,33.37,33.71,33.86,34.33,34.16,34.01,33.86,33.71,33.54,33.79,33.54,33.69,33.54,33.2,32.87,33.02,32.99,32.57,32.57,32.43,31.98,31.83,31.69,30.98,30.73,29.39,27.02,23.91
19.62,20.12,19.99,19.84,19.7,20.02,20.17,20.17,20.54,20.95,21.1,21.43,21.69,22.78,26.38,29.69,30.7,31.07,31.29,31.47,31.61,31.86,31.77,31.66,31.56,31.49,31.61,31.98,32.06,31.86,31.86,31.61,31.77,31.81,31.89,31.86,31.89,31.69,31.74,31.56,31.86,31.64,31.66,31.89,32.01,32.23,31.94,32.14,32.03,32.28,32.18,32.31,32.43,32.01,32.31,31.86,31.91,31.81,31.86,31.69,31.81,31.57,32.06,31.81,31.72,31.83,32.06,31.86,31.72,31.86,31.61,31.77,31.66,31.66,31.66,31.86,31.69,31.66,31.56,31.64,31.86,32.03,31.74,31.86,31.98,32.31,32.28,32.36,32.62,32.23,32.26,31.83,32.11,32.14,32.09,32.26,32.36,32.28,32.68,32.62,32.31,32.2,32.43,32.48,32.43,32.62,32.65,33.12,32.77,33.36,33.44,33.29,33.2,33.1,33.24,33.57,33.27,33.36,32.9,33.27,33.04,33.1,33.02,33.19,32.85,32.9,33.02,32.77,32.7,32.95,32.68,33.2,33.36,33.24,33.69,34.1,34.08,34.01,33.96,33.96,33.29,33.32,33.71,33.52,33.54,33.44,32.9,32.78,32.48,32.6,32.51,32.18,31.72,31.69,31.02,30.9,29.87,27.17,23.67,21.6
19.7,20.02,20.12,19.65,19.77,19.99,20.09,20.21,20.46,20.54,20.98,21.28,21.43,21.69,22.88,27.67,30.13,30.73,31.4,31.56,31.74,31.66,31.47,31.57,31.52,31.56,31.83,32.2,31.86,31.72,31.52,31.94,31.72,31.69,31.74,31.77,31.89,31.74,31.72,31.57,31.86,31.83,31.72,31.74,31.86,31.77,32.09,32.18,32.09,32.23,32.09,32.28,32.2,31.94,32.14,31.72,31.77,31.83,31.72,31.83,31.91,31.98,32.2,31.61,31.57,31.69,31.66,31.77,31.64,31.98,31.77,31.77,31.74,31.83,31.74,32.01,31.72,32.03,31.74,31.83,31.66,31.77,31.91,31.81,32.09,32.06,32.14,32.28,32.26,32.35,32.18,32.36,32.23,32.03,32.06,32.2,32.43,32.23,32.31,32.43,32.6,32.36,32.4,32.35,32.45,32.78,32.62,32.48,32.87,32.9,33.04,33.02,33.04,33.04,33.15,33.1,33.12,33.41,33.52,33.12,33.24,33.19,32.95,33.04,32.9,32.87,32.87,32.82,33.04,33.15,32.9,32.99,33.19,33.36,33.61,33.91,33.91,33.93,33.57,33.74,33.86,33.61,33.83,33.74,33.66,33.02,32.9,32.78,32.9,32.06,32.35,32.23,31.74,31.02,30.66,29.67,27.0,23.48,21.84,21.1
19.55,19.9,19.65,20.05,19.92,20.09,20.09,20.12,20.12,20.24,20.73,20.9,21.2,21.43,21.99,24.29,28.88,30.21,30.92,31.52,31.52,31.52,31.39,31.39,31.74,31.49,31.69,31.77,31.86,31.64,31.56,31.74,31.94,31.94,31.91,31.57,31.61,31.57,31.89,31.64,32.01,31.56,31.89,32.06,32.11,31.89,32.06,32.26,32.31,32.11,32.2,32.2,31.98,31.89,32.09,31.86,31.91,31.61,31.72,31.94,31.74,31.81,31.91,31.77,31.86,31.81,31.64,31.69,31.72,31.57,31.69,31.77,32.03,31.81,31.98,31.52,31.64,31.72,31.86,32.01,31.66,32.03,32.11,31.89,31.98,32.03,32.2,32.23,32.43,32.48,32.28,32.14,32.14,32.06,31.91,32.03,32.03,32.35,32.26,32.48,32.35,32.14,32.35,32.4,32.14,32.53,32.48,32.51,32.9,32.94,32.87,33.04,33.07,33.07,33.2,32.82,33.24,33.19,33.19,33.04,33.04,32.94,32.95,33.02,32.7,32.94,32.87,32.9,33.04,33.02,32.77,33.15,33.24,33.32,33.57,33.99,33.91,33.86,33.71,33.74,33.52,33.69,33.41,33.54,33.07,33.19,32.62,32.62,32.78,32.36,32.09,31.69,31.4,30.83,29.47,26.92,23.79,21.69,20.9,20.58
19.58,20.21,19.65,19.62,19.62,19.87,20.05,19.87,20.42,20.17,20.31,20.71,20.91,21.2,21.57,22.36,26.61,30.09,30.98,31.47,31.56,31.29,31.12,31.32,31.35,31.64,31.86,31.94,31.64,31.66,31.52,31.77,31.83,31.69,31.91,31.66,31.61,31.64,32.11,31.56,31.83,31.83,32.14,31.94,32.2,32.06,31.72,32.36,32.09,32.31,32.2,31.89,32.06,31.86,31.81,31.64,31.66,31.81,31.81,31.69,31.81,31.69,31.74,31.64,31.72,31.81,31.66,31.81,31.74,31.64,31.66,31.77,31.81,31.91,31.77,31.94,31.69,31.91,32.06,31.83,31.98,31.98,32.06,31.81,32.18,32.09,32.26,32.01,32.36,32.51,32.14,32.2,32.09,32.01,32.11,32.03,32.01,32.18,32.09,32.36,32.4,32.57,32.18,32.2,32.28,32.23,32.48,32.45,32.7,32.94,32.9,32.87,33.15,32.6,32.82,33.12,33.04,33.02,33.07,33.12,33.07,33.1,33.07,33.32,33.02,32.73,33.07,32.95,32.94,33.02,32.9,33.24,33.24,33.37,33.41,33.91,33.71,34.13,33.69,33.91,33.91,33.52,33.52,33.44,33.37,32.87,32.73,32.43,32.43,32.01,31.69,31.39,30.61,29.89,27.23,23.52,21.6,21.13,20.31,20.21
19.58,19.7,19.92,19.62,19.65,19.9,19.95,20.21,19.92,20.24,20.39,20.46,20.51,21.01,21.27,22.02,25.01,29.77,30.95,31.29,31.49,31.1,31.12,31.19,31.56,31.61,31.56,31.89,31.56,31.66,31.74,31.24,31.91,31.89,31.91,31.98,31.91,31.94,31.98,31.61,31.86,31.77,32.14,32.03,32.06,32.11,32.31,32.2,32.43,32.14,32.26,31.86,31.94,32.01,32.01,31.74,31.72,31.83,31.81,31.81,31.66,31.64,31.52,31.74,31.66,31.74,31.61,31.81,32.11,31.81,31.64,31.72,31.61,31.94,31.81,31.91,31.74,31.77,32.01,31.89,32.01,31.98,32.03,32.26,31.74,32.14,32.23,32.18,32.36,32.35,32.51,32.36,32.03,31.77,32.09,32.14,32.03,32.01,32.14,32.31,32.18,32.23,32.45,32.31,32.53,32.43,32.53,32.53,32.57,32.85,33.04,32.53,33.12,32.99,33.07,33.1,33.15,32.9,33.2,32.94,32.99,33.19,32.99,33.02,32.82,32.51,33.07,33.04,32.99,33.15,33.04,32.95,33.54,33.29,33.37,33.46,33.57,34.13,33.91,34.1,33.86,33.62,33.36,33.27,33.19,32.95,32.62,32.62,32.01,31.89,31.4,30.75,29.89,26.97,23.45,21.72,21.28,20.36,20.36,20.31
19.52,19.77,19.9,19.68,19.52,19.65,19.87,20.02,19.77,20.05,20.09,20.42,20.68,21.1,21.16,21.62,23.97,29.24,30.7,31.35,30.98,30.82,31.07,31.19,31.61,31.52,31.61,31.86,31.47,31.52,31.72,31.74,31.94,32.01,32.01,31.98,32.06,31.89,31.83,31.72,32.01,32.03,32.03,31.94,32.26,31.98,32.14,32.26,32.23,32.18,31.77,31.64,32.11,31.69,31.74,31.72,31.57,31.61,31.39,31.69,31.61,31.44,31.29,31.64,31.64,31.52,31.74,31.57,31.49,31.89,31.77,31.91,32.09,32.06,32.03,31.94,31.94,31.74,32.06,31.89,32.11,32.14,32.23,32.31,32.01,32.31,32.23,32.11,32.09,32.03,32.06,32.23,32.14,32.18,31.89,32.14,32.01,31.98,32.09,31.89,32.06,32.23,32.35,32.18,32.36,32.23,32.45,32.68,32.87,32.77,32.77,32.77,33.04,33.12,33.04,32.99,32.95,33.32,33.19,33.12,32.95,33.02,33.07,32.73,32.87,32.78,32.7,32.65,33.12,33.12,33.1,33.27,33.62,33.49,33.24,33.36,33.86,33.86,34.13,33.96,33.62,33.49,33.37,33.36,33.12,32.68,32.48,31.98,31.86,31.32,30.9,29.52,26.58,23.22,21.9,21.1,20.71,20.61,20.05,20.17
19.47,19.92,19.68,19.58,19.8,19.7,19.9,19.95,19.92,20.21,20.05,20.02,20.36,20.71,21.05,21.69,23.82,29.32,30.53,31.02,31.1,30.92,31.15,31.2,31.49,31.4,31.49,31.49,31.56,31.35,31.69,31.77,31.74,32.2,32.09,31.83,31.89,31.89,31.74,31.89,32.11,31.94,32.09,32.14,32.09,32.35,32.26,32.2,32.11,32.09,32.18,31.86,31.64,31.66,31.56,31.44,31.44,31.72,31.47,31.57,31.56,31.61,31.57,31.47,31.72,31.77,31.74,31.81,31.52,31.64,31.77,31.77,32.01,32.06,32.23,32.14,31.89,32.09,32.28,32.23,31.81,31.74,32.01,32.26,32.31,31.98,31.98,32.03,32.18,31.91,32.09,32.01,31.81,32.09,31.91,31.89,32.2,32.2,32.06,32.11,32.26,32.01,32.43,32.28,32.48,32.4,32.51,32.7,32.57,32.99,32.73,32.94,33.24,33.04,32.82,33.2,33.02,33.24,33.29,33.12,33.02,33.02,33.04,33.1,32.78,32.94,33.1,32.87,32.82,33.12,33.12,33.19,33.44,33.57,33.74,33.1,33.69,33.91,33.74,33.69,33.52,33.41,33.32,33.29,32.95,32.6,32.06,31.66,31.32,30.65,29.07,25.82,22.85,21.43,20.51,20.64,20.42,20.21,19.9,19.9
19.65,19.62,19.62,19.73,19.58,19.8,19.58,19.92,19.77,20.12,20.02,19.9,20.64,20.51,20.71,21.53,23.6,28.92,30.33,30.55,30.78,30.82,31.12,31.2,31.39,31.32,31.61,31.52,31.52,31.66,31.66,31.86,31.89,32.03,32.14,32.03,32.09,31.83,31.94,32.06,32.09,32.01,32.35,32.2,32.35,32.31,32.26,32.36,32.09,31.98,32.03,31.56,31.61,31.4,31.49,31.56,31.74,31.56,31.61,31.49,31.57,31.56,31.64,31.57,31.77,31.89,31.91,31.69,31.98,31.77,31.89,31.86,32.01,32.03,31.89,32.14,32.06,31.74,32.18,32.14,32.28,32.01,32.01,32.11,32.09,32.14,32.35,32.18,32.01,32.11,32.2,32.01,31.94,32.23,32.09,31.94,32.23,32.11,31.91,32.28,32.43,32.28,32.31,32.14,32.48,32.62,32.53,32.65,32.43,32.82,32.85,32.95,33.07,33.02,32.87,33.19,33.2,33.29,33.36,33.27,33.29,33.36,33.07,33.24,33.02,32.95,33.15,32.87,33.04,32.99,33.19,33.46,33.61,33.54,33.27,33.46,33.66,33.66,33.88,33.61,33.29,33.15,33.37,32.78,32.78,32.26,32.06,31.24,30.66,28.48,25.32,22.58,21.43,20.91,20.68,20.24,20.31,20.17,19.99,19.65
19.33,19.92,19.52,19.47,19.52,19.8,19.68,19.8,19.68,19.95,19.99,19.77,20.42,20.32,20.32,20.98,22.76,28.88,30.24,30.46,30.45,31.15,31.03,31.12,31.35,31.56,31.32,31.47,31.52,31.29,31.29,31.61,31.52,31.69,31.94,31.91,31.83,31.72,31.77,31.81,32.14,32.11,32.18,32.09,32.43,32.23,31.91,32.35,31.86,31.64,31.66,31.29,31.4,31.61,31.39,31.4,31.35,31.2,31.2,31.4,31.44,31.4,31.47,31.29,31.47,31.56,31.49,31.83,31.86,31.66,31.98,31.77,32.01,31.86,31.91,31.81,31.98,32.09,31.98,32.09,32.01,32.03,32.06,32.03,31.86,32.06,32.11,31.94,31.83,32.06,31.94,31.98,31.89,31.69,31.89,32.03,32.06,32.14,32.18,32.28,32.09,32.09,32.36,32.43,32.31,32.53,32.4,32.65,32.53,32.78,32.82,33.02,32.9,32.85,32.95,33.07,33.15,33.19,33.37,33.24,33.27,33.12,32.99,33.29,33.02,33.15,32.94,32.99,32.9,33.15,33.37,33.44,33.71,33.61,33.37,33.36,33.41,33.52,33.62,33.32,33.32,32.94,32.99,32.57,32.2,32.03,31.1,30.24,27.76,24.14,22.39,21.43,20.79,20.54,20.14,19.9,19.9,20.05,19.77,19.73
19.62,19.58,19.65,19.7,19.84,19.87,19.58,19.84,20.14,19.92,19.73,20.09,20.32,20.49,20.51,21.13,22.78,28.71,30.13,30.26,30.73,31.02,31.1,31.02,31.29,31.4,31.35,31.35,31.35,31.39,31.24,31.39,31.64,31.83,31.94,32.03,32.03,31.66,32.06,31.77,32.11,32.2,32.2,32.31,32.53,32.28,32.26,32.2,31.81,31.86,31.66,31.66,31.49,31.29,31.47,31.19,31.1,31.49,31.35,31.07,31.4,31.39,31.57,31.49,31.57,31.57,31.61,31.57,31.89,31.81,31.98,32.06,32.06,32.18,31.91,32.28,32.2,32.03,32.18,32.18,32.03,32.01,31.94,32.28,32.06,32.11,32.09,32.06,32.14,32.18,31.89,32.01,31.94,31.89,32.11,32.06,32.03,32.14,32.11,32.18,32.26,32.23,32.36,32.43,32.43,32.28,32.48,32.36,32.65,32.7,32.7,33.02,33.2,33.36,33.1,33.15,32.99,33.27,33.1,33.41,33.24,33.1,33.19,33.32,32.87,33.27,32.95,32.99,33.07,33.24,33.41,33.62,33.78,33.96,33.88,33.49,33.24,33.61,33.57,33.36,33.02,33.12,32.77,32.45,31.74,31.35,29.64,26.8,23.52,21.75,21.08,20.98,20.61,20.42,20.17,20.05,19.9,19.84,19.7,19.84
19.48,19.65,19.7,19.43,19.7,19.84,19.58,19.87,19.92,19.73,19.95,19.84,19.95,20.54,20.68,20.76,22.29,28.04,29.93,29.96,30.38,30.7,30.9,31.19,31.03,31.56,31.12,31.24,31.24,31.39,31.57,31.69,31.64,31.77,31.66,31.64,31.74,32.06,32.18,32.11,31.86,32.18,32.36,32.4,32.35,32.31,32.14,32.03,31.74,31.52,31.49,31.39,31.24,31.32,31.24,31.03,31.44,31.12,31.27,31.24,31.39,31.2,31.4,31.39,31.66,31.47,31.47,31.74,32.01,32.06,31.72,32.14,32.11,32.11,32.11,32.2,32.06,32.03,32.18,32.11,32.18,32.26,32.23,32.14,32.35,31.91,32.35,32.01,32.18,32.18,32.14,31.94,31.91,32.03,31.94,32.14,32.11,32.01,31.89,32.35,32.35,32.36,32.43,32.18,32.36,32.4,32.36,32.43,32.68,32.87,32.62,32.99,33.24,33.37,32.9,33.02,33.02,33.2,33.1,33.02,33.29,33.41,33.27,33.2,33.19,33.07,33.04,33.27,33.27,33.44,33.41,33.61,33.74,33.99,33.79,33.49,33.2,33.19,33.54,33.04,33.02,32.62,32.35,32.03,31.29,29.47,25.91,23.06,21.65,21.2,20.73,20.14,20.27,20.24,19.87,19.92,19.62,19.55,19.95,19.65
19.7,19.87,19.58,19.65,19.7,19.73,19.99,19.4,19.77,19.84,19.95,19.92,20.12,20.21,20.58,20.71,21.95,27.81,29.87,30.16,30.26,30.82,30.95,31.03,31.29,31.29,31.19,31.2,31.44,31.29,31.32,31.57,31.47,31.83,31.72,31.77,31.57,31.98,31.77,32.14,32.03,32.28,32.26,32.53,32.31,32.45,32.03,31.89,31.56,31.49,31.29,31.4,31.32,31.39,31.24,31.61,31.4,31.19,31.2,31.29,31.1,31.47,31.56,31.15,31.72,31.49,31.66,31.56,31.61,31.74,31.89,31.89,32.09,32.23,32.26,32.18,32.35,32.2,32.18,31.91,32.26,32.23,32.18,31.98,31.89,32.26,31.89,31.81,31.91,31.94,31.89,31.94,31.91,32.01,31.98,32.06,31.94,31.98,32.09,32.2,32.18,32.36,32.36,32.43,32.31,32.62,32.36,32.82,32.6,33.02,32.78,33.19,33.15,33.19,33.19,32.9,33.2,33.46,33.37,33.07,33.36,33.2,33.19,33.37,33.29,33.2,33.54,33.29,33.49,33.49,33.71,33.96,33.86,33.99,33.69,33.71,33.07,33.27,33.2,33.02,32.68,32.28,32.06,31.24,29.2,25.01,22.48,21.23,20.79,20.64,20.36,20.21,19.99,20.21,19.9,19.99,20.05,19.47,19.58,19.52
19.68,19.58,19.68,19.92,19.68,19.73,19.9,19.62,19.9,20.05,20.02,20.09,19.84,20.24,20.64,20.64,21.65,26.8,29.27,30.04,30.55,31.02,30.83,31.12,31.35,31.39,31.29,31.27,31.47,31.15,31.44,31.81,31.57,31.64,31.72,31.98,31.81,31.98,32.06,32.06,32.28,32.31,32.51,32.11,32.14,32.09,31.81,31.61,31.29,31.12,31.44,31.32,31.12,31.27,31.12,31.07,31.39,31.15,30.98,31.29,31.32,31.24,31.2,31.39,31.39,31.77,31.66,32.03,31.66,31.86,31.86,31.56,32.26,31.89,31.94,32.23,32.2,32.4,32.26,32.35,32.2,32.26,32.4,32.23,32.2,32.2,32.03,32.36,32.01,32.01,32.11,31.86,31.74,31.91,31.89,32.11,31.94,31.91,32.18,32.18,32.06,32.26,32.51,32.31,32.4,32.35,32.65,32.4,32.4,32.94,32.9,32.85,32.94,33.32,33.27,33.07,32.95,33.02,33.29,33.27,33.41,33.29,33.19,33.15,33.27,33.41,33.44,33.29,33.2,33.57,33.52,34.01,34.04,33.74,33.46,33.61,33.37,33.07,33.07,32.9,32.65,32.03,31.44,29.24,24.98,22.46,21.57,20.98,20.68,20.31,20.32,20.02,19.99,20.09,20.21,19.92,19.84,19.99,19.58,19.65
19.77,19.9,19.58,19.52,19.65,19.92,19.68,19.7,19.7,20.05,20.02,19.92,20.17,20.24,20.61,20.51,21.53,26.29,29.29,30.09,30.9,30.75,30.7,31.07,31.24,31.07,31.2,31.32,31.29,31.32,31.57,31.83,31.72,31.69,31.72,31.81,31.98,31.98,32.01,32.06,32.11,32.18,32.09,32.11,32.14,31.69,31.64,31.49,31.44,31.19,31.24,31.19,31.03,31.07,31.02,31.12,30.87,30.83,31.24,30.98,31.47,31.12,31.56,31.35,31.39,31.47,31.4,31.61,31.74,31.91,31.89,31.86,31.83,31.98,31.94,32.23,32.23,32.23,32.31,32.35,32.03,32.28,32.4,32.2,32.2,32.11,32.06,32.14,31.98,32.2,31.86,31.91,31.89,31.77,31.89,32.11,32.09,32.11,32.28,32.2,32.09,32.14,32.18,32.53,32.7,32.51,32.62,32.65,32.65,32.73,33.02,32.95,33.04,33.07,33.54,33.19,33.07,33.15,33.04,33.24,33.54,33.49,33.24,33.19,33.44,33.36,33.44,33.2,33.46,33.44,33.78,33.99,33.91,33.79,33.36,33.1,33.04,33.04,32.94,32.73,32.26,31.47,30.13,25.45,22.69,21.38,20.9,20.95,20.51,20.27,20.17,20.21,20.02,19.84,19.84,19.84,19.62,20.02,19.7,19.68
19.73,19.65,19.55,19.52,19.62,19.4,19.7,19.68,19.43,19.87,19.73,19.73,20.09,20.27,20.51,20.58,21.72,25.84,29.2,30.46,30.73,30.46,30.95,30.92,31.32,31.15,31.32,31.1,31.4,31.57,31.61,31.57,31.74,32.11,31.77,32.18,32.23,32.2,32.26,31.98,32.45,32.31,32.2,31.66,31.81,31.57,31.35,31.29,31.07,31.03,30.92,31.15,31.07,30.98,31.2,31.15,30.87,31.1,31.07,31.39,31.57,31.15,31.35,31.24,31.35,31.29,31.61,31.56,31.61,31.72,31.86,31.74,31.94,32.14,32.2,32.14,32.11,32.18,32.31,32.36,32.23,32.4,32.57,32.26,32.01,32.14,32.2,32.31,32.01,32.03,31.89,32.26,32.35,32.03,32.03,32.11,32.18,32.01,32.23,32.06,32.09,32.01,32.23,32.48,32.51,32.53,32.48,32.77,32.36,32.9,32.82,32.78,32.9,32.9,33.2,33.37,33.2,33.15,33.29,33.04,33.52,33.37,33.15,33.27,33.27,33.49,33.52,33.32,33.54,33.57,33.71,33.91,34.04,33.66,33.15,33.27,32.95,32.9,32.78,32.45,31.89,30.92,26.97,22.85,21.5,21.28,20.51,20.36,20.27,19.84,20.31,20.05,19.77,19.8,19.55,19.55,19.8,19.4,19.87,19.36
19.26,19.87,19.47,19.7,19.52,19.65,20.02,19.52,19.9,19.8,19.87,20.24,20.14,20.12,20.51,20.83,21.47,25.67,29.24,30.18,30.55,30.53,31.03,31.19,31.15,31.12,31.19,31.44,31.49,31.52,31.74,31.94,32.26,32.14,32.35,32.09,32.14,32.11,32.23,32.28,32.35,32.14,32.09,31.4,31.44,31.49,31.61,31.47,31.39,31.02,31.07,31.1,31.15,30.98,31.32,31.12,30.73,31.12,30.9,31.02,31.12,31.35,31.44,31.4,31.47,31.57,31.52,31.47,31.81,31.89,31.61,31.86,31.81,32.06,32.26,32.36,32.36,32.09,32.43,32.51,32.26,32.35,32.43,32.26,32.26,32.35,32.14,31.98,32.23,32.14,32.06,32.18,31.91,32.11,32.06,32.09,32.28,31.98,32.09,32.11,32.36,32.11,32.48,32.31,32.57,32.68,32.82,32.65,32.65,32.73,32.99,32.65,32.99,33.2,33.32,33.32,33.24,33.1,33.2,32.9,33.66,33.41,33.12,33.37,33.37,33.57,33.74,33.36,33.57,33.52,33.86,33.74,33.93,33.52,33.27,33.15,32.78,32.94,32.62,32.51,31.72,28.88,23.79,22.06,21.2,20.98,20.54,20.49,20.32,19.95,20.02,20.09,19.84,19.58,19.77,19.8,19.52,19.84,19.58,19.8
19.4,19.7,19.8,19.8,19.52,19.68,19.7,19.7,19.77,19.95,19.99,19.9,20.02,20.17,20.42,20.64,21.62,25.64,29.29,30.36,30.61,30.53,30.9,31.27,31.07,31.12,31.32,31.72,31.66,31.89,32.03,32.11,32.28,31.94,31.98,32.36,32.43,32.6,32.09,32.09,32.48,31.81,31.91,31.72,31.61,31.44,31.2,31.07,31.19,31.12,31.29,30.92,30.98,31.24,31.07,31.12,30.87,31.02,31.27,31.24,31.07,31.07,31.52,31.52,31.29,31.61,31.29,31.64,31.83,31.61,31.86,32.18,32.06,32.23,32.28,32.35,32.23,32.48,32.28,32.23,32.26,32.35,32.48,32.2,32.26,32.28,32.18,32.2,32.18,32.35,32.28,32.28,32.2,32.2,32.14,32.23,32.23,32.11,32.06,32.28,32.31,32.43,32.36,32.36,32.65,32.57,32.62,32.68,32.6,32.82,32.9,32.77,32.95,32.99,33.15,33.19,33.36,33.15,33.15,33.12,33.32,33.29,33.62,33.44,33.27,33.37,33.69,33.66,33.62,33.54,33.52,33.36,33.86,33.83,33.32,32.99,32.94,32.7,32.2,32.18,30.98,26.68,22.69,21.69,20.86,20.64,20.42,20.17,20.27,19.62,20.02,19.73,19.7,19.7,19.73,19.7,19.7,19.36,19.52,19.62
19.62,19.47,19.73,19.65,19.8,19.65,19.87,19.87,19.8,20.12,19.9,20.02,19.99,20.14,20.64,20.86,21.43,26.02,29.47,30.04,30.38,30.98,30.92,30.78,30.98,31.52,31.44,31.66,31.83,31.77,32.14,32.11,31.98,31.91,32.06,32.36,32.09,32.35,31.91,32.01,31.74,32.11,31.72,31.52,31.57,31.49,31.12,31.02,31.02,30.75,31.44,30.95,31.15,30.92,30.95,30.87,30.73,31.02,30.92,30.95,31.2,31.32,31.03,31.2,31.24,31.44,31.72,31.77,31.66,31.72,31.91,32.01,32.28,32.48,31.89,32.18,32.11,32.26,32.43,32.28,32.4,32.23,32.36,32.31,32.14,32.26,32.06,32.09,32.14,32.2,32.01,32.18,32.14,32.03,32.28,32.35,32.11,32.09,32.45,32.35,32.26,32.35,32.14,32.65,32.26,32.57,32.51,32.7,32.87,32.9,32.57,32.87,33.04,32.95,32.82,33.19,33.15,33.37,33.04,33.12,33.02,33.36,33.12,33.62,33.46,33.52,33.27,33.44,33.52,33.46,33.69,33.57,33.71,33.88,33.61,33.2,33.04,32.78,32.2,31.64,29.76,24.06,22.06,21.1,21.13,20.54,20.32,20.27,20.09,19.87,19.95,19.99,19.77,19.58,19.73,19.73,19.77,19.7,19.58,19.48
19.52,19.77,19.7,19.7,19.48,19.8,19.48,19.65,19.65,20.02,19.8,20.14,20.17,20.14,20.68,20.86,21.5,26.38,29.56,30.29,30.46,30.55,30.95,31.02,31.03,31.44,31.64,31.61,31.77,32.11,31.72,32.18,31.77,31.91,31.94,31.94,32.18,32.03,31.74,31.61,31.94,31.91,31.72,31.49,31.29,31.27,31.12,31.27,30.9,30.9,30.82,31.02,31.03,30.82,31.02,31.12,30.7,31.1,30.92,31.07,31.2,31.2,31.15,31.4,31.39,31.64,31.27,31.66,31.61,31.66,31.98,32.11,32.06,32.14,32.36,32.23,32.26,32.36,32.53,32.4,32.36,32.28,32.11,32.68,32.23,32.28,32.03,32.11,32.26,32.18,32.28,32.18,32.26,32.35,32.01,32.36,32.35,32.4,32.26,32.31,32.36,32.51,32.36,32.45,32.26,32.31,32.53,32.7,32.77,32.85,32.62,32.62,32.82,33.02,33.07,33.1,33.46,33.32,33.29,33.37,33.27,33.07,33.24,33.37,33.2,33.27,33.46,33.44,33.54,33.57,33.49,33.49,33.36,33.49,33.62,33.52,33.27,32.78,32.51,31.57,27.37,22.61,21.32,20.73,20.51,20.51,19.95,19.95,20.12,19.92,19.84,19.7,19.92,19.65,19.7,19.7,19.48,19.4,19.99,19.77
19.33,19.77,19.99,19.7,19.58,19.65,19.84,19.58,19.47,19.95,19.92,20.09,19.99,20.27,20.54,20.91,22.14,27.13,29.56,30.21,30.61,30.87,30.7,31.19,31.27,31.56,31.66,31.83,31.86,32.2,32.01,32.01,32.03,32.06,32.26,32.01,32.18,31.86,31.72,31.94,31.89,31.81,31.66,31.47,31.35,31.12,31.12,31.02,30.95,31.2,30.66,31.07,31.02,30.9,30.95,31.1,31.32,31.03,30.95,30.98,31.52,31.02,31.32,31.29,31.44,31.2,31.35,31.49,31.66,31.89,31.57,31.98,32.09,32.09,32.35,32.48,32.23,32.11,32.45,32.48,32.2,32.23,32.28,32.31,32.4,32.36,32.4,32.35,32.03,31.94,32.01,32.26,31.74,32.06,32.2,31.91,32.09,32.31,32.28,32.31,32.14,32.26,32.2,32.31,32.35,32.2,32.57,32.45,32.6,32.78,32.62,32.7,32.73,32.85,32.94,32.94,33.1,33.1,33.2,33.07,33.02,32.85,32.95,33.2,33.41,33.62,33.32,33.1,33.44,33.29,33.32,33.24,33.44,33.46,33.27,33.36,33.15,32.99,32.03,30.66,24.83,21.94,20.95,20.49,20.54,20.32,20.17,19.99,20.21,19.95,19.77,19.9,19.65,19.8,19.43,19.47,19.8,19.62,19.68,19.43
19.33,19.58,19.8,19.65,19.84,19.43,19.99,19.68,19.7,19.92,20.05,20.02,19.95,20.21,20.58,20.98,22.24,27.55,29.72,30.29,30.38,30.78,30.7,31.03,31.19,31.61,31.57,31.74,31.83,31.57,31.83,31.86,31.94,31.86,32.2,32.01,31.94,31.77,31.64,31.57,31.57,31.56,31.52,31.32,31.27,31.12,30.98,31.2,30.95,30.95,31.03,30.95,30.98,30.61,30.95,30.87,30.82,30.73,30.98,31.15,31.12,31.03,31.32,31.32,31.49,31.39,31.64,31.44,31.64,31.66,32.01,32.01,32.11,32.28,32.03,32.23,32.14,32.18,32.35,32.35,32.11,32.2,32.2,32.2,32.14,32.23,31.94,32.09,32.18,32.11,32.11,32.06,31.89,31.98,32.06,31.98,32.14,32.14,32.09,32.26,32.03,32.35,32.18,32.26,32.45,32.35,32.35,32.4,32.53,32.53,32.68,32.6,32.57,32.77,32.7,32.78,32.9,33.19,32.85,32.99,32.77,32.77,32.7,33.02,33.02,33.52,33.54,33.2,33.15,33.54,33.36,33.49,33.36,33.44,33.61,33.46,33.54,32.94,31.69,29.29,23.54,21.57,21.01,20.83,20.31,20.31,20.27,19.7,19.58,19.68,19.9,19.65,19.77,19.48,19.55,19.33,19.58,19.33,19.55,19.68
19.52,19.65,19.48,19.26,19.58,19.77,19.68,20.02,19.58,19.95,19.99,20.09,20.05,20.21,20.58,20.95,22.24,28.11,29.76,30.13,30.58,31.02,30.78,31.15,31.39,31.49,31.72,31.74,31.74,31.86,31.64,31.83,32.2,31.94,31.66,31.77,31.57,31.66,31.49,31.4,31.52,31.39,31.39,31.03,31.27,30.95,31.02,30.9,30.66,30.78,30.73,30.9,30.92,30.98,30.53,30.73,30.83,31.15,31.24,31.27,31.29,30.95,31.2,31.39,31.4,31.4,31.69,31.57,31.61,31.69,31.98,31.57,32.03,32.2,32.18,32.11,32.09,32.36,32.26,32.35,32.03,32.35,32.48,32.35,32.2,32.18,32.03,32.03,32.11,31.89,32.23,31.89,31.89,31.86,31.89,32.11,31.91,32.14,32.18,32.18,32.23,32.01,32.26,32.11,32.18,32.31,32.31,32.28,32.51,32.48,32.62,32.78,32.6,32.57,32.78,32.78,33.2,33.12,33.12,32.78,32.85,32.6,32.82,33.02,32.99,33.07,33.44,33.41,33.36,33.41,33.46,33.12,33.32,33.29,33.12,33.15,33.27,32.65,31.98,27.87,23.0,21.28,20.86,20.58,20.21,20.24,20.12,19.9,19.58,19.62,19.36,19.43,19.65,19.55,19.55,19.47,19.4,19.73,19.4,19.65
19.84,19.62,19.62,19.52,19.55,19.9,19.77,19.84,19.9,19.7,19.87,20.05,19.92,20.42,20.54,21.2,22.81,28.43,29.69,30.36,30.98,31.07,31.03,31.35,31.32,31.56,31.47,31.57,31.81,31.69,31.77,31.98,32.26,31.94,31.81,31.94,31.32,31.4,31.61,31.35,31.4,31.1,31.39,30.98,31.03,31.12,30.87,31.02,30.73,30.87,31.1,30.82,30.82,31.07,30.75,30.98,30.98,31.03,31.1,31.1,31.19,31.19,31.44,31.52,31.56,31.49,31.61,31.4,31.64,32.09,31.86,31.89,31.94,32.11,32.11,32.26,32.23,32.43,32.31,32.51,32.2,32.45,32.45,32.26,32.23,32.2,32.18,32.18,32.23,31.98,31.98,32.06,32.03,31.83,31.86,31.69,32.03,32.43,32.48,32.28,32.2,32.06,32.26,32.23,32.43,32.06,32.43,32.43,32.43,32.62,32.6,32.48,32.78,32.68,32.57,32.73,33.1,32.94,32.78,33.1,32.7,32.94,32.87,32.95,32.95,33.02,33.24,33.69,33.83,33.49,33.96,33.36,33.44,33.46,33.2,33.07,33.04,32.7,32.2,28.36,22.91,21.53,20.95,20.79,20.71,20.49,19.92,19.8,20.02,19.73,19.84,19.7,19.77,19.62,19.48,19.62,19.7,19.43,19.55,19.33
19.87,19.58,19.77,19.62,19.7,19.62,19.43,19.77,19.87,20.14,20.17,20.21,20.02,20.27,20.83,20.86,23.42,28.6,29.84,30.73,31.03,31.1,31.35,31.29,31.69,31.64,31.39,31.72,31.83,31.91,32.28,32.23,31.98,31.74,31.81,31.81,31.4,31.35,31.52,31.44,31.29,31.15,31.12,31.1,30.98,30.87,30.95,30.87,31.03,30.9,30.87,30.65,30.87,30.83,31.07,31.07,31.1,31.27,31.27,31.29,31.35,31.47,31.32,31.35,31.32,31.56,31.64,31.56,31.77,31.74,31.94,31.74,32.11,32.23,32.11,32.45,32.4,32.6,32.57,32.43,32.51,32.43,32.51,32.23,32.31,32.2,32.28,32.11,32.14,31.98,31.94,31.86,32.18,32.26,31.98,32.06,32.03,32.18,32.26,32.09,32.11,32.14,32.2,32.2,32.43,32.48,32.45,32.31,32.6,32.62,32.26,32.95,32.57,32.73,32.73,32.53,32.87,32.85,32.62,32.99,32.94,32.94,32.87,32.99,32.78,33.02,33.27,33.46,33.74,33.52,33.52,33.61,33.44,33.15,33.1,32.85,32.9,32.68,32.09,29.72,23.54,21.32,21.01,20.76,20.49,19.99,20.05,19.99,19.99,19.77,19.84,19.7,19.73,19.65,19.58,19.55,19.8,19.92,19.52,19.65
19.68,19.52,19.84,20.12,19.73,19.84,19.87,19.73,19.87,19.8,19.84,20.14,20.24,20.42,20.68,21.23,24.26,28.83,30.38,31.02,31.15,31.07,31.2,31.12,31.57,31.64,31.64,31.81,31.94,31.98,32.23,32.01,31.89,32.03,31.32,31.57,31.47,31.61,31.03,31.24,31.2,31.02,30.82,30.9,30.87,30.87,30.9,30.66,30.46,30.82,30.5,30.55,31.1,30.92,30.95,30.87,31.1,31.4,31.39,31.47,31.47,31.44,31.52,31.47,31.72,31.49,31.61,31.64,31.86,32.03,31.91,31.86,32.06,32.26,32.2,32.43,32.31,32.45,32.31,32.48,32.28,32.35,32.4,32.26,32.18,32.35,31.86,32.06,32.2,32.11,32.2,32.36,32.01,31.81,32.09,31.83,32.35,32.18,31.89,32.11,32.14,32.03,31.74,31.81,32.01,32.18,32.23,32.26,32.53,32.4,32.62,32.78,32.62,32.9,32.7,32.4,32.57,32.68,32.62,32.65,32.65,32.9,32.73,32.57,32.48,32.95,32.95,33.12,33.44,33.66,33.62,33.91,33.41,33.19,33.19,32.94,32.53,32.62,32.4,30.75,24.98,21.9,21.16,20.73,20.64,20.24,19.9,19.95,19.87,19.62,19.47,19.55,19.55,19.62,19.7,19.52,20.12,19.47,19.47,19.65
19.58,19.62,19.7,19.62,19.65,19.58,19.84,19.68,19.77,19.92,19.7,20.05,19.99,20.46,20.31,21.38,24.83,29.0,30.41,30.46,31.12,30.98,31.32,31.39,31.44,31.69,31.74,31.94,31.98,31.72,31.94,31.72,31.89,31.52,31.39,31.52,31.49,31.39,31.4,31.27,31.29,31.07,31.03,30.75,30.66,30.73,30.46,30.66,30.75,30.66,30.66,30.66,30.95,30.95,31.15,31.27,31.02,31.27,31.4,31.4,31.39,31.52,31.52,31.4,31.66,31.64,31.64,31.77,31.77,32.06,32.03,32.11,31.94,32.01,32.09,32.36,32.51,32.62,32.48,32.43,32.57,32.48,32.4,32.35,32.36,32.23,32.01,32.2,32.09,32.28,32.03,32.35,31.91,32.03,32.14,32.09,32.09,31.94,32.09,31.94,31.83,32.26,32.31,32.2,32.06,32.28,32.31,32.28,32.53,32.45,32.78,32.53,32.53,32.6,32.4,32.51,32.57,32.31,32.7,32.51,32.78,32.95,32.65,32.57,32.7,32.85,33.24,32.87,33.07,33.46,33.62,33.79,33.79,33.41,33.32,33.02,32.82,32.57,32.14,31.47,27.44,22.58,21.43,20.79,20.46,20.27,19.73,19.9,19.9,19.77,19.92,19.7,19.48,19.55,19.48,19.52,19.47,19.55,19.52,19.68
19.3,19.55,19.52,19.62,19.62,19.7,19.52,20.12,20.09,20.14,19.87,20.27,20.21,20.39,20.54,21.65,25.49,29.32,30.01,30.82,30.83,30.98,31.2,31.39,31.66,31.72,31.72,32.03,32.14,31.98,31.83,31.77,31.94,31.57,31.64,31.74,31.74,31.64,31.24,31.15,30.92,30.9,31.07,30.78,30.87,30.53,30.78,30.78,30.66,30.82,30.7,30.75,31.03,31.19,31.07,31.03,31.24,31.15,31.07,30.98,31.44,31.61,31.49,31.77,31.86,31.91,31.86,31.69,31.98,31.66,31.72,32.18,32.06,32.31,32.23,32.6,32.45,32.31,32.45,32.28,32.2,32.45,32.23,32.31,32.2,32.43,32.2,32.18,32.28,32.26,32.2,32.31,31.98,32.03,31.98,31.98,32.01,32.09,32.03,32.26,31.91,31.94,31.94,32.26,32.01,32.03,32.14,32.35,32.51,32.35,32.62,32.6,33.02,32.68,32.57,32.35,32.35,32.4,32.51,32.65,32.57,32.45,32.82,32.68,32.65,32.7,32.77,32.82,32.99,33.04,33.1,33.62,33.46,33.36,33.2,33.15,32.73,32.7,32.43,31.44,29.52,23.97,21.65,20.9,20.36,20.32,19.87,19.99,19.84,19.58,19.62,19.68,19.68,19.3,19.52,19.48,19.48,19.47,19.77,19.25
19.58,19.52,19.65,19.4,19.48,19.8,19.9,19.8,19.77,19.87,20.05,20.05,20.24,20.32,20.73,22.06,26.06,29.81,30.38,31.02,31.15,31.07,31.24,31.32,31.61,32.18,32.14,32.14,31.91,31.86,31.72,31.72,31.72,32.03,31.86,31.86,31.72,31.52,31.47,31.03,30.9,30.75,30.9,30.9,30.7,30.65,30.61,30.66,30.5,30.66,30.95,30.9,31.03,31.19,31.35,31.39,31.07,31.39,31.47,31.4,31.27,31.52,31.39,31.64,31.91,31.49,31.94,31.44,31.98,31.91,31.94,32.06,32.2,32.57,32.6,32.35,32.57,32.51,32.62,32.65,32.31,32.4,32.48,32.28,32.2,32.43,32.48,32.01,32.31,32.62,32.14,32.43,32.11,32.03,32.03,32.23,32.31,31.77,31.89,31.98,31.91,32.06,32.09,32.18,31.98,32.2,32.09,32.35,32.43,32.53,32.6,32.65,32.87,32.94,32.73,32.73,32.6,32.51,32.53,32.35,32.48,32.77,32.78,32.7,32.6,32.7,32.87,32.78,32.62,32.85,33.15,33.37,33.57,33.27,33.19,33.07,32.82,32.78,32.4,31.64,30.92,26.65,22.29,20.91,20.61,20.42,20.14,20.24,19.77,19.65,19.9,19.65,19.7,19.52,19.47,19.48,19.55,19.36,19.47,19.73
19.43,19.43,19.65,19.73,19.36,19.62,19.84,19.65,19.73,20.12,20.12,20.02,20.54,20.73,21.01,22.27,27.32,30.26,30.66,30.78,31.1,31.35,31.49,31.39,32.01,32.4,32.26,32.2,31.83,31.56,31.83,31.81,32.11,31.86,31.66,31.81,31.52,31.27,30.83,30.9,31.03,30.78,30.82,30.75,30.65,30.9,30.83,30.73,30.98,30.87,30.98,31.19,31.24,30.95,31.15,30.95,31.19,30.98,31.24,31.39,31.4,31.27,31.49,31.72,31.57,31.72,31.64,31.77,32.06,32.06,32.06,32.11,32.43,32.28,32.45,32.62,32.28,32.36,32.36,32.48,32.31,32.51,32.35,32.36,32.31,32.35,32.43,32.45,32.23,32.4,32.35,32.35,32.11,31.91,32.11,32.14,31.98,31.94,31.98,31.77,32.14,32.2,32.11,32.31,32.28,32.11,31.98,32.31,32.4,32.36,32.78,32.45,32.31,32.85,32.82,32.77,32.6,32.6,32.48,32.45,32.51,32.73,32.45,32.62,32.62,32.95,32.94,32.6,32.95,33.07,32.95,33.04,33.41,33.32,32.95,32.82,32.68,32.78,32.35,31.91,31.44,28.87,23.6,21.43,20.79,20.51,20.24,20.05,19.95,19.84,19.65,19.65,19.84,19.4,19.48,19.84,19.52,19.58,19.25,19.47
19.58,19.68,19.87,19.36,19.4,19.7,19.87,19.77,19.68,19.95,20.14,20.27,20.54,21.01,21.35,24.48,29.0,30.33,30.92,30.9,31.27,31.56,31.64,32.01,31.91,32.14,32.09,31.91,31.89,31.57,31.72,31.91,31.72,31.61,31.52,31.49,31.35,31.4,31.2,31.2,30.83,30.9,30.92,30.83,30.66,30.7,31.03,30.9,30.98,31.07,31.03,31.02,30.92,30.83,31.03,31.12,31.27,31.39,31.24,31.29,31.27,31.2,31.29,31.61,31.57,31.94,31.94,31.81,31.98,32.31,32.23,32.45,32.48,32.62,32.62,32.87,32.6,32.36,32.53,32.26,32.26,32.45,32.53,32.28,32.4,32.18,32.6,32.14,32.2,32.36,32.06,31.94,32.09,32.23,32.18,32.2,32.01,32.06,31.98,32.14,31.94,32.18,32.06,32.48,32.2,32.2,32.2,32.11,32.35,32.35,32.4,32.28,32.57,32.57,32.65,32.77,32.51,32.68,32.31,32.45,32.4,32.62,32.62,32.68,32.65,32.85,32.68,32.95,32.73,32.65,32.65,32.78,33.07,33.36,33.2,32.73,32.99,32.77,32.4,32.03,31.49,30.7,26.31,22.09,21.01,20.58,20.02,20.32,19.7,20.12,19.73,19.7,19.55,19.58,19.68,19.58,19.65,19.62,19.58,19.65
19.47,19.47,19.73,19.8,19.68,19.65,19.84,20.12,20.27,20.05,20.24,20.46,20.42,20.71,21.95,27.08,29.96,30.45,31.07,31.24,31.2,31.91,31.91,32.01,32.03,32.06,32.48,31.98,32.06,31.61,31.61,31.57,31.66,31.57,31.49,31.35,31.35,31.15,30.98,30.82,31.19,31.02,30.75,30.9,30.73,30.7,30.83,30.7,30.95,30.73,30.7,30.78,30.98,30.9,30.98,30.95,31.24,31.02,31.24,31.15,31.15,31.44,31.4,31.47,31.56,31.74,31.56,31.77,32.11,32.18,32.35,32.36,32.53,32.62,32.77,32.6,32.4,32.48,32.77,32.6,32.36,32.4,32.31,32.4,32.45,32.48,32.36,32.31,32.35,32.11,32.18,32.18,32.14,32.06,31.83,32.11,32.11,31.83,31.98,32.06,31.83,32.11,31.81,32.06,32.09,32.35,32.01,32.2,32.03,32.48,32.14,32.23,32.18,32.57,32.36,32.78,32.9,32.73,32.53,32.36,32.53,32.31,32.68,32.57,32.65,32.95,32.95,32.65,32.68,32.65,32.68,32.9,33.32,33.2,33.19,32.82,32.85,32.62,32.4,32.26,32.06,31.19,29.44,24.24,21.72,20.79,20.46,20.17,19.87,19.7,19.8,19.73,19.7,19.65,19.77,19.52,19.68,19.55,19.33,19.8
19.73,19.77,19.77,19.99,19.58,19.84,19.73,20.05,19.77,20.17,20.51,20.73,20.83,21.08,23.84,28.8,30.29,30.82,31.02,31.4,31.49,31.61,32.2,32.11,32.23,31.98,31.98,31.86,31.72,31.52,31.77,31.66,31.72,31.52,31.52,31.39,31.2,31.24,31.07,30.83,31.03,30.98,30.82,30.61,30.9,30.75,30.7,31.03,30.87,30.82,30.98,30.98,31.07,31.02,30.98,30.92,31.15,31.39,31.12,31.39,31.47,31.12,31.35,31.61,31.77,31.77,31.86,32.09,31.89,32.31,32.48,32.51,32.68,32.68,32.9,32.57,32.57,32.43,32.6,32.6,32.4,32.26,32.57,32.45,32.48,32.48,32.35,32.36,32.23,32.43,32.23,32.14,31.98,32.06,32.01,31.81,32.26,31.83,32.06,31.83,31.72,32.09,32.23,31.91,32.18,32.14,32.26,32.06,32.14,32.09,32.23,32.28,32.45,32.28,32.57,32.65,32.99,32.85,32.85,32.62,32.51,32.62,32.53,32.57,32.73,32.78,32.9,32.87,32.77,32.77,33.02,32.94,33.36,33.19,32.85,33.12,32.73,32.87,32.62,32.48,32.18,31.61,31.03,26.92,22.54,21.16,20.32,20.31,20.09,20.05,19.95,20.05,19.7,19.48,19.84,19.68,19.65,19.65,19.65,19.43
19.8,19.62,19.9,19.47,19.8,19.52,19.95,20.21,20.05,20.24,20.32,20.58,20.86,21.75,26.61,29.77,30.53,31.07,31.1,31.72,31.89,32.03,32.2,32.09,32.23,32.01,32.31,32.06,31.74,31.86,31.56,31.61,31.57,31.49,31.47,31.02,30.9,31.49,30.92,31.02,30.92,31.12,30.55,30.87,30.65,30.53,30.75,30.95,30.83,30.73,30.78,31.12,30.95,31.07,30.95,30.98,31.07,31.24,31.29,31.2,31.24,31.29,31.35,31.27,31.72,31.72,31.72,32.01,32.11,32.35,32.23,32.65,32.68,32.94,32.78,32.62,32.43,32.51,32.73,32.35,32.43,32.45,32.23,32.28,32.31,32.45,32.35,32.36,32.36,32.35,32.45,32.4,31.98,32.14,32.18,31.94,31.89,31.81,31.74,31.77,31.69,32.14,31.83,31.77,32.2,32.01,32.18,32.4,32.23,32.26,31.94,31.89,32.11,32.28,32.28,32.2,32.73,32.73,32.7,32.65,32.43,32.4,32.53,32.53,32.36,32.9,32.85,32.87,32.99,32.9,33.02,32.82,32.94,33.24,33.02,33.02,32.82,32.78,32.77,32.35,32.23,32.06,31.39,29.84,24.59,21.47,20.61,20.51,20.49,20.02,19.84,19.99,19.77,19.73,19.36,19.73,19.84,19.77,19.7,19.36
19.8,19.77,19.8,19.84,19.73,19.73,19.92,19.8,20.09,20.32,20.46,20.51,21.13,23.75,28.66,30.04,30.7,31.19,31.69,31.89,32.2,31.94,31.77,31.74,31.98,31.72,32.11,31.81,31.64,31.61,31.91,31.57,31.49,31.44,31.27,31.1,31.1,31.07,30.87,30.87,31.02,30.66,30.7,30.73,30.78,30.66,30.82,30.87,30.87,30.78,31.07,30.78,30.82,31.02,31.29,31.44,31.1,31.19,31.07,31.29,31.03,31.35,31.49,31.56,31.72,31.86,31.98,31.91,32.11,32.4,32.53,32.65,32.62,32.9,32.87,32.77,32.53,32.68,32.36,32.48,32.18,32.45,32.4,32.68,32.51,32.62,32.57,32.4,32.28,32.18,32.14,32.18,32.11,31.98,31.81,31.89,31.69,31.69,31.66,31.94,31.94,32.06,31.77,31.94,31.69,32.14,31.86,32.18,31.98,32.18,31.86,32.09,32.14,32.03,32.09,32.31,32.4,32.51,33.15,32.7,32.9,32.87,32.45,32.57,32.7,32.65,32.95,32.82,32.77,32.94,32.68,32.43,32.95,32.85,32.82,32.99,32.7,32.87,32.94,32.78,32.45,32.36,31.83,31.35,27.92,22.66,20.98,20.79,20.24,20.14,20.17,19.92,19.8,19.7,19.7,19.52,19.65,19.73,19.58,19.43
19.52,19.84,19.99,19.92,19.58,19.9,19.77,20.05,20.14,20.31,21.01,20.79,21.95,26.97,29.77,30.5,31.1,31.74,31.74,32.01,32.35,32.03,32.09,31.81,31.74,31.83,31.86,31.74,31.57,31.03,31.56,31.61,31.61,31.29,31.15,31.07,30.9,31.02,31.07,30.82,30.75,30.7,30.55,30.78,30.46,30.53,30.75,30.61,30.87,30.87,30.78,30.92,31.03,30.92,31.1,30.95,31.44,30.9,31.35,31.49,31.32,31.64,31.56,31.47,31.72,31.91,31.91,32.06,32.43,32.62,32.23,32.43,32.65,32.51,32.87,32.95,32.82,32.45,32.62,32.45,31.94,32.26,32.31,32.4,32.4,32.53,32.53,32.18,32.51,32.31,32.31,32.4,32.35,32.23,31.94,32.09,31.91,32.2,31.81,31.74,31.89,31.61,31.94,32.01,31.89,31.94,32.01,32.2,31.86,32.11,31.98,31.98,31.91,32.06,32.23,32.31,32.23,32.48,32.65,32.85,32.78,32.57,32.73,32.57,32.65,32.68,32.9,32.85,33.15,33.1,33.1,33.07,32.82,32.78,32.82,32.9,32.87,32.87,33.1,32.9,32.78,32.45,32.62,31.81,30.29,25.25,21.53,21.08,20.68,20.05,20.14,19.87,19.48,19.65,19.52,19.65,19.73,19.18,19.48,19.7
19.65,19.73,19.36,19.7,19.92,19.65,19.68,20.02,20.46,20.14,20.73,21.1,24.17,28.75,30.38,30.73,31.07,31.77,31.77,32.03,32.6,32.14,31.77,31.57,31.61,31.61,31.56,31.66,31.64,31.72,31.56,31.49,31.35,31.03,31.2,31.07,31.1,31.02,30.78,30.9,30.78,30.87,30.78,30.73,30.65,30.55,30.61,30.66,30.41,30.87,30.9,31.1,30.92,31.03,31.32,31.03,31.19,31.24,31.24,31.44,31.61,31.81,31.56,31.77,31.94,32.06,32.36,32.14,32.28,32.57,32.48,32.57,32.78,33.07,32.87,32.78,32.35,32.65,32.48,32.45,32.23,32.11,32.09,32.45,32.35,32.65,32.45,32.65,32.31,32.35,32.43,32.45,32.03,32.11,32.14,31.91,31.94,31.91,31.81,32.01,31.86,31.61,31.89,31.81,31.86,32.11,31.94,32.14,31.94,32.01,32.23,31.77,32.01,32.11,32.11,32.23,32.48,32.35,32.35,32.43,32.7,32.85,32.77,32.62,32.73,32.99,33.02,33.24,33.29,33.02,32.82,32.87,32.7,32.73,32.78,32.77,32.57,32.7,32.65,32.85,32.7,32.48,32.43,32.2,31.44,28.51,23.22,21.13,20.68,20.17,19.99,20.09,19.68,19.73,19.58,19.73,20.02,19.55,19.62,19.36
19.48,19.73,19.73,19.92,19.8,20.12,19.84,20.09,20.27,20.61,20.98,22.09,27.05,29.77,30.66,31.24,31.61,31.98,31.83,32.48,32.35,31.72,31.91,31.66,31.56,31.74,31.44,31.66,31.32,31.44,31.39,31.49,31.29,31.24,31.2,31.19,31.03,31.2,30.82,31.15,31.02,30.5,30.46,30.5,30.5,30.41,30.92,30.7,30.66,30.75,30.82,30.78,30.61,30.9,31.02,30.9,31.29,31.27,31.29,31.44,31.57,31.64,31.86,31.52,31.81,32.09,32.4,32.14,32.51,32.57,32.65,32.78,32.7,32.94,32.95,32.78,32.65,32.35,32.31,32.26,32.06,32.28,32.35,32.23,32.36,32.43,32.26,32.87,32.48,32.48,32.28,32.28,32.48,32.2,32.11,32.01,32.03,31.77,31.89,31.74,32.01,31.89,31.98,31.61,31.83,31.77,31.74,31.89,31.98,31.74,32.11,31.98,31.91,32.01,32.06,31.94,32.14,32.28,32.31,32.35,32.53,33.04,32.77,33.1,32.95,32.95,33.44,33.29,33.49,33.15,33.04,32.99,32.43,32.68,32.73,32.57,32.68,32.77,32.51,32.78,32.77,32.82,32.45,32.26,31.74,30.75,26.23,21.9,20.73,20.14,20.05,20.09,19.8,19.7,19.73,19.47,19.65,19.4,19.21,19.4
19.62,19.36,19.62,19.9,19.65,19.68,19.7,20.24,20.42,20.64,21.42,23.87,29.15,30.18,30.82,31.57,31.74,31.72,31.91,32.28,32.11,31.69,31.61,31.66,31.52,31.57,31.66,31.56,31.56,31.66,31.47,31.49,31.35,31.2,31.49,31.15,30.9,31.1,31.12,30.73,30.98,30.66,30.38,30.73,30.61,30.66,30.78,31.02,30.87,30.92,31.1,31.2,31.1,31.35,31.03,31.15,31.52,31.24,31.4,31.56,31.61,31.72,31.86,31.89,32.06,32.31,32.4,32.43,32.62,32.78,32.94,33.04,33.07,32.95,32.94,32.85,32.6,32.28,32.65,32.57,32.18,32.4,32.01,32.4,32.62,32.45,32.51,32.31,32.6,32.51,32.35,32.51,32.28,32.4,32.26,32.28,32.03,32.03,31.89,31.86,32.09,31.74,31.69,31.61,31.81,31.98,31.86,32.03,32.01,31.61,32.03,31.91,31.89,31.81,31.86,31.89,32.36,32.03,32.2,32.36,32.45,32.82,32.95,32.99,33.19,33.19,33.1,32.99,33.83,33.46,33.27,33.29,32.7,33.02,32.78,32.87,32.7,32.62,32.94,32.82,32.68,32.85,32.6,32.45,32.09,31.24,29.39,24.48,21.43,20.49,20.32,20.02,20.02,19.92,19.58,19.77,20.05,19.52,19.55,19.43
19.73,19.48,20.02,19.8,19.8,19.95,20.02,20.31,20.61,20.95,21.69,26.85,29.87,30.61,31.03,31.56,31.64,31.57,31.61,32.11,31.91,31.57,31.74,31.61,31.69,31.52,31.47,31.57,31.61,31.52,31.4,31.49,31.4,31.29,30.98,31.12,30.95,31.27,31.07,30.73,30.58,30.65,30.83,30.75,30.73,30.73,30.82,30.82,31.1,31.02,31.15,31.19,31.19,30.98,31.56,31.47,31.49,31.29,31.47,31.81,31.64,32.18,32.11,31.94,32.31,32.35,32.53,32.7,32.7,32.7,33.02,33.19,32.95,32.94,32.78,32.87,32.57,32.65,32.68,32.43,32.31,32.4,32.4,32.43,32.51,32.51,32.53,32.57,32.7,32.77,32.7,32.78,32.51,32.35,32.18,32.06,31.98,32.2,32.18,32.01,32.01,31.64,32.01,31.86,32.01,31.81,32.03,32.09,32.01,31.83,32.06,31.91,31.69,32.01,31.83,32.01,32.14,32.11,32.45,32.35,32.51,32.65,32.82,32.99,32.99,33.04,33.15,33.2,33.49,33.62,33.37,33.19,33.12,32.85,32.7,32.94,32.73,33.07,32.82,33.1,32.95,33.02,32.9,32.53,32.09,31.69,30.9,27.79,22.66,20.86,20.54,20.32,20.12,19.95,19.52,19.62,19.7,19.55,19.33,19.26
19.68,19.77,19.77,20.05,19.99,20.42,20.14,20.61,20.54,20.9,23.64,28.98,30.29,31.1,31.52,31.52,31.56,31.83,31.66,32.03,31.94,31.86,31.66,31.66,31.81,31.64,31.52,31.39,31.61,31.44,31.4,31.52,31.4,31.19,31.2,31.2,30.9,30.92,31.02,30.83,30.78,30.78,30.83,30.9,31.02,31.1,30.78,31.12,30.87,31.24,31.49,31.19,31.29,31.4,31.47,31.69,31.64,31.56,31.81,32.03,31.98,32.28,32.18,32.23,32.7,32.53,32.78,32.73,32.94,33.15,32.99,33.04,33.32,33.07,32.99,32.99,32.62,32.53,32.48,32.4,32.11,31.98,32.35,32.4,32.26,32.62,32.68,32.51,32.85,32.78,32.7,32.7,32.6,32.62,32.48,32.62,32.11,32.14,32.4,32.03,32.26,31.77,32.03,31.81,32.01,31.72,32.03,32.06,32.01,31.94,31.83,31.81,32.09,32.01,32.03,32.01,32.03,31.98,32.2,32.51,32.4,32.53,32.62,32.78,32.95,33.02,33.15,32.94,33.19,33.49,33.54,33.2,33.37,33.02,32.85,33.07,32.62,32.9,33.15,33.15,32.95,32.95,32.87,32.85,32.65,32.01,31.29,29.64,24.78,21.62,20.64,20.32,20.05,19.84,19.95,19.58,19.7,19.47,19.58,19.58
19.87,20.09,19.8,19.87,20.05,19.9,20.42,20.76,21.01,21.62,26.41,29.81,30.78,31.24,31.49,31.32,31.66,31.66,31.52,32.01,31.69,31.77,31.72,31.81,31.44,31.57,31.35,31.49,31.77,31.72,31.56,31.47,31.24,31.4,31.27,31.19,31.03,31.15,30.9,30.73,30.82,30.87,30.82,30.78,30.98,31.29,31.15,31.39,30.98,31.29,31.24,31.4,31.4,31.49,31.77,31.44,31.81,31.72,31.94,31.98,32.14,32.45,32.26,32.28,32.68,32.77,33.1,32.95,33.07,33.29,33.12,33.37,33.2,33.36,32.77,32.68,32.65,32.26,32.36,32.43,32.23,32.35,32.36,32.31,32.26,32.53,32.85,32.87,32.82,32.7,32.95,32.85,32.95,32.68,32.65,32.45,32.28,32.53,32.65,32.36,32.35,32.18,31.91,31.98,32.06,32.01,32.14,32.14,32.11,32.18,31.86,32.26,31.91,31.94,32.11,32.2,32.23,32.26,32.35,32.28,32.36,32.6,32.4,32.85,32.9,33.04,33.12,33.04,33.24,33.41,33.37,33.54,33.57,33.15,32.87,32.99,32.87,33.2,33.07,33.12,32.9,32.82,32.82,32.82,32.57,32.31,31.64,30.75,28.08,22.61,21.35,20.61,20.05,19.99,20.05,19.92,19.73,19.92,19.65,19.7
19.77,19.84,20.02,19.9,20.02,20.09,20.27,20.83,21.05,23.11,28.48,30.21,30.9,31.07,31.03,31.1,31.35,31.52,31.57,31.72,31.69,31.77,32.01,31.64,31.74,31.61,31.74,31.4,31.47,31.35,31.35,31.47,31.2,31.52,31.61,31.35,31.47,30.95,31.02,30.95,31.03,30.82,31.1,30.65,31.1,31.1,31.19,31.29,31.29,31.32,31.32,31.35,31.57,31.61,31.64,31.86,31.86,32.14,32.31,32.28,32.4,32.62,32.68,32.6,32.94,32.9,33.1,32.95,33.27,33.1,33.12,33.29,32.87,33.1,32.73,32.73,32.35,32.18,32.4,32.36,32.14,32.11,32.26,32.35,32.4,32.68,32.62,32.87,32.95,32.78,32.99,32.87,32.7,32.73,32.85,32.77,32.9,32.65,32.28,32.43,32.23,32.18,32.03,32.31,32.09,32.06,32.03,31.91,32.06,32.18,32.03,31.98,31.77,32.09,32.35,32.01,32.43,32.06,32.28,32.01,32.35,32.45,32.43,32.82,32.73,33.19,32.99,33.12,33.27,33.29,33.36,33.44,33.46,33.24,32.82,33.24,32.99,33.02,33.15,33.2,33.07,32.95,32.82,32.82,32.7,32.51,31.81,31.56,29.59,24.98,21.57,20.61,20.42,19.99,20.02,19.62,19.8,19.7,19.73,19.4
20.02,19.8,20.09,20.12,20.27,20.42,20.54,20.9,21.27,25.52,29.47,30.73,31.03,31.24,31.27,31.47,31.4,31.81,31.77,31.91,32.09,31.94,31.77,31.77,31.83,31.4,31.52,31.52,31.56,31.4,31.61,31.52,31.56,31.19,31.24,31.4,31.24,31.12,30.92,30.83,31.07,31.02,31.02,30.92,31.1,31.2,31.29,31.49,31.4,31.52,31.57,31.72,31.57,31.74,32.11,31.81,31.94,32.36,32.35,32.4,32.51,32.65,32.77,33.04,33.02,33.32,33.37,33.44,33.12,33.41,33.27,33.41,33.44,32.99,32.73,32.7,32.4,32.4,32.53,32.18,32.18,32.14,32.23,32.53,32.53,32.65,32.6,32.95,32.9,32.95,33.02,33.15,33.12,33.27,32.99,33.07,32.57,32.7,32.7,32.48,32.26,32.51,32.03,32.14,32.03,32.26,32.03,32.11,31.86,32.03,32.11,32.28,32.03,31.91,32.11,32.18,32.31,32.14,32.2,32.28,32.26,32.28,32.57,32.77,32.82,32.95,32.95,32.9,32.82,33.19,33.44,33.79,33.57,33.2,32.85,32.78,32.7,32.68,33.12,32.87,32.9,33.04,32.87,32.85,32.85,32.7,32.2,31.52,30.78,27.84,22.85,20.95,20.39,20.17,19.77,19.7,19.8,19.7,19.9,19.62
20.14,19.95,19.95,20.17,19.99,20.42,20.73,21.01,22.24,27.64,30.09,30.73,31.19,31.24,31.19,31.29,31.66,31.66,31.83,31.69,31.83,31.66,31.94,31.64,31.94,31.81,31.57,31.83,31.69,31.66,31.49,31.61,31.56,31.4,31.2,31.15,31.29,30.95,31.03,31.19,30.83,31.24,30.95,31.03,31.29,31.4,31.35,31.57,31.35,31.61,31.74,31.83,31.81,32.14,32.4,32.4,32.28,32.28,32.57,32.7,32.62,32.99,33.1,33.29,33.36,32.99,33.12,33.74,33.2,33.32,33.41,32.9,33.07,33.19,32.73,32.53,32.31,32.23,32.6,32.43,32.06,32.11,32.14,32.31,32.43,32.35,32.57,32.9,32.77,33.1,32.85,32.9,33.02,33.1,33.29,32.94,33.02,32.94,32.9,32.6,32.48,32.48,32.53,32.28,31.94,32.28,32.06,32.01,32.06,31.89,32.14,32.01,31.98,32.43,32.06,32.36,31.98,32.18,32.4,32.01,32.23,32.4,32.51,32.57,32.85,32.68,33.12,33.15,32.87,33.36,33.15,33.27,33.61,33.15,32.9,32.99,32.85,32.9,33.07,33.02,32.94,32.95,32.85,33.12,32.62,32.82,32.43,32.14,31.66,29.93,24.98,21.43,20.54,20.17,19.84,20.02,19.87,19.68,19.65,19.58
19.92,19.8,20.09,20.14,20.17,20.64,20.61,21.05,23.91,28.88,30.66,31.1,30.95,31.32,31.32,31.47,31.39,31.52,31.56,31.77,31.74,31.69,31.74,31.69,31.56,32.03,31.77,31.66,31.56,31.52,31.74,31.56,31.39,31.35,31.49,31.47,31.19,31.52,31.2,31.03,31.07,31.19,31.27,31.4,31.29,31.35,31.61,31.66,31.49,31.77,31.91,31.89,32.36,32.2,32.11,32.36,32.36,32.4,32.82,32.9,33.1,33.04,33.02,33.32,33.57,33.44,33.66,33.69,33.57,33.36,33.37,33.24,33.07,33.1,32.57,32.65,32.51,32.43,32.14,32.14,32.01,32.09,32.45,32.53,32.36,32.68,32.73,32.82,32.82,32.99,33.24,33.04,33.07,33.1,33.32,32.99,32.94,32.77,32.87,32.77,32.68,32.62,32.48,32.31,32.31,32.28,32.23,32.26,32.31,32.26,32.18,32.2,31.94,32.14,32.23,32.03,32.36,32.36,32.48,32.23,32.43,32.35,32.4,32.62,32.51,32.77,33.02,33.1,33.19,32.9,33.19,33.46,33.44,33.19,33.27,32.85,32.77,32.65,32.78,32.85,32.82,32.78,32.85,32.6,32.87,32.9,32.94,32.62,31.91,30.83,27.44,22.24,20.79,20.24,20.09,19.92,19.68,19.8,19.4,19.43
19.58,19.87,20.17,20.27,20.17,20.36,21.05,21.28,25.28,29.52,30.5,30.78,30.83,30.98,31.44,31.52,31.44,32.18,31.64,31.81,31.77,31.74,31.77,31.69,31.69,31.91,31.83,31.72,31.56,31.47,31.66,31.49,31.4,31.47,31.35,31.57,31.49,31.4,31.12,31.29,31.44,31.07,31.39,31.39,31.56,31.56,32.03,31.83,32.03,32.31,31.98,32.14,32.2,32.35,32.36,32.35,32.78,32.53,32.99,33.1,33.32,33.29,33.49,33.49,33.54,33.57,33.61,33.32,33.29,33.07,33.1,33.1,33.04,32.99,32.6,32.48,32.36,32.51,32.2,32.48,32.23,32.03,32.11,32.23,32.4,32.45,32.51,32.62,32.85,33.02,32.94,33.02,32.99,33.24,33.19,33.12,32.94,33.02,32.87,32.9,33.02,32.65,32.57,32.45,32.36,32.43,32.43,32.53,32.4,32.31,32.23,32.28,32.26,32.2,32.2,32.2,32.2,32.43,32.26,32.45,32.26,32.11,32.51,32.57,32.57,32.77,32.87,33.1,33.15,33.02,33.15,33.2,33.36,33.29,33.15,33.07,32.73,32.99,32.82,32.95,32.94,32.85,32.73,32.65,32.68,32.82,32.43,32.43,32.11,31.32,29.24,23.64,21.23,20.24,20.05,20.02,19.7,19.48,19.68,19.48
19.87,20.02,19.84,19.92,20.24,20.17,20.83,21.79,26.88,29.61,30.38,31.07,30.92,31.27,31.4,31.57,31.47,31.98,31.47,31.66,31.69,31.66,31.74,31.49,31.94,31.86,31.56,31.98,31.77,31.64,31.61,31.49,31.77,31.4,31.39,31.35,31.61,31.35,31.24,31.61,31.29,31.15,31.39,31.56,31.4,31.83,31.81,32.14,31.98,31.98,32.11,32.28,32.31,32.4,32.62,32.68,32.78,32.94,32.94,33.1,33.37,33.24,33.49,33.71,33.71,33.57,33.49,33.2,33.37,33.29,32.99,32.85,32.9,32.95,32.62,32.48,32.4,32.11,32.14,32.09,31.98,32.11,32.09,32.18,32.35,32.51,32.57,32.62,32.9,32.78,33.1,33.2,33.37,33.15,33.52,33.2,33.1,33.02,33.07,32.85,32.87,32.78,32.6,32.65,32.99,32.43,32.62,32.4,32.48,32.43,32.35,32.28,32.36,32.53,32.35,32.28,32.43,32.18,32.23,32.26,32.51,32.28,32.53,32.77,32.65,32.6,32.9,32.9,33.19,33.04,32.95,33.04,33.1,33.49,33.36,33.04,32.94,32.9,32.82,32.73,33.02,32.77,32.73,32.6,32.78,32.6,32.45,32.65,32.23,32.01,30.01,25.18,21.47,20.51,20.14,19.65,19.77,19.55,19.47,19.47
19.8,20.27,20.21,20.27,20.24,20.71,20.83,22.54,27.81,29.93,30.66,30.92,30.9,30.98,31.44,31.29,31.83,31.77,31.83,31.91,31.94,32.01,32.03,32.06,32.26,32.26,32.03,31.69,32.11,31.98,31.89,31.72,31.52,31.77,31.57,31.56,31.56,31.47,31.81,31.74,31.44,31.61,31.66,31.66,31.86,32.18,31.74,32.36,32.23,32.2,32.57,32.82,32.65,32.82,32.78,32.77,32.99,33.12,33.2,33.02,33.61,33.71,33.41,33.57,33.86,33.61,33.52,33.04,33.57,33.1,33.12,32.73,33.02,32.65,32.68,32.57,32.85,32.43,32.35,32.26,32.28,32.51,32.28,32.36,32.28,32.35,32.73,32.7,32.94,32.95,32.95,33.04,33.15,33.52,33.29,33.24,33.1,33.36,33.2,33.44,32.85,32.77,32.95,32.65,32.6,32.68,32.6,32.51,32.62,32.51,32.35,32.73,32.65,32.45,32.23,32.48,32.36,32.48,32.35,32.48,32.53,32.57,32.73,32.7,32.6,32.48,32.94,32.94,33.37,33.07,33.44,33.04,33.2,33.37,33.19,33.41,33.04,33.12,33.1,32.95,33.07,33.04,32.78,32.94,32.9,32.65,32.48,32.35,32.35,31.89,30.95,27.32,21.94,20.54,20.24,19.84,19.8,19.68,19.33,19.47
20.31,19.87,20.21,20.24,20.58,20.54,20.98,23.22,28.46,30.33,30.82,30.65,30.92,31.35,31.32,31.47,31.86,31.77,31.69,31.94,32.2,31.86,31.94,32.26,32.11,32.23,32.2,32.03,31.57,31.74,31.81,31.72,31.47,31.47,31.44,31.69,31.86,31.66,31.72,31.77,31.72,31.61,31.77,31.86,31.83,31.77,32.18,32.14,32.4,32.48,32.7,32.68,32.68,32.77,32.7,32.85,33.1,33.15,33.41,33.46,33.83,33.66,33.44,33.78,33.61,33.52,33.37,33.37,33.19,33.07,33.27,33.1,32.85,32.78,32.77,32.6,32.65,32.51,32.35,32.28,32.31,32.11,32.43,32.6,32.51,32.6,32.51,32.68,32.9,32.82,33.02,32.99,33.2,33.1,33.1,33.27,33.29,33.46,33.24,33.37,32.99,32.94,33.19,32.73,33.1,33.04,32.73,32.78,32.87,32.77,32.53,32.53,32.57,32.85,32.26,32.43,32.68,32.43,32.65,32.6,32.4,32.45,32.45,32.51,32.7,32.94,32.94,32.95,33.24,33.1,33.12,33.2,33.2,33.32,33.52,33.52,33.27,33.29,33.02,33.07,33.02,33.07,32.87,32.43,32.82,32.94,32.68,32.35,32.31,32.14,31.12,28.51,22.96,21.16,20.14,20.14,20.12,19.7,19.26,19.48
19.68,19.84,20.05,19.95,20.21,20.86,21.16,23.79,28.8,29.98,30.33,30.75,31.07,31.1,31.61,31.56,31.66,31.69,31.72,32.03,31.89,32.14,32.26,32.09,32.11,32.11,31.98,32.09,32.03,31.61,31.91,31.74,31.57,31.57,32.03,31.83,31.91,32.03,31.98,32.03,31.98,31.89,31.83,31.77,32.18,32.11,32.2,32.28,32.53,32.57,32.73,32.77,32.68,32.78,33.07,33.04,33.29,33.29,33.69,33.54,33.69,33.69,33.83,33.36,33.49,33.41,33.61,33.44,33.24,33.19,33.37,33.04,32.94,32.82,32.62,32.51,32.48,32.2,32.53,32.14,32.31,32.18,32.36,32.48,32.6,32.6,32.7,32.99,33.02,32.82,33.19,33.07,33.1,33.12,33.1,33.41,33.29,33.54,33.15,33.52,33.41,33.2,33.46,33.19,33.07,33.07,33.12,33.04,33.1,32.87,32.87,32.68,32.43,32.85,32.73,32.35,32.62,32.62,32.51,32.57,32.7,32.65,32.57,32.68,32.68,32.85,33.12,33.19,33.41,33.1,33.12,33.12,33.29,33.41,33.74,33.49,33.44,33.1,33.37,33.1,33.1,33.07,33.12,32.78,33.04,32.51,32.53,32.26,32.57,31.94,31.35,29.12,23.48,20.98,20.49,20.58,20.05,20.09,19.68,19.52
19.95,20.17,20.12,20.21,20.42,20.61,21.23,24.36,28.98,30.08,30.33,30.73,30.95,31.27,31.44,31.69,31.77,31.64,31.74,31.81,32.03,32.35,32.36,32.43,32.43,32.26,32.28,32.2,32.01,31.74,31.91,31.74,31.66,31.94,31.89,31.94,32.11,32.03,31.91,31.94,32.06,31.74,32.26,32.14,32.18,32.26,32.2,32.45,32.51,32.62,32.73,32.7,32.95,32.99,33.07,33.19,33.49,33.61,33.74,33.57,33.66,33.71,33.71,33.46,33.49,33.32,33.61,33.54,33.2,33.07,33.02,33.04,32.95,32.7,32.87,32.45,32.48,32.57,32.35,32.31,32.11,32.01,32.45,32.45,32.53,32.57,32.45,32.78,32.82,33.15,33.12,32.99,33.19,33.1,33.12,33.46,33.27,33.41,33.69,33.52,33.36,33.52,33.37,33.46,33.15,33.29,33.19,33.07,33.1,33.1,33.1,32.77,32.87,32.9,32.7,32.82,32.57,32.78,32.62,32.53,32.7,32.94,32.65,32.85,32.78,33.2,33.12,33.1,32.9,33.19,33.24,33.29,33.36,33.44,33.52,33.44,33.29,33.07,33.2,33.24,33.37,33.29,33.07,32.87,32.87,32.82,32.48,32.28,32.43,32.26,31.24,29.81,24.33,21.23,20.71,19.62,20.05,19.65,19.55,19.3
20.05,19.92,20.24,20.24,20.49,20.54,21.2,24.63,29.07,30.21,30.26,30.78,31.15,31.1,31.32,31.64,31.56,31.74,31.77,31.86,31.35,31.94,31.98,32.26,32.68,32.57,32.62,31.94,32.23,31.83,32.11,31.83,32.01,31.83,32.03,32.31,32.03,32.28,32.53,32.23,31.91,32.2,32.06,32.18,32.45,32.31,32.4,32.87,32.57,32.85,33.19,33.07,33.2,33.24,33.37,33.52,33.66,33.69,33.79,33.83,33.66,33.49,33.54,33.78,33.54,33.69,33.32,33.27,33.49,33.07,33.2,33.19,33.07,32.87,32.62,32.65,32.51,32.45,32.45,32.23,32.14,32.23,32.28,32.73,32.6,32.51,32.68,32.94,33.04,33.07,33.2,33.1,33.1,33.07,32.9,33.49,33.41,33.46,33.49,33.57,33.66,33.74,33.57,33.46,33.79,33.52,33.29,33.27,33.27,33.24,32.99,33.04,32.82,32.87,33.02,32.99,33.1,32.85,32.62,32.85,32.82,32.85,32.62,33.04,32.65,32.9,33.19,33.27,33.04,33.15,33.12,33.37,33.37,33.41,33.2,33.46,33.19,33.07,33.2,33.32,33.36,33.32,33.2,33.02,32.82,32.87,32.65,32.31,32.11,32.03,31.47,29.52,24.68,21.16,20.31,20.24,20.05,19.7,19.55,19.8
20.12,19.73,20.36,20.31,20.31,20.91,21.1,24.09,28.66,30.13,30.38,30.61,30.66,31.19,31.12,31.61,31.61,31.81,31.52,30.98,31.24,31.29,31.49,32.45,32.6,32.45,32.23,32.4,32.26,32.01,31.94,31.94,32.09,32.09,32.18,32.4,32.14,32.26,32.09,32.26,31.83,32.28,32.43,32.14,32.4,32.51,32.62,32.82,32.9,33.15,33.02,33.27,33.29,33.54,33.83,33.54,33.86,33.71,33.86,33.93,33.66,33.69,33.46,33.57,33.62,33.54,33.37,33.44,32.94,32.95,32.9,33.12,32.85,32.77,32.68,32.45,32.43,32.31,32.18,32.26,32.4,32.45,32.4,32.31,32.53,32.82,32.7,32.73,32.85,33.04,33.2,32.99,32.94,32.85,33.37,33.41,33.36,33.54,33.52,33.71,33.86,33.86,33.46,33.69,33.93,33.93,33.74,33.83,33.52,33.61,33.36,33.27,33.2,33.19,33.15,33.12,33.24,32.99,32.99,32.73,32.85,32.68,32.65,32.94,32.82,32.78,33.1,33.15,33.29,33.1,33.37,33.2,33.27,33.36,33.2,33.36,33.24,33.36,33.2,33.41,33.54,33.49,32.9,32.95,32.94,32.85,32.62,32.28,31.91,31.74,31.27,29.69,24.78,21.38,20.42,19.99,19.92,19.52,19.87,19.52
19.87,20.24,20.14,19.95,20.36,20.68,21.27,23.38,28.46,29.69,30.26,30.83,30.9,31.1,31.39,31.47,31.39,31.44,31.56,30.87,31.12,31.15,31.4,32.14,32.62,32.6,32.57,32.23,32.06,31.77,32.14,32.09,32.06,31.98,31.89,32.06,32.28,32.36,32.45,32.26,32.43,32.28,32.68,32.45,32.68,32.77,32.6,32.95,33.2,32.99,33.41,33.44,33.83,33.71,33.74,33.93,33.57,33.83,33.74,33.86,33.78,33.49,33.66,33.36,33.37,33.19,32.99,33.24,33.15,33.1,32.77,32.85,32.87,32.77,32.51,32.36,32.53,32.23,32.01,32.26,32.03,32.06,32.06,32.26,32.43,32.4,32.48,32.85,33.02,32.95,33.07,32.87,32.99,33.19,33.1,33.2,32.99,33.37,33.2,33.44,33.52,33.71,33.74,33.78,33.74,33.66,33.78,33.66,33.69,33.66,33.46,33.46,33.54,33.41,33.24,33.44,33.2,33.2,32.99,32.77,32.87,32.95,32.78,33.15,32.85,32.77,33.04,32.78,33.07,33.2,33.24,33.07,33.19,33.46,33.49,33.41,33.07,33.32,33.15,33.54,33.32,33.19,33.41,32.87,32.51,32.68,32.28,32.06,32.31,31.47,31.24,29.29,24.36,21.53,20.61,20.21,19.95,19.7,19.47,19.52
19.87,20.27,20.51,20.14,20.36,20.61,21.2,22.69,28.04,29.56,30.16,30.53,30.58,31.19,31.07,31.19,31.44,31.66,31.64,30.98,30.82,30.87,31.39,32.06,32.26,32.53,32.35,31.98,32.23,31.94,31.91,31.83,32.18,32.06,32.18,31.89,32.11,32.36,32.4,32.23,32.26,32.51,32.43,32.57,32.78,32.77,32.9,33.27,33.12,33.2,33.61,33.66,34.04,34.1,33.74,33.86,33.83,33.93,33.86,33.69,33.74,33.54,33.61,33.36,33.66,33.54,33.2,33.37,33.02,32.95,33.02,32.87,32.82,32.78,32.36,32.57,32.23,32.14,32.18,32.11,32.01,31.98,32.31,32.35,32.45,32.36,32.57,32.6,32.87,32.95,33.04,33.07,33.04,32.95,32.95,33.41,33.27,33.1,33.32,33.54,33.32,33.62,33.86,33.86,33.86,33.96,33.91,33.91,33.83,33.93,33.93,33.52,33.57,33.62,33.66,33.32,33.46,33.32,33.24,33.1,33.2,33.07,32.99,33.1,32.87,33.04,32.94,33.15,33.1,33.12,33.1,33.49,33.37,33.44,33.41,33.19,33.27,33.1,33.37,33.49,33.54,33.37,32.7,32.6,32.45,32.26,32.35,32.23,31.89,31.4,30.9,28.83,23.91,21.08,20.31,19.87,19.9,19.73,19.4,19.18
20.12,20.02,20.32,20.58,20.17,20.46,20.98,22.06,27.12,29.35,30.26,30.33,30.82,30.65,31.1,31.29,31.77,31.74,31.57,31.72,31.2,30.9,31.66,32.11,32.23,32.01,32.06,32.2,32.14,31.98,32.14,31.89,32.03,31.91,32.09,32.43,32.35,32.14,32.43,32.57,32.6,32.51,32.94,32.68,32.85,32.99,33.1,33.12,33.49,33.62,33.79,33.69,33.96,34.01,33.93,33.93,33.66,33.62,33.78,33.71,33.83,33.44,33.54,33.41,33.29,33.44,33.46,33.1,33.07,32.95,32.62,32.62,32.57,32.43,32.26,32.26,32.28,32.01,32.06,32.26,31.86,32.06,32.26,32.11,32.23,32.4,32.68,32.94,32.87,32.9,33.1,33.07,33.02,33.1,33.04,32.87,33.02,33.15,33.19,33.24,33.52,33.69,33.79,33.96,34.1,34.08,34.18,34.1,34.25,34.16,33.96,34.01,33.74,33.79,33.57,33.52,33.71,33.41,33.44,33.07,33.32,33.1,33.02,33.19,33.02,32.99,32.99,32.85,33.19,33.07,33.12,33.46,33.44,33.32,33.19,33.24,33.02,33.29,33.41,33.46,33.32,32.99,33.07,32.26,32.28,32.03,32.2,31.98,31.66,31.2,30.61,27.92,23.22,20.95,20.32,20.02,19.92,19.65,19.65,19.62
19.9,20.31,20.14,20.27,20.61,20.49,20.73,21.69,25.7,28.98,29.89,30.21,30.87,30.58,30.95,31.39,31.64,31.64,31.69,31.74,31.91,32.01,32.09,32.14,32.06,32.14,32.31,32.14,32.14,32.09,32.01,32.11,32.23,31.94,32.09,32.28,32.2,32.26,32.2,32.45,32.4,32.51,32.78,32.78,33.02,33.29,33.46,33.61,33.54,34.01,34.08,34.08,33.86,34.33,33.74,33.96,33.62,33.78,33.57,33.69,33.52,33.46,33.62,33.37,33.32,33.32,33.32,33.27,33.07,33.07,32.68,32.53,32.57,32.36,32.2,31.98,32.18,32.11,32.01,31.89,32.01,32.01,32.23,32.06,32.45,32.62,32.51,32.78,32.7,32.77,32.85,33.12,32.77,32.87,32.9,32.9,33.44,33.29,33.29,33.49,33.57,33.61,33.66,33.78,34.01,34.08,34.04,34.01,34.35,34.35,34.13,34.16,34.1,33.99,33.79,33.71,33.74,33.61,33.46,33.46,33.29,33.54,33.41,33.24,33.29,33.07,33.46,32.99,33.27,33.24,33.24,33.27,33.46,33.29,33.2,33.41,33.29,33.2,33.41,33.36,33.36,32.95,32.53,32.43,32.06,31.98,31.94,31.86,31.81,30.9,30.09,26.56,22.14,20.68,20.09,19.9,19.9,19.52,19.18,19.48
19.99,20.05,20.46,20.12,20.12,20.58,20.71,21.01,24.14,28.43,29.49,29.93,30.38,30.75,31.12,31.02,31.24,31.49,31.83,32.01,31.86,32.03,31.83,32.28,32.26,32.06,32.06,32.03,32.18,32.35,32.26,32.11,32.03,32.23,32.11,32.4,32.4,32.45,32.4,32.78,32.65,32.85,33.1,33.2,33.29,33.54,33.99,33.83,34.01,34.25,34.01,33.79,34.04,33.83,34.08,33.93,33.79,33.37,33.52,33.69,33.49,33.46,33.44,33.15,32.87,33.15,32.9,32.9,32.9,32.77,32.4,32.48,32.28,32.35,32.35,32.09,32.18,31.98,31.98,32.03,31.89,32.01,32.11,32.18,32.26,32.68,32.4,32.7,32.94,32.94,32.78,32.99,32.99,32.9,33.29,33.15,33.15,33.12,33.41,33.29,33.52,33.83,33.86,33.88,33.88,34.18,33.91,34.3,34.3,34.55,34.35,34.41,34.18,34.21,34.16,33.88,33.93,33.91,33.86,33.49,33.49,33.52,33.37,33.44,33.27,33.12,33.37,32.9,33.29,33.27,33.2,33.29,33.57,33.2,33.32,33.24,33.15,33.27,33.57,33.46,33.49,33.19,32.51,32.57,31.91,32.06,32.06,31.77,31.39,30.73,29.29,25.07,21.9,20.71,20.12,20.09,19.62,19.52,19.55,19.26
19.77,20.17,20.39,20.31,20.12,20.54,20.76,21.16,22.46,27.29,28.95,29.96,30.04,30.61,30.82,31.03,31.32,31.57,31.69,31.81,31.77,31.83,32.09,32.18,32.26,32.06,32.23,32.26,32.03,31.89,31.86,32.23,32.18,32.26,32.35,32.23,32.14,32.43,32.57,32.65,32.62,33.04,33.2,33.36,33.74,33.93,33.93,34.1,34.18,33.88,33.99,33.83,33.93,33.86,33.69,33.46,33.86,33.66,33.36,33.69,33.54,33.27,32.99,33.07,32.9,33.19,32.7,32.78,32.94,32.78,32.45,32.35,32.11,32.36,32.23,32.2,32.14,31.81,32.03,31.86,31.86,31.94,32.03,32.06,32.57,32.51,32.53,32.53,32.68,32.87,32.82,32.73,32.87,32.87,32.9,32.85,33.36,33.32,33.24,33.27,33.44,33.74,33.79,33.96,33.83,34.01,34.25,34.08,34.3,34.55,34.55,34.3,34.47,34.3,34.04,34.16,33.83,34.01,33.74,33.96,33.49,33.44,33.27,33.49,33.41,33.37,33.02,33.29,33.27,33.27,33.12,33.32,33.36,33.24,33.36,33.41,33.1,33.24,33.32,33.41,33.27,33.1,32.57,32.26,32.09,32.23,31.98,31.56,31.07,30.33,27.91,23.06,21.23,20.24,19.95,19.73,19.65,19.43,19.4,19.52
19.65,19.9,20.12,20.17,20.36,20.36,20.64,20.79,21.6,24.86,28.71,29.27,29.98,30.09,30.75,31.19,31.44,31.44,31.52,31.66,31.72,31.94,32.01,31.94,32.03,32.11,32.01,31.89,32.18,32.14,32.06,32.14,32.4,32.01,32.62,32.35,32.6,32.65,32.57,32.95,33.24,33.69,33.52,33.74,34.26,34.04,34.26,34.08,33.96,34.13,34.08,33.71,33.78,33.83,33.88,33.66,33.52,33.61,33.36,33.52,33.44,33.29,33.1,33.24,33.02,32.77,32.9,32.82,32.57,32.43,32.53,32.45,32.35,32.35,32.01,31.98,31.74,31.81,31.89,31.77,32.11,31.94,32.18,32.26,32.36,32.4,32.43,32.48,32.65,32.7,32.68,32.78,32.62,32.9,33.02,32.78,32.94,33.24,33.36,33.46,33.2,33.71,33.71,33.61,33.78,33.86,33.96,33.93,34.47,34.48,34.26,34.18,34.73,34.43,34.55,34.41,34.38,33.96,33.96,33.74,33.78,33.74,33.44,33.54,33.69,33.29,33.46,33.27,33.37,33.37,33.41,33.32,33.27,33.57,33.37,33.46,33.36,33.36,33.36,33.62,33.19,33.44,33.15,32.65,32.57,32.23,31.52,31.29,30.87,29.39,25.84,21.84,20.71,20.24,19.87,19.99,19.58,19.65,19.48,19.47
19.9,20.36,20.17,20.32,20.39,20.17,20.58,20.71,21.05,22.81,27.37,28.92,29.81,30.24,30.7,31.03,31.1,31.57,31.74,31.72,31.77,31.83,31.89,32.06,32.28,32.35,32.18,32.09,32.45,32.26,32.26,32.43,32.31,32.35,32.6,32.68,32.78,32.78,33.24,33.19,33.62,33.71,34.13,33.71,34.3,33.99,33.99,33.99,34.01,33.99,33.88,33.83,33.71,33.88,33.74,33.78,33.49,33.29,33.36,33.27,33.27,33.41,33.2,33.12,33.36,33.04,33.07,32.62,32.62,32.45,32.2,32.53,32.31,32.51,32.35,32.09,32.01,31.81,31.89,32.03,31.77,32.23,32.11,32.36,32.51,32.62,32.31,32.68,32.73,32.6,32.62,32.62,33.07,33.19,33.04,33.2,33.15,33.61,33.46,33.27,33.66,33.91,33.37,33.83,33.79,33.83,34.21,34.18,34.25,34.04,34.43,34.41,34.72,34.65,34.72,34.52,34.48,34.08,33.88,34.1,34.01,33.79,33.69,33.74,33.49,33.74,33.54,33.54,33.27,33.36,33.36,33.36,33.29,33.54,33.27,33.44,33.27,33.37,33.41,33.29,33.24,33.07,33.27,32.85,32.62,32.35,31.69,30.95,30.08,27.71,23.33,21.05,20.09,20.17,19.92,19.7,19.73,19.62,19.4,19.21
19.87,20.17,20.12,20.14,20.02,20.17,20.49,20.73,21.05,21.32,24.51,28.28,28.76,29.72,30.46,30.65,31.12,31.39,31.61,31.69,31.89,31.83,31.98,32.14,32.23,32.06,31.94,32.18,32.11,32.4,32.31,32.48,32.31,32.6,32.62,32.85,32.87,33.02,33.36,33.61,34.08,34.3,33.99,34.04,33.91,33.96,34.08,33.91,33.86,33.88,33.96,33.54,33.49,33.44,33.71,33.49,33.44,33.46,33.24,33.12,33.19,33.12,32.94,33.2,33.07,32.77,32.87,32.7,32.51,32.31,32.4,32.31,32.11,32.36,31.89,32.14,32.2,31.74,31.86,31.91,32.06,32.09,32.06,32.11,32.36,32.68,32.51,32.51,32.78,32.77,32.82,32.73,32.85,33.04,32.85,33.12,32.99,33.1,33.41,33.29,33.44,33.74,33.61,33.83,33.78,33.96,33.96,34.18,33.99,34.41,34.35,34.38,34.52,34.48,34.8,34.68,34.72,34.65,34.43,34.04,34.04,34.08,33.91,33.86,33.54,33.46,33.61,33.49,33.15,33.41,33.46,33.32,33.44,33.46,33.37,33.52,33.27,33.19,33.44,33.36,33.24,32.95,32.77,32.85,32.11,31.86,31.2,30.41,28.8,24.39,21.69,20.64,20.14,20.05,19.84,19.77,19.9,19.55,19.65,19.25
20.17,19.99,20.21,20.12,20.09,20.24,20.46,20.54,20.68,21.16,22.29,26.18,28.48,29.67,30.08,30.78,30.7,31.35,31.12,31.64,31.81,32.03,31.91,31.86,32.09,32.43,32.26,32.23,32.18,32.45,32.23,32.48,32.7,32.77,32.87,33.1,33.15,33.52,33.61,34.08,34.08,34.1,34.25,34.08,33.78,33.74,33.66,33.66,33.66,33.83,33.78,33.66,33.54,33.49,33.54,33.29,32.94,33.46,33.24,33.36,33.15,33.15,33.2,33.1,33.02,32.7,32.82,32.82,32.4,32.28,32.43,32.35,32.4,32.23,31.94,31.91,32.09,32.2,32.14,31.86,32.01,32.09,32.26,32.31,32.43,32.62,32.51,32.45,32.48,32.62,32.99,32.94,32.68,32.62,33.04,32.99,33.27,33.19,32.95,33.54,33.37,33.62,33.49,33.66,33.79,33.57,34.1,34.01,34.1,33.86,34.38,34.47,34.26,34.52,34.65,34.82,34.72,34.68,34.68,34.55,34.38,34.08,33.86,33.93,33.54,33.78,33.61,33.54,33.27,33.52,33.46,33.27,33.44,33.36,33.61,33.61,33.24,33.15,33.2,33.2,33.07,32.82,32.45,32.23,31.98,31.24,30.58,29.27,25.91,22.39,21.05,20.51,20.27,19.92,19.65,19.8,19.65,19.25,19.4,19.52
20.09,19.95,19.87,20.05,20.49,20.17,20.36,20.39,20.64,20.98,21.23,22.78,26.58,28.88,29.77,30.38,30.38,31.03,31.15,31.44,31.57,31.77,32.03,31.81,32.31,32.26,32.14,32.35,32.14,32.6,32.53,32.7,32.6,32.77,32.94,33.07,33.74,33.93,33.99,33.93,33.91,33.78,33.74,33.86,33.74,33.61,33.49,33.74,33.46,33.78,33.49,33.37,33.62,33.19,33.32,33.32,33.29,33.24,33.19,33.12,33.2,32.95,33.1,32.53,32.78,32.7,32.7,32.4,32.43,32.36,32.4,32.26,32.4,32.45,31.94,31.98,32.11,31.94,31.83,31.89,32.11,31.91,32.09,32.31,32.26,32.18,32.48,32.48,32.62,32.4,32.73,32.7,32.87,32.9,32.9,33.04,33.07,33.1,33.04,33.41,33.19,33.52,33.78,33.62,33.86,33.69,33.71,33.69,33.88,34.04,33.93,34.16,34.13,34.25,34.65,34.63,34.68,34.89,34.8,34.73,34.77,34.18,34.16,33.99,33.79,33.83,33.57,33.49,33.62,33.12,33.61,33.32,33.29,33.29,33.46,33.29,33.24,33.04,33.19,32.78,32.62,32.48,32.18,31.72,31.49,30.83,29.27,26.34,22.93,21.32,20.54,20.36,19.73,19.92,19.65,19.36,19.68,19.33,19.3,19.4
20.21,20.12,20.17,19.9,20.14,20.14,20.31,20.51,20.61,20.83,20.91,21.6,23.48,26.8,28.76,29.72,30.21,31.1,31.12,31.44,31.64,31.52,31.89,31.81,32.2,32.11,32.2,32.36,32.35,32.36,32.78,32.65,33.15,33.29,33.52,33.96,34.21,34.01,34.08,33.86,33.83,33.66,33.93,33.52,33.44,33.62,33.52,33.83,33.27,33.15,33.29,33.27,33.32,33.41,33.29,33.46,33.57,33.15,33.12,32.94,32.78,32.78,32.9,32.78,32.95,32.65,32.57,32.62,32.48,32.4,32.28,32.48,32.43,32.36,32.26,32.03,32.18,31.86,31.94,32.03,31.86,32.18,32.01,32.23,32.31,32.35,32.6,32.48,32.85,32.65,32.48,32.45,32.53,32.7,32.87,33.04,32.78,32.9,32.99,33.24,33.2,33.41,33.49,33.66,33.49,33.66,33.79,33.61,33.93,33.88,33.99,33.96,34.21,34.21,34.41,34.68,34.8,34.52,34.72,34.68,34.85,34.68,34.72,33.96,34.08,33.88,33.74,33.49,33.62,33.52,33.32,33.44,33.74,32.95,33.49,33.27,32.9,32.85,32.85,32.85,32.28,32.09,31.86,31.52,30.98,29.96,26.29,22.93,21.43,20.61,20.12,20.32,19.8,19.84,19.84,19.68,19.58,19.47,19.47,19.4
19.95,19.9,20.05,20.31,20.12,19.92,20.39,20.46,20.58,20.64,20.91,20.98,21.5,23.33,26.81,29.15,29.77,30.45,30.78,31.24,31.29,31.66,32.01,32.09,32.23,32.09,32.35,32.48,32.73,32.94,33.04,33.57,33.57,33.74,34.08,34.1,34.16,33.88,33.62,33.96,33.54,33.57,33.61,33.46,33.44,33.1,33.61,33.49,33.44,33.44,33.36,33.19,33.1,32.95,33.27,32.99,33.02,33.15,33.44,33.04,32.99,33.2,32.68,32.68,32.51,32.48,32.48,32.36,32.53,32.26,32.28,32.26,32.28,32.36,32.06,32.31,32.14,31.83,32.23,32.18,31.91,32.09,32.2,31.98,32.35,32.51,32.31,32.51,32.9,32.9,32.7,32.82,32.57,32.65,32.7,32.87,32.82,33.46,32.95,33.41,33.19,33.41,33.61,33.78,33.37,33.57,33.49,33.54,33.71,33.88,34.01,33.79,34.25,34.08,34.52,34.6,34.63,34.43,34.65,34.55,34.68,34.68,34.77,34.38,34.13,34.16,33.88,33.54,33.96,33.69,33.66,33.32,33.29,33.52,33.12,33.07,33.02,32.68,32.62,32.35,32.18,31.64,31.24,30.46,29.47,26.06,22.63,21.16,20.73,20.31,19.87,19.95,19.62,19.58,19.58,19.7,19.48,19.43,19.52,19.36
20.05,19.8,20.02,20.02,20.27,20.02,20.21,20.27,20.02,20.73,20.51,20.98,21.01,21.38,23.03,26.23,28.92,29.77,30.26,30.65,31.19,31.1,31.57,31.66,32.03,32.23,32.48,32.78,32.94,32.85,33.12,33.57,33.93,34.18,34.25,34.16,33.83,33.86,33.69,33.69,33.61,33.54,33.32,33.07,33.32,33.2,33.32,33.15,33.52,33.15,33.24,33.07,33.37,33.12,33.19,33.1,32.95,32.85,32.85,32.85,32.87,32.82,32.68,32.51,32.78,32.35,32.31,32.23,32.28,32.51,32.28,32.14,32.36,32.4,32.06,32.09,32.11,31.98,31.94,31.91,31.64,31.89,32.06,32.18,32.14,32.28,32.7,32.62,32.9,32.7,32.87,32.95,32.62,32.7,32.7,32.77,32.95,32.87,33.2,33.02,33.36,33.54,33.37,33.54,33.46,33.69,33.66,33.83,33.79,33.74,33.78,33.69,34.1,33.83,34.25,34.13,34.25,34.35,34.3,34.33,34.73,34.85,34.55,34.73,34.72,34.38,34.21,34.08,33.71,33.74,33.52,33.36,33.24,33.19,33.24,33.12,32.65,32.78,32.45,32.06,31.86,31.19,30.08,28.51,25.32,22.43,21.2,20.61,20.17,20.27,19.65,19.87,19.7,19.84,19.33,19.48,19.55,19.4,19.25,19.48
19.84,19.87,19.87,19.92,20.05,20.12,20.51,20.32,20.05,20.46,20.51,20.76,20.71,20.91,21.65,22.76,25.25,27.76,29.15,30.24,30.75,31.24,31.44,32.01,31.81,32.36,32.62,32.78,33.02,33.62,34.01,34.1,34.35,34.21,34.16,33.99,33.91,33.57,33.52,33.49,33.29,33.61,33.37,33.12,33.27,33.07,32.99,33.12,32.94,33.27,33.1,32.94,33.32,33.04,33.07,32.99,32.95,32.94,32.85,32.85,33.02,32.7,32.7,32.51,32.7,32.26,32.43,32.43,32.45,32.28,32.51,32.23,32.28,32.28,32.2,32.11,31.83,31.98,32.23,31.94,31.74,32.09,32.43,32.14,32.2,32.43,32.65,32.6,32.73,32.43,32.78,33.02,32.73,32.62,32.7,32.68,33.02,32.95,32.95,32.82,33.04,33.2,33.37,33.2,33.49,33.36,33.69,33.57,33.49,33.79,33.86,33.86,33.93,33.91,33.96,34.1,34.26,34.16,34.26,34.08,34.35,34.47,34.35,34.68,34.68,34.68,34.82,34.48,34.33,34.1,33.54,33.66,33.71,33.62,33.07,33.02,32.82,32.35,32.11,31.29,30.58,29.39,27.0,23.97,22.06,21.38,20.98,20.36,20.24,20.02,19.26,19.87,19.47,19.7,19.33,19.48,19.52,19.36,19.68,19.52
19.84,19.77,19.9,20.05,19.95,20.31,19.92,20.46,19.99,20.21,20.58,20.76,20.98,20.9,21.28,21.87,22.12,23.45,25.75,29.19,30.45,31.1,31.52,32.23,32.14,32.6,32.99,33.49,33.93,33.96,34.43,34.18,33.99,34.1,33.86,33.99,33.71,33.57,33.36,33.61,33.41,33.2,32.95,32.99,33.12,33.44,33.1,33.02,32.9,33.12,32.7,33.12,33.02,33.12,32.87,32.57,32.7,33.07,32.99,32.78,32.77,32.65,32.45,32.6,32.4,32.28,32.35,32.11,32.18,32.43,32.35,32.51,32.45,32.2,32.11,32.03,31.89,31.94,32.18,32.18,31.89,32.28,32.14,32.31,32.26,32.35,32.4,32.6,32.73,32.6,32.68,32.78,32.53,32.82,32.68,32.82,32.94,32.9,32.95,33.2,33.04,33.24,33.46,33.52,33.61,33.49,33.46,33.69,33.79,33.61,33.52,33.88,33.91,33.93,34.08,33.93,34.21,34.08,34.26,34.25,34.38,34.3,34.43,34.55,34.73,35.02,34.73,34.77,35.1,34.57,34.43,34.26,34.01,33.37,33.32,32.82,32.45,32.09,31.57,29.76,26.92,24.66,22.76,21.53,21.27,20.49,20.27,20.31,20.07,19.77,19.55,19.48,19.62,19.55,19.65,19.8,19.68,19.18,19.36,19.25
19.77,19.7,20.42,19.92,20.02,20.02,19.92,20.14,20.39,20.64,20.49,20.49,20.54,20.86,21.28,21.13,21.47,22.24,24.59,29.03,30.9,31.64,32.26,32.51,32.7,33.02,33.49,33.66,33.79,33.74,34.26,33.83,33.88,33.79,33.83,33.71,33.46,33.49,33.37,33.2,33.36,33.04,33.1,33.04,33.12,32.94,32.87,32.87,32.87,32.87,33.1,32.77,32.94,33.19,32.87,33.12,32.9,32.82,32.77,32.6,32.4,32.6,32.53,32.4,32.51,32.31,32.28,32.31,32.43,32.35,32.06,32.26,32.2,32.4,31.94,32.23,32.14,31.98,32.11,32.14,32.03,32.28,32.2,32.03,32.23,32.35,32.57,32.6,32.43,32.36,32.62,32.85,32.87,32.77,32.78,32.68,32.73,32.9,32.6,33.04,33.02,33.1,33.29,33.66,33.61,33.37,33.54,33.49,33.57,33.66,33.93,33.74,33.79,33.86,33.79,33.93,34.21,33.99,34.33,34.18,34.18,34.25,34.26,34.3,34.72,34.57,34.72,34.85,34.77,34.94,34.82,34.65,34.25,34.41,33.74,33.36,32.7,32.51,31.66,28.16,23.91,22.12,21.57,21.32,20.54,20.36,19.99,20.02,19.95,19.9,19.65,19.92,19.52,19.58,19.47,19.25,19.18,19.25,19.48,19.47
20.12,19.95,19.95,20.14,19.95,19.92,19.9,20.09,20.17,20.31,20.17,20.54,20.54,20.68,21.1,21.1,21.08,22.14,25.55,29.35,30.9,31.74,31.94,32.62,32.6,32.94,32.94,33.41,33.79,33.91,33.86,33.79,33.91,33.57,33.71,33.71,33.44,33.1,33.02,33.04,33.12,33.04,32.9,32.85,32.73,33.07,32.82,32.85,33.02,33.07,32.85,32.87,33.04,32.94,32.9,32.87,32.85,32.7,32.78,32.77,32.53,32.35,32.62,32.43,32.4,32.18,32.14,32.01,32.14,32.23,32.09,31.91,32.26,32.09,32.01,32.14,31.94,32.09,32.01,31.94,32.11,32.01,32.2,32.14,32.36,32.18,32.43,32.43,32.53,32.57,32.85,32.94,32.77,32.51,32.51,32.57,32.87,32.65,33.12,33.02,33.2,33.07,33.15,33.54,33.41,33.46,33.57,33.74,33.62,33.79,33.61,33.88,33.83,34.01,33.88,33.61,33.88,34.01,33.79,33.79,34.25,34.1,34.13,34.41,34.21,34.48,34.52,34.89,34.9,34.6,34.82,34.68,34.63,34.33,34.16,33.99,33.37,32.94,31.83,28.28,23.27,21.57,20.83,20.68,20.39,20.09,20.05,19.68,19.8,20.02,19.84,19.55,19.4,19.36,19.55,19.52,19.55,19.7,19.47,19.26
19.68,19.87,19.99,19.84,19.92,20.05,19.9,19.95,20.21,20.14,20.17,20.58,20.79,20.83,20.64,21.35,21.16,22.29,26.41,29.76,30.55,31.12,31.71,32.31,32.23,32.57,32.6,33.04,33.44,33.49,33.49,33.61,33.71,33.46,33.36,33.44,33.36,33.1,32.9,33.1,33.04,33.2,32.87,32.7,33.12,32.78,32.94,32.9,33.12,32.82,32.87,32.7,32.87,32.7,32.9,32.36,32.73,32.77,32.94,32.78,32.43,32.35,32.35,32.2,32.31,32.35,32.2,32.43,32.31,32.2,32.09,32.06,32.09,32.36,32.35,32.35,32.06,32.09,32.18,31.91,32.23,31.98,32.2,32.26,32.31,32.6,32.53,32.26,32.6,32.68,32.48,32.77,32.77,32.6,32.68,32.68,32.87,32.85,32.85,33.19,33.1,33.24,33.07,33.44,33.37,33.41,33.37,33.37,33.57,33.74,33.61,33.62,33.78,33.66,33.93,33.74,33.93,33.86,33.99,34.01,34.25,33.99,34.25,34.13,34.18,34.38,34.48,34.63,34.65,34.3,34.43,34.65,34.55,34.25,34.13,33.83,33.37,32.62,31.74,28.55,23.48,21.47,20.79,20.73,20.39,19.84,20.27,19.92,19.77,19.52,19.73,19.62,19.8,19.52,19.21,19.47,19.43,19.47,19.4,19.58
19.92,19.9,19.73,19.87,20.02,20.36,20.17,19.87,20.17,20.54,20.58,20.31,20.49,20.46,20.61,20.98,21.32,22.73,27.6,29.77,30.46,31.44,31.84,31.77,31.89,32.31,32.06,32.6,32.78,33.2,33.32,33.32,33.41,33.44,33.27,33.37,33.15,33.19,32.68,32.9,33.12,33.12,32.99,32.77,33.07,32.99,32.73,33.12,32.99,32.57,32.78,32.85,32.87,32.85,32.9,32.65,32.77,32.87,32.62,32.68,32.51,32.48,32.6,32.53,32.2,31.94,32.18,32.26,32.31,32.23,32.09,32.26,31.94,32.09,32.23,32.23,32.18,32.14,32.35,32.2,31.91,32.18,32.18,31.94,32.28,32.35,32.45,32.45,32.45,32.36,32.73,32.68,32.78,32.4,32.73,33.04,32.82,32.68,32.7,33.19,33.15,32.99,33.29,33.19,33.57,33.46,33.37,33.36,33.71,33.88,33.57,33.78,33.79,33.83,33.86,33.88,33.96,33.91,33.86,34.1,33.91,34.16,33.86,33.93,34.01,34.04,34.13,34.18,34.21,34.1,34.16,34.57,34.21,33.96,33.99,33.52,32.95,32.51,31.24,29.0,23.38,21.43,20.9,20.42,20.05,20.02,19.52,20.02,19.84,19.47,19.48,19.25,19.7,19.43,19.52,19.8,19.62,19.43,19.52,19.33
19.95,20.05,20.02,19.77,19.99,20.21,19.9,20.21,20.09,20.39,20.24,20.05,20.27,20.58,20.83,21.01,21.23,23.23,28.16,29.64,30.41,31.12,31.83,31.72,32.01,32.11,31.98,32.45,32.57,33.07,32.94,33.24,33.27,33.2,33.36,33.2,33.29,33.04,32.9,32.95,32.85,32.99,32.9,32.77,33.02,32.87,33.02,32.9,32.73,32.65,33.07,32.94,32.77,32.95,32.68,32.68,32.95,32.65,32.68,32.68,32.51,32.65,32.45,32.2,32.18,32.11,32.18,31.86,32.36,32.14,31.89,32.28,32.11,32.14,32.11,31.91,32.09,32.14,32.18,32.36,32.03,32.28,32.28,32.03,31.89,32.23,32.26,32.31,32.48,32.48,32.36,32.6,32.73,33.02,32.78,33.12,32.95,33.02,32.9,33.02,33.07,33.07,33.27,33.2,33.12,33.44,33.36,33.44,33.44,33.69,33.88,33.71,33.61,33.83,33.52,33.78,33.86,33.83,33.88,33.74,33.96,33.99,33.88,33.99,34.01,33.99,34.01,33.99,34.33,34.16,33.71,34.1,34.08,33.88,33.29,33.2,32.6,31.89,31.35,28.68,23.79,21.35,20.76,20.49,20.27,19.92,19.84,19.87,19.95,19.8,19.87,19.52,19.55,19.62,19.68,19.52,19.4,19.3,19.7,19.43
20.09,20.05,19.99,19.8,19.99,20.02,20.09,20.05,20.12,20.12,20.32,20.39,20.31,20.73,20.76,20.86,21.42,24.11,28.39,29.89,30.61,31.07,31.4,31.64,31.98,31.56,31.57,32.06,32.31,32.68,32.78,33.04,33.07,33.04,32.87,32.95,33.32,32.9,32.73,32.9,32.94,32.94,32.78,32.7,32.82,32.68,32.78,33.02,32.73,32.65,32.77,32.7,32.87,32.7,32.87,32.57,32.68,32.51,32.65,32.62,32.51,32.28,32.51,32.2,32.36,32.35,31.98,32.23,32.23,32.31,32.2,31.94,32.23,32.11,31.91,32.01,31.98,31.98,32.2,32.11,32.28,32.31,32.35,32.2,32.23,32.36,32.14,32.36,32.6,32.43,32.45,32.51,32.73,32.68,32.77,32.94,32.82,32.95,32.82,33.1,33.07,33.19,33.32,33.37,33.27,33.32,33.62,33.46,33.46,33.57,33.79,33.71,33.71,33.78,33.66,33.41,33.74,33.79,33.79,33.83,33.61,33.91,33.74,34.04,33.83,33.91,33.83,33.86,33.88,34.1,33.66,33.83,33.78,33.62,33.2,33.02,32.48,32.06,30.9,29.0,23.99,21.6,20.73,20.58,20.02,19.95,19.52,19.77,19.77,19.62,19.47,19.8,19.55,19.95,19.3,19.52,19.18,19.26,19.08,19.55
19.84,19.77,19.92,20.02,19.9,19.95,20.17,20.14,20.24,20.24,20.12,20.68,20.32,20.58,20.83,21.1,21.72,25.07,28.76,30.04,30.75,31.07,31.47,31.56,31.91,31.4,31.61,31.72,32.36,32.6,32.78,32.82,33.12,32.9,32.99,32.87,33.1,33.04,32.85,32.87,32.73,32.6,32.82,32.9,33.04,32.87,32.85,32.9,32.65,32.94,32.65,32.65,32.77,32.62,32.7,32.65,32.68,32.53,32.48,32.82,32.48,32.48,32.28,32.2,32.28,32.03,32.23,32.23,32.26,32.2,32.14,32.09,31.86,32.14,31.94,31.86,32.03,32.18,32.06,32.03,32.11,32.23,31.91,32.2,32.4,32.11,32.18,32.28,32.48,32.48,32.73,32.51,32.65,32.68,32.6,32.87,32.82,32.94,32.94,33.2,33.32,33.49,33.44,33.02,33.2,33.61,33.44,33.62,33.69,33.52,33.69,33.57,33.79,33.46,33.79,33.83,33.91,33.83,33.91,33.71,33.69,33.83,33.66,34.01,33.83,33.71,33.86,33.86,33.83,33.52,33.36,33.49,33.57,33.37,32.94,32.95,32.18,31.83,30.9,28.88,23.79,21.5,20.71,20.51,20.36,20.05,19.8,19.87,19.77,19.65,19.7,19.77,19.55,19.73,19.65,19.68,19.62,19.55,19.36,19.43
20.02,20.02,19.8,19.95,19.77,20.27,19.95,19.95,20.14,20.02,19.95,20.14,20.39,20.12,20.98,21.08,21.69,25.94,29.07,29.98,30.61,31.12,31.32,31.57,31.69,31.47,31.56,31.94,31.98,32.43,32.57,32.9,32.87,32.85,32.9,32.51,33.1,32.82,32.62,33.07,32.7,32.82,32.77,32.65,32.87,32.73,32.77,33.04,32.68,32.9,32.9,32.65,32.51,32.73,32.62,32.65,32.82,32.6,32.43,32.4,32.28,32.26,32.14,32.09,32.2,32.09,32.26,32.2,32.2,32.2,32.18,32.31,32.2,32.36,31.94,32.11,31.86,32.09,32.11,32.18,31.94,32.23,32.09,32.09,32.35,32.35,32.43,32.36,32.45,32.28,32.4,32.43,32.51,32.65,32.7,32.78,32.85,33.04,32.82,32.87,33.1,33.19,33.32,33.24,33.19,33.37,33.37,33.54,33.54,33.74,33.52,33.71,33.86,33.41,33.79,33.61,33.91,33.69,33.78,33.78,33.54,33.69,33.62,33.61,33.52,33.71,33.66,33.44,33.66,33.57,33.07,33.12,33.29,33.07,33.04,32.65,31.89,31.49,30.87,29.2,24.14,21.23,20.61,20.46,20.27,19.95,19.84,19.92,19.9,19.77,19.52,19.62,19.52,19.65,19.52,19.48,19.62,19.4,19.55,19.33
19.7,19.8,20.05,19.95,20.12,19.87,19.58,19.99,20.27,20.24,20.32,20.21,20.24,20.58,20.71,21.16,21.9,26.41,29.2,30.04,30.66,31.15,31.22,31.64,31.64,31.39,31.64,31.69,32.06,32.14,32.31,32.65,32.7,32.53,32.82,32.57,32.6,32.94,32.78,33.04,32.9,32.78,32.95,32.73,32.65,33.07,32.85,32.68,32.7,32.9,32.9,32.4,32.48,32.43,32.73,32.31,32.6,32.48,32.4,32.35,32.26,32.31,32.26,32.23,32.2,31.94,32.09,31.86,32.36,32.28,32.28,32.18,32.01,32.14,32.11,32.03,31.83,31.69,31.83,32.01,31.83,31.91,32.23,32.45,32.28,32.09,32.35,32.57,32.45,32.43,32.62,32.57,32.78,32.62,32.77,32.9,32.87,32.87,32.85,32.94,33.02,33.24,33.44,33.46,33.04,33.29,33.37,33.54,33.24,33.57,33.91,33.46,33.54,33.69,33.62,33.66,33.61,33.62,33.61,33.61,33.78,33.32,33.66,33.62,33.44,33.44,33.66,33.41,33.62,33.41,33.19,32.85,32.94,32.95,32.4,32.35,31.86,31.52,30.66,28.95,24.68,21.13,20.54,20.42,20.02,19.58,19.84,19.73,19.7,19.7,19.65,19.52,19.68,19.4,19.3,19.58,19.55,19.26,19.36,19.33
20.09,19.65,20.05,20.05,19.95,20.14,19.92,20.21,20.12,20.14,20.32,20.24,20.36,20.86,20.86,21.28,21.8,27.13,29.59,30.36,30.78,30.75,31.15,31.39,31.64,31.44,31.4,31.77,31.64,32.09,32.26,32.36,32.48,32.62,32.65,32.82,32.9,32.94,32.85,32.77,33.1,32.78,32.78,32.94,32.95,32.68,32.7,32.85,32.7,32.77,32.57,32.78,32.68,32.45,32.57,32.4,32.2,32.2,32.57,32.14,32.28,32.26,32.11,32.03,32.18,31.89,32.2,31.86,32.18,32.23,32.03,32.4,32.14,32.14,32.03,32.26,32.06,31.86,31.81,31.98,31.94,32.06,32.14,31.94,32.23,32.4,32.77,32.57,32.43,32.45,32.6,32.65,32.35,32.7,32.65,32.78,33.1,33.02,33.07,32.95,32.95,33.2,33.19,33.19,33.04,33.24,33.37,33.36,33.52,33.27,33.57,33.61,33.91,33.27,33.78,33.88,33.78,33.78,33.69,33.61,33.66,33.54,33.54,33.88,33.52,33.41,33.52,33.62,33.62,33.24,33.07,33.02,32.99,32.45,32.28,32.14,31.74,31.52,30.65,29.19,25.33,21.72,20.83,20.39,20.12,19.84,19.87,19.84,19.68,19.68,19.43,19.65,19.4,19.25,19.52,19.65,19.8,19.47,19.47,19.25
19.95,20.14,19.9,19.99,19.87,20.09,19.8,19.95,19.9,20.12,20.17,20.32,20.61,20.36,20.98,21.01,22.24,27.13,29.27,30.16,30.66,30.82,31.14,31.1,31.32,31.52,31.74,31.57,31.89,32.28,32.14,32.53,32.51,32.77,32.65,32.53,32.57,32.62,32.9,32.77,32.68,32.7,32.99,32.62,33.02,32.85,32.9,32.65,32.57,32.82,32.48,32.51,32.65,32.68,32.62,32.36,32.43,32.57,32.23,32.14,32.36,32.03,32.11,31.91,32.18,32.23,32.01,32.03,31.86,32.18,31.83,32.2,32.11,32.09,31.91,31.89,31.72,31.86,32.23,31.98,31.81,31.83,32.06,32.35,32.28,32.51,32.51,32.18,32.6,32.43,32.65,32.53,32.57,32.48,32.6,33.07,33.04,32.94,33.19,33.29,33.02,33.12,33.02,33.24,33.32,33.37,33.27,33.27,33.32,33.36,33.54,33.71,33.52,33.49,33.57,33.54,33.62,33.79,33.54,33.44,33.29,33.62,33.54,33.41,33.36,33.54,33.78,33.46,33.36,33.36,32.9,32.99,32.68,32.35,32.23,31.91,31.69,31.56,30.82,29.2,25.7,21.75,20.79,20.24,20.05,20.05,19.62,19.84,19.7,19.55,19.7,19.52,19.18,19.4,19.33,19.36,19.55,19.4,19.15,19.33
19.8,19.87,19.77,19.87,19.84,19.9,19.92,20.17,19.55,20.27,20.27,20.39,20.36,20.49,20.95,20.91,22.96,27.76,29.35,30.26,30.78,30.55,31.24,31.52,31.39,31.49,31.57,31.52,31.77,31.89,32.35,32.31,32.35,32.68,32.7,32.95,32.77,32.62,32.68,32.77,32.85,32.7,32.7,32.85,32.51,32.82,32.77,32.7,32.62,32.6,32.62,32.36,32.53,32.28,32.53,32.73,32.62,32.06,32.28,32.18,32.03,31.89,32.23,32.2,32.01,32.14,31.98,32.4,32.31,32.18,31.91,32.26,31.81,32.14,32.11,32.14,31.83,31.86,31.94,32.01,31.83,31.94,32.03,32.23,32.4,32.36,32.28,32.51,32.31,32.36,32.82,32.6,32.48,32.53,32.73,32.65,32.95,32.94,33.07,32.78,33.04,33.04,33.12,33.27,33.15,33.15,33.15,33.44,33.36,33.52,33.49,33.46,33.71,33.54,33.78,33.66,33.86,33.62,33.57,33.37,33.44,33.74,33.29,33.54,33.44,33.88,33.36,33.19,33.36,33.15,33.04,32.94,32.18,32.14,31.86,31.64,31.49,31.52,30.53,29.29,26.34,21.8,20.9,20.46,19.99,19.58,19.87,19.84,19.65,19.52,19.52,19.55,19.55,19.18,19.52,19.33,19.08,19.3,19.26,19.25
