32.23,32.28,32.57,32.7,32.18,32.43,32.65,32.65,32.68,32.65,33.02,32.87,33.15,33.2,33.93,33.74,33.99,33.96,34.33,33.99,34.01,34.04,34.16,33.86,34.18,34.1,34.16,34.13,34.1,34.01,33.86,34.1,33.96,33.52,33.99,33.74,33.83,33.86,33.57,33.37,33.24,33.2,32.6,32.14,32.03,29.39,26.38,24.51,24.44,25.07,26.68,29.27,31.2,32.35,33.27,33.74,33.61,33.86,34.25,34.13,34.25,34.38,34.47,34.35,33.99,34.6,34.57,34.6,34.85,34.3,34.8,34.8,34.72,34.8,34.8,34.52,34.43,34.41,34.48,34.41,34.41,34.13,33.99,34.04,33.88,33.96,33.49,33.83,33.83,33.37,33.54,33.27,33.52,33.29,33.57,33.29,33.54,33.32,33.1,33.41,33.15,33.24,33.15,33.32,33.24,33.27,32.95,33.1,32.87,31.57,28.02,25.13,24.63,23.94,24.06,23.75,23.48,23.67,23.3,23.42,23.37,23.42,23.38,23.3,23.33,23.18,23.42,23.45,23.6,23.82,23.94,24.71,25.22,27.02,28.88,30.5,31.1,31.56,31.74,31.98,31.74,31.86,32.03,32.2,31.89,32.18,32.23,32.51,32.35,32.62,32.53,32.14,32.11,31.86,32.03,31.86,32.01,31.72,31.94,31.72
32.36,32.43,32.57,32.51,32.45,32.48,32.57,32.6,32.85,32.62,32.94,32.99,33.04,33.57,33.66,33.78,34.1,33.99,34.16,34.26,33.99,34.13,34.13,34.13,33.88,34.04,34.1,34.04,34.18,34.16,34.04,34.1,34.13,34.13,34.25,34.16,33.96,33.88,33.78,33.86,33.61,33.62,33.15,32.68,32.26,31.83,29.44,26.23,25.87,27.81,30.87,32.06,32.62,33.1,33.66,33.78,34.13,34.21,34.18,34.47,34.1,34.43,34.63,34.18,34.13,34.43,34.25,34.43,34.43,34.47,34.6,34.52,34.41,34.6,34.65,34.35,34.43,34.57,34.26,34.55,34.18,34.25,34.1,33.96,34.26,34.1,33.91,33.79,33.74,33.44,33.49,33.2,33.52,33.44,33.52,33.46,33.19,33.27,33.15,33.36,33.49,33.29,33.24,33.04,33.57,33.12,33.29,32.99,32.57,32.65,31.83,28.66,25.45,24.53,24.29,24.26,23.87,23.6,23.42,23.52,23.57,23.0,23.37,23.18,23.52,23.45,23.94,23.54,23.97,23.69,24.68,26.68,28.19,30.66,31.15,31.56,31.66,31.91,32.03,31.83,32.14,31.81,32.03,32.36,32.26,32.14,32.26,32.31,32.68,32.43,32.43,32.4,32.14,32.31,32.14,31.72,31.74,31.72,32.06,31.74
32.28,32.11,32.36,32.53,32.53,32.53,32.35,32.51,32.77,32.82,32.7,33.02,33.29,33.46,33.36,34.04,33.86,33.91,34.01,34.13,34.04,33.99,34.1,34.16,34.21,34.38,34.26,34.1,34.04,34.21,34.01,34.18,34.3,34.18,34.1,34.3,34.1,33.91,33.91,33.86,33.96,33.57,33.69,33.44,33.15,32.82,31.98,29.49,29.4,31.29,32.2,32.94,33.36,33.86,34.08,34.47,34.21,34.63,34.33,34.08,34.6,34.33,34.38,34.63,34.3,34.52,34.48,34.52,34.8,34.6,34.41,34.85,34.65,34.65,34.47,34.48,34.55,34.72,34.26,34.57,34.33,34.47,34.3,34.21,34.16,33.99,33.99,33.83,34.25,33.66,33.79,33.24,33.52,33.96,33.44,33.52,33.49,33.49,33.2,33.36,33.46,33.41,33.46,33.02,33.2,33.61,33.32,33.24,33.2,32.7,32.85,31.77,29.49,26.76,25.07,24.26,23.87,23.69,23.94,23.54,23.57,23.82,23.64,23.6,23.87,23.91,24.14,24.44,24.98,26.31,28.68,30.09,31.39,31.29,31.94,31.94,31.91,32.11,32.14,32.11,31.91,32.35,32.4,32.35,32.35,32.4,32.26,32.51,32.73,32.77,32.65,32.7,32.31,32.18,32.09,32.48,32.01,31.83,31.66,31.98
32.23,32.23,32.45,32.45,32.45,32.62,32.35,32.55,32.78,32.57,32.68,33.04,33.32,33.52,33.61,33.79,34.13,34.1,34.01,33.99,33.96,33.71,34.04,33.57,34.21,33.96,33.99,34.21,34.48,34.25,34.16,34.1,34.35,34.33,34.33,34.08,33.99,34.25,34.3,34.01,34.04,33.86,33.88,33.79,33.61,33.32,32.6,32.23,32.01,32.65,33.37,33.52,33.99,33.99,34.26,34.38,34.72,34.82,34.65,34.47,34.43,34.72,34.33,34.38,34.16,34.48,34.33,34.43,34.35,34.26,34.35,34.35,34.63,34.6,34.41,34.41,34.38,34.38,34.16,34.25,34.52,34.26,34.25,34.18,34.25,33.88,34.18,33.74,33.62,33.61,33.36,33.41,33.41,33.44,33.36,33.46,33.12,33.1,33.57,33.46,33.46,33.36,33.44,33.29,33.36,33.36,33.41,33.32,33.61,32.95,33.46,32.7,32.06,30.87,28.43,26.18,24.36,23.82,23.91,23.99,23.87,23.37,23.75,23.87,24.11,23.84,25.55,26.38,28.48,29.93,30.75,31.56,31.98,31.77,32.36,32.4,32.36,32.36,32.6,32.14,31.98,32.03,32.36,32.31,32.6,32.53,32.31,32.68,32.78,32.53,32.7,32.77,32.53,32.68,32.43,32.28,31.74,32.03,32.06,31.69
32.23,32.18,32.53,32.45,32.45,32.4,32.78,32.28,32.7,32.85,32.9,32.9,33.24,33.36,33.44,33.79,34.04,33.99,33.86,34.01,33.66,33.93,33.78,33.86,34.16,33.88,34.08,34.41,34.38,34.25,34.3,34.18,34.48,34.48,34.35,34.35,34.77,34.35,34.16,33.96,34.13,33.99,33.96,34.16,33.93,33.79,33.66,33.19,33.37,33.62,33.88,33.74,34.01,34.21,34.16,34.73,34.65,34.77,34.94,34.43,34.52,34.38,34.33,34.26,34.47,34.33,34.65,34.26,34.57,34.47,34.41,34.48,34.21,34.38,34.6,34.43,34.3,34.21,34.3,34.38,34.16,34.33,34.13,33.83,33.91,33.99,33.88,33.93,33.99,33.69,33.46,33.36,33.52,33.07,33.32,33.15,33.29,33.54,33.36,33.24,33.44,33.54,33.44,33.52,33.37,33.46,33.66,33.61,33.32,33.24,33.37,32.87,32.43,32.23,31.47,29.67,27.47,25.44,24.17,24.21,23.82,23.84,24.11,24.41,25.07,26.06,28.48,30.24,31.35,31.64,31.86,32.36,32.43,32.4,32.57,32.48,31.98,32.18,32.14,31.89,32.36,32.35,32.28,32.53,32.4,32.4,32.87,32.48,33.07,32.68,33.12,32.94,32.6,32.73,32.26,32.18,32.45,31.98,31.98,31.81
32.35,32.2,32.28,32.48,32.43,32.62,32.51,32.68,32.87,32.99,32.87,33.36,33.29,33.71,33.88,34.1,34.08,34.3,34.08,33.86,33.86,33.83,33.93,33.88,34.16,34.43,34.1,34.01,34.26,34.38,34.48,34.35,34.43,34.72,34.35,34.41,34.16,34.35,34.41,34.1,34.38,34.21,34.25,34.43,33.91,34.13,33.61,33.86,33.86,34.18,34.16,34.38,34.35,34.21,34.43,34.43,34.41,34.68,34.73,35.07,34.55,34.72,34.08,34.48,34.18,34.68,34.25,34.1,34.33,34.08,34.38,34.38,34.3,34.48,34.18,34.25,34.63,34.13,34.47,34.18,33.88,33.99,34.18,33.96,34.13,33.66,33.62,33.78,33.49,33.83,33.57,33.54,33.54,33.32,33.41,33.24,33.2,33.44,33.52,33.52,33.57,33.36,33.54,33.61,33.57,33.78,33.79,33.66,33.52,33.52,33.44,33.71,33.2,32.78,32.4,31.12,30.82,28.68,25.82,24.51,24.48,24.51,25.17,25.94,28.19,30.24,31.15,31.66,32.2,32.28,32.51,32.57,32.35,32.53,32.94,32.43,32.57,32.36,32.11,32.51,31.86,32.11,32.28,32.36,32.51,32.65,32.87,32.87,32.87,32.85,32.9,33.32,32.65,32.95,32.43,32.4,32.35,32.11,32.06,32.06
32.14,32.11,32.2,32.36,32.26,32.62,32.53,32.7,32.57,32.68,32.68,32.99,33.19,33.29,33.88,34.04,33.93,33.96,34.18,33.44,33.71,33.62,34.18,33.86,34.1,34.26,34.13,34.25,34.38,34.18,34.35,34.3,34.1,34.55,34.25,34.47,34.6,34.16,34.43,34.35,34.41,34.55,34.3,34.26,33.74,34.04,34.08,33.99,34.04,34.21,34.41,34.38,34.47,34.55,34.48,34.8,34.43,35.04,34.73,35.04,34.85,34.38,34.43,34.72,34.3,34.21,34.08,34.1,34.41,34.33,34.1,34.04,34.35,34.04,34.04,33.99,34.21,34.16,34.21,34.04,34.21,34.16,33.91,33.91,33.96,33.91,33.61,33.88,33.54,33.71,33.52,33.36,33.29,33.36,33.44,33.61,33.12,33.52,33.12,33.66,33.54,33.41,33.66,33.66,33.78,33.74,33.78,33.62,33.83,33.93,33.71,33.71,33.15,33.19,32.48,32.45,31.91,30.58,28.98,25.6,25.01,24.86,26.7,29.39,31.32,31.77,32.03,32.03,32.45,32.6,32.62,32.82,32.53,32.62,32.4,32.62,32.31,32.23,32.2,32.2,32.26,32.06,32.43,32.35,32.43,32.7,33.07,32.73,33.1,32.99,33.41,33.12,32.9,32.87,32.45,32.23,32.43,32.26,32.09,31.69
32.09,31.98,32.2,32.2,32.36,32.28,32.35,32.43,32.6,32.57,32.82,32.94,33.2,33.52,33.62,33.99,33.79,33.86,33.71,33.88,33.71,33.83,33.71,33.93,33.88,34.16,33.91,33.99,33.99,34.41,34.33,34.43,34.35,34.55,34.38,34.73,34.41,34.43,34.25,34.18,34.38,34.41,34.41,34.13,34.13,34.47,34.35,34.21,34.38,34.21,34.6,34.3,34.43,34.47,34.26,34.26,34.6,34.8,34.38,34.95,34.82,34.6,34.63,34.47,34.68,34.43,34.33,34.21,34.26,34.26,34.16,33.96,34.18,34.35,33.93,33.96,34.08,33.88,34.21,34.01,33.99,33.78,33.86,33.83,33.69,33.79,33.69,33.36,33.54,33.62,33.49,33.24,33.19,33.24,33.15,33.36,33.27,33.41,33.49,33.44,34.01,33.49,33.66,33.88,33.57,33.79,33.79,33.62,33.74,33.69,33.52,33.61,33.54,33.27,32.68,32.73,32.65,31.98,31.03,28.83,26.19,26.92,29.93,31.24,32.14,32.43,32.36,32.57,32.65,32.53,32.78,32.68,32.62,32.9,32.78,32.28,32.23,32.28,32.28,32.51,32.28,32.53,32.26,32.35,32.57,32.4,32.73,32.9,32.87,33.19,33.46,33.24,32.9,32.36,32.48,32.35,32.18,31.89,32.06,32.11
31.66,31.83,32.06,32.31,32.4,32.06,32.53,32.43,32.73,32.68,32.77,33.27,33.24,33.37,33.78,34.08,33.91,33.78,33.66,33.52,33.44,33.52,33.69,33.71,34.08,33.96,33.62,34.04,34.08,34.43,33.93,34.18,34.47,34.3,34.1,34.18,34.01,34.16,34.25,34.26,34.3,34.13,34.18,34.16,34.48,34.16,34.3,34.13,34.33,34.25,34.55,34.43,34.43,34.47,34.38,34.38,34.47,34.47,34.6,34.77,34.72,34.73,34.6,34.35,34.52,34.26,34.6,33.93,34.1,33.91,33.83,34.01,34.25,33.99,33.69,33.79,33.62,33.61,33.83,33.69,33.78,33.86,33.83,33.93,33.36,33.57,33.15,33.46,33.15,33.19,33.36,33.41,32.95,33.24,33.36,33.41,33.15,33.54,33.74,33.79,33.62,33.44,33.66,33.78,33.57,33.86,33.71,33.69,33.79,33.54,33.62,33.29,33.37,33.24,33.15,33.1,32.6,32.51,32.28,31.32,29.72,30.41,31.77,32.14,32.62,32.43,32.87,32.65,32.6,32.23,32.43,32.68,32.62,32.78,32.43,32.36,32.65,32.57,32.09,32.35,31.89,31.83,32.65,32.45,32.4,32.82,32.73,33.1,33.32,33.12,32.9,32.99,32.68,32.78,32.48,32.28,32.45,32.14,31.94,31.64
31.94,31.86,32.14,32.2,32.01,32.48,32.43,32.48,32.9,32.77,32.65,33.36,33.46,33.78,33.91,33.88,33.41,33.54,33.71,33.37,33.46,33.37,33.62,33.54,33.66,33.96,33.57,34.04,33.79,34.16,34.21,34.26,34.48,34.33,34.68,34.57,34.25,34.63,34.41,34.04,34.35,34.41,34.3,34.1,34.33,34.26,34.01,34.26,34.33,34.16,34.33,34.21,34.41,34.43,34.38,34.21,34.55,34.47,34.68,34.73,34.6,34.8,34.94,34.73,34.48,34.63,34.33,33.78,34.3,34.08,33.79,33.93,33.71,33.88,33.61,33.52,33.57,33.44,33.57,33.49,33.54,33.49,33.66,33.74,33.36,33.54,33.41,33.04,33.12,33.2,33.12,33.19,33.62,33.1,33.57,33.37,33.12,33.41,33.29,34.01,33.62,33.78,33.57,33.71,33.71,34.01,33.96,33.69,33.69,33.69,33.91,33.37,33.37,33.54,33.19,33.24,33.12,33.24,33.02,32.43,32.65,32.2,32.48,32.78,32.48,32.87,32.82,32.99,32.85,32.77,32.48,32.94,32.7,32.57,32.57,32.7,32.36,32.18,32.45,32.09,32.36,32.2,32.48,32.36,32.65,32.45,32.9,32.9,33.15,33.37,33.04,33.29,32.9,32.77,32.62,32.7,31.91,32.11,32.06,31.94
31.74,32.01,31.74,32.03,32.09,31.94,32.43,32.65,32.57,32.68,32.9,33.12,33.57,33.93,33.71,33.69,33.46,33.49,33.52,33.61,33.41,33.27,33.49,33.57,33.71,33.61,33.86,33.93,34.25,34.13,34.16,34.16,34.1,34.41,34.33,34.47,34.26,34.52,34.57,34.3,34.43,34.38,34.3,34.08,33.96,34.26,34.26,34.41,34.16,34.41,34.63,34.63,34.43,34.47,34.35,34.16,34.26,34.25,34.43,34.57,34.68,34.77,34.68,34.72,34.82,34.52,34.43,34.08,34.25,33.91,34.01,34.1,33.74,33.66,33.49,33.69,33.2,33.36,33.49,33.41,33.62,33.54,33.41,33.44,33.19,33.24,33.24,33.44,33.1,33.12,33.04,32.99,33.24,33.12,33.52,33.37,33.19,33.41,33.71,33.54,33.57,33.74,33.93,33.79,33.74,33.83,33.99,33.93,33.86,33.96,33.71,33.2,33.57,33.41,33.19,33.37,33.37,33.44,33.29,33.37,33.15,32.85,32.95,32.78,32.9,33.12,33.04,32.95,33.02,32.68,32.82,32.73,32.57,32.48,32.6,32.6,32.31,32.18,32.31,32.28,32.03,32.43,32.2,32.23,32.68,32.73,32.85,33.07,33.19,33.37,33.41,33.07,33.02,32.85,32.6,32.48,32.57,32.03,31.89,32.06
31.52,31.64,31.89,32.14,32.09,32.09,32.4,32.62,32.9,32.95,32.95,33.62,33.27,33.46,33.57,33.69,33.36,33.29,33.37,33.46,33.12,33.15,33.36,33.69,33.69,33.71,33.74,34.01,33.93,33.79,34.13,34.26,34.13,34.48,34.55,33.93,34.16,34.13,34.57,34.1,34.35,34.47,34.18,34.48,34.21,34.43,34.38,34.35,34.43,34.52,34.63,34.48,34.21,34.26,34.13,34.21,34.35,34.38,34.33,34.68,34.72,34.73,34.85,34.57,34.38,34.41,34.52,34.16,34.1,34.13,33.86,33.71,33.96,33.54,33.69,33.46,33.27,33.1,33.24,33.32,32.94,33.41,33.19,33.32,33.07,33.41,33.07,33.27,32.82,32.94,33.02,32.87,32.78,33.41,33.46,33.24,33.61,33.2,33.61,33.54,33.66,33.93,33.96,33.86,33.96,34.16,34.08,33.83,33.88,33.69,33.93,33.54,33.36,33.61,33.36,33.46,33.54,33.49,33.27,33.69,33.04,33.15,33.15,33.12,33.54,33.32,33.15,32.78,33.1,32.95,32.57,32.78,32.82,32.82,32.65,32.53,32.2,32.28,32.48,32.35,32.36,32.26,32.26,32.48,32.68,32.51,32.99,33.12,33.49,33.54,33.54,33.44,33.02,32.9,32.62,32.35,32.35,32.06,32.06,31.98
31.56,31.69,31.94,32.01,31.86,32.23,32.43,32.35,32.78,32.65,33.2,33.15,33.52,33.44,33.52,33.37,33.41,33.41,32.87,33.19,32.95,32.94,33.36,33.36,33.62,33.61,33.69,33.96,34.08,33.93,34.1,33.99,34.04,34.33,34.41,34.6,34.43,34.47,34.26,33.91,34.18,34.33,33.93,34.35,34.18,34.16,34.21,33.96,34.16,33.93,34.16,34.26,34.08,34.04,34.21,34.25,34.33,34.35,33.99,34.21,34.43,34.6,34.65,34.65,34.48,34.73,34.3,34.48,34.1,33.86,33.79,33.93,33.74,33.86,33.2,33.29,32.87,32.78,33.07,32.48,32.94,33.12,33.15,33.12,33.07,33.02,32.94,32.99,32.7,33.02,33.1,33.12,32.9,33.07,33.29,33.52,33.37,33.2,33.36,33.37,33.44,33.74,33.93,34.13,34.18,34.1,33.83,33.88,33.69,33.83,33.69,33.49,33.19,33.41,33.36,33.2,33.49,33.46,33.62,33.49,33.36,33.02,33.2,33.41,33.02,33.1,33.1,32.9,32.85,33.04,32.82,32.65,32.85,32.45,32.36,32.28,32.18,32.53,32.48,32.01,32.03,32.36,32.48,32.31,32.62,32.77,32.73,32.9,32.95,33.44,33.74,32.99,33.24,32.65,32.45,32.18,32.18,32.01,31.81,31.98
31.56,31.77,31.83,32.2,32.01,32.35,32.7,32.65,32.87,32.87,33.15,33.12,33.52,33.37,33.46,33.32,33.12,33.27,33.27,33.12,33.02,33.24,33.37,33.46,33.69,33.52,33.69,33.78,33.88,33.83,34.1,34.16,34.3,34.26,34.26,34.65,34.1,34.21,34.33,34.18,34.18,34.48,34.35,34.35,34.43,34.04,34.1,34.33,34.08,34.3,34.16,34.16,34.3,34.26,34.04,34.08,34.04,34.21,34.41,34.08,33.99,34.48,34.72,34.63,34.26,34.68,34.25,34.3,34.26,33.88,33.88,33.62,33.86,33.71,33.69,33.27,33.07,32.87,32.85,32.82,32.85,32.87,32.9,33.02,33.04,32.78,33.19,32.7,32.94,32.99,33.2,32.6,33.15,33.04,33.36,33.29,33.36,33.61,33.74,33.88,33.62,33.91,33.88,33.79,33.93,33.86,33.91,33.74,33.61,33.61,33.66,33.44,33.49,33.52,33.54,33.83,33.54,33.79,33.91,33.71,33.62,33.54,33.61,33.49,33.49,33.27,33.19,33.29,33.2,32.85,32.95,32.77,32.87,32.7,32.62,32.4,32.53,32.53,32.51,32.48,32.35,32.51,32.09,32.53,32.57,32.7,32.9,33.19,33.32,33.69,33.61,33.54,32.94,32.95,32.65,32.28,32.23,32.03,32.14,31.72
31.44,31.83,31.94,31.77,31.89,32.2,32.48,32.53,32.73,33.12,33.02,33.46,33.15,33.36,33.24,33.19,33.37,32.82,32.82,32.82,33.04,32.78,33.02,33.07,33.52,33.57,33.54,33.83,33.86,34.3,34.08,33.83,33.83,34.3,34.41,34.25,33.88,34.16,34.35,34.16,34.33,34.26,34.04,34.04,34.21,34.13,33.79,34.08,33.96,34.16,33.91,33.99,34.25,33.88,34.01,34.26,33.93,33.96,34.13,34.21,34.25,34.3,34.52,34.48,34.38,34.6,34.41,34.3,33.88,34.25,34.18,33.91,33.71,33.44,33.2,33.1,32.7,32.77,32.62,32.87,32.51,32.6,32.7,32.9,32.62,33.02,33.07,32.99,32.99,32.87,32.99,32.99,33.32,33.12,33.02,33.41,33.07,33.29,33.79,33.44,33.74,33.52,33.86,34.16,33.78,34.01,33.62,33.46,33.57,33.57,33.66,33.52,33.36,33.36,33.57,33.36,33.78,33.86,33.78,33.78,33.66,33.78,33.49,33.62,33.32,33.24,33.46,32.95,33.27,33.15,32.6,32.94,32.73,32.68,32.28,32.35,32.11,32.45,32.48,32.45,32.28,32.18,32.51,32.57,32.23,32.77,32.82,33.1,33.29,33.36,33.54,33.71,33.12,32.99,32.28,32.4,32.51,32.14,31.74,32.01
31.57,31.72,31.69,32.01,32.14,32.09,32.4,32.73,32.78,32.94,33.24,33.1,33.24,33.2,32.77,32.94,33.15,33.02,32.62,32.9,32.77,32.78,33.19,33.04,33.66,33.57,33.52,33.71,33.69,34.01,33.66,33.96,33.79,34.1,33.99,33.99,33.86,33.86,34.08,33.71,33.79,33.86,34.26,34.1,34.35,33.93,34.26,33.93,33.88,34.04,33.99,34.08,33.86,33.83,33.91,34.08,33.91,33.79,33.69,34.26,34.01,34.21,34.25,34.35,34.33,34.57,34.41,34.25,34.16,33.86,33.93,33.52,33.62,33.2,33.44,33.07,33.04,32.77,32.9,32.82,32.77,32.6,32.9,32.87,32.65,32.85,32.68,32.68,32.68,32.87,32.62,32.94,32.87,32.87,32.95,33.12,33.2,33.41,33.41,33.57,33.44,34.04,33.36,33.74,33.69,33.27,33.41,33.61,33.46,33.27,33.52,33.44,33.24,33.29,33.74,33.91,33.36,33.69,33.66,33.99,34.04,33.66,33.66,33.69,33.86,33.29,33.41,33.29,33.12,33.07,32.6,33.04,32.68,32.45,32.48,32.11,32.26,32.14,32.48,32.23,32.18,32.6,32.48,32.18,32.11,32.65,32.9,33.07,33.37,33.49,33.57,33.44,33.41,32.6,32.78,32.48,32.43,32.06,32.2,31.74
31.83,31.89,31.91,31.98,32.18,32.45,32.77,33.1,32.87,32.85,33.07,32.9,33.24,32.82,32.87,32.73,32.94,32.82,32.53,32.82,32.57,32.68,32.99,33.15,33.36,33.27,33.41,33.46,33.86,33.86,33.83,33.79,33.78,33.88,33.96,34.01,33.99,33.96,33.88,33.86,34.16,34.01,34.04,33.99,33.99,33.86,33.91,34.16,33.96,34.13,33.93,33.86,33.78,33.79,33.91,33.83,33.83,33.66,33.83,33.78,33.86,33.93,33.93,34.08,34.1,34.41,34.26,34.35,34.18,33.99,34.01,33.46,33.62,33.69,33.36,33.15,32.95,32.73,32.87,32.62,32.78,32.82,32.9,32.77,32.7,32.57,32.62,32.62,32.65,32.57,32.85,32.51,33.1,32.68,33.12,33.12,33.15,33.36,33.46,33.27,33.2,33.61,33.54,33.57,33.52,33.36,33.49,33.44,33.49,33.1,33.29,33.19,33.36,33.62,33.62,33.57,33.57,33.93,33.99,33.79,33.88,33.62,33.91,33.57,33.66,33.29,33.46,32.99,32.94,33.1,32.85,32.78,32.87,32.62,32.62,32.4,32.4,32.57,32.45,32.26,32.73,32.23,32.28,32.18,32.31,32.57,32.78,32.99,33.24,33.62,33.79,33.46,33.07,33.24,32.68,32.7,32.28,32.53,32.18,32.23
31.52,31.91,31.72,32.18,31.86,32.28,32.53,32.7,32.99,33.07,32.87,32.85,33.24,33.07,32.82,33.04,33.02,32.68,32.53,32.62,32.68,32.87,33.1,32.87,33.36,33.37,33.46,33.41,33.62,33.69,33.66,33.41,33.66,33.74,33.83,33.71,33.78,34.04,33.71,33.83,33.69,33.71,33.88,33.86,33.93,33.93,33.62,33.86,34.01,33.78,33.86,33.79,33.49,33.79,33.74,33.83,33.66,33.69,33.71,33.69,33.52,33.99,33.88,33.78,34.1,33.99,34.16,34.16,34.08,33.99,34.04,33.74,33.74,33.78,33.66,33.27,33.07,33.07,32.85,32.85,32.85,32.77,32.43,32.48,32.68,32.57,32.7,32.73,32.48,32.87,32.77,32.9,33.04,33.29,33.07,33.2,33.12,33.15,33.52,33.52,33.49,33.57,33.62,33.07,33.41,33.41,33.49,33.1,33.52,33.27,33.32,33.41,33.12,33.62,33.69,33.99,34.1,33.69,33.83,33.74,33.79,33.93,33.83,33.83,33.52,33.49,33.54,33.19,33.07,33.19,32.6,32.99,32.62,32.35,32.43,32.53,32.31,32.36,32.48,31.83,32.26,32.28,32.36,32.23,32.06,32.48,33.1,33.1,33.44,33.52,33.66,33.49,33.57,32.94,33.15,32.53,32.45,32.62,32.31,32.14
31.4,31.66,31.89,32.2,32.43,32.31,32.73,32.99,32.7,32.73,32.78,32.78,32.7,32.82,32.73,32.99,32.62,32.99,32.53,32.73,32.85,32.77,33.04,32.99,33.07,33.36,33.44,33.46,33.44,33.41,33.79,33.62,33.69,34.01,33.69,33.74,33.66,33.66,33.86,33.69,33.62,33.96,33.78,33.78,33.61,33.86,33.62,33.52,33.52,33.69,33.54,33.74,33.61,33.57,33.62,33.44,33.69,33.46,33.69,33.62,33.78,33.74,33.69,33.71,34.25,33.86,33.88,34.1,34.01,34.01,33.71,33.66,33.83,33.71,33.52,33.2,32.99,33.37,32.73,32.87,32.48,32.65,32.73,32.43,32.51,32.48,32.4,32.57,32.7,32.77,32.62,32.53,32.87,32.95,33.04,33.12,32.78,33.19,33.1,33.27,33.29,33.19,33.19,33.44,32.94,33.2,33.24,33.27,33.15,33.44,33.1,33.61,33.27,33.44,33.52,33.99,33.66,33.83,33.88,33.78,33.71,33.91,33.83,33.93,33.78,33.62,33.27,32.85,33.41,33.04,32.77,32.48,32.87,32.6,32.53,32.31,32.4,32.45,32.26,32.06,32.26,32.06,32.48,32.23,32.51,32.4,33.02,33.29,33.54,33.46,33.49,33.62,33.37,32.78,32.85,32.62,32.36,32.45,32.23,32.35
31.64,31.86,31.72,31.89,32.35,32.68,32.62,32.82,32.87,32.7,32.9,32.9,32.9,32.95,32.95,32.99,32.82,32.7,32.82,32.99,32.45,32.77,32.77,32.78,33.02,33.07,33.24,33.07,33.57,33.46,33.37,33.52,33.46,33.32,33.61,33.69,33.44,33.57,33.83,33.49,33.62,33.93,33.66,33.69,33.61,33.78,33.46,33.61,33.37,33.57,33.37,33.36,33.66,33.49,33.36,33.15,33.44,33.61,33.12,33.54,33.32,33.49,33.66,33.86,33.52,33.86,33.71,33.69,34.04,33.86,33.88,33.71,33.54,33.37,33.54,33.1,33.12,33.15,32.68,32.65,32.7,33.04,32.6,32.6,32.45,32.73,32.62,32.82,32.6,32.7,32.82,32.73,33.02,32.87,33.15,33.24,33.19,33.15,33.29,33.36,33.04,33.27,33.1,32.9,32.87,32.87,33.57,33.19,33.19,32.94,33.15,32.94,33.29,33.36,33.61,33.46,33.62,33.74,33.86,33.66,33.69,33.69,33.74,33.74,33.83,33.49,33.44,33.41,33.1,32.7,32.53,32.87,32.43,32.78,32.6,32.62,32.2,32.31,32.35,32.11,31.94,31.98,31.81,32.53,32.36,32.53,32.78,33.15,33.54,33.36,33.52,33.88,33.37,32.73,32.94,32.53,32.45,32.48,32.36,32.18
31.66,31.83,32.36,32.03,32.48,32.28,32.77,32.94,32.77,32.65,32.43,32.73,32.68,32.65,32.73,32.78,32.57,32.62,32.53,32.7,32.65,32.6,32.94,32.68,32.62,32.65,33.24,33.24,33.19,33.15,33.29,33.12,33.46,33.15,33.24,33.29,33.29,33.32,33.61,33.29,33.49,33.46,33.32,33.24,33.54,33.37,33.12,33.32,33.36,33.12,33.2,33.12,33.15,33.1,33.15,33.37,33.29,33.52,33.52,33.29,33.41,33.62,33.15,33.52,33.49,33.54,33.74,33.52,33.44,33.57,33.69,34.01,33.71,33.52,33.24,33.36,33.12,33.02,33.19,32.77,32.82,32.85,32.78,32.73,32.57,32.51,32.36,32.65,32.85,32.77,32.65,32.82,32.9,33.2,33.27,32.73,33.12,33.36,33.15,32.9,33.07,32.99,33.27,32.73,32.62,32.95,32.73,32.82,32.99,33.19,33.12,32.87,33.44,33.32,33.37,33.62,33.66,33.88,33.69,33.74,33.74,33.57,33.57,33.71,33.57,33.52,33.61,33.36,33.04,32.87,32.9,32.77,32.45,32.45,32.94,32.82,32.57,32.57,32.35,31.94,32.01,31.94,32.35,32.4,32.43,32.65,32.94,33.02,33.36,33.41,33.41,33.57,33.15,33.12,32.77,32.48,32.62,32.48,32.01,32.31
31.64,31.77,31.98,32.03,32.62,32.51,32.87,32.4,32.65,32.53,32.18,32.53,32.73,32.68,32.78,32.7,32.65,32.7,32.6,32.85,32.53,32.6,32.57,32.99,32.85,33.02,32.87,32.94,32.85,32.94,33.02,32.9,32.87,33.1,33.07,32.99,32.85,33.32,33.27,33.24,33.29,33.29,33.32,33.46,33.19,33.27,33.32,33.27,33.29,33.04,33.2,33.07,33.49,33.02,32.99,33.1,33.19,32.9,33.1,33.36,33.12,33.29,33.46,33.57,33.15,33.44,33.41,33.2,33.57,33.52,33.61,33.52,33.29,33.46,33.62,33.12,33.19,33.27,33.02,32.9,32.51,32.99,32.53,32.73,32.82,32.65,32.53,32.68,32.4,32.57,33.07,32.6,33.02,33.27,33.19,33.24,33.19,33.07,32.7,33.02,32.95,32.73,32.73,32.6,32.62,32.65,33.04,33.02,32.77,32.85,33.02,33.19,33.1,33.36,33.27,33.66,33.62,33.29,33.69,33.62,33.88,33.41,33.69,33.54,33.49,33.86,33.37,33.07,33.07,32.82,32.43,32.48,32.65,32.99,32.85,32.68,32.45,32.6,32.43,32.53,32.06,32.09,32.2,32.18,32.28,32.23,32.53,33.02,33.02,33.44,33.49,33.54,33.32,32.95,32.53,32.6,32.51,32.36,32.31,32.01
31.49,31.77,32.28,32.4,32.45,32.6,32.62,32.28,32.51,32.65,32.35,32.62,32.51,32.65,32.53,32.36,32.51,32.4,32.48,32.45,32.6,32.51,32.31,32.43,32.53,32.43,32.4,32.43,32.6,32.82,32.78,32.78,32.77,33.04,32.95,32.62,32.99,32.99,33.24,33.24,33.1,33.12,33.12,32.94,32.94,33.24,33.07,32.95,32.95,33.15,32.99,33.29,33.1,33.02,33.12,33.27,33.19,33.29,32.9,32.87,33.19,32.99,33.32,33.19,33.37,33.24,33.32,33.37,33.15,33.54,33.49,33.36,33.41,33.44,33.36,33.36,33.15,33.41,33.2,32.82,33.24,32.77,32.9,32.85,32.78,32.62,32.73,32.68,32.51,32.87,33.07,32.9,33.15,33.2,33.07,33.15,33.27,32.99,32.94,32.78,32.82,32.73,32.78,32.68,32.65,32.53,32.99,32.73,32.99,32.85,33.29,33.04,32.99,33.2,33.19,33.49,33.37,33.49,33.54,33.61,33.69,33.66,33.54,33.66,33.46,33.69,33.37,33.27,32.95,32.87,32.78,32.35,32.65,32.57,32.68,32.85,32.65,32.65,32.4,32.31,32.26,31.98,31.83,32.06,32.2,32.36,32.11,32.95,32.85,33.19,33.15,33.29,33.27,33.07,32.73,32.51,32.77,32.43,32.35,32.26
31.69,31.52,32.26,32.31,32.28,32.2,32.35,32.4,32.35,32.23,32.36,32.45,32.62,32.73,32.6,32.45,32.51,32.62,32.43,32.53,32.31,32.06,32.2,32.48,32.31,32.48,32.31,32.43,32.65,32.43,32.26,32.4,32.43,32.48,32.45,32.77,32.48,32.82,32.77,32.94,33.15,32.99,32.95,33.19,32.94,32.9,32.95,32.95,32.68,32.95,32.77,33.1,32.78,32.87,32.95,32.95,32.82,32.99,32.94,32.95,32.82,33.1,33.04,33.04,33.07,33.04,33.29,33.27,33.2,33.29,32.95,33.24,33.15,33.04,32.99,33.19,33.12,32.9,33.2,33.27,33.19,32.6,33.1,32.9,32.65,32.82,32.9,32.9,32.85,32.77,32.78,32.73,33.02,33.12,33.27,33.29,33.1,32.7,33.07,32.82,32.53,32.7,32.82,32.65,32.57,32.53,32.77,33.07,33.12,33.29,33.1,33.19,33.1,33.15,33.19,33.57,33.2,33.49,33.44,33.36,33.46,33.54,33.71,33.41,33.46,33.66,33.71,33.46,33.36,32.99,32.9,32.73,32.62,32.73,32.68,32.77,32.48,32.26,32.43,32.26,32.11,31.81,31.74,31.91,31.91,31.98,32.43,32.85,32.65,32.9,33.29,32.9,32.9,32.9,32.85,32.53,32.4,32.51,32.28,32.11
31.66,31.69,32.26,32.23,32.48,32.11,32.45,32.18,32.03,32.14,31.86,32.35,32.82,32.28,32.6,32.18,32.36,32.23,32.23,32.23,32.45,32.03,32.03,32.23,32.2,32.4,32.2,32.45,32.09,32.43,32.43,32.31,32.26,32.2,32.36,32.62,32.4,32.48,32.77,32.73,32.77,32.7,33.04,33.07,32.48,32.7,33.12,32.73,32.82,32.77,32.7,32.78,32.85,32.53,33.04,32.85,32.85,32.43,32.77,32.87,32.94,33.29,33.24,33.04,33.07,32.87,32.99,33.12,33.02,33.46,33.12,32.94,33.15,33.04,33.15,33.24,33.19,33.02,33.12,32.82,33.1,33.02,33.07,33.04,33.07,33.07,33.29,32.7,32.65,32.85,33.12,32.65,33.02,33.41,33.15,33.2,33.12,33.04,32.57,32.57,32.68,32.82,32.4,32.48,32.7,32.62,32.77,32.77,32.9,33.04,33.12,32.87,33.02,33.27,33.1,33.32,33.32,33.29,33.36,33.41,33.27,33.32,33.49,33.29,33.61,33.37,33.57,33.66,33.15,32.87,32.6,32.45,32.43,32.48,32.78,32.78,32.62,32.57,32.53,32.14,31.74,31.39,31.89,32.01,31.86,32.03,32.11,32.85,32.73,32.73,33.15,33.12,32.9,33.07,32.68,32.68,32.51,32.35,32.11,32.36
31.74,31.86,32.2,32.26,32.23,32.35,32.18,32.03,32.31,32.18,32.2,32.18,32.2,32.36,32.6,32.28,32.36,32.23,32.35,32.26,32.23,31.98,32.09,32.14,32.26,32.18,32.03,32.18,32.03,31.86,32.26,31.94,32.28,32.36,32.35,32.18,32.23,32.23,32.31,32.65,32.43,32.7,32.65,32.94,32.9,32.94,32.77,32.73,32.9,32.77,32.65,32.99,32.82,32.73,32.87,33.02,32.82,32.85,33.2,32.99,32.94,32.9,32.94,33.1,33.04,32.9,33.2,32.94,33.04,33.04,33.07,32.87,33.1,33.29,33.27,33.12,33.36,33.37,33.36,33.07,32.94,32.99,33.07,32.94,33.04,33.15,32.94,32.87,32.94,33.1,33.12,32.87,33.24,33.04,33.19,33.15,32.99,33.15,32.85,32.73,32.65,32.4,32.68,32.36,32.2,32.36,32.35,33.19,32.95,32.68,32.95,32.95,32.78,32.99,32.87,33.07,33.07,33.37,33.37,33.41,33.29,33.29,33.37,33.12,33.52,33.32,33.57,33.52,33.07,32.9,32.95,32.62,32.77,32.43,32.31,32.6,32.48,32.62,32.26,32.06,31.94,31.91,32.03,31.64,31.81,31.91,32.11,32.51,32.68,32.73,32.68,32.82,32.99,32.87,32.53,32.4,32.26,32.43,32.28,32.35
31.24,31.56,31.98,31.81,32.11,32.03,32.14,32.14,31.94,31.83,31.98,31.98,32.11,32.36,32.14,32.11,32.43,32.53,32.26,32.14,32.36,32.11,31.89,32.03,31.94,31.72,31.83,31.86,32.09,31.77,32.31,32.18,32.11,32.31,32.11,32.18,32.09,32.06,32.28,32.43,32.36,32.45,32.36,32.51,32.57,32.4,32.73,32.68,32.82,32.78,32.78,32.9,32.57,32.9,32.78,32.87,32.85,32.87,32.87,32.87,33.02,32.73,33.19,33.19,32.85,32.53,32.99,32.7,32.95,33.12,33.07,33.02,32.85,32.94,32.85,33.1,33.07,32.99,32.99,32.82,33.2,32.95,32.73,33.24,33.02,33.19,33.29,33.02,32.78,33.2,33.2,33.12,33.04,32.87,33.07,33.1,32.68,32.85,32.6,32.45,32.51,32.18,32.31,32.4,32.35,32.48,32.9,32.65,33.07,32.73,32.78,32.94,32.62,32.95,32.7,33.07,33.27,33.36,33.12,33.12,33.07,32.95,33.02,33.1,33.04,33.49,33.24,33.37,33.07,32.87,32.45,32.62,32.53,32.4,32.57,32.45,32.31,32.4,32.28,32.14,31.91,31.86,32.03,31.74,31.77,31.91,32.36,32.35,32.28,32.62,32.51,32.7,32.62,32.85,32.31,32.31,32.18,32.48,32.11,32.23
31.61,31.77,32.03,31.83,31.94,32.14,32.01,31.98,32.01,32.18,32.11,31.81,32.06,32.2,32.31,32.01,32.35,32.31,32.4,32.48,32.4,32.11,32.36,32.26,32.14,31.98,32.03,31.91,32.2,31.94,32.01,31.98,32.06,31.74,32.28,32.09,32.11,32.45,32.48,32.36,32.7,32.65,32.31,32.65,32.68,32.65,32.65,32.65,32.95,32.99,32.6,32.77,32.87,32.9,32.78,32.95,32.94,32.94,32.9,33.15,33.15,33.19,33.1,33.07,33.04,32.9,33.19,32.82,32.87,33.1,32.99,33.24,32.95,32.99,32.94,33.1,33.24,33.2,33.29,33.04,33.19,33.12,33.07,32.95,33.44,33.29,33.44,32.9,33.04,33.2,33.2,32.99,33.15,33.1,33.02,33.12,32.73,32.77,32.9,32.4,32.4,32.23,32.23,32.45,32.65,32.62,32.57,33.07,32.73,32.9,33.36,32.87,32.87,33.12,33.07,33.02,32.9,33.04,32.94,33.2,33.2,32.9,33.12,33.1,32.87,33.36,33.62,33.37,33.02,32.87,32.51,32.4,32.62,32.26,32.57,32.45,32.36,32.4,32.51,32.23,31.89,32.06,31.94,31.81,31.83,31.64,32.43,32.62,32.35,32.73,32.85,32.94,32.6,32.43,32.57,32.53,32.35,32.14,32.18,32.23
31.83,31.81,31.83,32.03,31.81,31.81,31.91,32.01,31.74,31.91,32.18,32.23,32.11,32.4,32.2,32.35,32.43,32.36,32.2,32.11,31.94,32.43,32.11,31.98,32.43,32.09,31.94,32.03,32.03,31.86,31.94,31.89,32.11,32.31,32.43,32.2,32.2,32.43,32.36,32.26,32.4,32.48,32.43,32.51,32.23,32.57,32.62,32.77,32.62,32.73,32.7,32.82,32.85,32.82,33.15,32.7,32.85,32.78,32.94,33.29,33.07,33.32,33.32,33.07,33.36,33.27,32.94,32.87,33.07,33.04,32.87,33.12,33.04,33.04,32.99,33.07,33.24,32.87,33.2,32.9,32.95,33.07,33.36,33.2,32.95,33.12,33.27,33.2,32.87,33.02,33.02,32.87,33.2,33.15,32.78,33.15,32.2,32.68,32.53,32.26,32.51,32.28,32.35,32.31,32.53,32.35,32.85,33.19,33.36,33.02,32.95,33.12,32.94,33.27,33.37,32.87,33.07,33.04,32.94,33.02,32.85,32.87,33.41,33.1,33.12,33.61,33.44,33.29,33.19,33.1,32.45,32.65,32.53,32.31,32.45,32.6,32.45,32.23,32.35,32.23,32.06,31.86,32.03,32.06,32.06,31.91,31.89,32.2,32.51,32.65,32.31,32.53,32.57,32.57,32.45,32.2,32.26,32.4,32.23,32.18
31.44,31.74,32.2,32.03,31.89,31.49,31.69,31.83,31.74,31.98,31.91,32.18,32.18,32.2,32.2,32.09,32.2,32.14,32.31,32.23,32.28,32.4,31.83,31.66,31.98,31.86,31.86,32.06,32.06,31.94,31.91,32.18,32.09,31.91,32.06,32.03,32.26,32.35,32.26,32.18,32.23,32.65,32.26,32.43,32.53,32.68,32.62,32.6,32.53,32.62,32.35,32.68,32.85,32.94,33.04,33.04,32.85,33.02,32.95,33.19,33.15,32.95,32.99,33.07,33.19,33.02,33.24,32.82,33.36,33.07,33.15,33.04,32.94,33.12,33.19,32.94,32.95,32.94,33.1,32.94,32.95,32.95,32.99,33.15,33.12,32.95,33.04,33.15,32.99,33.15,32.94,33.02,32.95,32.95,32.87,32.77,32.57,32.87,32.65,32.48,32.43,32.36,32.36,32.23,32.2,32.65,32.73,32.99,32.78,32.85,32.99,33.02,33.1,32.9,32.85,33.15,33.19,33.19,33.19,32.73,32.87,32.99,33.07,33.1,33.36,33.36,33.66,33.2,33.04,33.1,32.62,32.53,32.43,32.45,32.26,32.31,32.23,32.28,32.31,32.03,31.89,31.91,32.01,31.86,31.91,31.81,32.14,32.11,32.48,32.31,32.26,32.57,32.4,32.31,32.43,32.14,32.35,32.09,32.01,32.06
31.83,31.81,32.2,31.89,31.91,31.61,31.91,31.81,31.86,31.94,32.2,31.94,32.01,31.89,32.09,32.18,32.09,32.2,32.6,32.43,32.2,31.91,31.98,31.98,31.81,32.03,31.89,32.01,31.77,31.81,31.91,32.06,32.01,32.23,32.4,31.94,32.35,32.28,32.2,32.28,32.45,32.23,32.51,32.23,32.36,32.35,32.48,32.73,32.6,32.68,32.68,32.73,32.7,32.65,32.87,32.87,33.04,32.85,33.02,33.36,33.19,33.24,32.94,32.99,33.24,32.99,33.1,32.9,32.94,33.07,32.94,33.24,33.02,33.2,32.94,33.1,32.99,33.04,32.82,32.94,32.73,33.1,32.94,32.82,33.12,32.99,32.94,32.95,32.94,32.95,32.78,33.02,33.04,32.85,33.04,32.87,32.78,32.68,32.48,32.35,32.68,32.28,32.31,32.62,32.35,32.65,32.78,32.82,33.15,32.85,32.85,33.12,33.07,33.04,32.94,32.82,33.07,32.6,33.12,32.87,32.9,32.95,33.02,32.94,33.1,33.44,33.37,33.07,33.04,32.48,32.53,32.48,32.4,32.51,32.31,32.03,32.09,32.62,32.43,32.03,32.23,31.94,32.23,31.89,31.83,31.77,32.14,32.18,32.11,32.35,32.18,32.45,32.35,32.31,32.09,32.4,32.28,31.77,31.91,32.11
31.83,31.83,31.77,31.61,31.91,31.72,31.81,31.72,31.98,32.09,31.81,32.03,32.31,32.2,32.09,32.14,32.03,32.4,32.28,32.36,31.89,32.06,32.14,32.03,31.83,32.03,31.66,31.86,31.89,32.03,31.98,32.23,31.89,32.26,32.35,32.36,31.91,31.83,32.11,32.35,32.43,32.18,32.43,32.26,32.48,32.6,32.36,32.85,32.48,32.57,32.57,32.4,32.31,32.87,32.65,32.85,33.02,33.32,33.04,33.41,32.95,33.15,33.24,32.95,33.15,33.02,33.02,33.12,33.27,33.24,33.24,33.46,33.46,33.41,33.27,33.07,32.87,33.07,33.04,33.1,33.12,33.1,32.85,33.12,32.82,33.02,32.82,33.12,32.87,33.2,33.12,32.85,33.1,33.12,32.85,32.99,33.02,32.82,32.77,32.7,32.4,32.31,32.43,32.62,32.31,32.62,32.51,32.77,32.7,32.87,33.19,32.82,32.99,33.29,33.41,33.44,33.15,32.95,33.02,32.85,32.87,32.99,33.02,33.07,33.36,33.36,33.29,33.61,33.02,32.45,32.57,32.68,32.7,32.11,32.03,32.35,32.45,32.4,32.26,32.45,32.26,32.28,32.01,32.48,31.66,32.11,31.94,32.43,32.31,32.35,32.03,32.23,32.01,32.23,31.94,32.18,32.09,32.06,32.2,32.14
31.64,32.23,32.18,31.86,31.52,31.69,31.86,31.86,31.98,31.72,32.18,31.83,32.06,32.03,31.98,32.09,32.18,32.06,32.18,32.2,32.2,32.23,31.72,31.81,32.06,32.31,32.01,32.01,32.09,32.2,32.06,32.26,32.11,32.4,32.28,32.18,32.43,32.4,32.26,32.35,32.23,32.51,32.18,32.45,32.26,32.57,32.53,32.51,32.82,32.68,32.57,32.48,32.4,32.77,32.6,33.1,33.12,32.94,33.07,33.07,33.2,33.49,33.12,33.32,32.99,33.27,33.36,33.1,33.37,33.24,32.95,33.2,33.15,33.1,33.07,33.1,32.87,33.24,33.12,33.02,32.7,33.19,33.02,33.19,32.87,33.27,33.07,33.07,33.36,33.07,33.07,33.07,33.12,33.1,33.24,33.07,33.07,32.99,32.78,32.57,32.48,32.48,32.7,32.68,32.31,32.4,33.1,32.94,32.85,33.27,33.2,33.04,33.12,33.19,33.29,33.1,33.29,33.07,33.19,32.78,32.94,32.82,32.99,33.15,33.27,33.36,33.12,32.82,32.78,32.6,32.62,32.43,32.57,32.6,32.43,32.62,32.57,32.2,32.45,32.51,32.36,32.28,32.23,32.01,32.14,31.83,31.98,31.94,31.86,32.31,31.94,32.36,32.28,32.26,32.26,32.06,32.09,31.94,32.01,32.03
31.74,31.86,31.83,31.61,31.44,31.72,31.49,31.57,31.91,32.01,31.72,31.77,32.03,32.06,31.89,31.77,32.09,32.03,32.11,32.06,32.2,32.09,32.11,31.89,31.94,31.98,31.66,32.06,32.14,32.09,32.28,32.2,31.98,32.14,32.2,32.28,32.57,32.26,32.31,32.45,32.45,32.6,32.03,32.09,32.62,32.36,32.73,32.62,32.6,32.53,32.51,32.6,32.43,32.53,32.62,32.65,32.65,32.99,32.87,33.29,33.02,33.2,33.27,33.57,33.12,33.19,33.24,33.12,33.19,33.15,33.1,33.19,33.1,32.77,32.94,33.15,32.82,32.99,32.7,32.94,33.12,32.78,32.85,33.1,32.87,33.36,33.12,33.07,32.94,33.27,32.99,33.1,33.2,33.2,33.2,33.04,33.07,33.04,33.24,32.9,32.82,32.82,32.78,32.65,32.68,33.04,32.95,32.87,33.19,33.1,33.15,33.12,33.04,33.36,33.02,33.32,33.27,32.95,33.24,33.04,32.99,32.78,32.95,33.24,33.2,33.36,33.27,33.07,32.85,32.57,32.28,32.43,32.31,32.35,32.65,32.6,32.11,32.06,32.23,32.26,32.31,32.23,32.18,32.03,31.91,31.81,31.77,31.83,31.77,31.89,32.03,32.09,32.09,32.31,32.11,32.11,31.94,32.01,32.06,32.03
31.56,31.72,31.64,31.57,31.44,31.49,31.4,31.2,31.77,31.57,31.47,31.47,32.01,32.03,31.98,31.89,31.69,32.09,31.81,32.2,32.01,32.18,31.86,31.94,31.86,32.06,31.86,31.86,32.09,31.98,32.28,32.26,31.91,32.06,32.18,32.14,32.62,32.51,32.36,32.4,31.94,32.28,32.28,32.4,32.28,32.23,32.4,32.11,32.4,32.23,32.51,32.73,32.35,32.53,32.62,32.73,32.73,33.07,32.87,33.04,33.02,33.46,33.27,33.29,33.02,33.32,33.04,33.15,33.1,33.1,33.07,33.1,32.99,32.82,32.99,33.1,33.19,32.9,33.15,33.1,32.85,33.19,33.24,33.2,33.29,33.19,32.99,33.15,33.07,32.9,33.36,32.95,33.37,33.24,33.29,33.04,33.19,33.37,33.41,32.9,33.07,32.82,33.02,32.57,32.73,32.95,32.73,32.99,33.12,33.27,33.46,33.12,33.49,33.1,33.27,33.44,33.29,33.04,33.1,33.04,33.12,32.87,32.94,33.07,33.29,33.15,32.99,32.99,32.6,32.68,32.82,32.36,32.68,32.85,32.6,32.4,32.51,32.68,32.53,32.28,32.2,31.91,32.09,31.83,32.03,31.86,31.89,31.86,31.89,31.98,31.81,31.74,31.89,31.83,32.03,32.06,32.23,31.81,32.31,31.86
31.64,31.57,31.56,31.24,31.2,31.24,31.47,31.27,31.29,31.44,31.66,31.81,31.91,31.94,31.86,31.77,32.01,32.03,32.03,32.14,32.11,31.98,31.94,31.98,31.86,32.06,31.89,32.18,31.89,32.31,32.23,32.45,31.98,32.18,32.14,32.28,32.23,32.51,32.51,32.28,32.28,32.35,32.48,32.35,32.53,32.43,32.28,32.35,32.14,32.28,32.18,32.35,32.6,32.26,32.48,32.9,32.73,32.78,33.12,32.94,33.2,33.36,33.02,33.12,33.02,33.27,33.19,33.29,33.19,33.19,33.04,32.82,32.85,32.95,32.99,33.12,33.19,33.12,33.12,33.15,33.07,33.12,32.94,33.29,33.19,32.94,33.1,33.12,33.02,32.99,32.87,32.95,33.12,33.24,33.2,32.94,33.04,33.54,33.15,32.94,33.37,33.02,33.19,33.1,33.1,32.95,33.24,33.1,33.12,33.1,33.36,33.46,33.46,33.49,33.37,33.07,33.36,33.12,33.1,33.2,33.12,33.02,32.95,33.04,33.32,33.2,32.78,32.94,32.78,32.57,32.73,32.6,32.7,32.6,32.68,32.82,32.35,32.68,32.4,32.6,32.43,32.31,32.2,32.03,31.64,31.86,31.69,32.03,31.83,31.72,31.83,31.66,32.11,32.14,32.23,32.18,32.23,32.11,32.03,31.83
31.27,31.52,31.47,31.47,31.44,31.32,31.44,31.39,31.27,31.61,31.81,31.83,31.98,31.77,31.69,31.77,31.89,32.09,32.01,32.01,32.01,32.09,31.98,31.98,31.81,31.98,31.64,31.98,31.89,32.11,32.45,32.2,32.06,32.23,32.57,32.23,32.48,32.28,32.43,32.26,32.26,32.36,32.53,32.43,32.28,32.23,32.45,32.28,32.4,32.23,32.35,32.31,32.6,32.51,32.77,32.51,32.77,32.77,32.78,32.82,32.99,32.94,33.29,33.19,32.99,33.32,33.24,32.94,33.1,32.87,33.07,33.04,33.07,33.07,33.19,33.1,33.07,33.1,33.07,33.07,33.07,33.02,33.04,33.2,33.02,33.1,33.02,33.02,32.82,33.24,33.04,32.82,32.7,32.77,33.02,33.15,33.15,33.46,33.36,33.19,33.2,33.24,33.02,33.24,33.27,33.27,33.29,33.12,33.19,33.27,33.07,33.41,33.27,33.1,33.36,33.44,33.29,33.2,33.1,33.19,33.07,32.9,33.12,33.02,33.12,33.02,33.2,33.04,33.24,32.85,32.62,32.6,32.62,32.7,32.68,32.68,32.94,32.65,32.77,32.82,32.57,32.28,32.45,32.28,32.23,32.03,31.72,31.69,32.06,31.91,31.57,32.06,31.77,32.01,32.06,32.23,32.06,32.01,32.09,31.91
30.75,31.15,31.12,31.4,30.98,31.2,31.2,31.29,31.39,31.56,31.64,31.81,31.77,31.64,31.74,31.77,31.89,32.14,32.09,32.18,32.14,32.14,32.14,31.83,32.2,31.89,31.98,32.26,31.89,32.09,32.51,32.36,32.09,32.31,32.2,32.14,32.4,32.11,32.48,32.31,32.35,32.26,32.36,32.62,32.45,32.35,32.18,32.36,32.51,32.23,32.28,32.53,32.57,32.53,32.36,32.36,32.73,32.48,32.78,33.1,32.85,32.65,33.12,32.95,33.15,33.44,33.29,33.1,33.29,32.99,32.65,33.02,32.95,32.94,32.95,33.04,32.99,33.12,33.07,33.1,33.19,33.19,33.07,32.87,33.12,32.99,33.02,32.95,33.19,32.99,32.82,32.77,32.68,32.99,32.82,32.99,33.02,33.02,33.46,33.32,33.36,33.19,33.07,33.29,33.12,32.95,33.37,33.15,32.95,33.2,33.15,33.24,33.2,33.27,33.46,33.27,33.29,33.1,33.36,33.32,33.19,33.1,33.27,33.37,33.07,33.02,33.19,33.04,32.82,32.65,32.7,32.77,32.48,32.68,32.68,32.68,32.85,32.73,32.95,32.62,32.94,32.45,32.28,32.28,32.06,32.03,31.61,31.86,31.81,31.69,31.57,31.74,31.77,32.03,32.18,32.09,32.09,31.94,32.01,32.23
30.18,31.12,30.92,30.9,30.87,31.03,31.02,31.07,31.12,31.29,31.49,31.4,31.66,31.52,31.61,31.74,32.03,31.94,32.14,31.91,31.94,32.03,32.28,31.69,32.03,32.01,32.23,32.09,32.23,32.26,32.18,32.06,32.28,32.28,32.2,31.91,32.03,32.11,32.01,32.14,32.36,32.09,32.01,32.28,31.72,32.14,32.28,32.03,32.26,32.11,32.23,32.51,32.06,32.18,32.53,32.51,32.65,32.78,32.62,32.7,32.62,32.85,33.07,32.9,33.1,33.04,32.9,32.82,32.87,33.2,32.85,32.85,32.9,33.07,32.87,33.24,32.78,32.99,33.02,32.99,33.04,33.02,32.9,32.94,32.95,32.94,33.1,33.02,33.02,32.9,32.9,32.94,32.73,32.65,32.6,32.95,33.27,33.2,33.07,33.07,33.1,33.2,33.15,32.9,33.12,33.2,33.1,33.19,33.12,33.2,33.04,33.15,33.37,33.27,33.44,33.46,33.41,33.02,33.37,33.32,33.2,33.19,33.54,33.19,33.32,33.29,33.2,33.07,33.02,32.82,33.02,32.62,32.57,32.77,32.68,33.07,32.95,32.94,33.07,32.68,32.78,32.95,32.43,32.28,32.09,31.57,31.81,31.74,31.83,31.49,31.61,31.49,31.66,31.69,32.09,31.74,32.36,31.81,31.86,31.83
28.63,30.66,31.1,31.03,30.98,30.87,31.24,30.92,31.4,31.39,31.44,31.44,31.69,31.64,31.66,31.69,31.83,31.89,32.06,32.01,32.31,31.86,32.03,32.03,31.86,31.56,31.66,32.18,31.91,31.81,32.11,32.09,32.14,32.06,32.01,32.14,32.43,32.11,32.09,32.09,32.43,32.23,32.43,32.23,32.11,32.28,31.81,32.26,32.03,32.36,32.2,32.4,32.48,32.26,32.48,32.51,32.28,32.53,32.68,32.7,32.73,32.62,32.99,32.94,32.99,32.99,32.95,33.07,32.87,32.9,33.02,33.02,32.94,33.07,32.68,33.15,33.07,33.07,33.2,33.2,33.1,33.29,33.12,32.87,33.02,32.82,32.77,32.65,32.73,32.57,32.94,32.57,32.9,32.87,32.82,32.94,32.95,32.78,33.12,32.87,33.15,33.12,33.46,33.19,33.2,32.99,32.78,33.27,33.27,33.54,32.99,33.37,33.41,33.36,33.29,33.49,33.44,33.29,33.24,33.57,33.32,33.15,33.41,33.19,33.44,33.24,33.29,33.04,32.78,32.7,32.77,32.77,32.82,32.68,32.85,32.95,33.02,33.1,33.36,33.32,33.24,32.95,33.12,32.31,32.28,32.28,31.83,31.77,31.64,31.64,31.57,31.77,31.66,32.09,32.03,32.26,32.09,32.01,32.06,32.18
26.14,30.21,30.87,30.73,30.46,30.78,30.82,30.98,31.1,31.44,31.47,31.52,31.74,31.81,31.83,32.01,31.86,31.91,32.28,32.26,32.28,31.91,31.89,32.11,31.86,31.98,31.91,32.01,31.64,31.83,31.77,32.06,31.86,31.94,31.64,31.83,32.2,32.23,32.03,32.06,32.06,32.31,32.09,32.23,32.35,32.06,32.03,32.23,32.2,32.45,31.98,32.68,32.4,32.06,32.6,32.51,32.4,32.57,32.62,32.48,32.65,32.7,32.62,32.7,32.82,32.9,32.53,32.78,32.77,32.95,32.99,32.85,32.95,33.12,33.24,32.95,32.85,33.46,33.27,33.36,32.73,33.07,33.1,33.15,33.07,32.87,32.78,32.9,32.78,32.78,32.7,32.85,32.85,32.77,32.94,32.77,32.78,32.85,32.85,33.19,33.12,33.27,33.29,32.99,33.07,33.27,33.2,32.9,33.19,33.2,33.02,33.29,33.2,33.36,33.49,33.27,33.46,33.1,33.46,33.24,33.29,33.44,33.19,33.2,33.2,33.15,33.46,33.2,33.04,32.87,32.68,32.48,32.62,32.7,32.9,33.1,33.19,33.29,33.37,33.52,33.36,33.12,33.36,32.95,32.62,32.28,31.81,31.57,31.56,31.27,31.44,31.86,31.98,31.83,32.14,31.86,31.94,31.72,32.01,32.23
24.78,28.19,30.46,30.7,30.82,30.92,31.07,31.12,31.29,31.1,31.49,31.39,31.56,31.57,31.69,31.72,31.69,31.86,32.18,32.06,31.91,32.14,32.03,31.98,31.64,31.86,31.64,31.69,31.89,31.72,31.89,31.94,32.03,32.03,31.94,32.03,31.86,31.81,31.86,32.03,32.28,31.91,32.06,31.98,32.06,32.11,32.23,32.26,32.26,32.01,32.18,32.4,31.94,32.06,32.6,32.36,32.62,32.43,32.18,32.65,32.6,32.53,32.82,32.65,32.73,32.82,32.57,32.85,32.73,32.78,32.82,32.77,33.02,32.85,33.24,33.15,33.46,33.29,33.2,33.2,33.15,33.2,33.27,32.85,33.07,32.94,33.02,32.95,32.78,32.78,32.68,32.73,32.6,32.73,32.6,32.6,32.87,32.87,32.85,32.82,32.99,33.04,32.9,33.15,32.78,32.95,32.65,32.87,33.04,32.82,32.9,33.12,33.07,33.27,33.37,32.94,33.27,33.2,33.2,33.24,33.29,33.15,33.32,33.1,32.99,33.27,33.07,33.12,32.82,32.7,32.53,32.85,32.62,32.77,32.82,33.15,33.07,33.07,33.44,33.41,33.27,33.49,33.57,33.12,32.6,32.2,31.89,31.61,31.81,31.61,31.77,31.77,31.49,31.77,31.91,32.03,31.91,31.94,31.94,32.11
23.87,27.29,30.26,30.66,30.7,30.82,30.95,30.87,31.27,31.24,31.03,31.57,31.49,31.35,31.44,31.64,32.03,32.35,32.18,32.26,32.11,32.01,31.77,31.83,31.81,31.56,31.77,31.91,31.69,31.69,31.77,31.61,31.77,31.89,31.74,32.23,31.72,32.11,32.18,31.94,31.98,32.01,31.94,32.23,32.14,31.98,32.01,32.14,31.81,31.98,32.06,32.18,32.26,32.36,32.26,32.28,32.35,32.62,32.36,32.43,32.23,32.77,32.31,32.7,32.51,32.53,32.9,32.73,32.73,32.65,32.9,32.94,33.02,33.02,33.1,33.46,33.15,33.66,33.36,33.36,33.36,33.15,33.32,33.04,33.04,32.87,33.02,32.73,32.94,32.85,32.78,32.68,32.9,32.78,32.99,32.77,32.53,32.48,32.68,32.65,32.78,32.7,32.7,32.87,32.68,32.43,32.73,33.04,32.77,33.07,32.94,32.99,33.41,32.99,33.24,33.44,33.57,33.2,33.12,33.44,33.29,33.29,33.32,33.44,33.32,33.04,33.19,33.04,32.87,32.95,32.7,32.87,32.73,32.87,32.78,33.04,32.94,33.54,33.49,33.61,33.46,33.49,33.66,33.02,33.12,32.36,31.74,31.74,31.72,31.64,31.39,31.94,31.81,31.77,31.94,32.43,32.11,32.18,31.61,31.89
23.72,25.33,29.0,30.75,30.55,30.75,30.66,31.2,31.07,31.15,31.49,31.35,31.57,31.47,31.44,31.66,31.86,32.06,32.09,32.18,32.01,32.01,31.77,31.57,31.81,32.03,31.61,31.52,31.72,31.94,31.72,31.83,32.01,31.94,32.01,31.81,32.14,32.11,32.01,31.94,32.11,32.09,32.18,32.09,31.94,32.11,32.11,32.09,32.53,32.31,32.36,32.2,31.91,32.31,32.43,32.48,32.09,32.2,32.36,32.4,32.4,32.57,32.4,32.31,32.48,32.51,32.6,32.77,32.99,32.73,32.7,32.78,33.02,33.2,33.1,33.29,33.37,33.46,33.37,33.2,33.12,33.12,33.2,33.27,33.07,33.04,32.94,32.95,32.68,32.82,32.99,32.77,32.65,32.78,32.82,32.68,32.53,32.45,32.78,32.85,32.9,32.82,33.04,32.9,32.7,32.57,32.85,32.7,32.9,32.99,33.07,32.82,33.36,33.2,33.04,33.32,33.52,33.27,33.12,33.15,33.15,33.12,33.27,33.04,32.95,32.99,33.24,33.27,32.94,32.7,32.85,32.45,32.9,32.78,32.94,32.73,33.02,33.27,33.27,33.37,33.57,33.46,33.62,33.32,33.19,32.45,31.94,32.26,31.69,31.74,31.86,31.72,32.14,32.23,32.14,32.14,32.11,32.03,32.01,32.03
23.45,24.53,29.03,30.33,30.7,30.45,30.83,31.12,30.78,31.2,30.98,31.64,31.07,31.89,31.77,31.83,32.11,32.11,32.26,32.36,31.94,31.83,31.89,31.69,31.81,31.89,31.35,31.89,31.77,31.91,32.06,31.86,31.69,32.18,31.98,32.03,31.98,32.06,31.98,32.03,32.14,31.81,32.06,32.26,31.94,31.98,32.06,32.18,32.14,32.31,32.2,31.98,32.11,32.14,32.03,32.09,32.26,32.28,32.45,32.43,32.18,32.23,32.4,32.45,32.45,32.6,32.43,32.73,32.53,32.68,32.7,33.02,33.19,33.19,33.29,33.52,33.37,33.36,33.49,33.32,33.27,33.52,33.2,33.46,33.36,33.44,33.32,33.04,32.57,33.07,32.85,32.85,32.82,32.73,32.57,32.73,32.68,32.68,32.73,32.73,32.73,32.65,32.65,32.65,32.57,32.53,32.57,32.53,32.95,32.87,32.95,32.99,32.73,33.54,33.15,33.27,33.19,33.54,33.44,33.41,33.29,33.44,33.19,32.9,33.07,33.02,33.07,33.1,33.24,32.87,32.68,32.95,32.82,33.02,32.9,32.78,33.1,33.04,33.29,33.41,33.61,33.61,33.78,33.41,32.87,32.43,32.01,31.98,32.06,31.69,31.77,31.77,31.89,31.91,32.43,32.2,31.98,32.11,32.01,32.26
23.52,24.29,27.92,30.33,30.45,30.33,30.92,30.87,30.98,31.15,31.29,31.29,31.56,31.47,31.86,31.89,32.14,32.4,32.28,32.31,32.11,32.2,31.81,31.89,31.98,31.74,31.72,31.94,31.86,31.86,32.01,31.91,31.81,32.43,31.94,31.98,32.06,32.11,32.01,31.91,32.06,31.86,31.94,31.91,31.81,32.01,31.89,32.11,31.94,32.06,32.06,32.06,32.01,32.31,32.03,32.14,32.09,32.01,32.18,32.2,32.11,32.2,32.35,32.43,32.62,32.45,32.45,32.62,32.51,32.77,32.7,33.04,32.9,33.2,33.41,33.54,33.54,33.49,33.49,33.44,33.1,33.27,33.29,33.32,33.37,33.12,33.15,33.07,33.2,33.1,32.57,32.51,32.48,32.68,32.48,32.62,32.53,32.82,32.78,32.85,32.94,32.77,32.77,32.73,32.6,32.53,32.53,32.57,32.53,32.62,32.6,32.95,33.04,33.02,33.1,33.46,33.44,33.46,33.54,33.41,33.1,33.15,33.07,33.12,33.04,33.04,33.1,33.04,33.19,33.12,32.78,32.43,32.65,32.87,32.94,32.68,32.9,33.29,33.07,33.15,33.36,33.54,33.41,32.78,32.87,32.2,32.01,31.94,31.74,31.52,31.83,31.64,31.69,32.18,32.14,32.01,32.11,32.18,31.98,32.09
23.69,23.84,26.7,30.18,30.21,30.58,30.58,30.83,30.95,31.29,31.12,31.15,31.4,31.64,31.98,32.06,32.18,32.26,32.45,32.36,32.11,31.91,31.98,31.74,31.81,31.64,32.03,32.06,31.89,31.83,31.86,31.91,32.18,31.83,31.74,32.09,31.94,32.14,31.91,31.98,31.86,32.18,32.26,32.11,31.86,31.94,32.01,32.09,31.86,31.74,32.06,32.01,31.77,32.36,32.31,32.01,32.45,32.23,32.14,32.2,31.81,32.4,32.23,32.28,32.4,32.43,32.48,32.51,32.78,32.6,32.85,32.87,32.99,33.19,33.19,33.69,33.49,33.41,33.41,33.54,33.49,33.44,33.27,33.37,33.29,33.44,33.19,33.15,32.85,32.6,32.77,32.68,32.45,32.43,32.57,32.43,32.53,33.02,32.95,32.73,33.15,32.85,33.07,32.73,32.82,32.73,32.7,32.62,32.68,32.82,32.36,32.99,32.65,33.12,33.07,33.44,32.99,33.19,33.44,33.46,33.46,33.29,33.15,33.32,33.1,32.94,33.15,33.27,33.15,32.87,32.95,32.94,32.87,32.87,32.77,32.94,33.07,32.94,33.07,33.19,33.27,33.1,33.46,32.9,32.6,32.14,32.03,32.01,32.06,31.81,32.03,31.89,31.86,32.11,32.18,32.14,31.98,32.2,31.94,32.26
23.23,23.99,25.72,29.67,30.33,30.58,30.75,30.87,30.75,30.98,31.24,31.03,31.61,31.64,31.86,31.81,32.28,32.78,32.6,32.43,32.23,32.18,31.98,32.01,31.91,32.06,31.86,31.89,32.01,31.64,32.01,32.18,32.03,31.98,32.14,32.26,31.89,31.83,32.03,31.83,32.2,32.18,31.94,31.81,32.11,31.74,31.86,32.01,31.89,31.94,31.94,31.77,32.06,32.2,32.03,31.94,31.98,32.09,32.31,32.28,32.09,32.51,32.4,32.57,32.51,32.51,32.51,32.78,32.99,32.85,32.94,33.19,33.04,33.04,33.44,33.37,33.32,33.61,33.44,33.46,33.54,33.46,33.19,33.29,32.95,33.2,33.2,33.27,32.6,32.82,32.68,32.73,32.53,32.4,32.57,32.68,32.78,32.87,32.94,33.52,33.04,32.85,33.02,32.94,32.77,32.9,32.45,32.51,32.7,32.57,32.7,32.94,32.95,32.94,33.15,33.02,33.24,33.44,33.19,33.36,33.15,33.36,33.12,33.12,33.1,33.04,33.1,33.02,33.1,33.19,32.99,32.78,32.65,32.68,33.15,32.9,32.85,32.7,33.12,32.95,33.27,33.1,33.02,32.4,32.4,31.98,31.72,31.91,31.69,31.81,31.98,31.98,32.03,32.26,32.2,32.23,32.35,31.94,32.06,32.35
23.27,23.72,24.66,28.98,30.5,30.55,30.78,30.87,30.95,31.19,31.15,30.92,31.57,31.86,31.94,32.4,32.26,32.68,32.6,32.26,32.09,32.01,32.14,31.72,31.86,31.69,31.81,31.86,31.86,32.18,31.83,31.86,32.01,32.31,31.98,32.23,32.11,31.86,32.03,31.74,32.09,31.74,31.94,32.01,32.06,32.09,32.14,31.61,31.77,32.26,32.01,32.14,31.86,31.86,32.28,32.09,32.28,32.06,32.36,32.26,32.36,32.45,32.36,32.4,32.57,32.57,32.77,32.48,32.6,32.77,32.94,33.2,33.04,33.27,33.24,33.36,33.57,33.52,33.32,33.61,33.36,33.37,33.12,33.41,33.27,33.04,33.37,32.78,32.73,32.82,32.65,32.57,32.77,32.48,32.48,32.68,32.87,32.94,33.04,33.32,33.37,32.99,33.27,33.02,32.82,32.7,32.6,32.77,32.95,32.94,32.82,32.82,32.87,33.1,33.12,33.27,33.12,33.27,32.99,33.29,33.29,33.19,33.19,33.12,32.94,33.29,32.99,33.36,33.07,33.1,32.94,32.6,32.6,32.99,32.9,32.68,32.7,32.78,32.85,32.77,32.87,33.36,32.95,32.26,32.26,32.11,31.98,32.01,31.66,31.94,31.91,32.03,32.28,31.98,32.43,31.83,32.23,32.03,32.35,32.36
23.15,23.54,24.56,27.84,30.18,30.66,30.78,30.73,30.9,31.19,31.4,31.39,31.72,31.74,31.89,32.26,32.53,32.65,32.68,32.01,31.86,32.03,31.77,31.83,31.64,31.77,31.44,31.89,31.86,32.09,32.2,32.31,32.01,32.26,31.81,31.94,31.77,32.2,31.89,31.91,31.94,31.83,31.72,32.2,31.91,32.03,31.94,32.18,31.83,31.86,31.94,32.11,31.89,31.98,32.18,32.03,32.31,32.23,32.11,32.26,32.26,32.2,32.43,32.14,32.45,32.48,32.57,32.62,32.94,32.94,33.04,33.2,32.99,33.27,33.07,33.57,33.12,33.24,33.46,33.52,33.29,33.15,33.41,33.02,33.19,32.99,33.02,32.82,32.62,32.77,32.51,32.36,32.4,32.82,32.82,32.82,33.07,33.1,33.1,33.36,33.36,33.52,33.29,33.2,32.78,32.82,32.77,32.94,32.82,33.04,32.57,32.87,33.12,33.19,33.04,33.02,33.02,33.15,33.2,33.15,33.2,33.04,33.32,33.02,33.04,33.15,33.27,33.24,33.1,33.1,32.65,32.73,32.87,32.95,32.82,32.85,32.95,32.87,33.07,32.62,33.07,32.77,32.78,32.4,32.43,31.94,31.83,31.61,31.94,31.94,32.31,32.35,32.14,31.94,32.11,32.31,31.72,32.36,32.18,32.35
23.06,23.67,24.11,26.88,30.33,30.5,30.53,30.53,30.82,31.35,31.1,31.4,31.32,31.61,32.01,32.06,32.48,32.68,32.53,32.06,31.74,32.01,31.83,31.91,31.89,31.94,31.52,31.81,31.83,31.98,31.86,32.09,31.56,31.81,31.89,31.89,31.56,31.86,32.01,31.91,31.94,31.94,31.98,32.36,32.4,32.01,32.01,31.72,31.91,31.83,31.86,32.09,32.2,32.14,31.86,32.31,32.14,32.28,32.18,32.48,32.14,32.35,32.36,32.26,32.51,32.23,32.23,32.51,32.62,32.95,32.77,32.94,32.9,33.12,33.27,33.29,33.44,33.41,33.44,33.61,33.29,33.46,33.2,32.9,33.12,33.15,32.73,32.6,32.73,32.51,32.78,32.62,32.68,32.65,32.57,32.68,32.9,32.82,33.19,33.24,33.41,33.49,33.44,33.02,33.1,32.99,33.19,33.1,33.19,32.82,32.77,32.87,32.77,32.68,32.95,32.99,32.95,33.19,33.27,33.19,33.24,33.07,33.27,33.36,33.04,33.02,32.99,33.02,33.1,32.95,33.02,32.82,32.87,33.2,33.07,32.95,32.87,32.53,32.68,32.73,32.95,32.87,32.51,32.11,32.28,31.91,31.89,31.72,31.91,31.91,32.18,32.03,32.26,32.36,31.91,32.26,32.06,32.23,32.26,32.06
23.22,23.38,23.72,25.96,29.39,30.41,30.45,30.55,30.65,31.44,31.56,31.69,31.56,31.64,31.94,32.2,32.57,32.62,32.48,32.2,31.98,31.91,31.77,31.74,31.98,32.01,31.44,31.91,31.72,31.74,31.83,31.98,31.89,31.81,31.72,31.83,31.74,31.83,31.66,32.06,32.03,32.11,31.98,31.91,32.06,32.23,31.86,32.06,31.89,31.72,31.81,32.03,32.09,32.03,32.2,32.03,32.28,32.53,32.23,32.2,32.14,31.74,32.23,32.51,32.45,32.62,32.7,32.85,32.57,32.82,32.85,32.87,32.51,33.1,33.12,33.15,33.32,33.29,33.41,33.66,33.24,33.41,33.15,33.1,32.94,32.78,32.85,32.94,32.73,32.26,32.7,32.45,32.73,32.73,32.7,32.68,32.7,33.07,33.2,33.12,33.44,33.32,33.93,33.44,33.41,33.07,33.19,33.1,32.95,33.29,32.9,32.73,32.62,32.94,32.99,33.07,32.85,33.15,33.36,33.1,33.19,33.24,33.15,32.99,32.87,33.07,33.36,32.95,33.04,32.95,33.04,32.94,32.94,32.77,33.02,32.87,33.02,32.68,32.94,32.82,32.99,32.62,32.4,32.45,32.36,32.36,32.2,32.23,32.14,32.43,32.35,32.28,32.36,32.14,32.28,32.06,32.18,32.18,31.83,31.77
23.23,23.37,23.54,24.9,28.66,30.01,30.5,30.66,30.5,31.32,31.32,31.61,31.74,31.86,32.18,31.94,32.48,32.48,32.23,31.94,32.06,31.86,32.03,31.66,31.94,31.27,31.57,31.61,31.69,31.81,31.77,31.89,31.64,31.66,31.74,31.98,32.01,31.86,31.66,31.72,31.81,32.01,32.18,32.06,32.03,32.18,31.69,31.91,31.91,31.56,32.18,31.98,31.94,32.18,32.14,32.36,32.01,32.48,32.36,32.43,32.31,32.36,32.53,32.6,32.43,32.36,32.53,32.51,32.68,32.73,32.68,32.78,33.24,32.87,33.07,33.15,32.99,33.15,33.32,32.9,33.24,33.27,33.41,33.1,33.15,32.9,32.85,32.62,32.62,32.7,32.62,32.6,32.51,32.65,32.68,32.85,33.1,33.12,33.15,33.46,33.54,33.54,33.88,33.66,33.78,33.2,33.29,33.24,33.29,33.19,33.1,32.82,33.02,33.04,32.9,32.95,32.99,32.78,32.99,33.04,33.1,33.04,33.2,32.94,32.87,33.02,33.12,32.87,33.12,32.95,32.87,33.02,32.77,33.07,33.07,32.87,32.87,32.95,32.6,32.94,32.82,32.73,32.35,32.4,32.51,32.06,32.18,32.26,32.35,32.31,32.65,32.7,32.43,32.23,32.28,31.86,32.23,32.06,32.18,32.06
23.18,23.08,23.67,24.48,27.76,29.59,30.36,30.58,30.55,30.95,31.39,31.56,31.72,31.83,32.11,32.28,32.53,32.31,32.23,31.91,31.94,31.83,31.89,31.72,31.89,31.29,31.74,31.64,31.69,31.89,31.74,31.52,31.72,31.61,31.57,31.89,31.91,31.98,32.06,31.94,32.06,32.09,32.28,32.03,32.28,32.01,31.94,31.81,31.86,32.01,31.86,32.01,31.98,32.18,32.35,32.48,32.28,32.35,32.23,32.68,32.68,32.28,32.36,32.28,32.36,32.45,32.51,32.51,32.77,32.57,32.57,32.73,32.82,32.85,33.44,33.36,33.07,33.15,33.2,33.12,33.32,33.37,33.36,33.62,32.85,32.95,32.94,32.82,32.62,32.6,32.62,32.85,32.99,32.85,33.04,32.94,32.99,33.07,33.37,33.12,33.36,33.37,33.71,33.69,33.54,33.54,33.29,33.37,32.95,33.41,33.32,32.9,33.1,33.04,32.68,32.9,33.02,32.9,32.94,32.82,33.12,32.95,32.95,33.04,33.07,33.15,32.94,33.19,33.02,33.1,32.6,33.04,33.12,33.1,33.24,33.19,32.95,33.12,32.87,32.62,32.9,32.77,32.62,32.36,32.23,32.35,32.53,32.6,32.7,32.6,32.85,32.68,32.2,32.28,32.23,32.11,32.23,31.98,32.11,31.74
22.73,23.27,23.37,23.67,26.02,29.39,30.53,30.36,30.87,31.03,31.56,31.86,31.91,31.49,32.28,32.14,32.14,32.43,32.18,31.83,31.98,31.83,31.72,31.74,31.89,31.77,31.66,31.81,31.72,31.61,31.91,31.69,31.66,31.69,31.89,31.91,31.77,31.66,31.64,31.98,31.83,32.01,32.03,32.2,31.98,31.91,32.09,32.03,32.26,31.94,32.11,32.2,31.91,32.18,32.51,32.51,32.48,32.09,32.35,32.43,32.43,32.45,32.2,32.26,32.65,32.53,32.4,32.53,32.57,32.65,32.6,32.85,32.78,32.9,33.19,33.29,33.52,33.19,33.07,33.41,33.27,33.32,33.44,33.19,33.04,32.99,32.9,32.43,32.62,32.68,32.45,32.6,32.73,32.9,32.94,32.78,32.87,32.9,33.02,33.15,33.57,33.24,33.86,33.93,33.62,33.66,33.49,33.29,33.36,33.24,33.07,32.7,32.85,32.94,32.82,33.04,32.9,32.9,32.99,32.73,33.24,32.99,32.95,33.07,33.04,33.32,33.1,32.68,33.12,32.99,32.99,32.57,32.95,33.07,33.24,32.87,32.9,33.12,33.07,32.85,32.6,32.82,32.65,32.48,32.53,32.73,32.45,32.85,32.94,32.94,32.65,32.73,32.53,32.57,32.28,32.2,31.94,32.18,32.01,31.81
22.91,23.22,23.38,23.69,24.8,28.68,30.16,30.26,30.87,31.07,31.4,31.49,31.98,31.86,32.06,31.74,32.2,32.06,31.91,31.72,31.91,31.86,31.57,31.66,31.69,31.52,31.57,31.66,31.66,31.39,31.72,31.64,31.69,31.57,31.74,32.09,31.94,31.74,31.89,32.03,32.18,31.91,32.14,32.18,32.18,32.23,32.01,32.03,31.81,32.09,32.03,32.18,32.4,32.36,32.45,32.53,32.62,32.36,32.73,32.23,32.35,32.23,32.62,32.65,32.51,32.6,32.23,32.35,32.43,32.73,32.87,32.85,32.78,33.12,33.54,33.27,33.04,33.49,33.15,33.19,33.37,33.12,33.15,33.07,32.95,32.94,32.85,32.68,32.7,32.9,32.68,32.85,32.82,32.94,32.9,33.04,32.77,32.9,33.12,33.29,33.41,33.86,33.79,33.69,33.71,33.74,33.71,33.44,33.24,33.49,33.27,32.82,32.94,32.7,33.1,32.99,32.95,32.95,32.99,32.82,33.24,32.95,33.24,33.04,33.02,33.12,33.02,32.94,33.07,32.73,32.82,32.82,32.87,33.04,33.15,32.82,33.04,33.27,32.85,32.6,32.62,32.78,32.62,32.65,33.1,32.85,32.95,33.27,33.12,32.65,32.68,32.31,32.6,32.35,32.23,32.36,32.14,32.2,31.86,31.35
22.85,23.0,23.48,23.67,24.56,28.28,30.08,30.21,30.53,30.92,31.52,31.83,31.83,31.72,31.94,32.03,31.83,31.98,32.01,31.94,31.69,31.89,31.94,31.66,31.47,31.64,31.64,31.94,31.52,31.57,31.81,31.66,31.77,31.69,31.94,31.86,31.81,31.98,31.77,32.18,31.91,32.11,31.89,32.45,32.09,32.09,31.72,31.86,32.14,32.11,32.28,32.35,32.35,32.23,32.28,32.26,32.48,32.57,32.51,32.26,32.28,32.18,32.68,32.51,32.48,32.48,32.43,32.6,32.6,32.7,32.78,32.85,32.9,33.02,32.99,33.32,33.1,33.27,33.41,33.12,33.32,33.12,32.94,33.07,33.02,32.82,32.68,32.65,32.48,32.78,32.4,32.68,32.53,32.6,32.77,32.95,32.78,32.77,33.19,33.1,33.57,33.52,33.49,33.93,33.36,34.04,33.71,33.52,33.44,33.36,33.04,33.15,33.1,32.82,32.99,32.99,32.77,32.85,32.95,33.07,33.02,32.99,32.95,32.99,33.12,32.99,32.94,33.19,33.07,32.87,32.95,32.77,32.77,32.99,33.15,33.37,33.24,32.99,33.04,32.85,32.99,32.78,33.02,32.94,33.15,32.85,33.04,33.32,33.07,33.32,32.95,33.02,32.68,32.28,32.53,32.11,32.01,31.89,31.52,31.12
22.76,22.88,22.93,23.37,24.26,26.85,29.69,30.04,30.18,30.7,31.57,31.61,31.94,31.98,31.66,31.47,31.98,31.98,31.81,31.64,31.94,31.57,31.89,31.72,31.69,31.44,31.64,31.64,31.64,31.69,31.77,31.89,31.64,31.83,31.86,31.66,31.89,31.89,31.89,31.86,32.03,32.01,32.06,32.01,31.91,32.01,31.81,32.31,32.18,32.03,32.11,32.18,32.23,32.2,32.48,32.48,32.35,32.45,32.18,32.11,32.45,32.48,32.2,32.45,32.62,32.78,32.62,32.82,32.6,32.6,32.68,32.9,32.6,33.1,33.27,33.32,33.2,33.32,33.66,33.2,33.12,33.12,32.78,33.1,32.94,32.65,32.65,32.6,32.62,32.45,32.35,32.57,32.73,32.65,32.82,32.6,33.32,33.12,32.95,32.94,33.41,33.41,33.78,33.62,33.44,33.93,33.54,33.62,33.44,33.32,33.2,32.99,32.9,32.9,33.15,32.82,33.12,32.95,33.15,33.07,33.12,32.95,33.02,32.99,32.85,33.04,33.07,32.99,33.12,32.99,32.65,32.9,32.95,32.78,32.94,33.27,33.29,33.04,32.87,32.9,32.95,32.99,33.02,33.07,33.27,33.37,33.2,33.19,33.1,33.24,32.82,32.7,32.87,32.48,32.51,32.11,32.11,31.66,31.49,30.61
22.73,23.18,23.15,23.54,23.79,25.75,29.0,30.04,29.98,30.58,31.2,31.72,31.81,31.49,31.83,31.57,32.14,31.98,31.83,31.86,31.81,31.64,31.72,31.81,31.86,31.81,31.69,32.06,31.52,31.91,32.01,31.91,31.49,31.83,31.89,32.2,32.03,31.86,31.91,32.18,32.18,32.2,32.26,32.11,31.77,32.03,32.03,32.01,32.14,32.09,32.14,32.18,32.26,32.23,32.4,32.45,32.87,32.14,32.35,32.6,32.62,32.09,32.65,32.51,32.53,32.68,32.14,32.48,32.6,32.65,32.77,32.77,32.65,33.15,33.02,33.32,33.24,33.15,33.24,33.2,33.19,33.19,33.07,33.02,33.19,32.99,32.57,32.57,32.62,32.48,32.51,32.6,32.45,32.68,32.6,32.45,32.82,33.12,32.95,33.19,33.41,33.19,33.32,33.69,33.57,33.52,33.57,33.29,33.36,33.41,33.24,32.87,32.78,32.9,32.9,32.85,32.99,32.94,33.12,33.32,33.04,33.15,33.36,33.04,33.07,33.07,32.95,32.78,32.94,32.85,32.99,33.07,32.9,32.94,33.37,33.19,33.27,33.19,33.15,33.1,32.85,33.1,33.1,33.2,33.24,33.49,33.27,33.1,33.71,33.32,32.87,33.07,32.95,32.57,32.51,32.06,31.86,31.89,31.19,30.29
22.85,22.76,23.3,22.96,23.87,24.56,28.51,29.87,30.01,30.46,31.1,31.57,31.61,31.57,31.27,31.47,31.56,31.64,31.77,31.74,31.69,31.94,31.47,31.57,31.49,31.83,31.56,31.83,31.86,31.64,32.01,31.81,31.77,31.72,31.91,31.83,31.86,31.98,32.01,32.01,31.94,31.89,31.83,32.03,32.01,31.98,31.89,32.28,32.18,31.89,32.14,32.2,32.31,31.98,32.36,32.14,32.23,32.18,32.31,32.28,32.23,32.28,32.53,32.65,32.48,32.57,32.45,32.57,32.48,32.65,32.57,32.95,32.68,33.04,32.68,33.27,32.78,33.15,33.19,33.12,33.24,33.36,32.87,33.19,32.73,32.7,32.51,32.6,32.57,32.53,32.51,32.48,32.26,32.73,32.48,32.45,32.73,33.1,33.1,33.07,33.32,33.37,33.12,33.29,33.52,33.49,33.32,32.99,33.46,33.24,33.12,32.85,32.87,32.94,32.87,32.95,32.9,33.12,32.82,32.94,32.95,32.87,32.95,32.77,32.94,33.07,33.1,32.85,32.78,32.68,32.78,33.04,32.95,33.29,33.19,33.1,33.37,33.24,32.87,33.07,32.99,33.1,33.24,33.27,33.61,33.66,33.54,33.24,32.78,32.9,33.24,32.77,33.02,32.6,32.36,32.11,32.01,31.24,30.78,29.72
22.78,22.73,22.91,22.96,23.3,24.02,27.81,29.87,30.13,30.21,30.98,31.57,31.47,31.12,31.32,31.35,31.49,31.49,31.91,31.94,31.69,31.61,31.44,31.47,31.57,31.35,31.83,31.86,31.81,31.69,31.66,31.61,31.81,31.81,31.72,32.2,31.83,32.01,32.11,31.94,32.26,32.09,32.06,31.86,32.09,32.06,32.2,31.98,32.11,32.23,32.09,32.18,32.06,32.14,32.26,32.09,32.26,32.45,32.35,32.57,32.31,32.11,32.2,32.43,32.43,32.28,32.45,32.57,32.73,32.68,32.7,32.78,32.9,32.87,32.94,32.9,32.77,33.2,32.94,33.15,33.07,33.2,32.87,33.41,32.85,32.7,32.68,32.6,32.7,32.51,32.06,32.43,32.53,32.51,32.57,32.78,32.73,32.94,33.04,33.2,33.24,33.12,33.2,33.2,33.54,33.54,33.29,33.54,33.15,33.04,33.2,33.12,33.07,32.87,32.99,32.95,32.68,33.07,33.07,32.94,33.2,33.07,33.12,32.87,33.1,32.82,32.87,33.02,32.99,32.94,32.51,32.77,33.07,33.12,33.07,33.36,33.29,33.02,33.07,32.95,32.99,33.19,33.24,33.62,33.2,33.69,33.37,33.32,33.1,33.12,32.73,32.85,32.6,32.7,32.51,31.91,31.57,31.15,30.78,28.63
22.91,22.93,23.0,23.08,23.3,23.75,26.38,29.39,29.96,30.46,30.82,31.32,31.15,31.27,31.29,31.44,31.35,31.56,31.61,31.69,31.81,31.69,31.66,31.4,31.74,31.66,31.57,31.89,32.01,31.81,31.49,31.77,31.86,31.69,31.77,31.91,31.91,32.09,32.35,32.11,32.18,32.01,32.2,32.09,32.03,32.31,32.2,32.2,32.18,32.26,32.26,32.11,32.06,32.2,32.23,32.18,32.11,32.06,32.23,32.2,32.28,32.57,32.53,32.51,32.43,32.26,32.31,32.35,32.68,32.78,32.9,32.94,32.95,32.73,33.12,32.95,33.12,33.44,32.94,33.1,33.04,33.37,33.04,32.99,32.82,32.77,32.85,32.48,32.77,32.73,32.4,32.4,32.4,32.68,32.68,32.68,32.94,33.02,33.29,33.15,33.15,33.32,33.24,33.27,33.41,33.2,33.44,33.41,33.1,33.29,33.1,33.1,32.94,33.2,32.94,32.87,33.15,33.04,33.15,33.24,32.73,33.02,33.04,32.95,33.04,32.99,32.87,33.04,33.29,32.95,33.2,32.87,32.87,33.27,32.95,33.36,33.19,33.07,33.1,33.1,32.99,33.04,33.54,33.44,33.86,33.83,33.49,33.27,33.12,33.19,33.2,32.87,32.65,32.6,32.03,31.86,31.39,30.95,29.98,27.0
22.78,22.93,23.15,23.06,23.48,23.57,25.05,28.88,30.01,30.08,30.73,31.49,31.2,31.02,31.02,31.12,31.66,31.69,31.83,31.66,31.83,31.61,31.74,31.49,31.64,31.86,31.64,31.56,31.74,31.61,31.83,31.91,31.64,31.81,32.01,31.83,32.03,32.26,32.26,32.2,32.09,32.09,32.14,32.51,32.2,32.23,32.09,32.06,32.26,32.2,32.35,31.94,32.03,32.11,32.09,32.4,32.2,32.31,32.2,32.31,32.14,32.57,32.31,32.43,32.53,32.43,32.68,32.57,32.62,32.9,32.65,32.62,32.94,32.99,32.9,33.27,33.29,33.29,33.2,33.12,33.24,33.29,33.24,32.9,32.68,32.94,32.73,32.45,32.51,32.68,32.53,32.51,32.65,32.77,32.45,32.7,32.73,33.07,32.7,33.07,33.1,32.95,33.29,33.19,33.29,33.19,33.44,33.29,33.27,33.12,32.78,33.2,33.02,33.04,33.12,32.78,32.95,33.19,33.19,33.07,33.24,33.41,33.2,33.04,33.12,33.19,32.99,32.87,32.85,33.04,33.2,32.82,33.12,33.1,33.02,33.32,33.27,33.41,33.07,33.41,33.15,33.41,33.57,33.69,33.79,33.24,33.52,33.41,33.36,33.27,33.19,32.99,32.65,32.26,32.35,31.77,31.35,30.95,29.44,26.18
23.08,22.73,22.96,23.27,23.18,23.11,24.36,28.04,29.69,30.09,30.65,31.12,30.9,30.98,30.95,31.44,31.49,31.77,32.06,31.83,31.86,31.98,31.56,31.49,31.72,31.52,31.56,31.61,31.81,31.49,31.47,31.81,31.61,32.06,32.11,32.23,32.14,32.23,32.14,32.36,32.4,32.51,32.06,32.09,32.51,32.35,32.09,32.06,31.86,32.31,32.09,32.09,32.28,32.28,31.98,31.91,32.09,32.23,32.01,32.35,32.2,32.26,32.57,32.36,32.78,32.31,32.4,32.51,32.4,32.7,32.94,32.7,33.04,32.99,32.87,33.19,33.1,33.41,33.32,33.24,33.24,33.41,33.36,33.04,32.82,33.02,32.85,32.77,32.6,32.51,32.43,32.43,32.45,32.51,32.77,32.6,32.95,32.87,32.82,33.04,33.02,33.07,33.02,33.04,33.2,33.07,32.94,33.32,33.44,33.24,33.2,33.29,33.2,33.32,33.41,33.07,33.37,33.19,32.99,33.12,33.12,32.95,33.2,32.77,33.04,33.12,33.15,32.94,33.2,32.85,32.87,33.29,33.1,33.2,33.29,33.04,33.2,33.1,33.57,33.41,33.19,33.54,34.04,33.44,33.71,33.62,33.46,33.49,32.99,33.07,32.94,32.82,32.94,32.43,31.91,31.64,31.1,30.65,28.31,24.78
22.81,22.48,23.11,23.15,23.33,23.3,23.99,26.85,29.67,30.16,30.36,30.83,30.82,30.98,31.02,31.57,31.57,31.77,31.86,31.77,31.81,31.86,31.52,31.44,31.47,31.77,31.52,31.64,31.64,31.66,31.86,31.72,32.11,31.61,32.14,32.06,32.06,32.26,32.45,32.45,32.43,32.65,32.45,32.2,32.57,32.4,32.36,32.01,31.98,32.28,32.03,32.03,32.09,32.14,32.4,32.28,31.89,32.14,32.62,32.45,32.18,32.35,32.4,32.31,32.43,32.78,32.2,33.04,32.73,33.07,33.02,33.1,32.73,32.99,33.19,33.1,33.36,33.32,33.27,33.36,33.24,33.32,33.29,33.44,33.24,32.99,32.7,32.73,32.6,32.65,32.53,32.77,32.51,32.57,32.6,32.78,32.82,32.87,33.07,32.9,32.95,33.24,33.24,33.2,33.29,33.1,33.24,33.27,33.41,33.36,33.57,33.2,33.19,33.07,33.07,33.15,33.2,33.24,33.32,33.12,33.32,33.24,33.19,33.07,33.24,33.19,33.27,33.12,33.02,32.82,33.1,33.2,33.32,33.2,33.2,33.36,33.29,33.49,33.41,33.36,33.61,33.49,33.74,33.93,33.74,33.71,33.44,33.32,33.36,33.02,33.12,32.85,32.48,32.35,31.74,31.1,30.9,29.87,26.73,24.14
22.51,22.96,22.73,22.93,23.3,23.52,23.84,25.91,29.56,30.08,30.33,30.61,30.78,30.9,31.1,31.44,31.61,31.91,31.64,31.91,31.72,31.66,31.35,31.52,31.56,31.49,31.64,31.86,31.57,31.77,32.01,31.77,31.61,31.89,31.86,31.91,32.09,32.31,32.57,32.26,32.45,32.43,32.45,32.73,32.6,32.31,32.11,32.51,32.03,32.26,32.14,32.03,32.2,32.26,32.2,32.06,32.01,32.2,32.14,32.11,32.23,32.28,32.82,32.57,32.62,32.73,32.6,32.6,32.94,32.53,32.82,33.07,32.9,33.07,33.15,33.32,33.29,33.12,33.29,33.49,32.85,33.32,33.37,33.24,33.02,33.07,33.02,32.85,32.62,32.73,32.7,32.45,32.68,32.48,32.65,32.43,32.57,32.68,32.82,32.9,32.82,32.73,33.07,33.29,33.07,33.19,33.44,33.32,33.12,33.1,33.37,33.24,33.07,33.15,33.54,33.32,33.29,33.46,33.1,33.27,33.27,33.29,33.29,33.1,33.15,33.44,33.2,33.1,33.27,33.24,33.07,33.07,32.95,32.94,33.37,33.29,32.95,33.27,33.37,33.57,33.44,33.78,33.91,33.91,33.79,33.86,33.78,33.24,33.12,32.87,32.77,32.45,32.36,31.91,31.56,31.03,30.36,28.95,25.45,23.75
22.61,22.39,22.66,22.76,23.0,23.69,23.67,24.9,28.75,30.16,30.04,30.24,30.65,31.1,31.56,31.91,31.47,31.81,31.47,31.56,31.74,31.52,31.35,31.69,31.61,31.57,31.61,31.49,31.56,31.69,31.72,31.57,31.61,31.81,32.23,32.31,32.18,32.31,32.43,32.03,32.62,32.51,32.68,32.68,32.4,32.36,32.31,32.4,32.11,32.18,32.28,32.18,32.23,32.06,32.11,32.18,31.94,32.11,32.35,31.98,32.4,32.53,32.4,32.45,32.53,32.26,32.77,32.68,32.73,32.85,32.78,33.02,33.15,33.66,33.37,33.12,33.49,33.46,33.62,33.49,33.62,33.83,33.44,33.2,33.44,33.36,32.94,32.78,32.77,32.95,32.7,32.68,32.65,32.62,32.77,32.7,32.73,32.95,33.07,33.2,33.1,33.04,32.95,33.02,33.12,33.37,33.46,33.41,33.07,33.15,33.27,32.99,33.2,33.52,33.12,33.62,33.37,33.41,33.49,33.37,33.37,33.24,33.15,33.12,33.04,33.37,33.27,33.49,33.12,33.2,33.37,33.24,33.32,33.15,33.49,33.41,33.37,33.54,33.61,33.29,33.52,33.36,33.93,33.74,33.88,34.04,33.61,33.29,33.15,32.87,32.65,32.57,32.31,31.56,31.47,30.78,30.18,27.71,24.33,23.72
22.73,22.24,22.78,23.0,22.91,23.22,23.69,24.21,27.87,30.01,29.93,30.36,30.98,30.98,31.57,31.49,31.81,31.74,31.56,31.74,31.35,31.52,31.49,31.32,31.56,31.72,31.27,31.49,31.49,31.35,31.83,31.61,31.72,31.81,31.57,32.2,32.09,32.31,32.2,32.14,32.57,32.57,32.51,32.43,32.6,32.57,32.45,32.4,32.45,32.18,32.28,32.01,32.11,32.09,31.86,31.91,32.06,32.18,32.2,32.26,32.43,32.31,32.18,32.6,32.28,32.6,32.36,32.78,32.85,32.9,32.94,33.02,32.99,33.32,33.41,33.61,33.32,33.66,33.69,33.91,33.71,33.61,33.49,33.49,33.36,33.2,33.2,33.15,32.62,32.7,32.45,32.7,32.78,32.7,32.87,32.78,33.1,32.87,32.73,32.78,33.02,33.07,33.12,33.46,33.04,33.04,32.9,33.36,33.12,33.36,33.12,33.1,33.29,33.37,33.49,33.37,33.54,33.44,33.61,33.27,33.41,33.12,33.24,33.2,33.2,33.46,33.36,33.37,33.19,33.41,33.32,33.19,33.49,33.2,33.36,33.49,33.44,33.52,33.46,33.54,33.78,33.61,33.96,33.91,34.25,34.3,33.66,33.52,32.95,32.94,32.53,32.18,32.03,31.57,31.03,30.75,29.69,26.11,23.97,23.33
22.85,22.76,22.96,22.63,22.76,23.11,23.69,23.69,26.73,29.35,30.04,30.58,31.15,31.4,31.64,31.86,31.56,31.69,31.66,31.52,31.57,31.47,31.52,31.49,31.32,31.35,31.32,31.66,31.56,31.64,31.61,31.83,31.64,32.11,31.91,31.86,32.09,32.11,32.11,32.45,32.28,32.43,32.31,32.26,32.11,32.26,32.35,32.43,32.51,32.23,32.09,32.03,32.09,31.83,32.26,32.14,31.98,32.48,32.23,32.26,32.51,32.43,32.4,32.51,32.68,32.78,32.7,32.57,32.78,33.2,33.02,33.19,33.24,33.29,33.46,33.74,33.46,33.46,33.54,33.44,33.83,33.79,33.71,33.69,33.44,33.15,33.36,33.07,32.95,32.77,32.62,32.68,32.73,32.77,32.6,32.68,32.48,32.85,32.87,32.94,32.9,33.19,33.1,33.12,32.77,33.15,33.12,33.2,33.29,33.29,33.2,33.36,33.15,33.44,33.36,33.74,33.52,33.74,33.66,33.66,33.27,33.27,33.32,33.41,33.41,33.41,33.36,33.32,33.32,33.32,33.36,33.36,33.27,33.49,33.46,33.78,34.01,33.49,33.41,33.88,33.78,33.99,34.04,33.91,34.26,34.1,33.86,33.54,32.95,32.77,32.14,32.03,31.74,31.35,31.02,30.09,28.48,24.8,23.82,23.52
22.58,22.46,22.81,22.93,22.81,23.33,23.33,23.52,26.46,29.4,29.81,30.7,30.9,31.47,31.35,31.49,31.66,31.4,31.64,31.44,31.4,31.66,31.61,31.47,31.15,31.2,31.66,31.32,31.61,31.57,31.69,31.61,31.61,31.86,31.77,32.09,31.98,32.09,32.14,31.91,32.23,32.36,32.23,32.43,32.35,32.11,32.31,32.4,32.2,32.2,32.26,31.91,32.18,32.01,31.81,31.91,32.36,32.28,32.48,32.4,32.09,32.53,32.68,32.43,32.43,32.57,32.57,32.68,32.87,32.85,32.94,32.99,33.07,32.95,33.37,33.46,33.36,33.71,33.41,33.61,33.49,33.71,33.83,33.66,33.44,33.15,33.04,32.82,32.95,32.82,32.6,32.43,32.73,32.7,32.31,32.57,32.48,32.94,32.77,33.15,32.82,32.87,32.9,32.85,32.77,33.2,33.02,33.36,33.32,33.29,33.24,33.29,33.41,33.41,33.54,33.99,33.86,33.71,33.46,33.32,33.71,33.29,33.32,33.36,33.37,33.41,33.15,33.29,33.2,33.36,33.24,33.29,33.46,33.66,33.54,33.44,33.52,33.46,33.66,33.78,33.78,33.62,33.96,34.04,34.16,34.1,33.86,33.29,33.04,32.65,32.26,32.28,31.66,31.1,30.38,29.61,26.8,24.14,23.69,23.27
22.61,22.81,22.96,23.0,22.93,23.27,23.42,23.75,25.22,29.19,30.36,31.1,31.2,31.35,31.29,31.1,31.29,31.44,31.27,31.66,31.07,31.2,31.61,31.35,31.49,31.2,31.2,31.56,31.35,31.64,31.72,31.89,31.86,31.91,32.11,31.69,32.14,32.03,32.2,32.18,32.31,32.35,32.23,31.94,32.18,32.18,32.23,32.53,32.28,31.94,31.98,32.03,31.91,31.98,31.91,32.06,32.11,32.51,31.86,32.2,32.31,32.28,32.45,32.48,32.65,32.53,32.48,32.62,32.68,32.99,33.07,33.15,32.78,32.94,33.07,33.37,33.12,33.27,33.36,33.12,33.78,33.57,33.74,33.49,33.36,33.36,33.19,33.02,32.87,33.1,32.6,32.43,32.53,32.85,32.65,32.4,32.53,32.62,32.68,32.57,32.62,32.7,33.02,32.87,32.85,33.02,33.29,32.87,33.37,33.71,33.66,33.66,33.61,33.66,33.66,33.41,33.96,33.49,33.62,33.29,33.54,33.29,33.46,33.2,33.2,33.19,33.41,33.19,33.27,33.36,33.27,33.57,33.52,33.57,33.54,33.71,33.52,33.66,33.62,33.62,33.69,33.74,34.26,33.78,34.1,33.88,33.61,33.49,32.7,32.6,31.98,32.18,31.4,31.35,30.55,29.29,25.82,23.79,23.48,23.15
22.63,22.85,22.93,22.66,23.11,23.03,23.33,23.82,24.98,28.6,30.36,31.03,31.32,31.27,31.35,31.44,31.19,31.4,31.69,31.29,31.52,31.35,31.47,31.35,31.61,31.56,31.57,31.4,31.57,31.72,31.86,31.89,31.77,32.01,32.06,32.09,31.98,32.14,32.11,32.2,31.98,32.23,32.09,32.14,31.98,32.23,32.43,32.43,32.4,32.18,32.14,32.48,32.06,32.09,31.94,32.11,32.11,32.01,32.14,32.26,32.18,32.43,32.45,32.43,32.78,32.65,32.57,32.53,32.65,32.85,32.87,33.07,32.87,33.1,33.02,33.15,32.9,33.36,33.36,33.15,33.27,33.44,33.36,33.19,33.41,33.32,33.1,32.95,32.82,32.87,32.73,32.7,32.68,32.7,32.57,32.68,32.6,32.48,32.31,32.51,32.57,32.77,32.78,32.68,32.82,32.82,33.04,33.15,33.57,33.36,33.36,33.41,33.46,33.44,33.41,33.52,33.83,33.88,33.88,33.37,33.07,33.2,33.24,33.32,33.27,32.99,33.24,33.41,33.29,33.37,33.24,33.27,33.57,33.61,33.29,33.36,33.69,33.71,33.52,33.27,33.54,33.86,33.69,34.08,33.91,33.88,33.36,33.19,32.99,32.31,31.94,31.98,31.35,31.03,30.04,28.02,24.63,23.87,23.48,23.0
22.93,22.85,22.58,22.93,23.0,23.27,23.27,23.37,24.71,28.39,30.58,30.82,31.24,31.24,31.07,31.29,31.35,31.47,31.39,31.4,31.52,31.32,31.49,31.35,31.47,31.57,31.66,31.61,31.83,31.98,31.91,31.81,31.83,31.89,31.98,32.03,32.11,32.01,32.2,32.26,32.26,32.26,32.03,32.31,32.28,32.31,32.36,32.4,32.23,32.48,31.98,32.01,32.01,32.01,32.11,32.2,32.01,31.89,32.11,32.43,32.18,32.31,32.35,32.36,32.82,32.65,32.7,32.62,32.68,32.87,32.95,32.94,32.7,32.87,33.04,33.07,33.19,33.1,32.94,33.24,33.12,33.37,33.52,33.57,33.52,33.44,33.32,33.19,32.77,32.62,32.57,32.51,32.57,32.31,32.36,32.23,32.2,32.7,32.4,32.6,32.6,32.77,32.43,32.53,32.68,32.87,32.85,33.12,33.15,33.49,33.27,33.49,33.57,33.36,33.37,33.49,33.41,33.44,33.54,33.29,33.54,33.37,33.24,32.9,33.02,33.12,33.04,32.95,33.15,33.2,33.32,33.27,33.74,33.24,33.29,33.69,33.32,33.66,33.83,33.54,33.62,33.79,34.08,33.99,33.62,33.49,33.29,33.12,32.77,32.51,31.89,31.89,31.24,30.58,29.67,26.76,24.17,23.57,23.45,22.93
22.32,22.66,22.88,22.93,22.85,23.11,23.15,23.6,24.83,28.87,30.73,30.98,31.03,31.07,30.95,31.29,31.47,31.32,31.49,31.49,31.47,31.52,31.4,31.66,31.57,31.69,31.52,31.66,31.66,31.66,31.98,32.01,31.72,32.26,31.91,31.98,32.06,32.18,32.14,32.28,32.09,32.2,32.26,32.31,32.35,32.51,32.43,32.51,32.43,32.06,32.03,31.98,32.4,32.03,32.09,32.18,32.2,32.01,32.2,32.43,32.36,32.31,32.43,32.45,32.6,32.77,32.51,32.62,32.94,32.94,32.48,32.77,32.73,32.68,32.94,32.95,32.85,32.87,32.9,33.1,32.94,33.46,33.49,33.71,33.57,33.49,33.41,32.9,32.87,32.6,32.85,32.53,32.77,32.62,32.4,32.57,32.09,32.51,32.2,32.51,32.65,32.43,32.7,32.7,32.82,32.68,33.02,33.15,33.2,33.2,33.41,33.24,33.19,33.52,33.54,33.46,33.54,33.27,33.71,33.49,33.29,33.44,33.1,33.02,33.1,33.15,32.85,32.87,33.1,33.36,33.12,33.37,33.37,33.2,33.37,33.54,33.27,33.54,33.66,33.46,33.74,33.83,34.01,33.61,33.41,33.49,33.36,32.68,32.6,32.31,31.81,31.64,30.98,30.73,28.92,26.02,23.84,23.18,23.37,22.91
22.51,22.63,22.58,22.54,22.96,23.06,23.22,23.42,25.55,29.35,30.55,30.78,31.35,31.02,31.32,30.87,31.24,31.47,31.4,31.4,31.57,31.61,31.44,31.47,31.47,31.4,31.64,31.83,31.27,31.74,31.83,32.11,32.11,31.98,32.26,32.2,32.09,32.18,32.11,32.26,32.11,32.18,32.6,32.06,32.26,32.35,32.45,32.43,32.2,32.28,32.2,32.48,32.09,31.86,32.18,32.11,32.09,32.2,32.14,32.11,32.09,32.62,32.36,32.36,32.48,32.53,32.62,32.45,32.94,32.65,32.53,32.68,32.68,32.82,32.77,32.82,32.65,32.77,32.87,33.12,33.04,33.2,33.29,33.66,33.37,33.78,33.49,33.41,32.87,32.73,32.43,32.73,32.51,32.45,32.36,32.2,32.36,32.03,32.48,32.43,32.7,32.11,32.51,32.62,32.65,32.82,32.7,33.19,33.07,33.19,33.44,33.37,33.52,33.49,33.37,33.41,33.52,33.32,33.32,33.12,33.15,33.12,33.15,32.94,32.77,32.95,32.78,32.99,33.07,32.99,33.02,33.27,33.07,32.95,32.99,33.04,32.95,33.29,33.15,33.46,33.54,33.62,34.13,33.52,33.71,33.41,33.02,32.94,32.62,32.26,31.61,31.72,30.65,30.53,28.11,24.66,23.99,23.11,23.11,22.88
22.61,22.61,22.85,23.06,23.0,23.11,23.38,23.69,26.61,30.36,30.66,31.02,30.92,31.2,31.27,31.35,31.47,31.47,31.19,31.57,31.24,31.27,31.72,31.49,31.74,31.81,31.83,31.72,31.72,32.01,31.94,32.09,31.98,32.11,32.23,32.14,32.28,32.18,32.14,32.4,32.28,32.23,32.26,32.28,32.09,32.14,32.26,32.6,32.23,32.28,32.31,32.06,32.2,32.18,31.81,31.66,32.11,32.01,32.09,32.11,32.18,32.11,32.43,32.14,32.28,32.48,32.6,32.35,32.6,32.7,32.57,32.6,32.53,32.82,32.82,32.82,32.77,32.77,32.78,32.78,33.02,33.62,33.71,33.74,33.36,33.37,33.02,33.1,32.78,32.82,32.45,32.43,32.77,32.4,32.31,32.36,32.26,32.43,32.51,32.62,32.65,32.65,32.87,32.45,32.45,32.57,32.6,32.7,32.99,33.15,33.27,33.15,33.24,33.2,33.44,33.37,33.2,33.29,33.46,33.32,33.02,33.37,33.04,32.95,32.78,32.77,32.95,32.99,32.9,33.12,33.12,32.87,32.78,32.85,32.95,32.99,32.94,33.32,33.19,33.36,33.37,33.78,33.83,33.74,33.57,33.19,32.94,32.77,32.14,31.89,31.52,31.47,30.82,29.84,27.25,24.11,23.84,23.11,22.88,22.93
22.66,22.58,22.76,22.96,23.15,23.22,23.48,24.53,27.84,30.08,30.98,30.9,30.82,31.32,31.1,31.29,31.44,31.27,31.4,31.64,31.4,31.4,31.44,31.64,31.86,31.77,32.11,31.91,31.98,32.06,32.35,32.35,32.31,31.98,32.26,32.09,32.06,32.11,32.28,32.2,32.09,32.53,32.35,32.53,32.28,32.26,32.31,32.73,32.48,32.28,32.57,32.48,32.14,32.48,32.06,31.72,32.03,32.11,32.14,32.6,32.09,32.43,32.36,32.26,32.45,32.65,32.53,32.51,32.78,32.73,32.68,33.02,32.6,32.85,32.73,32.73,32.82,32.73,32.65,33.2,33.02,33.49,33.52,34.01,33.66,33.62,33.24,32.99,33.12,33.04,32.48,32.73,32.53,32.45,32.45,32.62,32.45,32.85,32.4,32.68,32.57,32.62,32.51,32.78,32.57,32.77,32.77,33.04,33.04,32.82,33.19,33.19,33.29,33.29,33.2,33.66,33.37,33.44,33.52,33.57,33.32,33.24,33.07,32.9,33.2,32.9,32.94,32.9,33.2,32.85,32.94,33.12,33.24,33.24,33.29,33.12,33.02,33.1,33.15,33.2,33.66,33.93,33.69,33.66,33.61,32.94,33.07,32.73,32.53,32.2,31.66,31.2,30.78,29.76,26.18,23.82,23.75,23.27,23.3,23.03
22.88,22.78,23.03,23.08,22.88,23.08,23.38,24.83,28.8,30.26,30.7,30.82,31.07,31.19,31.07,31.32,31.15,31.4,31.56,31.57,31.4,31.64,31.77,31.83,32.11,31.98,31.89,31.77,32.06,32.31,32.51,32.6,32.23,32.43,32.43,32.23,32.31,32.28,32.35,32.14,32.26,32.23,32.28,32.43,32.23,32.26,32.45,32.26,32.57,32.4,32.48,32.26,32.35,32.18,32.28,32.36,32.23,32.11,32.09,32.03,32.35,32.36,32.23,32.18,32.51,32.43,32.45,32.53,32.62,32.45,32.45,32.77,32.65,32.82,32.53,32.7,32.73,32.94,33.1,33.24,33.44,33.54,33.61,33.74,33.61,33.37,33.12,32.87,32.68,32.9,32.85,32.85,32.51,32.43,32.23,32.23,32.53,32.51,32.62,32.68,32.62,32.62,33.02,32.51,32.77,32.6,32.85,32.82,33.1,32.85,32.95,33.12,32.9,33.1,33.36,33.2,33.36,33.32,33.2,33.52,33.27,33.04,33.24,33.12,32.9,32.85,32.85,32.95,32.94,32.95,33.24,33.1,33.1,33.12,33.15,33.32,33.04,33.15,32.82,32.95,33.29,33.61,33.78,33.78,33.61,33.29,33.07,32.68,32.51,31.98,31.86,31.24,30.95,28.98,24.9,23.54,23.64,23.22,22.88,22.69
22.61,22.66,22.85,22.93,23.15,23.38,23.38,25.64,28.76,30.21,30.46,31.02,30.82,31.03,30.95,30.95,31.29,31.32,31.44,31.56,31.69,31.57,31.72,31.74,32.01,31.86,31.94,32.18,32.01,32.26,32.06,32.48,32.48,32.57,32.48,32.2,32.18,32.09,32.28,32.2,32.2,32.01,32.35,32.2,32.26,32.23,32.2,32.57,32.35,32.11,32.31,32.53,32.4,32.36,32.09,32.36,32.28,32.14,32.18,32.03,32.14,32.2,32.18,32.48,32.35,32.36,32.45,32.31,32.43,32.62,32.28,32.7,32.77,32.6,32.78,32.65,32.62,32.68,33.29,33.04,33.36,33.32,33.49,33.52,33.52,32.87,33.1,32.85,32.9,32.6,32.48,32.65,32.4,32.43,32.48,32.57,32.36,32.31,32.7,32.65,32.6,32.45,32.51,32.36,32.57,32.48,32.68,32.77,32.68,32.78,32.87,33.04,33.29,33.36,33.02,33.36,33.37,33.24,33.29,33.04,33.04,33.24,33.04,32.9,32.95,32.87,32.78,32.57,32.62,32.77,32.77,32.77,33.19,32.95,33.24,32.78,32.94,32.9,32.77,32.95,33.2,33.36,33.79,33.74,33.62,33.19,32.9,32.45,32.11,31.86,31.35,31.27,30.29,28.24,24.68,23.57,23.37,22.93,23.06,23.06
22.54,22.81,22.61,23.03,23.03,23.27,23.6,26.18,29.39,30.36,30.7,30.83,31.03,31.07,31.32,31.24,31.4,31.27,31.47,31.66,31.35,31.81,31.69,32.2,32.01,32.26,32.23,32.31,32.28,32.6,32.53,32.43,32.35,31.94,32.51,31.86,32.11,32.48,32.4,32.14,32.23,32.57,32.26,31.98,32.23,32.14,32.11,32.4,32.26,32.23,32.11,32.01,32.26,32.36,32.43,32.14,31.98,32.06,32.18,32.18,32.14,32.28,32.14,32.09,32.01,32.43,32.45,32.18,32.7,32.51,32.57,32.53,32.57,32.62,32.6,32.51,32.73,32.9,33.02,33.15,33.24,33.37,33.37,33.44,33.2,33.02,32.99,32.87,32.73,32.82,32.4,32.31,32.43,32.36,32.53,32.45,32.51,32.6,32.77,32.62,32.95,32.4,32.73,32.45,32.68,32.73,32.62,32.68,32.7,33.02,32.94,33.02,33.04,33.24,33.27,33.57,33.78,33.37,33.27,33.44,33.2,33.52,32.99,32.78,32.85,32.99,32.87,32.6,32.77,32.85,32.95,32.73,33.2,33.19,33.07,33.19,33.1,33.15,33.07,32.9,32.9,33.07,33.37,33.44,33.32,33.36,32.9,32.65,32.43,31.86,32.01,31.27,30.41,27.79,24.59,23.72,23.0,23.27,23.06,22.69
22.54,22.85,23.0,22.69,23.22,23.33,23.67,26.76,29.56,30.45,30.82,31.03,30.9,31.07,31.27,31.1,31.32,31.35,31.52,31.74,31.49,31.69,32.06,32.2,32.43,32.31,32.51,32.45,32.36,32.65,32.57,32.28,32.26,32.28,32.57,32.28,32.35,32.28,32.11,32.18,32.2,32.35,32.51,32.14,32.26,32.03,32.23,31.98,32.14,32.11,32.09,32.09,32.28,32.43,32.14,32.23,31.72,32.26,32.28,31.89,32.31,32.26,32.2,32.03,32.35,32.23,32.09,32.35,32.36,32.48,32.2,32.51,32.36,32.73,32.57,32.78,32.78,32.7,33.07,33.36,33.49,33.54,33.49,33.29,33.12,33.07,32.94,32.7,32.82,32.9,32.03,32.2,32.36,32.45,32.6,32.4,32.78,32.68,32.68,32.78,32.65,32.78,32.62,32.85,32.62,32.57,32.6,32.45,32.77,32.99,32.82,33.1,32.95,33.19,33.57,33.36,33.15,33.36,33.44,33.46,33.44,33.1,33.02,33.07,32.94,32.95,32.7,32.57,32.68,32.65,32.53,32.73,32.82,33.07,33.2,33.15,33.15,33.19,33.19,33.41,32.9,33.2,33.27,33.32,33.44,33.2,32.9,32.82,32.36,32.11,31.83,31.44,30.36,27.49,24.33,23.33,23.23,23.33,23.11,22.91
22.48,22.88,22.85,23.22,23.42,23.75,24.06,27.32,29.93,30.5,30.66,31.24,31.02,31.1,31.39,31.39,31.35,31.69,31.57,31.83,32.01,32.03,32.14,32.43,32.51,32.57,32.45,32.62,32.62,32.51,32.6,32.2,32.26,32.11,32.53,32.53,32.26,32.23,31.94,32.14,32.09,32.26,32.28,32.26,32.09,32.18,32.11,32.14,32.35,32.2,32.03,32.31,32.09,32.31,32.18,32.18,31.98,32.2,32.11,32.11,32.11,31.94,32.06,32.35,32.31,32.14,32.51,32.28,32.35,32.43,32.26,32.53,32.36,32.6,32.57,32.78,32.77,33.02,33.24,33.12,33.49,33.79,33.29,33.27,33.2,33.19,32.9,33.02,32.53,32.77,32.51,32.43,32.48,32.53,32.6,32.28,32.35,32.7,32.77,32.18,32.45,33.02,32.7,32.53,32.51,32.31,32.2,32.68,32.73,32.7,32.95,32.78,32.85,33.04,33.41,33.19,33.61,33.54,33.32,33.36,33.29,33.12,33.02,33.2,32.95,32.94,32.68,32.6,32.6,32.57,32.95,32.95,33.02,32.95,33.36,33.2,33.1,33.04,33.1,33.02,32.82,32.99,33.2,33.57,33.44,33.19,33.36,32.45,32.4,32.53,31.81,31.44,30.33,26.68,24.06,23.54,23.3,22.81,22.61,22.81
22.81,22.76,22.66,23.22,23.0,23.38,24.29,28.36,30.16,30.45,30.75,30.66,31.02,31.24,31.4,31.07,31.29,31.47,31.91,31.89,32.06,32.2,32.48,32.28,32.65,32.77,32.48,32.73,32.6,32.68,32.4,32.48,32.28,32.4,32.45,32.36,31.91,32.26,31.98,32.09,32.03,32.2,31.89,32.28,31.81,32.01,31.89,32.35,32.11,32.11,32.09,31.98,32.31,32.18,32.14,32.23,32.36,32.01,31.98,32.01,32.09,32.01,32.26,32.57,32.18,32.11,32.01,32.53,32.4,32.4,32.62,32.45,32.4,32.73,32.7,32.65,32.77,32.94,33.2,33.24,33.29,33.46,33.37,33.29,33.07,32.7,32.62,32.87,32.35,32.73,32.11,32.4,32.2,32.43,32.57,32.4,32.7,32.82,32.77,32.7,32.73,32.68,32.53,32.7,32.62,32.23,32.48,32.51,32.7,32.65,32.82,32.78,32.94,33.46,33.19,33.57,33.32,33.66,33.46,33.29,33.36,33.19,33.27,33.19,33.07,33.07,32.73,32.82,32.73,32.78,32.78,32.36,32.85,33.07,33.12,33.37,33.12,32.87,33.12,33.2,32.87,32.99,33.1,33.44,33.49,33.29,33.02,32.99,32.78,32.4,31.83,31.39,30.13,26.11,24.02,23.38,23.22,23.18,22.91,22.81
22.69,22.54,22.88,23.22,23.27,23.57,24.59,28.55,29.76,30.24,30.98,31.24,31.24,31.39,31.32,31.72,31.29,31.66,31.86,32.01,32.03,32.2,32.03,32.11,32.53,32.6,32.57,32.85,32.53,32.62,32.53,32.6,32.26,32.14,32.11,32.4,31.91,32.18,32.14,32.06,32.18,32.01,32.01,32.4,32.26,31.94,32.18,32.01,31.91,32.2,31.94,32.26,32.28,32.09,31.91,32.2,32.06,32.18,32.23,32.18,32.2,32.03,32.09,32.18,32.4,32.35,32.18,32.53,32.57,32.31,32.51,32.6,32.28,32.68,32.65,32.73,33.04,33.27,33.24,33.29,33.02,33.37,33.37,33.36,32.99,32.99,32.78,32.82,32.35,32.62,32.48,32.48,32.45,32.43,32.85,32.31,32.53,32.65,32.7,32.68,32.77,32.65,32.73,32.73,32.57,32.6,32.48,32.62,32.9,32.78,32.87,33.04,32.99,33.1,33.27,33.52,33.69,33.54,33.52,33.07,33.54,33.19,33.46,33.07,32.99,33.15,33.2,32.87,32.9,32.7,32.53,32.6,32.68,32.78,33.1,33.1,33.1,33.15,33.15,32.9,32.9,33.02,32.85,33.19,33.27,33.27,33.27,32.94,32.43,32.35,32.09,31.44,30.01,26.29,24.02,23.54,23.27,23.11,22.91,22.69
22.54,22.69,22.91,22.93,23.06,23.52,25.13,29.12,29.96,30.36,30.78,31.19,30.78,31.4,31.15,31.2,31.74,32.36,32.03,32.06,31.89,31.74,31.83,32.06,32.09,32.53,32.85,32.6,32.6,32.36,32.6,32.28,32.09,32.14,32.2,32.31,32.2,32.2,32.06,32.01,32.28,32.06,31.91,31.91,31.98,32.18,32.09,31.98,32.09,32.23,32.23,32.06,31.89,31.94,32.09,31.89,32.14,31.91,31.98,32.31,32.26,32.23,32.36,32.09,32.09,32.36,32.26,32.26,32.43,32.65,32.51,32.77,32.53,32.78,32.68,32.99,33.41,33.07,33.24,33.24,33.36,33.12,33.19,33.1,32.78,32.73,32.73,32.51,32.43,32.82,32.26,32.26,32.43,32.48,32.68,32.2,32.35,32.57,32.7,32.6,33.04,32.62,32.82,32.57,32.73,32.77,32.53,32.95,32.77,32.73,33.2,32.9,32.9,32.99,33.37,33.27,33.78,33.37,33.44,33.41,33.32,32.99,33.12,33.32,32.95,33.24,33.04,32.78,32.87,32.51,32.6,32.45,32.53,33.02,33.1,33.1,32.95,33.32,33.1,33.24,33.37,32.87,32.73,32.78,33.15,33.41,33.04,33.02,32.35,32.53,31.86,31.44,30.26,25.96,23.79,23.69,23.06,23.11,22.81,22.88
22.66,22.88,22.91,22.76,23.37,23.67,25.72,29.08,29.81,30.09,30.58,31.1,31.03,31.56,31.27,31.52,31.4,31.98,31.98,31.89,31.66,31.74,31.94,31.61,31.89,32.03,32.36,32.82,32.62,32.53,32.31,32.35,32.18,32.18,32.36,32.31,32.35,32.06,31.89,32.23,32.06,31.83,31.69,32.11,31.66,32.03,31.98,32.2,32.14,32.06,31.98,32.11,32.01,32.03,31.91,31.94,32.03,31.89,31.98,32.2,31.98,31.94,32.2,32.35,32.43,32.23,32.51,32.26,32.53,32.73,32.62,32.48,32.51,33.02,32.95,33.2,33.44,33.29,33.32,33.29,33.12,33.12,33.15,32.82,32.85,33.02,32.7,32.57,32.4,32.62,32.45,32.51,32.68,32.73,32.65,32.48,32.62,32.51,32.7,32.65,32.82,32.82,32.94,32.68,32.94,32.53,32.73,32.77,32.73,33.04,32.9,32.85,33.15,33.24,33.29,33.46,33.49,33.54,33.27,33.32,33.41,33.15,33.32,33.19,33.04,33.02,32.95,33.1,32.87,32.6,32.31,32.28,32.6,32.85,32.95,33.12,33.15,33.27,33.27,33.19,33.07,32.95,32.85,32.57,32.82,33.2,33.29,33.02,32.48,32.6,32.01,31.66,29.81,26.06,24.09,23.11,23.0,23.15,22.76,22.78
22.69,22.69,22.78,23.23,23.22,23.6,25.96,29.59,30.04,30.38,30.92,31.12,31.27,31.44,31.57,31.47,31.94,32.14,32.01,31.83,31.64,31.72,31.49,32.06,32.36,32.31,32.85,32.51,32.53,32.31,32.28,32.43,32.09,32.28,32.35,32.09,32.06,31.91,32.03,32.06,32.03,32.06,31.86,31.91,31.86,32.18,31.91,32.03,31.98,32.18,32.2,32.09,31.89,32.11,31.86,31.86,32.18,32.26,32.26,31.98,31.94,32.23,32.11,32.2,32.14,32.4,32.43,32.28,32.85,32.36,32.68,32.53,32.87,33.12,32.95,33.24,33.41,33.54,33.49,33.24,33.24,33.15,32.99,33.07,33.15,32.6,32.77,32.68,32.62,32.7,32.6,32.48,32.77,32.57,32.62,32.4,32.18,32.65,32.68,32.82,32.57,32.68,32.99,32.6,32.65,32.82,32.7,32.78,32.94,32.94,32.77,33.04,32.9,32.99,33.02,33.49,33.37,33.49,33.37,33.15,33.44,33.1,33.24,33.07,33.12,33.27,33.27,33.04,33.27,32.6,32.57,32.31,32.57,32.77,32.65,32.9,33.19,33.2,33.12,33.02,32.85,33.2,32.68,32.7,32.57,32.82,32.9,32.9,32.51,32.35,32.09,31.44,29.84,25.64,23.69,23.27,22.96,22.66,22.88,23.22
22.88,22.61,22.93,23.03,23.54,23.67,26.46,29.39,30.09,30.61,30.95,30.66,30.98,31.52,31.49,31.39,31.94,32.4,32.01,31.77,31.69,31.49,31.66,31.89,32.2,32.43,32.57,32.7,32.2,32.2,32.14,32.31,32.09,32.01,32.03,32.11,32.2,32.01,32.03,31.89,32.09,32.14,32.14,32.03,31.94,31.72,32.09,32.09,32.01,31.91,32.11,31.89,31.94,31.91,31.94,32.23,32.31,32.26,32.11,32.2,32.2,32.23,32.01,32.06,32.23,32.45,32.4,32.36,32.43,32.7,32.68,33.02,33.07,33.41,33.37,33.36,33.62,33.57,33.36,33.02,33.41,33.12,33.12,33.12,32.9,32.43,32.77,32.65,32.7,32.45,32.4,32.7,32.62,32.6,32.45,32.35,32.45,32.65,32.68,32.99,33.02,32.82,33.07,32.73,32.94,32.87,32.82,33.02,33.15,33.12,33.02,33.02,33.02,33.24,33.12,33.27,33.83,33.41,33.54,33.74,33.19,33.24,33.44,33.41,33.37,33.37,33.44,33.27,33.46,32.78,32.48,32.57,32.85,32.99,32.94,32.94,33.2,33.12,33.19,33.12,33.04,32.94,32.7,32.65,32.6,32.94,32.7,33.02,32.78,32.48,31.47,31.72,29.56,25.84,23.57,23.27,23.11,23.22,22.76,22.96
22.43,22.66,22.73,23.03,23.54,23.87,26.8,29.29,30.13,30.7,30.82,31.12,31.32,31.49,31.64,31.69,32.06,32.2,32.11,31.94,31.4,31.89,31.66,32.11,32.11,32.53,32.36,32.68,32.31,32.36,32.31,32.26,32.06,32.01,32.23,31.83,32.18,32.18,31.91,32.06,32.01,31.98,32.09,32.01,32.03,32.14,31.91,32.14,32.01,32.14,32.18,31.89,31.91,32.2,31.94,32.11,32.11,32.09,32.36,32.06,32.23,32.23,32.26,32.14,32.06,32.4,32.51,32.65,32.68,32.68,33.04,33.32,33.12,33.74,33.52,33.52,33.62,33.41,33.29,33.19,33.07,33.02,33.02,32.94,32.82,32.77,32.94,32.78,32.62,32.9,32.78,32.73,32.94,32.85,32.77,32.57,32.65,32.6,32.68,32.77,32.9,32.9,33.07,33.1,33.12,33.04,33.04,32.95,32.94,33.15,33.2,33.15,32.82,33.2,33.04,33.2,33.07,33.32,33.36,33.52,33.54,33.37,33.37,33.36,33.46,33.52,33.66,33.54,33.37,33.02,32.53,32.51,32.65,32.82,33.04,33.15,32.99,33.37,33.49,33.27,33.1,33.49,33.27,32.82,32.65,32.68,32.9,32.87,32.62,32.2,31.61,31.07,28.8,24.98,23.54,23.38,22.85,23.06,22.81,22.91
22.58,22.93,22.93,23.03,23.22,23.57,26.93,29.59,30.18,30.16,30.66,31.03,31.19,31.69,31.61,31.64,32.14,32.18,31.98,31.89,31.89,31.72,31.98,32.23,32.4,32.43,32.53,32.53,32.48,32.51,32.2,32.18,32.06,32.06,32.14,32.11,32.18,31.83,32.11,31.98,32.14,31.98,31.94,32.18,32.09,31.91,31.94,32.14,32.09,32.09,32.26,31.98,32.18,32.06,31.83,31.81,32.03,32.09,32.43,31.91,32.2,32.23,32.48,32.2,32.31,32.28,32.48,32.23,32.87,32.78,33.19,33.62,33.44,33.71,33.69,33.52,33.44,33.49,33.19,33.19,32.9,32.87,32.87,32.94,32.73,32.73,32.94,32.65,32.87,33.04,32.68,32.73,32.95,32.95,32.82,32.7,32.94,32.68,32.77,32.99,33.02,32.94,32.82,32.94,32.73,32.78,33.04,32.82,32.99,33.1,33.07,33.04,33.19,33.15,33.27,33.15,33.36,33.29,33.15,33.32,33.29,33.41,33.49,33.44,33.57,33.62,33.54,33.49,33.07,32.87,32.77,32.85,32.68,32.7,32.9,33.19,33.12,33.36,33.61,33.19,33.46,33.07,32.95,32.9,32.7,32.7,32.31,32.6,32.65,32.23,31.61,30.75,27.87,24.56,23.75,23.08,23.11,22.73,23.0,22.78
22.58,22.61,22.76,23.23,23.33,23.84,27.13,29.96,30.24,30.75,30.75,31.15,31.49,31.49,31.49,31.77,32.09,32.26,32.2,32.26,32.06,32.36,32.23,32.4,32.53,32.53,32.43,32.14,32.2,32.4,32.31,32.23,32.18,32.18,32.09,32.06,32.14,32.31,32.01,31.91,31.83,32.01,32.03,31.98,32.26,31.94,32.11,32.26,32.01,32.2,32.48,31.89,31.91,32.09,32.2,32.2,32.28,32.28,32.31,32.6,32.2,32.18,32.28,32.53,32.53,32.94,32.73,32.57,33.12,33.36,33.36,33.99,33.57,33.69,33.44,33.54,33.46,33.37,33.24,33.15,33.32,33.02,32.95,33.02,32.9,32.68,32.95,32.85,32.73,32.9,32.78,33.15,32.82,33.07,32.82,32.7,32.77,32.9,32.78,32.82,33.04,33.29,32.87,33.02,33.15,32.78,32.99,32.99,33.07,33.36,33.24,33.24,33.07,32.99,33.19,33.04,33.37,33.2,33.24,33.37,33.44,33.29,33.29,33.54,33.49,33.52,33.57,33.74,33.29,33.19,32.77,32.68,32.85,32.57,32.62,32.85,32.82,33.29,33.36,33.2,33.41,33.54,33.24,32.94,32.87,32.73,32.62,32.73,32.28,32.14,31.44,29.93,26.65,24.06,23.54,23.08,23.06,22.69,22.69,23.06
22.54,22.48,22.78,23.03,22.96,24.02,26.76,29.61,30.24,30.65,30.9,30.98,31.12,31.66,31.4,31.83,32.09,32.2,32.14,32.4,32.48,32.23,32.45,32.62,32.2,32.11,32.31,32.2,32.28,32.26,32.18,32.18,32.09,31.91,32.28,32.11,31.98,31.91,31.72,32.01,31.44,32.03,32.23,31.98,31.89,31.94,31.86,32.11,32.23,32.01,32.03,32.14,32.26,32.11,32.01,32.03,32.43,32.2,32.14,32.53,32.28,32.43,32.36,32.48,32.36,32.85,32.65,33.07,33.07,33.2,33.52,33.71,33.61,33.62,33.74,33.44,33.52,33.32,33.24,33.24,33.24,33.32,33.19,32.85,32.65,32.68,32.95,32.99,33.02,33.2,33.04,32.94,32.9,32.94,32.68,32.85,32.68,32.65,32.62,32.7,32.95,33.12,32.9,32.95,32.87,33.1,33.19,33.15,33.07,33.15,33.19,33.15,33.24,33.15,33.32,33.32,33.27,33.1,33.15,33.07,33.41,33.04,33.36,33.46,33.41,33.61,33.86,33.79,33.61,33.1,32.9,32.95,32.51,32.65,32.43,32.53,32.99,32.9,33.37,33.37,33.46,33.32,33.1,33.07,33.1,32.7,32.03,32.23,32.14,32.26,31.2,29.47,25.44,23.94,23.11,23.27,23.08,22.73,23.03,22.61
22.46,22.46,23.03,22.81,23.15,23.75,26.58,29.87,29.96,30.45,30.61,31.19,31.12,31.1,31.57,31.69,32.01,31.83,32.14,31.98,32.23,32.23,32.45,32.14,32.43,32.6,32.4,32.26,32.14,31.91,32.09,32.01,32.09,32.06,31.94,31.49,31.83,32.03,32.09,31.69,32.03,32.09,32.23,32.11,32.09,32.18,32.03,32.35,32.4,32.09,32.06,31.83,32.4,32.2,32.06,32.57,32.23,32.4,32.4,32.48,32.53,32.43,32.68,32.65,32.7,32.9,32.87,33.2,33.44,33.61,33.52,33.83,33.69,33.69,33.24,33.41,33.29,33.24,32.85,33.02,32.87,32.99,32.85,32.7,32.57,32.82,32.77,32.78,32.68,32.94,33.02,32.94,32.94,32.87,32.99,32.6,32.51,32.51,32.7,32.73,32.7,32.68,32.73,32.73,32.82,32.62,32.94,33.1,33.07,33.2,33.12,33.27,33.32,33.1,32.94,33.2,32.95,33.24,33.19,32.95,33.04,33.15,33.29,33.24,33.41,33.46,33.54,33.41,33.52,33.2,33.07,32.85,32.77,32.94,32.9,32.51,32.73,32.82,33.12,33.37,33.36,33.27,33.61,33.2,32.95,32.73,32.43,32.11,32.09,31.57,30.55,27.84,24.48,23.79,23.3,23.06,22.93,23.15,22.81,22.58
22.63,22.73,23.03,22.81,23.33,23.48,26.29,29.27,30.18,30.75,30.78,31.03,31.03,31.44,31.52,31.61,31.83,32.26,32.09,31.81,32.35,32.03,32.62,32.06,32.03,32.26,32.06,31.98,32.2,32.26,32.11,32.2,32.09,31.98,32.09,31.66,31.91,31.89,31.94,31.98,31.64,31.91,32.01,32.03,32.31,31.89,32.31,32.45,32.18,32.06,32.28,31.94,32.11,32.28,32.26,32.31,32.6,32.36,32.4,32.78,32.73,32.9,32.82,32.57,33.07,33.24,33.15,33.44,33.57,33.27,33.71,33.44,33.71,33.52,33.32,33.41,33.29,33.15,33.32,33.1,32.99,32.9,32.99,33.02,32.7,33.04,32.9,32.73,32.87,32.99,32.87,32.94,33.04,33.1,33.02,32.99,32.94,32.82,32.65,32.85,32.65,32.94,33.07,32.65,32.57,32.77,33.24,33.15,32.95,33.12,33.24,33.15,33.29,33.36,33.12,33.15,33.19,33.19,33.07,33.12,33.12,33.02,33.29,33.44,33.57,33.69,33.36,33.54,33.54,33.32,33.12,33.19,32.99,32.77,32.65,32.51,32.65,32.45,33.02,33.32,33.41,33.54,33.02,33.37,33.32,32.94,32.73,32.23,31.69,31.27,30.08,25.91,24.02,23.48,23.33,23.11,22.91,23.15,22.91,22.73
22.54,22.51,22.81,23.22,22.51,23.48,25.64,29.19,30.08,30.58,30.9,30.98,31.32,31.24,31.35,31.72,32.01,31.89,31.86,31.86,32.43,31.94,31.94,32.09,32.18,31.98,31.83,31.98,32.23,32.2,32.03,32.01,32.18,31.81,31.94,32.06,31.98,31.81,31.94,32.01,31.98,32.11,32.09,31.86,32.01,32.03,32.26,32.18,32.14,32.09,32.28,32.06,32.09,32.23,32.31,32.4,32.43,32.48,32.73,32.57,32.65,32.7,32.82,33.12,32.7,33.32,33.37,33.36,33.41,33.29,33.27,33.69,33.36,33.2,33.19,33.24,33.12,32.87,33.04,32.99,32.77,32.87,32.85,32.85,32.65,32.77,32.77,33.1,32.94,32.73,32.94,32.95,32.85,33.04,32.87,32.62,32.6,32.85,32.7,32.85,32.87,32.85,32.78,32.68,32.77,32.62,33.02,32.77,33.12,32.9,33.02,33.1,33.24,33.36,33.04,33.32,33.29,32.9,33.02,33.12,33.24,33.32,33.19,33.32,33.44,33.54,33.57,33.29,33.15,33.1,32.9,32.99,33.15,32.77,32.77,32.85,32.4,32.31,32.57,32.99,33.27,33.44,33.61,32.77,33.32,32.78,32.73,32.6,32.06,30.66,28.36,24.86,23.91,23.33,23.15,23.08,22.96,22.81,22.69,22.58
22.54,22.54,22.73,22.78,23.3,23.57,24.83,29.0,30.24,30.55,30.95,30.87,31.24,31.19,31.39,31.66,31.89,31.91,31.98,32.23,32.36,32.03,31.91,31.74,31.98,31.91,32.06,31.81,32.11,31.91,31.77,31.83,31.91,31.72,31.83,31.94,32.03,31.94,32.14,32.09,31.86,31.81,31.77,31.94,32.11,32.06,32.45,32.35,31.86,32.09,32.28,32.06,32.26,32.62,32.28,32.6,32.36,32.53,32.9,32.78,32.99,32.82,33.24,33.29,33.2,33.24,33.52,33.71,33.61,33.52,33.32,33.07,33.2,33.37,32.94,33.1,33.15,33.02,32.99,32.99,32.95,32.73,32.6,32.65,32.78,32.99,32.87,33.12,32.94,32.87,32.82,33.36,32.82,32.85,32.82,32.57,32.87,32.65,32.68,32.9,32.85,32.7,32.7,32.73,32.6,32.85,32.95,32.78,32.85,32.95,33.07,33.2,33.36,33.32,33.15,33.27,33.07,33.2,33.12,33.04,32.87,33.24,33.27,33.41,33.46,33.57,33.66,33.49,33.62,33.2,33.1,33.24,33.32,32.99,32.95,32.7,32.35,32.62,32.48,32.94,33.15,33.27,33.49,33.36,33.36,32.9,32.94,32.2,32.35,30.61,27.32,24.56,23.72,23.42,23.27,22.93,23.08,22.85,22.69,22.66
22.43,22.12,22.81,22.85,23.18,23.64,24.44,28.23,30.16,30.41,30.66,30.7,31.4,31.39,31.57,31.24,31.74,31.89,32.06,31.98,32.11,32.03,32.01,31.94,32.01,32.06,31.94,31.83,32.11,31.91,32.09,31.89,31.98,31.98,31.98,32.14,31.89,32.01,32.06,32.11,32.06,31.81,32.2,32.14,32.48,32.26,32.31,32.43,32.48,32.18,32.45,32.43,32.36,32.57,32.68,32.94,33.04,32.73,33.12,32.95,33.02,33.12,33.24,33.41,33.24,33.49,33.36,33.46,33.27,33.24,33.19,33.41,33.02,33.15,33.24,33.27,33.02,33.19,32.94,33.15,32.94,32.77,32.73,32.87,32.78,32.9,32.73,32.95,33.07,32.95,32.95,32.99,33.04,32.85,32.87,32.78,32.62,32.68,32.77,32.9,32.85,33.07,32.9,32.85,32.94,33.07,32.82,32.94,33.07,32.95,32.9,33.12,33.29,33.41,33.74,33.52,33.46,33.41,33.27,33.12,33.2,33.27,32.99,33.52,33.57,33.57,33.79,33.49,33.78,33.57,33.32,33.44,33.15,33.04,32.94,32.78,32.57,32.45,32.77,32.87,33.27,33.61,33.49,33.49,33.24,33.15,32.94,32.6,32.2,30.98,27.44,24.71,23.84,23.33,23.11,23.06,23.03,22.91,22.78,22.63
22.48,22.93,22.88,22.96,22.96,23.57,23.79,27.02,29.96,30.55,30.53,30.73,31.12,31.4,31.49,31.56,31.64,32.14,31.74,32.01,31.74,31.66,31.86,31.86,31.91,31.86,31.89,32.06,32.06,31.74,31.81,31.98,31.89,31.89,31.98,31.66,32.09,31.77,32.03,31.69,31.94,32.26,32.35,32.14,32.09,32.26,32.2,32.4,32.36,32.57,32.57,32.45,32.62,32.77,32.62,32.6,32.87,33.1,32.9,33.24,33.36,33.12,33.12,33.36,33.44,33.74,33.19,33.36,33.24,33.2,33.02,33.36,32.87,32.94,33.37,33.07,33.27,32.95,32.78,33.04,32.95,32.68,32.48,32.77,33.12,32.87,32.85,32.73,33.02,32.99,32.78,32.85,32.7,32.77,32.7,32.53,32.68,32.73,32.78,32.57,32.53,32.7,32.95,32.78,32.7,32.87,32.78,32.78,32.99,33.24,33.37,32.95,32.95,33.29,33.2,33.52,33.24,33.37,33.2,33.49,33.32,33.12,33.04,33.2,33.44,33.52,33.44,33.79,33.83,33.66,33.41,33.29,33.44,33.2,33.24,32.82,32.45,32.7,32.51,32.77,32.73,33.07,33.41,33.24,33.36,33.2,32.82,32.62,32.26,31.29,28.43,24.36,24.17,23.42,23.06,22.91,22.93,22.88,22.63,22.88
22.48,22.43,22.51,22.76,23.3,23.37,23.97,25.91,29.29,30.09,30.66,30.7,30.95,30.92,31.49,31.44,31.64,31.44,31.69,31.72,31.39,31.94,31.57,31.35,31.86,31.77,31.52,31.64,31.69,31.89,31.91,31.86,31.72,31.72,31.94,31.89,31.86,31.86,31.86,32.09,32.03,32.23,32.31,32.11,32.36,32.35,32.35,32.53,32.51,32.53,32.62,32.62,32.7,33.07,33.07,32.85,32.99,33.29,33.15,33.41,33.27,33.36,33.24,33.54,33.61,32.94,33.41,33.27,33.12,33.12,33.12,33.2,32.95,32.9,32.78,33.04,32.7,32.94,32.9,32.78,33.04,32.95,32.77,32.9,32.94,32.65,32.87,32.57,32.82,32.87,32.62,32.77,32.62,32.77,32.53,32.36,32.62,32.68,32.57,32.7,32.68,32.77,32.65,32.68,32.77,32.85,32.73,32.94,33.29,32.62,32.87,32.94,33.24,33.02,33.19,33.69,33.29,33.2,33.41,33.36,33.12,33.36,33.2,33.46,33.41,33.49,34.01,33.91,33.83,33.71,33.52,33.24,33.24,33.62,33.41,33.36,32.87,32.73,32.43,32.95,32.73,33.52,33.37,33.29,33.44,33.12,32.85,32.82,32.2,31.24,29.07,24.71,23.75,22.91,23.18,22.96,23.08,22.81,23.03,22.81
22.58,22.96,22.69,23.18,23.08,23.69,23.48,24.71,28.66,29.98,30.53,30.53,30.7,31.44,31.49,31.15,31.39,31.83,31.72,31.72,31.64,31.77,31.56,31.86,31.83,31.61,31.66,31.72,31.72,31.81,31.86,31.52,31.89,31.91,32.01,32.11,32.06,32.01,32.14,31.81,31.89,32.09,32.28,31.94,32.28,32.45,32.45,32.51,32.65,33.02,32.87,33.2,33.12,32.78,33.2,33.46,33.32,33.32,33.02,33.04,33.32,33.32,33.27,33.19,33.37,33.27,33.36,33.12,33.27,32.99,32.94,32.95,32.87,32.85,33.2,32.73,32.6,32.82,32.87,33.04,32.68,32.77,32.99,32.62,32.77,32.57,32.53,32.87,32.7,32.7,32.85,32.87,32.99,32.77,32.6,32.43,32.57,32.85,32.78,32.9,33.02,32.9,32.65,32.77,32.95,32.9,33.1,32.94,32.82,32.82,32.95,32.9,32.99,33.37,33.57,33.44,33.78,33.46,33.37,33.37,33.61,33.32,33.36,33.44,33.27,33.62,33.49,33.66,33.88,33.93,33.83,33.62,33.79,33.32,33.41,33.15,33.04,32.73,32.57,32.43,32.9,33.02,33.44,33.24,33.2,33.27,33.19,32.9,32.51,32.23,30.09,25.75,23.91,23.54,23.27,23.18,23.23,23.03,22.96,22.73
22.32,23.06,22.61,22.88,22.96,23.52,23.57,24.36,27.49,29.84,30.5,30.83,30.87,31.12,31.52,31.47,31.12,31.56,31.81,31.77,31.56,31.66,31.64,31.74,31.69,31.72,31.86,31.72,31.56,31.91,31.77,31.77,31.81,31.91,31.77,31.98,31.91,31.89,32.03,32.2,32.35,32.28,32.26,32.23,32.45,32.53,32.65,32.78,32.9,32.99,33.15,33.12,33.1,33.15,33.37,33.62,33.57,33.57,33.44,33.36,33.32,33.49,33.49,33.66,33.44,33.37,33.12,33.29,33.04,33.02,32.99,32.82,32.77,32.95,32.94,33.02,32.85,32.62,33.04,32.77,32.82,32.99,32.77,32.85,32.7,32.73,32.82,32.62,32.7,32.9,32.7,32.77,32.73,32.73,32.36,32.45,32.6,32.7,32.82,32.62,32.82,32.68,32.7,33.12,32.73,32.87,33.1,33.04,32.6,33.04,33.15,32.87,33.1,33.36,33.24,33.57,33.54,33.62,33.54,33.32,33.69,33.29,33.29,33.32,33.32,33.41,33.74,33.88,34.01,33.91,33.96,33.57,33.93,33.69,33.44,33.2,33.1,32.78,32.82,32.82,32.45,32.99,33.2,33.27,33.04,32.95,33.2,32.85,32.45,31.81,30.73,26.41,23.91,23.48,23.33,23.23,23.38,22.93,23.08,22.93
22.76,22.54,22.78,22.78,22.96,23.15,23.48,23.87,26.53,29.15,30.41,30.61,30.87,31.15,31.32,31.39,31.32,31.69,31.57,31.47,31.47,31.81,31.66,31.52,31.57,32.01,31.61,31.72,31.35,31.91,31.61,31.81,31.69,32.01,32.18,32.01,32.26,31.94,32.06,32.03,32.45,32.31,32.48,32.7,32.36,32.53,32.73,32.82,32.95,33.15,33.32,33.46,33.27,33.83,33.54,33.61,33.41,33.78,33.49,33.46,33.32,33.41,33.27,33.37,33.54,33.37,33.32,33.36,33.1,32.94,33.07,32.73,32.99,32.68,32.99,32.95,32.9,33.02,32.87,32.68,32.68,32.9,32.77,32.77,32.7,32.73,32.99,32.77,32.77,32.85,32.73,32.78,32.57,32.62,32.87,32.57,32.62,32.6,32.53,32.77,32.99,33.02,32.65,32.65,32.65,32.77,32.95,33.02,32.94,32.85,32.94,33.1,33.15,33.02,33.52,33.52,33.91,33.69,33.61,33.74,33.37,33.2,33.32,33.44,33.19,33.54,33.49,33.74,33.61,33.83,33.71,33.78,33.61,33.79,33.69,33.2,33.24,32.99,32.77,32.45,32.65,32.77,32.78,33.07,33.19,33.07,33.04,32.68,32.7,32.28,30.66,27.6,24.66,23.33,23.48,23.11,22.76,22.76,22.78,22.69
22.48,22.43,22.73,22.96,22.88,22.88,23.54,23.82,25.82,29.07,29.52,30.58,30.61,31.07,31.12,30.82,31.02,31.74,31.4,31.57,31.83,31.35,31.61,31.4,31.66,31.66,31.44,31.77,31.56,31.52,31.74,31.91,31.77,32.06,32.03,31.98,32.23,32.28,32.2,32.28,32.31,32.14,32.53,32.65,32.78,32.82,33.04,33.15,33.24,33.24,33.54,33.57,33.99,33.66,33.78,33.61,33.69,33.46,33.36,33.37,33.19,33.19,33.44,33.27,33.41,33.12,33.19,32.94,33.04,32.85,32.87,32.78,33.02,33.1,32.73,32.48,32.9,32.94,32.77,32.62,32.73,32.78,32.45,32.78,32.53,32.62,32.77,32.82,32.7,32.65,32.45,32.6,32.68,32.45,32.68,32.36,32.48,32.65,32.77,32.78,32.85,32.7,33.02,32.65,32.9,32.73,32.87,32.77,32.82,32.99,33.07,33.02,33.32,33.07,33.49,33.49,33.57,33.69,33.66,33.36,33.44,33.1,33.36,33.19,33.02,33.44,33.32,33.36,33.78,33.46,33.91,33.91,33.91,33.78,33.62,33.57,33.19,32.95,32.95,32.51,32.51,32.6,32.82,32.82,32.82,33.32,32.77,32.95,32.6,31.91,31.1,28.28,24.51,23.87,23.22,22.96,23.18,22.91,22.61,22.54
22.76,22.61,22.54,22.54,23.11,23.03,23.3,23.57,25.64,29.2,29.84,30.41,30.53,30.58,30.83,30.98,31.15,31.29,31.12,31.64,31.2,31.4,31.44,31.49,31.74,31.61,31.4,31.66,31.66,31.61,31.77,31.64,31.89,31.86,32.14,32.43,32.2,32.14,32.31,32.51,32.73,32.43,32.7,32.94,32.77,32.82,32.99,33.49,33.49,33.44,33.86,33.57,33.69,33.66,33.57,33.69,33.52,33.49,33.41,32.99,33.32,33.27,33.02,33.15,33.24,33.27,33.1,33.07,33.1,32.77,32.78,33.02,32.65,32.78,32.78,32.85,32.82,32.73,32.82,32.82,32.68,32.48,32.65,32.78,32.53,32.65,32.85,32.77,32.78,32.85,32.48,32.68,32.48,32.6,32.48,32.65,32.57,32.51,32.68,32.9,32.82,33.02,32.9,33.04,32.82,32.77,33.1,32.85,32.95,32.95,32.94,33.24,32.94,33.15,33.41,33.71,33.78,33.78,33.71,33.37,33.32,33.24,33.36,33.24,33.2,33.12,33.12,33.37,33.46,33.79,33.83,33.86,34.01,33.62,33.69,33.62,33.29,33.19,32.68,32.4,32.2,32.43,32.77,32.77,33.27,33.29,33.02,32.87,32.4,31.86,31.1,28.76,24.78,23.54,23.52,23.0,23.03,23.0,22.91,22.96
22.73,22.54,22.43,23.27,22.73,22.88,23.37,23.38,25.55,29.08,30.01,30.33,30.58,30.55,30.75,30.98,31.2,31.49,31.03,31.12,31.39,31.44,31.57,31.4,31.56,31.32,31.29,31.72,31.81,31.77,31.89,32.11,31.89,31.89,32.26,32.31,32.4,32.51,32.36,32.62,32.65,32.68,32.6,32.87,33.02,33.1,33.62,33.74,33.52,33.74,33.78,33.62,33.62,33.24,33.52,33.36,33.49,33.27,33.32,33.15,33.41,33.37,33.32,33.44,33.02,33.32,32.85,33.04,32.77,32.87,32.57,32.95,32.57,32.62,32.65,32.85,32.77,32.7,32.73,32.68,32.31,32.7,32.53,32.51,32.77,32.65,32.65,32.65,32.68,32.6,32.6,32.6,32.53,32.53,32.6,32.62,32.85,33.04,32.35,32.78,32.94,32.78,33.04,33.02,32.73,32.95,32.82,32.99,32.77,32.82,33.19,33.1,33.27,33.24,33.46,33.61,33.54,33.83,33.54,33.29,33.37,33.02,33.32,32.94,33.15,33.2,33.29,33.37,33.69,33.69,33.74,33.61,33.78,34.04,33.66,33.46,33.37,33.02,32.77,32.26,32.31,32.2,32.53,32.51,32.99,32.77,32.78,32.35,32.35,31.83,31.29,29.2,25.05,23.57,23.54,23.08,22.76,22.91,23.0,22.76
22.58,22.73,22.78,22.78,22.76,22.66,23.42,23.38,25.7,29.27,30.09,30.45,30.53,30.53,30.9,30.92,31.02,31.19,31.27,31.19,31.64,31.44,31.27,31.44,31.35,31.35,31.44,31.77,31.69,31.83,31.72,31.74,31.91,32.26,32.45,32.28,32.78,32.73,33.02,33.02,32.94,33.12,33.12,33.04,33.52,33.36,33.41,33.79,33.88,33.71,33.62,33.74,33.88,33.66,33.41,33.44,33.12,33.32,33.2,33.15,33.32,33.24,33.37,33.24,33.07,33.24,33.04,32.7,32.65,32.77,32.62,32.57,32.85,32.51,32.68,32.6,32.82,32.9,32.57,32.51,32.45,32.6,32.43,32.65,32.53,32.48,32.45,32.73,32.85,32.62,32.87,32.65,32.77,32.68,32.6,32.53,32.78,32.6,32.94,32.82,32.77,33.04,32.95,32.87,33.02,32.99,32.77,33.04,32.95,32.85,33.2,32.99,33.02,33.07,33.52,33.2,33.69,33.74,33.54,33.24,33.41,33.24,33.27,32.87,33.12,33.24,33.62,33.37,33.61,33.57,33.52,33.71,33.74,33.93,33.91,33.79,33.2,33.15,32.62,32.57,32.4,32.28,32.82,32.7,33.02,32.62,32.77,32.53,32.18,32.14,31.61,29.67,25.4,23.79,23.33,23.06,23.0,22.91,22.76,22.81
22.69,22.51,22.78,22.76,22.81,22.93,23.6,23.64,25.82,29.4,30.46,30.53,30.46,30.61,30.87,30.75,31.03,31.57,31.29,31.39,31.27,31.49,31.52,31.39,31.47,31.66,31.89,31.72,31.89,31.98,32.03,32.01,32.35,32.35,32.68,32.95,33.15,33.04,32.95,33.19,33.2,33.27,33.27,33.24,33.66,33.52,33.36,33.54,33.52,33.79,33.44,33.57,33.44,33.37,33.37,33.12,33.1,33.2,33.19,33.27,33.04,33.04,33.15,33.12,33.41,32.87,33.1,32.77,32.77,32.43,32.82,32.48,32.78,32.53,32.62,32.43,32.45,32.6,32.7,32.51,32.48,32.53,32.65,32.6,32.6,32.65,32.62,32.73,32.53,32.85,32.35,32.73,32.51,32.62,32.7,32.57,32.77,32.6,32.78,32.78,32.7,32.99,32.7,32.78,32.94,33.12,32.85,32.87,32.94,33.04,32.82,32.68,33.1,33.62,33.12,33.57,33.86,33.61,33.69,33.27,33.36,33.2,33.19,33.29,33.27,33.07,33.27,33.12,33.41,33.61,33.66,33.61,33.86,34.01,33.93,33.61,33.44,33.1,32.6,32.35,32.31,32.43,32.73,32.6,32.87,32.62,32.82,32.68,32.06,31.98,31.29,29.61,25.4,24.21,23.23,23.08,23.3,22.76,22.85,22.73
22.76,22.46,22.58,22.88,23.03,23.06,22.96,23.84,25.6,28.87,30.46,31.27,31.12,30.61,30.7,30.87,30.87,31.12,30.98,30.92,31.32,31.24,31.39,31.69,31.57,31.77,31.44,32.14,31.91,31.94,32.36,32.26,32.2,32.73,32.77,33.1,33.07,33.54,33.32,33.46,33.29,33.44,33.12,33.41,33.57,33.62,33.41,33.24,33.29,33.46,33.04,33.54,33.46,33.52,33.27,32.78,33.1,33.2,32.9,33.19,33.02,32.85,33.02,32.9,33.07,32.78,32.99,32.73,32.62,32.6,32.82,32.6,32.57,32.31,32.68,32.43,32.31,32.53,32.57,32.45,32.35,32.7,32.6,32.65,32.68,32.53,32.48,32.53,32.65,32.73,32.68,32.62,32.4,32.87,32.43,32.82,32.68,32.68,32.77,32.87,32.9,32.87,32.78,32.87,32.87,32.82,32.99,32.73,33.07,32.73,33.02,33.02,33.07,33.2,33.24,33.36,33.54,33.61,33.29,33.32,33.29,33.19,33.54,33.41,33.41,33.29,33.29,33.1,33.49,33.2,33.69,33.66,33.91,33.83,33.69,33.41,33.2,32.94,32.6,32.35,31.86,32.43,32.28,32.45,32.78,32.57,32.53,32.78,32.21,31.83,31.39,29.69,25.87,23.91,23.52,22.96,23.22,22.81,22.48,22.51
22.29,22.51,23.15,22.81,22.85,22.91,22.96,23.52,25.7,28.88,30.61,31.2,31.32,31.19,31.32,31.12,30.9,31.29,31.12,31.32,31.74,31.47,31.56,32.01,32.03,32.01,31.98,32.09,32.18,32.43,32.4,32.7,32.62,33.1,33.12,33.32,33.49,33.54,33.37,33.46,33.62,33.2,33.27,33.49,33.44,33.29,33.29,33.44,33.1,33.36,33.29,33.36,33.19,33.52,33.04,33.29,33.27,33.07,33.02,32.95,32.73,33.04,32.95,33.02,32.95,32.82,32.78,32.78,32.7,32.31,32.43,32.53,32.53,32.62,32.51,32.85,32.57,32.57,32.28,32.31,32.45,32.48,32.53,32.31,32.51,32.62,32.85,32.77,32.7,32.6,32.6,32.51,32.36,32.7,32.65,32.62,32.6,32.78,32.78,32.87,32.57,32.53,32.85,32.95,32.85,32.73,32.95,32.95,33.12,32.99,33.04,33.15,33.2,33.1,33.27,33.32,33.57,33.19,33.27,33.27,33.37,33.32,33.52,33.44,33.49,33.57,33.15,33.29,33.46,33.49,33.62,33.57,33.71,33.86,33.49,33.46,33.04,32.94,32.65,32.2,32.31,32.31,32.23,32.45,32.77,32.4,32.48,32.35,32.2,32.01,31.39,30.08,25.96,23.82,23.48,22.76,22.81,22.93,22.63,22.78
22.48,22.51,22.48,22.91,22.85,23.0,23.0,23.48,25.82,29.0,30.29,31.02,31.1,31.44,31.69,31.57,31.44,31.32,31.4,31.56,31.74,31.74,31.91,31.91,32.11,32.01,32.09,32.43,32.62,32.9,33.02,33.12,33.15,33.24,33.36,33.57,33.29,33.32,33.32,33.02,33.32,33.19,33.29,33.46,33.1,33.07,33.36,33.32,33.29,33.12,33.19,33.36,33.2,33.44,33.15,33.02,33.07,32.78,32.94,33.1,33.07,33.19,33.02,33.04,32.9,32.77,32.77,32.51,32.62,33.12,32.7,32.4,32.68,32.35,32.68,32.65,32.43,32.62,32.57,32.31,32.57,32.48,32.6,32.51,32.43,32.23,32.99,32.6,32.9,32.77,32.87,32.78,32.9,32.4,32.28,32.53,32.65,32.7,32.78,32.78,32.78,32.9,32.73,32.82,33.07,33.07,32.95,33.2,32.78,32.78,33.04,33.24,33.37,33.36,33.36,33.12,33.46,33.24,33.19,33.29,33.49,33.12,33.32,33.57,33.46,33.44,33.54,33.29,33.57,33.07,33.44,33.19,33.15,33.54,33.66,33.12,32.94,32.95,32.51,32.4,32.14,32.03,32.06,32.03,32.6,32.4,32.48,32.11,32.23,32.06,31.39,30.24,26.18,23.72,23.33,23.15,22.91,22.96,22.78,22.66
22.63,22.76,22.81,22.85,22.73,23.03,23.23,23.45,25.52,28.98,30.41,31.03,31.47,31.4,31.77,32.06,32.23,32.18,31.98,31.94,32.14,31.94,32.28,32.48,32.45,32.45,32.65,32.82,33.15,33.15,33.29,33.54,32.99,33.32,33.37,33.62,33.2,33.12,33.12,33.19,33.1,33.29,33.1,32.99,33.29,33.1,33.27,33.04,33.32,33.12,33.15,33.12,32.95,33.1,33.02,32.78,32.85,32.94,33.15,33.2,33.24,32.78,32.94,32.87,32.82,33.04,32.65,32.77,32.53,32.6,32.4,32.51,32.4,32.6,32.73,32.7,32.48,32.73,32.6,32.36,32.73,32.43,32.51,32.48,32.4,32.87,32.43,32.53,32.85,32.77,32.73,32.78,32.87,32.68,32.7,32.48,32.85,32.65,32.95,32.68,32.85,32.99,33.02,33.1,33.02,33.29,32.85,32.73,33.1,33.19,32.9,33.27,32.95,33.12,33.15,33.24,33.36,33.27,33.41,33.32,33.49,33.61,33.78,33.46,33.69,33.44,33.36,33.57,33.54,33.52,33.27,33.2,33.49,33.44,33.37,33.2,32.87,32.51,32.57,32.28,32.06,32.14,32.51,32.35,32.4,32.26,32.78,32.26,32.01,31.69,31.4,30.13,26.41,23.79,23.08,23.27,22.88,22.91,22.81,22.69
22.48,22.51,22.48,22.63,22.85,22.78,23.06,23.37,25.22,28.66,29.96,30.83,31.19,31.4,31.74,31.91,32.2,32.11,32.4,32.43,32.2,32.77,32.6,32.45,32.78,32.94,32.53,33.07,33.07,32.94,33.37,33.04,33.12,33.24,33.15,33.52,33.02,33.27,33.04,33.07,33.32,33.24,32.87,33.27,33.27,33.2,33.04,33.2,33.15,32.99,32.9,33.07,32.68,32.87,32.99,32.99,33.27,32.99,33.2,33.02,32.87,33.02,32.9,32.82,32.6,32.7,32.95,32.7,32.82,32.73,32.77,32.6,32.43,32.65,32.78,32.6,32.77,32.35,32.65,32.57,32.28,32.45,32.6,32.68,32.53,32.6,32.4,32.68,32.57,32.53,32.82,32.4,32.78,32.78,32.6,32.94,32.7,32.53,32.6,32.94,33.1,32.62,32.78,33.12,32.95,32.94,33.02,33.02,33.44,32.99,33.27,33.1,33.36,33.32,33.27,33.52,33.19,33.37,33.57,33.57,33.49,33.49,33.32,33.49,33.57,33.46,33.54,33.41,33.41,33.37,33.19,33.29,33.27,33.29,33.15,33.24,32.9,32.87,32.68,32.7,32.23,32.03,32.26,32.23,32.51,32.14,32.31,32.48,32.4,31.47,31.19,29.76,26.46,23.75,23.27,23.22,23.08,22.88,22.91,22.69
22.48,22.66,22.58,22.54,22.93,23.03,23.15,23.42,25.32,28.75,29.93,30.9,30.87,31.29,31.52,31.72,31.98,32.26,32.14,32.09,32.2,32.23,32.68,32.45,32.68,32.73,32.78,32.85,32.73,32.78,32.9,33.15,33.19,32.9,33.12,33.07,33.19,33.02,33.15,32.85,32.94,33.07,33.07,32.95,33.32,32.87,33.12,33.1,33.04,33.12,33.19,33.15,33.1,33.2,33.02,33.19,32.87,33.02,33.04,32.9,33.02,32.94,32.95,32.78,32.87,32.99,32.7,32.57,32.82,32.65,32.51,32.51,32.53,32.31,32.77,32.26,32.45,32.4,32.6,32.62,32.6,32.68,32.4,32.48,32.28,32.4,32.18,32.78,32.65,32.7,32.62,32.62,32.57,32.7,32.6,32.77,32.57,32.68,32.87,32.7,32.82,32.7,32.87,32.99,33.02,33.1,33.02,33.07,33.32,33.32,33.29,33.44,33.07,33.27,33.2,33.41,33.29,33.24,33.15,33.32,33.41,33.71,33.54,33.54,33.29,33.41,33.36,33.29,33.52,33.2,33.12,33.24,33.27,32.99,32.9,33.19,32.78,32.62,32.87,32.26,32.43,32.31,32.18,32.31,32.43,32.28,32.65,32.09,32.03,31.72,31.15,30.36,26.34,23.72,23.06,23.23,22.96,22.93,22.61,22.76
22.78,22.76,22.58,22.69,22.63,22.76,22.91,23.87,25.4,28.92,30.36,30.66,31.2,31.4,31.49,31.98,32.14,32.26,32.18,32.35,32.43,32.18,32.53,32.35,32.45,32.45,32.35,32.87,32.87,32.57,32.85,33.07,32.9,32.87,32.73,32.94,33.12,32.73,32.95,32.95,32.99,33.12,33.04,32.99,33.04,32.87,32.94,33.07,32.9,32.95,33.02,33.04,33.12,32.99,33.2,32.95,33.04,32.85,32.99,32.94,32.99,32.94,33.1,32.53,32.77,32.87,32.62,32.65,32.65,32.68,32.51,32.48,32.68,32.68,32.35,32.82,32.73,32.6,32.6,32.62,32.14,32.53,32.31,32.6,32.48,32.45,32.62,32.6,32.62,32.7,32.51,32.65,32.65,32.57,32.48,32.48,32.57,32.62,32.82,32.94,32.7,32.73,33.2,32.94,33.1,33.07,33.2,33.29,33.27,33.41,33.29,33.32,33.49,33.24,33.29,33.04,33.24,33.15,33.32,33.46,33.36,33.44,33.36,33.52,33.49,33.49,33.37,33.37,33.27,33.46,33.29,33.07,32.94,33.15,32.99,32.95,33.12,32.77,32.43,32.51,32.35,32.2,32.09,32.31,32.31,32.53,32.11,32.18,31.98,31.52,31.29,29.81,26.18,23.69,23.18,23.18,22.93,22.93,22.66,22.54
22.54,22.32,22.88,22.76,22.88,22.63,23.27,23.54,25.05,28.87,29.76,30.66,30.73,31.27,31.56,31.77,32.06,32.18,32.2,32.01,32.45,32.26,32.18,32.6,32.51,32.28,32.36,32.45,32.68,32.53,32.68,32.7,32.95,32.82,33.07,32.73,32.78,33.07,32.87,33.07,33.02,32.87,32.77,32.99,32.87,32.6,32.82,33.04,32.7,33.2,32.77,32.85,33.04,32.65,32.95,33.02,32.94,32.87,32.85,32.95,32.85,32.95,32.68,32.77,32.9,32.65,32.68,32.35,32.57,32.53,32.53,32.51,32.51,32.65,32.53,32.51,32.57,32.28,32.31,32.2,32.65,32.73,32.57,32.6,32.4,32.31,32.28,32.82,32.45,32.31,32.48,32.73,32.68,32.77,32.65,32.65,32.36,32.7,32.7,32.73,32.87,33.27,32.87,32.95,33.15,33.1,33.02,33.04,33.37,33.32,33.71,33.46,33.24,33.46,33.12,33.27,33.44,33.32,33.37,33.07,33.36,33.37,33.69,33.24,33.07,33.57,33.29,33.32,33.19,33.36,33.12,32.99,32.95,33.04,32.94,32.85,32.78,32.87,32.7,32.57,32.18,32.09,32.23,32.01,32.26,32.45,32.14,32.14,31.77,31.19,31.2,29.52,26.11,23.99,23.18,23.45,23.11,22.93,22.78,23.08
22.85,22.85,22.63,22.66,22.51,23.0,23.0,23.3,25.05,28.55,29.52,30.55,30.75,31.19,31.77,31.77,31.89,31.91,32.01,32.31,32.2,32.11,32.35,32.2,32.53,32.53,32.31,32.73,32.45,32.31,32.73,32.77,32.4,32.65,32.77,32.7,32.99,32.82,32.7,32.82,32.77,32.9,33.07,32.78,32.77,32.78,33.02,32.45,32.9,32.57,33.04,32.87,32.87,32.94,33.02,33.19,33.29,32.99,32.99,32.78,32.94,33.02,32.62,32.45,32.65,32.7,32.78,32.7,32.45,32.57,32.53,32.57,32.45,32.68,32.73,32.7,32.28,32.36,32.23,32.26,32.36,32.57,32.26,32.26,32.6,32.48,32.45,32.68,32.6,32.65,32.6,32.35,32.57,32.26,32.6,32.53,32.78,32.85,32.82,32.73,32.82,32.62,32.73,33.1,32.99,32.82,33.32,33.2,33.2,33.78,33.44,33.57,33.71,33.46,33.44,33.12,33.29,33.36,33.32,32.9,33.29,33.2,33.29,33.04,33.44,33.37,33.32,33.24,33.12,33.24,32.94,33.04,32.7,32.7,32.95,32.82,32.94,32.73,32.68,32.7,32.23,32.09,31.74,32.01,32.23,32.26,32.23,32.26,31.89,31.56,30.98,29.56,25.64,23.99,23.23,22.93,23.03,22.63,22.81,22.78
22.69,22.48,22.58,22.46,22.96,22.96,22.78,23.69,25.25,28.71,29.77,30.7,30.7,31.4,31.61,31.98,31.74,32.28,32.11,31.91,32.36,32.43,32.35,32.51,32.28,32.35,32.28,32.35,32.68,32.28,32.45,32.45,32.45,32.53,32.78,32.53,32.51,32.78,32.6,32.78,32.78,32.9,32.68,32.6,32.48,32.94,32.73,32.57,32.85,32.85,32.99,32.73,33.07,32.95,33.1,32.7,32.82,33.2,33.02,32.9,32.78,32.53,32.7,32.9,32.7,32.6,32.43,32.51,32.53,32.48,32.51,32.35,32.43,32.65,32.68,32.65,32.53,32.28,32.35,32.57,32.68,32.23,32.62,32.73,32.6,32.36,32.77,32.51,32.31,32.68,32.43,32.45,32.6,32.4,32.68,32.7,32.57,32.4,32.7,32.73,32.82,32.94,32.99,32.9,33.1,33.15,33.1,33.36,33.27,33.41,33.54,33.27,33.52,33.57,33.41,33.46,33.32,33.04,33.1,33.1,32.94,32.94,33.04,33.32,33.27,33.1,33.1,33.12,33.49,33.12,32.95,32.95,32.95,32.95,32.51,32.48,32.95,32.9,32.68,32.28,32.51,31.91,31.91,31.89,32.14,31.98,31.83,32.06,31.66,31.35,30.92,29.12,25.67,23.67,22.88,23.27,22.88,22.93,22.66,23.15
22.69,22.63,22.54,22.69,22.76,22.81,22.88,23.52,25.13,28.39,30.13,30.38,30.78,31.24,31.56,31.86,31.86,32.35,32.09,31.98,32.18,32.09,32.26,32.2,32.31,32.31,32.09,32.57,32.23,32.35,32.53,32.35,32.36,32.48,32.68,32.82,32.57,32.82,32.94,32.65,32.95,32.95,32.73,32.87,32.82,32.43,32.78,33.04,32.82,32.9,32.99,32.68,32.6,33.02,33.04,32.94,32.6,32.77,33.15,32.87,32.82,32.78,32.78,32.65,32.68,32.73,32.77,32.14,32.62,32.43,32.06,32.73,32.28,32.43,32.45,32.65,32.35,32.36,32.45,32.14,32.43,32.43,32.36,32.48,32.51,32.43,32.65,32.51,32.51,32.77,32.68,32.48,32.53,32.4,32.62,32.48,32.57,32.6,32.9,32.73,32.53,32.87,32.9,32.78,32.94,33.15,33.07,33.19,33.37,33.32,33.62,33.44,33.46,33.36,33.54,33.27,33.32,33.44,33.07,33.1,33.15,33.19,33.2,33.24,33.12,33.29,33.07,33.07,33.27,32.87,33.07,32.94,32.77,32.73,32.82,32.51,32.57,32.77,32.73,32.68,32.4,32.11,32.06,32.03,31.81,32.01,32.18,32.18,31.4,30.87,30.78,29.27,25.13,23.87,23.33,23.06,23.15,22.73,22.93,22.81
22.58,22.46,22.61,22.78,22.66,22.96,22.76,23.6,24.83,28.19,29.98,30.41,31.02,30.7,31.35,31.56,31.83,31.72,32.06,31.86,32.09,32.26,32.18,32.03,32.01,32.14,32.35,32.35,32.23,32.4,32.68,32.51,32.31,32.36,32.45,32.35,32.62,32.65,32.62,32.68,32.73,32.77,32.78,32.78,32.68,32.73,32.7,32.87,32.68,32.87,32.9,32.62,32.73,33.02,33.1,32.9,32.78,32.87,33.1,32.94,32.77,32.53,32.77,32.68,32.53,32.51,32.36,32.48,32.53,32.14,32.45,32.65,32.35,32.23,32.09,32.43,32.26,32.26,32.53,32.53,32.28,32.35,32.36,32.53,32.53,32.6,32.28,32.31,32.62,32.53,32.4,32.4,32.36,32.31,32.43,32.35,32.65,32.26,32.68,32.85,32.73,32.68,33.15,32.9,32.68,32.95,33.1,33.2,33.02,33.19,33.41,33.36,33.04,33.37,33.15,33.07,33.19,33.07,32.99,32.9,32.77,33.04,33.32,33.04,32.78,33.12,33.19,33.24,33.27,32.9,32.68,32.9,32.95,32.85,32.6,32.57,32.57,32.57,32.57,32.35,32.4,31.86,32.14,31.66,31.81,32.11,32.26,31.94,31.47,31.2,30.75,28.63,25.45,23.69,23.54,23.15,23.18,23.0,22.76,22.63
22.58,22.78,22.66,22.81,22.73,22.85,23.0,23.37,24.36,28.11,29.61,30.45,30.65,31.24,31.52,31.49,31.91,31.94,31.74,32.14,32.09,31.77,32.23,32.2,32.23,31.86,31.89,31.81,31.94,32.01,32.36,32.28,32.43,32.43,32.48,32.57,32.4,32.53,32.99,32.48,32.78,32.85,32.51,32.62,32.36,32.65,32.78,32.65,32.82,32.78,32.94,32.85,32.78,32.78,32.9,32.87,33.07,32.82,32.77,32.82,32.68,32.77,32.48,32.31,32.36,32.45,31.98,32.45,32.51,32.31,32.23,32.53,32.23,32.53,32.62,32.26,32.4,32.18,32.31,32.36,32.35,32.65,32.68,32.4,32.45,32.45,32.62,32.43,32.6,32.35,32.4,32.26,32.51,32.2,32.23,32.36,32.6,32.4,32.99,32.65,32.78,32.95,32.82,32.9,32.95,32.95,32.94,33.19,33.29,33.24,33.27,33.41,33.24,33.07,32.87,33.07,33.07,32.9,33.12,32.77,32.7,32.95,32.87,33.07,33.04,33.32,32.9,33.12,33.04,33.02,32.95,32.82,32.6,32.68,32.62,32.48,32.51,32.53,32.48,32.43,32.14,32.03,32.01,31.89,31.94,31.64,31.89,32.01,31.39,30.98,30.55,28.51,25.1,23.48,23.37,23.15,22.73,22.85,23.22,22.76
