32.53,32.51,32.87,32.94,32.35,32.77,32.68,32.78,32.6,32.57,32.51,32.31,32.87,33.02,33.19,33.29,33.46,33.78,34.08,33.74,33.91,33.54,33.57,33.32,33.36,32.94,33.15,33.24,33.27,33.04,32.85,33.1,32.94,32.78,33.02,32.82,33.1,32.94,32.78,32.82,32.7,32.48,32.06,30.38,27.59,25.79,25.45,25.49,25.33,25.17,25.4,25.4,25.4,25.55,25.67,25.82,25.99,26.19,28.55,32.14,32.99,33.52,33.32,33.54,33.41,33.86,33.61,33.83,33.46,33.69,33.78,34.16,34.25,34.04,33.74,33.61,33.66,33.79,34.13,34.01,33.93,34.04,33.79,33.54,33.96,33.91,33.78,33.99,34.16,33.61,33.78,33.78,33.83,33.62,33.96,33.57,33.78,33.61,33.46,33.52,33.41,33.54,33.44,33.52,33.52,33.15,32.82,32.65,29.96,26.44,25.75,25.37,25.91,25.28,25.49,25.07,25.1,24.93,25.05,24.86,24.86,25.01,24.71,24.86,24.75,25.22,24.59,25.25,24.71,24.86,24.9,24.95,24.9,25.05,25.22,25.07,25.18,25.44,26.41,27.55,29.39,30.18,30.66,30.83,30.95,31.35,31.12,31.4,31.07,31.32,31.27,30.95,31.12,30.9,31.24,31.32,31.15,31.03,31.57,31.32
32.51,32.53,32.68,32.6,32.62,32.48,32.77,32.31,32.85,32.77,32.35,32.62,32.4,33.02,33.02,33.37,33.37,33.86,34.08,33.74,33.37,33.52,33.54,33.29,33.32,33.15,33.07,33.1,32.94,32.85,32.94,33.04,33.2,33.2,33.12,33.19,32.85,33.07,32.87,33.04,32.94,32.62,32.43,31.81,30.16,27.32,25.55,25.28,25.28,25.28,25.82,25.44,25.52,25.49,25.96,26.58,27.23,29.07,31.32,32.82,33.32,33.52,33.74,33.29,33.49,33.41,33.79,33.49,33.78,33.52,33.78,33.61,33.79,33.86,33.66,33.79,33.52,33.78,33.79,33.96,33.49,34.08,34.1,33.62,33.79,33.74,33.71,33.88,33.83,34.1,34.01,33.62,33.71,33.71,33.91,33.74,33.44,33.83,33.32,33.52,33.36,33.52,33.32,33.12,33.36,33.1,33.46,32.85,31.02,27.0,25.94,25.49,25.44,25.32,25.33,25.28,25.01,24.95,24.63,24.8,24.8,24.59,24.71,24.93,24.9,24.75,24.9,24.9,25.17,24.86,24.86,25.33,24.86,25.25,25.37,25.37,25.96,27.79,29.15,29.98,30.92,31.02,31.39,31.49,31.66,31.39,31.74,31.66,31.52,31.35,31.4,31.4,31.35,31.35,31.1,31.1,30.92,31.35,31.66,31.07
32.31,32.36,32.45,32.6,32.36,32.4,32.4,32.46,32.82,32.45,32.57,32.7,32.43,32.82,32.95,33.27,33.74,33.83,33.86,34.08,33.83,33.46,33.49,33.2,33.36,33.15,32.82,32.85,32.73,32.77,32.73,32.73,33.12,33.07,33.07,33.37,33.07,32.85,32.9,32.87,32.82,32.94,32.9,32.35,31.91,30.21,27.23,25.75,25.72,25.67,25.37,26.02,26.26,27.32,29.08,30.61,31.72,32.4,33.1,33.32,33.52,33.52,33.41,33.74,33.29,33.52,33.71,33.61,33.74,33.41,33.83,33.91,33.74,33.96,33.79,33.24,33.69,33.83,33.83,33.93,33.88,33.91,33.99,33.86,33.88,33.61,33.78,33.91,34.35,33.61,33.91,33.79,33.62,33.66,33.99,33.83,33.54,33.46,33.32,33.62,33.29,33.46,33.27,33.37,33.2,33.29,33.36,33.02,32.2,29.15,26.58,25.79,25.64,25.7,25.17,25.32,25.18,24.86,25.13,24.78,24.93,25.01,24.86,25.13,24.59,25.22,25.22,25.1,24.78,24.86,25.1,25.07,25.55,25.49,26.07,27.44,29.12,30.29,30.98,31.4,31.49,31.66,31.83,31.64,31.81,31.74,31.56,31.52,31.66,31.64,31.4,31.52,31.69,31.2,31.03,31.52,31.07,31.24,31.35,31.47
32.26,32.36,32.51,32.4,32.6,32.68,32.6,32.35,32.82,32.51,32.45,32.73,32.53,33.04,33.07,33.36,33.71,34.01,34.21,34.08,33.74,33.71,33.32,32.95,33.46,33.04,32.77,33.02,33.1,32.94,32.94,32.65,33.04,33.24,33.24,32.95,32.87,33.1,33.29,33.2,33.04,33.15,32.73,32.6,32.45,31.47,29.76,26.88,25.67,25.67,26.44,27.55,29.93,31.29,31.77,32.48,32.82,33.37,33.74,33.61,33.66,33.49,33.71,33.57,33.49,33.71,33.29,33.49,33.66,33.44,33.61,33.86,33.86,33.83,34.08,33.54,33.96,33.79,33.78,34.01,33.99,33.99,33.91,33.99,34.1,33.99,33.99,33.88,34.1,34.01,33.83,33.78,33.49,33.57,33.54,33.52,33.44,33.74,33.52,33.44,33.1,33.46,33.12,33.32,33.52,33.2,33.36,33.46,33.02,31.2,28.83,26.38,25.87,25.44,25.25,25.18,25.37,24.9,25.01,25.05,25.1,24.53,25.1,24.75,25.13,24.63,25.1,24.93,25.07,24.95,25.22,25.6,26.11,27.71,29.72,30.61,30.95,31.44,31.74,31.83,31.69,31.74,31.91,31.74,32.01,31.86,31.86,31.44,32.03,31.81,31.61,31.83,31.47,31.44,31.24,31.24,31.27,31.47,31.39,31.44
31.98,32.09,32.73,32.53,32.43,32.36,32.45,32.35,32.48,32.82,32.43,32.48,32.65,33.12,33.12,33.62,33.69,33.83,34.13,33.69,33.49,33.49,33.12,32.87,33.12,32.82,32.6,32.82,32.87,32.62,32.78,32.7,33.07,33.07,33.36,32.95,33.12,33.1,33.19,33.04,33.19,33.19,33.04,32.87,32.87,32.43,31.4,29.47,26.85,27.25,28.8,30.78,31.77,32.6,32.31,32.9,33.36,33.83,34.08,33.62,33.74,33.54,33.54,33.69,33.57,33.49,33.71,33.41,33.52,33.57,33.46,33.78,33.66,33.99,33.62,33.66,33.66,33.79,33.96,34.13,33.96,33.83,34.04,33.88,34.1,34.01,33.71,33.99,33.91,33.86,33.86,33.46,33.69,33.66,33.54,33.37,33.37,33.69,33.49,33.52,33.27,33.29,32.99,33.37,33.24,33.15,33.52,33.52,33.19,32.77,31.98,28.98,26.7,25.67,25.37,25.18,25.22,25.4,25.13,25.07,24.68,24.71,24.8,25.17,25.13,24.93,25.17,25.37,25.55,25.44,26.23,28.14,29.4,30.21,31.12,31.57,31.74,31.57,32.09,31.61,32.14,32.01,31.91,32.03,31.91,31.83,32.03,31.56,32.09,31.69,31.77,31.56,31.39,31.56,31.39,31.4,31.49,31.52,31.83,31.61
32.43,31.94,32.35,32.36,32.43,32.62,32.48,32.62,32.26,32.65,32.35,32.51,32.62,32.9,33.37,33.32,34.08,34.01,33.78,33.91,33.86,33.24,33.36,32.99,32.9,32.94,32.68,32.73,32.68,32.7,32.6,32.82,32.95,33.04,33.24,33.12,33.1,33.02,33.27,33.12,33.46,33.37,33.29,33.57,33.12,32.78,32.14,31.74,30.16,30.53,31.44,31.86,32.68,32.9,33.04,33.27,33.52,33.83,34.13,34.18,34.1,33.69,33.54,33.69,33.44,33.62,33.24,33.71,33.66,33.54,33.71,33.74,33.41,33.69,33.66,33.62,33.69,33.88,33.74,33.88,33.91,33.71,33.88,33.88,33.96,33.74,33.74,33.96,33.71,33.96,33.88,33.83,33.66,33.57,33.66,33.49,33.52,33.57,33.49,33.29,33.32,33.46,33.32,33.27,32.99,33.62,33.54,33.61,33.57,32.95,32.53,32.06,30.04,27.6,26.26,25.67,25.49,25.45,25.49,25.17,25.28,24.68,25.22,25.44,25.13,25.22,25.33,25.55,26.18,27.76,29.69,30.33,31.03,31.35,31.77,31.81,32.06,32.23,32.2,32.14,32.01,31.98,32.09,32.01,31.77,31.94,31.86,31.94,31.89,32.06,31.57,31.77,31.61,32.03,31.49,31.86,31.81,31.74,31.81,31.86
32.14,32.14,32.2,32.51,32.45,32.6,32.43,32.77,32.36,32.26,32.26,32.28,32.78,33.12,33.57,34.1,34.18,34.08,34.04,33.52,33.62,33.07,33.24,33.15,32.9,32.99,32.82,32.53,32.77,32.68,33.04,32.57,32.94,33.04,33.24,33.19,33.02,32.99,33.19,33.15,33.15,33.29,33.29,33.07,32.87,33.12,32.85,32.7,32.35,31.83,32.53,33.02,33.12,33.32,33.37,33.66,33.62,34.25,33.99,34.18,33.91,33.83,33.93,33.79,33.52,33.74,33.41,33.32,33.54,33.46,33.69,33.78,33.69,33.62,33.57,33.36,33.62,33.46,33.54,33.71,33.71,33.86,33.79,33.69,33.79,34.18,33.86,33.69,33.74,33.54,33.71,33.66,33.54,33.71,33.44,33.74,33.37,33.69,33.49,33.44,33.32,33.37,33.41,33.36,33.54,33.36,33.78,33.54,33.61,33.36,33.02,33.04,32.18,31.02,28.43,27.25,25.99,25.75,25.33,24.95,25.44,25.17,25.22,25.07,25.25,25.75,26.23,28.28,29.35,30.5,31.1,31.57,31.64,31.94,31.91,32.18,32.2,31.98,31.98,32.03,31.98,32.01,32.18,31.98,31.91,32.48,32.03,31.81,32.2,31.91,32.18,32.2,31.86,32.06,31.91,31.98,31.89,32.03,31.98,31.77
32.01,32.23,32.4,32.51,32.35,32.48,32.51,32.65,32.48,32.53,32.51,32.57,32.7,33.36,33.36,33.83,34.18,34.01,34.1,33.91,33.44,33.19,32.87,32.85,32.82,32.95,32.73,32.48,32.94,32.87,32.82,32.65,32.94,32.95,33.04,33.12,32.9,33.44,33.24,33.12,33.36,33.32,33.15,33.2,33.36,33.29,32.85,33.32,33.27,32.57,32.95,33.2,33.29,33.52,33.41,33.52,34.1,34.08,33.91,34.35,34.35,34.08,33.86,33.74,33.88,33.74,33.69,33.36,33.69,33.54,33.49,33.52,33.74,33.74,33.49,33.49,33.71,33.44,33.46,33.88,33.62,33.66,33.66,33.54,33.74,33.61,33.61,33.37,33.88,33.37,33.46,33.27,33.44,33.44,33.41,33.29,33.37,33.44,33.46,33.49,33.61,33.41,33.49,33.74,33.74,33.74,33.91,33.57,33.88,33.41,33.44,33.04,32.82,32.26,31.15,30.08,28.23,26.07,25.75,25.37,25.33,25.52,25.32,25.45,26.02,27.6,28.92,30.61,30.83,31.32,31.74,32.23,32.11,32.53,32.35,32.36,32.03,32.28,32.09,32.14,32.31,32.28,31.77,31.89,32.2,31.91,32.14,32.14,31.64,32.14,32.4,32.14,32.06,31.86,32.03,32.06,32.14,31.74,31.74,31.83
32.06,32.09,32.31,32.4,32.62,32.18,32.87,32.4,32.4,32.43,32.31,32.85,32.85,33.15,33.74,33.79,34.38,34.43,34.18,33.52,33.27,33.19,32.9,32.57,32.68,32.57,32.7,32.53,32.6,32.65,32.68,32.85,32.9,32.85,32.9,32.99,32.7,32.77,32.77,32.94,32.95,33.24,33.2,33.19,33.29,33.15,33.24,33.12,33.41,33.04,33.15,33.27,33.52,33.54,33.54,33.62,33.66,33.86,33.96,34.57,34.43,34.38,34.26,33.88,33.66,33.62,33.88,33.49,33.52,33.27,33.46,33.41,33.36,33.61,33.46,33.27,33.27,33.32,33.37,33.41,33.71,33.57,33.62,33.41,33.36,33.61,33.27,33.74,33.27,33.41,33.93,33.44,33.27,33.32,33.44,33.27,33.46,33.62,33.83,33.79,33.46,33.46,33.71,33.54,33.54,33.83,33.61,33.61,33.46,33.83,33.36,32.95,33.04,32.53,32.03,31.81,30.75,28.66,26.76,25.7,25.6,25.7,25.67,26.18,28.08,29.87,30.87,31.29,31.91,31.69,31.69,32.09,32.28,32.48,32.51,32.43,32.28,32.23,32.03,32.23,31.91,31.94,32.03,31.98,32.06,32.31,31.83,32.18,32.53,32.28,32.18,32.09,32.11,32.01,31.89,32.03,32.26,31.89,31.91,31.74
32.2,32.14,32.45,32.6,32.6,32.99,32.62,32.65,32.6,32.48,32.28,33.04,33.12,33.52,33.91,34.08,33.96,33.96,33.88,33.62,33.27,32.99,32.57,32.73,32.68,32.77,32.51,32.45,32.51,32.65,32.87,32.99,32.85,32.73,33.12,33.1,33.2,33.12,32.87,32.78,33.1,33.27,33.2,32.99,33.37,33.24,32.95,33.29,33.41,33.2,33.44,33.24,33.57,33.79,33.49,33.66,33.52,33.66,33.93,34.18,34.26,34.43,34.55,34.1,33.99,33.99,33.83,33.49,33.66,33.74,33.44,33.79,33.41,33.46,33.49,33.29,33.46,33.46,33.32,33.66,33.69,33.32,33.79,33.79,33.57,33.52,33.37,33.36,33.19,33.15,33.15,33.15,33.61,33.36,33.61,33.36,33.32,33.57,33.27,33.99,33.78,33.79,33.62,33.79,33.88,33.74,33.79,33.88,33.66,33.57,33.74,33.15,32.94,32.62,32.51,32.03,31.32,31.39,29.67,27.12,26.29,25.84,26.38,29.19,30.45,31.02,31.69,31.81,31.98,31.89,32.18,32.68,32.51,32.51,32.4,32.57,32.18,32.11,31.94,31.86,31.98,31.72,32.11,32.14,32.14,32.31,31.98,32.31,32.2,32.43,32.35,32.2,32.48,32.57,32.23,32.4,31.91,32.53,32.23,32.14
31.98,32.28,32.23,32.28,32.48,32.73,32.78,32.78,32.36,32.23,32.73,32.99,33.29,33.83,33.96,34.08,33.79,33.91,33.57,33.71,33.1,32.94,32.45,32.45,32.73,32.6,32.62,32.7,32.6,32.65,32.51,32.73,32.6,32.87,32.99,32.9,32.6,32.82,33.12,33.24,33.07,33.07,33.04,33.1,32.77,33.36,33.32,33.29,33.29,33.15,33.54,33.71,33.44,33.66,33.44,33.36,33.54,33.69,33.69,33.83,34.26,34.38,34.63,34.25,34.3,33.99,34.13,33.57,33.88,33.54,33.54,33.71,33.49,33.32,33.27,33.2,32.95,33.29,33.44,33.37,33.46,33.69,33.62,33.37,33.24,33.52,33.19,33.49,33.1,33.2,33.04,33.1,32.99,33.07,33.49,33.52,33.2,33.37,33.86,33.88,33.49,33.54,33.96,33.52,33.71,33.79,33.61,34.04,33.66,33.69,33.46,33.19,33.15,32.85,32.62,32.7,32.09,31.66,31.47,29.72,27.55,27.23,29.19,30.66,31.4,32.01,31.91,32.14,32.35,32.11,32.48,32.31,32.35,32.31,32.26,32.2,32.2,32.11,31.98,32.4,32.35,32.01,32.03,31.83,32.11,32.01,32.31,32.18,32.45,32.6,32.85,32.65,32.53,32.4,32.23,32.45,32.35,32.28,32.31,32.23
31.77,32.2,32.43,32.62,32.18,32.35,32.53,32.4,32.7,32.87,32.85,33.07,33.41,33.86,33.74,34.1,34.1,33.88,33.62,33.44,33.02,32.57,32.51,32.31,32.62,32.53,32.43,32.23,32.57,32.53,32.68,32.53,32.78,32.82,32.87,32.68,32.85,32.94,33.02,32.99,32.82,33.02,33.04,33.19,32.9,33.19,33.2,33.44,33.78,33.1,33.69,33.37,33.29,33.69,33.61,33.78,33.69,33.71,33.66,34.04,34.08,34.3,34.43,33.99,34.21,34.16,33.91,33.61,33.66,33.44,33.41,33.37,33.44,33.2,33.12,33.02,33.24,33.04,33.36,33.19,33.1,33.37,33.52,33.36,33.19,33.46,32.87,33.1,32.82,33.07,32.99,33.07,33.02,33.2,33.44,33.15,33.24,33.36,33.24,33.66,33.41,34.01,33.74,33.74,33.79,33.99,33.78,33.78,33.79,33.69,33.32,33.36,33.2,32.99,32.7,32.31,32.48,32.45,32.03,31.57,29.87,29.77,31.27,32.01,32.2,32.62,32.14,32.14,32.62,32.23,32.26,32.09,32.35,32.26,32.35,32.14,31.91,31.83,31.69,31.89,31.94,31.89,31.77,32.06,32.2,32.06,32.36,32.31,32.77,32.77,32.82,32.77,32.78,32.62,32.85,32.35,32.7,32.31,32.53,32.2
31.98,32.23,31.94,32.6,32.48,32.51,32.18,32.35,32.68,32.73,32.94,33.46,33.52,33.69,33.86,34.21,34.13,33.74,33.29,32.99,32.62,31.98,32.62,32.23,32.31,32.48,32.48,32.57,32.78,32.45,32.53,32.51,32.65,32.82,32.87,32.85,32.9,32.82,32.95,32.57,32.85,33.04,32.73,33.02,32.94,33.02,32.78,32.95,32.99,33.07,33.04,33.32,33.44,33.46,33.61,33.71,33.62,33.46,33.52,33.41,33.88,34.16,34.35,34.43,34.1,34.1,34.04,33.83,33.41,33.61,33.41,33.54,33.49,33.49,33.12,33.19,33.02,32.99,32.95,32.73,33.24,33.2,33.24,33.02,33.41,33.1,33.15,32.94,33.02,32.94,33.04,32.82,32.73,33.12,33.41,33.46,33.46,33.15,33.71,33.62,33.44,33.74,33.96,34.26,34.01,34.01,33.69,33.69,33.49,33.57,33.54,33.27,32.94,32.95,32.78,32.82,32.78,32.43,32.51,32.53,31.77,31.49,32.11,32.43,32.43,32.35,32.4,32.48,32.31,32.77,32.28,32.43,32.11,32.23,31.94,31.89,31.86,31.83,31.72,32.03,31.66,31.98,32.18,31.98,32.06,32.43,32.43,32.6,32.53,33.1,33.1,32.6,32.94,32.62,32.62,32.43,32.28,32.48,32.45,32.31
32.03,32.14,32.43,32.2,32.62,32.62,32.45,32.4,32.2,32.85,33.1,33.54,33.66,34.1,34.18,33.71,33.83,33.62,33.62,33.07,32.77,32.48,32.7,32.77,32.85,32.45,32.57,32.6,32.48,32.62,32.62,32.85,32.94,32.78,32.7,32.9,32.36,32.78,32.65,32.57,32.6,33.1,32.78,32.85,33.12,33.07,32.95,32.9,32.99,32.99,32.99,33.19,33.41,33.41,33.15,33.71,33.52,33.57,33.69,33.32,33.62,33.71,34.26,34.25,33.86,34.33,34.01,33.79,33.78,33.57,33.66,33.74,33.52,33.24,33.41,32.99,32.99,32.65,32.87,33.04,33.04,33.07,33.02,33.19,33.02,32.7,32.7,32.87,32.85,32.87,33.27,32.85,33.29,32.94,33.02,33.29,33.29,33.74,33.44,33.78,33.74,33.57,33.78,33.79,33.83,33.54,33.57,33.78,33.19,33.37,33.74,33.32,32.99,32.85,33.12,32.95,32.9,32.73,32.82,32.35,32.36,32.57,32.68,32.65,32.62,32.53,32.48,32.62,32.65,32.09,32.4,32.28,32.23,31.98,32.09,31.86,31.83,31.98,31.69,31.94,31.94,31.66,31.69,32.26,32.11,32.26,32.48,32.77,33.07,33.19,33.24,33.07,33.07,33.07,32.77,32.62,32.65,32.18,32.26,32.26
31.94,32.23,32.35,32.26,32.4,32.57,32.31,32.4,32.87,32.94,32.95,33.71,33.69,33.93,33.91,33.86,33.86,33.29,33.12,32.99,32.77,32.4,32.43,32.26,32.68,32.78,32.51,32.6,32.65,32.65,32.7,32.57,32.6,32.6,32.87,32.62,32.48,32.43,32.62,32.87,32.7,32.77,32.78,32.48,32.85,32.6,32.68,32.85,32.7,32.78,32.99,32.9,33.24,33.12,33.19,33.61,33.24,33.29,33.46,33.78,33.54,33.74,33.83,33.99,33.91,34.21,33.93,33.93,33.86,33.52,33.61,33.41,33.46,33.29,33.07,32.9,32.73,33.02,32.68,32.77,32.94,32.48,32.73,32.77,32.95,32.68,32.87,32.73,32.9,32.65,32.82,32.99,33.32,33.12,33.04,33.07,33.29,33.19,33.52,33.62,33.54,33.61,33.62,33.66,33.49,33.93,33.69,33.46,33.29,33.36,33.15,33.29,32.99,32.99,32.99,32.78,32.78,32.95,33.04,32.53,33.07,32.78,32.95,32.73,32.77,32.87,32.85,32.45,32.77,32.45,32.18,32.45,32.11,32.06,32.06,31.91,31.91,32.01,31.98,32.03,31.66,31.52,32.06,32.23,32.06,32.23,32.53,32.85,33.02,33.2,33.15,33.02,32.68,33.02,32.77,32.87,32.57,32.53,32.51,32.26
32.03,32.06,32.14,32.36,32.23,32.51,32.35,32.48,32.43,32.94,33.61,33.57,33.62,33.86,33.74,33.69,33.69,33.1,33.15,32.73,32.43,32.77,32.53,32.36,32.68,32.78,32.36,32.68,32.4,32.35,32.43,32.43,32.57,32.62,32.53,32.48,32.28,32.36,32.48,32.26,32.45,32.36,32.73,32.73,32.95,32.48,32.77,32.85,33.07,32.82,32.73,33.02,32.99,32.87,33.19,33.12,33.41,32.95,33.37,33.46,33.69,33.46,33.69,33.62,33.71,34.01,33.91,33.62,33.41,33.79,33.78,33.15,33.2,33.1,32.94,32.87,33.02,32.62,32.99,32.87,32.95,32.68,32.65,32.82,32.7,32.77,32.77,32.82,32.85,33.02,33.04,32.85,32.9,33.12,33.19,32.99,33.27,33.57,33.27,33.71,33.37,33.88,33.83,33.74,33.44,33.19,33.36,33.41,33.29,33.24,33.2,33.29,33.27,33.24,32.99,32.95,32.77,32.95,33.07,32.77,33.12,32.87,33.04,32.94,32.99,32.82,32.82,32.78,32.73,32.28,32.03,32.31,32.03,31.94,32.14,31.89,31.89,31.74,31.91,31.98,31.74,31.77,31.94,32.09,32.11,32.53,32.77,32.68,33.19,33.1,33.41,33.24,33.36,32.82,32.94,33.02,32.68,32.65,32.82,32.2
31.94,32.11,32.03,32.23,32.09,32.35,32.68,32.65,32.95,33.41,33.83,33.69,33.54,33.52,33.83,33.44,33.54,33.19,32.99,32.62,32.31,32.18,32.62,32.43,32.65,32.62,32.6,32.35,32.45,32.7,32.51,32.53,32.43,32.57,32.48,32.53,32.43,32.4,32.53,32.62,32.57,32.48,32.6,32.43,32.6,32.53,32.51,32.35,32.51,32.77,32.68,32.82,32.99,32.85,33.37,33.24,33.19,32.94,33.29,33.19,33.32,33.19,33.37,33.57,33.66,33.99,33.83,33.93,33.41,33.69,33.69,33.54,33.36,33.49,33.1,33.02,32.95,32.7,32.51,32.7,32.9,32.62,32.77,32.53,32.78,32.53,32.48,32.87,32.6,32.7,33.12,32.95,33.27,32.51,33.2,33.36,33.27,33.41,33.19,33.54,33.66,33.66,33.66,33.29,33.44,33.57,33.37,33.37,33.46,33.2,33.71,33.37,33.54,33.44,33.19,33.1,33.15,33.1,33.1,32.94,33.24,33.1,33.32,33.36,33.29,32.99,32.65,32.68,32.62,32.6,32.23,32.31,32.18,32.28,32.01,31.81,32.01,32.11,32.09,31.86,32.23,31.89,32.03,32.09,32.06,32.77,32.45,32.94,33.27,33.54,33.37,33.44,33.2,33.44,33.07,32.82,32.73,32.85,32.87,32.85
32.03,32.06,31.94,32.2,32.14,32.35,32.45,32.65,33.36,33.52,33.93,33.54,33.99,33.71,33.61,33.41,33.37,32.99,32.94,32.68,32.62,32.51,32.36,32.2,32.43,32.65,32.48,32.36,32.62,32.31,32.6,32.45,32.73,32.36,32.68,32.53,32.31,32.68,32.51,32.45,32.31,32.6,32.82,32.7,32.62,32.48,32.48,32.65,32.85,32.65,33.04,32.65,32.6,33.27,32.94,33.04,33.02,33.27,33.27,33.04,33.1,33.37,33.41,33.49,33.62,33.66,33.71,33.61,33.52,33.52,33.61,33.79,33.54,33.29,33.07,33.02,33.07,32.78,32.77,32.87,32.7,32.87,32.65,32.53,32.87,32.53,32.7,33.07,32.87,32.95,32.77,32.95,33.02,33.1,33.24,33.2,33.36,33.66,33.49,33.36,33.61,33.52,33.66,33.54,33.96,33.69,33.44,33.46,33.37,33.44,33.41,33.54,33.52,33.49,33.36,33.52,33.52,33.49,33.24,33.07,33.24,33.61,33.57,33.27,33.24,33.07,32.87,32.85,32.65,32.51,32.14,32.23,32.31,32.35,32.06,32.23,32.06,32.06,32.09,31.98,32.01,32.31,32.03,32.09,32.09,32.28,32.9,33.1,33.41,33.27,33.54,33.49,33.74,33.36,33.32,32.95,33.24,33.02,32.82,32.73
32.09,32.09,31.86,32.53,32.28,32.53,32.78,32.85,33.37,33.79,33.71,33.86,33.49,33.32,33.61,33.19,32.95,32.87,32.7,32.51,32.73,32.48,32.62,32.26,32.51,32.35,32.65,32.53,32.7,32.51,33.07,32.85,32.78,32.65,32.35,32.68,32.4,32.4,32.7,32.45,32.45,32.7,32.43,32.36,32.57,32.4,32.65,32.65,32.62,32.65,32.87,32.73,32.7,32.94,32.99,32.94,32.9,33.24,33.29,33.1,33.29,33.29,33.27,33.24,33.83,33.46,33.74,33.62,33.61,33.78,33.54,33.36,33.36,33.66,32.9,33.2,32.77,32.94,32.57,32.68,32.45,32.45,32.65,32.73,32.45,32.53,32.6,33.02,32.95,32.65,33.19,32.78,32.82,33.07,32.95,32.94,33.2,33.41,33.49,33.36,33.44,33.41,33.29,33.52,33.37,33.36,33.52,33.37,33.27,33.46,33.37,33.41,33.24,33.29,33.49,33.36,33.32,33.24,33.37,33.52,33.37,33.61,33.36,33.62,33.24,33.32,32.78,32.53,32.9,32.68,32.48,32.06,32.45,32.31,32.18,31.94,31.86,32.18,32.09,32.03,32.14,31.89,32.14,32.35,32.31,32.53,32.7,32.94,33.24,33.27,33.69,33.66,33.57,33.32,33.32,33.19,33.07,33.12,32.73,32.82
32.11,32.31,31.81,31.98,32.53,32.6,32.78,33.24,33.71,33.61,33.71,33.54,33.44,33.61,33.27,33.44,33.12,32.87,32.95,32.48,32.03,32.62,32.48,32.01,32.48,32.18,32.4,32.26,32.57,32.65,32.36,32.43,32.45,32.31,32.53,32.53,32.31,32.62,32.65,32.36,32.48,32.73,32.7,32.53,32.48,32.68,32.51,32.65,32.73,32.7,32.51,32.68,32.94,32.65,32.82,32.82,33.1,33.24,32.87,33.04,33.04,33.15,33.44,33.37,33.32,33.62,33.29,33.29,33.57,33.27,33.46,33.61,33.24,33.12,33.04,33.02,32.95,33.2,32.62,32.77,32.78,32.85,32.73,32.43,32.77,33.02,32.77,32.53,32.85,32.82,32.9,32.95,33.02,32.77,33.44,33.15,33.29,33.27,33.27,33.41,33.29,33.37,33.04,33.12,33.24,33.2,33.71,33.29,33.54,33.15,33.41,33.29,33.36,33.54,33.57,33.57,33.37,33.29,33.07,33.74,33.69,33.78,33.54,33.62,33.41,33.07,32.87,32.73,32.87,32.36,32.2,32.51,32.43,32.31,32.11,31.94,32.26,32.11,31.83,32.31,31.98,32.14,32.18,32.28,32.65,32.51,32.95,33.2,33.41,33.52,33.78,33.88,33.44,33.62,33.46,33.27,33.2,33.24,33.19,33.04
31.91,32.06,32.03,32.26,32.65,32.28,33.07,33.41,33.27,33.46,33.46,33.36,33.12,33.29,33.04,32.99,32.85,32.73,32.48,32.31,32.18,32.35,32.09,32.06,31.89,31.98,32.28,32.35,32.51,32.23,32.26,32.11,32.53,32.35,32.28,32.36,32.31,32.53,32.18,32.18,32.6,32.4,32.48,32.28,32.36,32.18,32.68,32.4,32.7,32.53,32.68,32.53,32.73,32.94,32.82,32.77,32.9,33.02,32.99,32.77,32.95,33.12,33.07,33.2,33.19,33.49,33.19,33.32,33.04,33.12,33.54,33.57,33.41,33.07,32.87,33.19,32.9,32.65,33.15,32.73,32.73,32.73,32.73,32.78,32.53,32.57,32.68,32.94,32.82,32.65,33.04,32.85,32.94,33.19,33.32,32.99,33.52,33.44,33.44,33.24,33.19,33.2,33.46,33.07,33.12,33.44,32.99,33.12,33.24,33.61,33.29,33.2,33.78,33.52,33.29,33.32,33.54,33.15,33.24,33.49,33.57,33.52,33.46,33.52,33.1,33.19,33.04,33.07,32.68,32.62,32.73,32.62,32.4,32.4,32.31,32.31,31.56,32.03,32.03,31.98,31.98,32.09,32.14,32.09,32.23,32.36,33.24,32.9,33.78,33.54,33.79,33.54,33.69,33.44,33.2,33.02,32.95,33.04,32.99,32.9
31.94,31.91,32.26,32.2,32.95,32.57,33.02,33.19,33.29,33.66,33.36,33.32,33.02,33.2,33.19,32.94,32.77,32.7,32.65,32.6,31.98,32.36,32.14,32.48,32.31,32.28,32.06,32.6,32.31,32.43,32.36,32.43,32.23,32.18,32.26,32.43,32.06,32.26,32.09,32.35,32.43,32.6,32.48,32.36,32.43,32.43,32.57,32.6,32.4,32.4,32.48,32.77,32.85,32.77,32.68,32.62,32.57,32.62,32.78,32.94,32.82,32.85,33.15,33.2,32.94,32.99,33.24,33.32,33.27,33.27,33.2,33.32,32.99,33.04,33.27,32.68,32.68,32.9,32.65,32.85,32.53,32.73,32.73,33.07,32.9,32.95,32.77,33.04,32.7,32.95,33.15,33.07,33.24,33.27,33.2,33.12,33.2,33.46,33.19,33.32,33.19,33.1,33.29,32.99,32.99,33.15,33.24,33.12,33.36,33.2,33.61,33.46,33.36,33.1,33.15,33.49,33.41,33.49,33.41,33.54,33.78,33.49,33.54,33.41,33.12,33.19,33.07,33.07,32.85,32.65,32.51,32.51,32.35,32.4,32.18,32.26,32.03,32.26,32.4,32.48,32.06,32.01,32.35,32.03,32.4,32.36,32.77,33.37,33.52,33.74,33.88,33.61,33.52,33.44,33.32,33.46,33.41,33.27,33.27,32.95
32.03,32.53,32.48,32.7,32.68,33.07,32.95,33.27,33.66,33.62,33.29,33.07,33.15,32.85,32.87,32.77,32.94,32.53,32.51,32.35,32.11,31.91,32.18,32.09,32.36,32.14,32.2,32.14,32.23,32.31,32.51,32.23,32.28,32.2,32.26,31.86,32.4,32.4,32.18,32.26,32.26,32.23,32.4,32.23,32.45,32.53,32.68,32.4,32.26,32.57,32.62,32.68,32.9,32.65,32.9,32.65,33.12,32.87,32.65,32.65,33.07,32.95,33.04,32.85,33.04,32.85,33.15,33.12,32.94,33.12,33.07,32.94,33.24,33.2,33.15,33.29,32.78,33.02,33.12,33.04,33.15,32.73,32.77,32.73,32.82,32.85,32.94,32.87,32.9,33.2,33.44,33.27,33.19,33.2,33.29,33.36,33.27,33.27,33.24,33.19,33.1,33.12,33.15,33.27,33.36,33.29,33.52,33.54,33.24,33.2,33.52,33.32,33.41,33.32,33.66,33.49,33.27,33.29,33.61,33.69,33.29,33.83,33.74,33.52,33.2,33.36,33.19,32.85,33.1,32.77,32.65,32.4,32.53,32.43,32.45,32.14,32.48,32.35,32.43,32.11,32.23,32.03,32.03,32.14,32.36,32.68,33.02,33.46,33.27,33.74,33.57,33.61,33.83,33.61,33.54,33.29,33.49,33.36,33.36,32.94
32.35,32.28,32.53,32.7,32.82,32.87,33.32,33.1,33.1,33.02,33.12,33.1,32.95,32.73,33.07,32.77,32.77,32.53,32.57,32.36,32.01,32.03,32.09,32.06,32.23,32.35,32.2,32.23,32.45,32.01,32.2,32.03,32.4,32.2,32.06,32.4,32.03,32.03,32.18,32.36,32.2,32.36,32.4,32.36,32.26,32.53,32.23,32.48,32.11,32.51,32.62,32.57,32.57,32.73,32.78,32.87,32.95,33.07,32.85,33.04,32.82,33.1,32.99,32.99,33.12,33.04,33.19,33.2,32.87,33.15,32.94,33.29,33.1,32.99,32.94,33.02,33.02,33.19,33.19,33.04,33.02,33.02,33.07,32.95,32.99,32.87,32.87,33.29,33.02,33.07,33.15,33.02,33.19,33.49,33.52,33.44,33.1,33.1,33.15,33.07,33.04,33.27,33.04,33.07,33.24,33.19,33.07,33.71,33.46,33.52,33.74,33.41,33.37,33.41,33.44,33.41,33.46,33.74,33.61,33.37,33.49,33.83,33.71,33.66,33.24,33.61,33.49,33.12,32.87,32.48,32.77,32.87,32.77,32.53,32.48,32.57,32.36,32.6,32.18,32.31,32.31,32.18,32.48,32.18,32.23,32.62,32.99,33.27,33.46,33.32,33.99,33.71,33.69,33.78,33.49,33.19,33.12,33.24,33.37,33.2
32.51,32.45,32.9,32.77,33.07,32.9,33.29,32.99,33.19,33.36,32.78,32.87,33.15,32.82,32.73,32.36,32.51,32.36,32.18,32.36,32.09,32.18,32.4,32.06,32.09,32.62,32.35,32.35,32.28,32.43,32.28,32.09,32.06,32.06,32.36,32.43,32.14,32.23,31.91,32.48,32.26,32.6,32.53,32.36,32.35,32.45,32.43,32.36,32.57,32.53,32.53,32.73,32.51,32.62,32.78,32.94,32.95,32.78,32.9,32.78,32.99,33.12,33.02,32.78,33.07,32.82,33.15,33.24,32.95,32.87,32.85,33.12,33.07,32.9,33.15,33.15,33.36,32.94,33.15,32.99,33.02,33.27,33.1,32.94,33.15,33.29,33.61,33.12,32.87,33.1,33.32,33.1,33.49,33.46,33.19,33.24,33.41,33.57,32.99,32.95,33.1,33.04,32.99,32.99,33.12,33.12,33.19,33.57,33.52,33.41,33.52,33.29,33.32,33.32,33.41,33.66,33.37,33.41,33.37,33.27,33.54,33.52,33.54,33.66,33.69,33.49,33.49,33.27,32.94,32.68,32.78,32.51,32.45,32.6,32.87,32.6,32.82,32.4,32.43,32.09,32.2,31.81,32.26,32.31,32.35,32.65,32.82,33.2,33.19,33.2,33.54,33.74,33.93,33.46,33.52,33.57,33.37,33.29,33.02,33.32
32.51,32.51,32.85,32.99,33.15,32.73,32.73,32.65,33.49,32.94,32.68,32.9,32.45,32.62,32.7,32.7,32.45,32.31,32.23,32.18,31.98,32.14,32.14,32.09,32.11,32.35,32.28,32.28,32.4,32.26,32.18,32.18,32.09,32.26,32.31,32.18,32.06,32.31,31.98,32.18,32.31,32.23,32.36,32.45,32.53,32.68,32.4,32.26,32.6,32.68,32.53,32.57,32.7,32.57,32.6,32.6,32.95,32.82,32.94,32.95,32.85,32.77,32.9,32.94,32.62,32.87,32.99,32.95,32.95,32.82,32.94,32.9,32.95,32.95,33.04,33.24,33.36,33.27,33.19,32.77,33.07,33.1,33.19,33.15,33.32,33.46,32.99,33.15,33.15,33.54,33.24,33.07,33.44,33.36,33.52,33.27,33.04,33.19,33.24,32.95,33.29,33.07,33.12,32.99,32.99,33.02,33.15,33.69,33.27,33.24,33.52,33.27,33.32,33.24,33.12,33.62,33.19,33.27,33.46,33.61,33.12,33.36,33.49,33.29,33.74,33.19,33.2,32.99,32.9,32.68,32.57,32.48,32.73,32.62,32.7,32.9,32.48,32.62,32.28,31.98,32.14,32.01,32.23,32.11,32.2,32.35,32.82,33.24,33.29,33.44,33.32,33.41,33.36,33.69,33.44,33.37,33.44,33.32,33.24,33.1
32.77,32.57,32.85,32.73,32.77,32.68,32.77,32.99,32.99,32.87,32.62,32.51,32.51,32.57,32.51,32.35,32.65,32.43,32.01,32.18,32.35,32.26,32.03,32.11,31.91,32.09,31.98,32.01,32.2,31.98,32.36,32.11,32.14,32.28,32.26,32.09,32.4,32.01,31.91,32.06,32.28,32.48,32.4,32.18,32.51,32.45,32.2,32.4,32.57,32.65,32.43,32.6,32.31,33.19,32.7,32.73,32.77,32.73,32.53,32.78,32.77,32.77,33.04,32.99,33.02,32.65,32.78,32.77,32.95,32.9,32.73,32.99,32.78,32.94,32.82,33.15,32.94,32.94,32.78,32.82,33.37,33.07,33.36,33.32,33.36,33.41,33.71,33.15,33.46,33.24,33.41,33.52,33.24,33.2,33.27,33.15,32.82,33.2,32.9,32.85,32.9,32.78,32.94,32.85,33.12,33.04,33.15,33.54,33.29,33.15,33.15,33.44,33.44,33.36,33.41,33.46,33.44,33.29,33.44,33.15,33.24,33.12,33.19,33.54,33.29,33.37,33.2,33.1,32.73,32.78,32.65,32.77,32.36,32.78,33.07,32.7,32.68,32.57,32.03,32.28,32.45,32.03,32.18,31.86,32.31,32.43,32.73,32.77,32.85,33.24,33.36,33.54,33.83,33.78,33.46,33.69,33.41,33.61,33.61,33.24
32.65,32.77,32.95,32.65,32.68,32.48,32.65,32.73,32.95,32.85,32.68,32.4,32.57,32.7,32.51,32.35,32.48,32.36,32.35,32.01,32.06,32.09,32.01,31.89,32.06,32.36,32.26,32.2,32.43,32.11,32.03,32.18,32.18,32.14,32.35,32.09,32.18,31.98,32.36,32.03,32.31,32.01,32.09,32.35,32.57,32.28,32.14,32.53,32.53,32.48,32.36,32.57,32.68,32.68,32.57,32.65,32.48,32.73,32.73,33.04,32.9,32.99,32.68,33.07,33.02,32.9,33.15,32.85,32.78,32.82,32.73,32.94,32.77,32.85,32.78,32.94,33.07,32.9,33.1,32.9,33.27,33.12,33.29,33.2,33.32,33.36,33.46,33.61,33.41,33.66,33.52,33.27,33.32,33.52,33.15,33.29,33.27,33.12,33.02,32.77,32.95,32.95,32.82,32.9,33.19,32.99,33.12,33.19,33.19,33.36,33.66,33.12,33.19,33.32,33.32,33.29,33.44,33.37,33.46,33.24,33.66,33.52,33.37,33.52,33.29,33.37,33.27,32.95,32.62,32.77,32.6,32.62,32.94,32.48,32.87,32.82,32.4,32.73,32.57,32.09,32.18,32.4,32.45,32.18,32.36,32.23,32.9,32.87,32.99,33.2,33.29,33.52,33.62,33.32,33.44,33.32,33.69,33.37,33.54,33.24
32.82,32.7,32.65,32.6,32.45,32.18,32.62,32.73,32.65,32.6,32.45,32.7,32.2,32.31,32.4,32.31,32.36,32.35,31.98,32.28,31.94,32.4,31.81,32.11,32.36,32.14,32.35,32.36,32.11,32.28,31.81,32.23,32.11,32.28,32.36,32.45,32.11,32.36,32.43,32.26,32.28,32.48,32.11,32.28,32.36,32.57,32.36,32.51,32.57,32.45,32.65,32.48,32.77,32.82,32.94,32.65,32.85,32.9,33.29,33.15,33.15,33.24,32.95,32.94,33.1,33.04,32.78,32.85,32.77,32.94,32.9,32.87,32.94,32.82,32.57,32.77,32.87,32.77,32.82,32.62,32.9,32.73,32.99,33.1,33.04,33.15,33.19,33.41,33.19,33.2,33.2,33.54,33.49,33.37,33.1,33.44,32.9,32.94,33.02,32.95,32.94,33.02,32.65,33.07,33.04,32.78,33.15,33.12,33.24,33.69,33.29,33.61,33.54,33.27,33.66,33.1,33.2,33.44,33.19,33.24,33.29,33.37,33.36,33.29,33.46,33.2,33.19,32.94,32.85,32.9,32.51,32.73,32.68,32.82,32.68,32.99,32.65,32.35,32.48,32.45,32.18,31.86,32.4,32.23,32.4,32.51,32.68,32.62,32.9,33.2,33.24,33.44,33.54,33.71,33.61,33.52,33.24,33.49,33.29,33.19
32.77,33.07,33.04,32.6,32.36,32.01,32.68,32.48,32.48,32.53,32.14,32.48,32.36,32.36,32.43,32.43,32.43,32.26,32.26,32.11,31.91,32.53,32.01,31.94,32.11,32.23,32.11,32.48,32.2,32.36,32.48,32.35,32.26,32.28,32.4,32.4,32.31,32.62,32.36,32.18,32.31,32.35,32.36,32.09,32.53,32.62,32.51,32.48,32.36,32.14,32.45,32.57,32.51,32.68,32.94,32.95,32.6,32.85,32.85,33.1,33.54,33.02,33.24,33.04,33.07,33.1,33.02,32.77,33.07,33.19,32.94,32.85,32.65,33.02,32.85,32.77,32.82,32.57,32.82,32.87,32.65,32.95,32.87,33.02,33.24,33.1,33.37,33.44,33.41,33.66,33.37,33.52,33.37,33.04,33.12,33.07,32.85,33.15,33.1,32.87,32.77,32.99,33.04,32.9,32.95,33.29,33.1,33.29,33.19,33.37,33.27,33.37,33.49,33.24,33.24,33.61,33.36,33.32,33.37,33.12,33.44,33.24,33.15,33.66,33.52,33.46,33.29,32.95,32.94,32.87,32.6,32.77,32.7,32.85,32.68,32.68,32.4,32.62,32.4,32.2,32.45,32.01,32.45,32.2,32.31,32.11,32.87,32.77,33.19,32.99,33.07,33.37,33.44,33.37,33.71,33.57,33.62,33.36,33.2,33.15
32.94,32.85,33.2,32.65,32.06,32.36,32.48,32.51,32.53,32.62,32.6,32.23,32.06,32.45,32.18,32.28,32.45,32.14,32.4,32.36,32.09,32.26,32.01,32.18,32.45,32.48,32.2,32.43,32.48,32.28,32.28,32.31,32.57,32.31,32.43,32.36,32.73,32.68,32.28,32.45,32.6,32.4,32.28,32.36,32.57,32.48,32.4,32.4,32.53,32.43,32.36,32.43,32.6,32.65,32.82,32.62,32.99,32.62,33.12,33.24,33.24,33.24,32.78,33.1,33.37,33.1,32.95,32.78,32.95,33.07,33.15,33.32,32.85,33.12,32.82,32.94,32.78,32.65,32.4,32.78,32.77,32.78,32.99,32.9,32.99,33.1,33.12,33.44,33.37,33.44,33.15,33.29,33.24,33.36,33.46,33.46,33.27,33.27,32.68,33.1,33.1,33.04,33.04,33.04,33.07,32.99,33.62,33.62,33.69,33.44,33.32,33.61,33.69,33.69,33.52,33.61,33.61,33.2,33.66,33.36,33.29,33.88,33.37,33.49,33.19,33.32,32.9,33.24,33.1,32.73,32.82,32.78,32.82,32.65,32.82,32.62,32.28,33.1,32.73,32.51,32.23,32.26,32.31,32.45,32.23,32.51,32.99,33.02,33.02,33.2,33.24,33.41,33.74,33.88,33.62,33.79,33.57,33.15,33.52,33.52
32.68,32.87,32.82,32.43,32.4,32.31,32.06,32.4,32.4,32.57,31.83,32.14,32.62,32.4,32.36,32.48,32.14,32.51,32.35,32.18,32.06,31.98,32.11,32.26,32.26,32.43,32.45,32.31,32.28,32.43,32.62,32.48,32.43,32.68,32.6,32.48,32.31,32.53,32.36,32.35,32.51,32.6,32.23,32.53,32.31,32.28,32.18,32.6,32.26,32.26,32.4,32.28,32.36,32.73,32.87,32.77,32.85,32.9,32.77,33.24,33.12,32.9,33.19,32.99,33.07,32.95,33.2,32.85,33.15,33.24,33.57,33.19,33.04,32.73,32.73,32.68,32.94,32.95,32.53,32.7,32.68,32.87,32.62,32.9,32.85,33.15,32.99,33.12,33.2,33.44,33.49,33.27,33.44,33.46,33.29,33.15,33.07,33.12,32.9,33.12,33.1,32.77,33.02,33.37,32.99,33.27,33.41,33.46,33.29,33.52,33.71,33.36,33.32,33.49,33.54,33.66,33.49,33.29,33.37,33.49,33.37,33.44,33.36,33.61,33.49,33.27,33.04,33.12,33.04,32.73,32.78,32.85,32.95,32.85,32.51,32.82,32.73,32.87,32.9,32.9,32.51,32.57,32.7,32.31,32.28,32.6,32.78,32.82,32.94,33.12,33.19,33.62,33.44,33.52,33.36,33.41,33.54,33.44,33.24,33.49
32.82,33.12,32.99,32.51,32.18,32.2,31.81,31.94,32.31,31.89,32.01,31.89,32.06,32.31,32.35,32.35,32.35,32.48,32.28,32.43,32.18,32.23,32.11,32.03,32.53,32.62,32.31,32.48,32.4,32.73,32.43,32.57,32.6,32.35,32.4,32.51,32.77,32.68,32.43,32.53,32.53,32.43,32.03,32.43,32.51,32.28,32.4,32.45,32.36,32.4,32.65,32.45,32.57,32.7,32.6,32.77,32.68,32.57,32.85,32.95,33.07,33.12,33.12,33.52,32.87,32.94,33.07,33.12,33.07,32.65,32.7,33.1,32.77,32.82,32.65,32.73,32.48,32.77,32.57,32.68,32.7,32.95,32.68,32.85,32.73,33.12,32.95,33.1,33.29,33.37,33.29,33.49,33.69,33.44,33.49,33.49,33.32,33.29,33.24,32.94,33.12,33.29,33.37,33.41,33.04,33.07,33.46,33.78,33.49,33.32,33.57,33.61,33.46,33.46,33.49,33.61,33.57,33.46,33.57,33.32,33.44,33.41,33.54,33.44,33.27,33.07,33.04,32.95,33.15,32.94,32.87,32.85,33.04,32.78,32.94,32.95,33.1,32.68,32.87,32.6,32.36,32.43,32.51,32.4,32.4,32.48,32.78,32.77,32.73,33.02,32.99,33.29,33.49,33.46,33.79,33.61,33.54,33.15,33.24,33.32
32.53,33.04,33.15,32.7,31.83,31.98,31.83,32.11,32.06,32.06,31.57,31.86,32.09,32.18,32.03,32.11,32.31,32.31,32.57,32.36,32.43,32.23,32.43,32.4,32.45,32.51,32.35,32.28,32.62,32.45,32.57,32.73,32.62,32.57,32.51,32.77,32.73,32.35,32.53,32.4,32.35,32.62,32.45,32.35,32.73,32.23,32.28,32.51,32.57,32.43,32.4,32.4,32.57,32.48,32.35,32.68,32.65,32.7,32.77,33.15,33.12,33.04,33.1,33.41,33.15,33.1,33.1,32.99,32.78,32.77,32.68,32.62,32.68,32.4,32.65,32.73,32.43,32.68,32.51,32.51,32.87,32.77,32.7,32.45,32.99,32.94,32.95,32.99,33.02,33.2,33.15,33.46,33.61,33.52,33.44,33.57,33.62,33.29,33.49,33.2,33.19,33.44,33.27,33.24,33.41,33.27,33.54,33.36,33.44,33.69,33.61,33.69,33.52,33.46,33.44,33.66,33.66,33.54,33.37,33.36,33.62,33.61,33.83,33.69,33.57,33.07,32.82,33.1,32.85,32.99,32.85,32.95,32.87,32.78,33.07,33.12,32.78,32.73,32.87,32.4,32.62,32.26,32.4,32.31,32.53,32.65,32.6,32.7,32.99,32.62,32.99,33.04,33.44,33.66,33.61,33.69,33.29,33.41,33.44,33.44
32.28,32.7,32.78,32.77,31.89,31.74,31.72,31.49,31.83,31.81,31.74,31.72,32.01,32.26,32.14,32.11,32.2,32.35,32.2,32.43,32.45,32.62,32.45,32.4,32.23,32.45,32.57,32.35,32.57,32.4,32.68,32.6,32.36,32.57,32.43,32.43,32.51,32.6,32.35,32.51,32.43,32.51,32.14,32.36,32.35,32.14,32.31,32.18,32.43,32.2,32.35,32.51,32.26,32.57,32.51,32.62,32.77,32.99,32.7,32.87,32.94,33.1,33.19,33.15,33.04,33.1,32.94,32.95,32.68,32.7,32.7,32.68,32.48,32.57,32.28,32.65,32.62,32.62,32.73,32.53,32.43,32.65,32.85,32.62,33.07,32.78,32.82,33.07,32.9,33.04,33.46,33.19,33.54,33.36,33.62,33.52,33.32,33.69,33.44,33.32,33.54,33.36,33.46,32.99,33.19,33.52,33.66,33.69,33.54,33.74,33.83,33.74,33.62,33.86,33.78,33.36,33.69,33.66,33.29,33.69,33.78,33.46,33.46,33.32,33.37,33.2,32.99,33.27,32.9,33.19,32.9,33.19,33.15,33.2,32.85,32.94,32.9,32.85,32.85,32.6,32.6,32.26,32.28,32.23,32.68,32.53,32.7,32.51,32.62,32.62,32.7,32.99,33.49,33.61,33.69,33.36,33.66,32.94,33.44,33.24
32.35,32.7,32.82,32.11,31.83,31.69,31.39,31.72,31.44,31.57,31.83,31.69,32.14,32.09,32.2,32.09,32.45,32.6,32.31,32.35,32.18,32.35,32.53,32.36,32.31,32.48,32.18,32.14,32.35,32.36,32.53,32.45,32.48,32.23,32.28,32.51,32.35,32.7,32.48,32.48,32.36,32.36,32.18,32.11,32.2,32.26,32.23,32.2,32.23,32.35,32.23,32.28,32.73,32.09,32.62,32.6,32.51,32.35,32.9,32.68,32.95,32.9,33.07,32.87,33.1,32.87,32.7,33.07,32.77,32.9,32.7,32.4,32.53,32.57,32.36,32.6,32.7,32.45,32.45,32.57,32.2,32.51,32.65,32.6,33.02,32.45,32.6,32.99,33.02,32.9,33.04,33.04,33.19,33.37,33.36,33.29,33.46,33.52,33.46,33.12,33.52,33.62,33.46,33.32,33.19,33.15,33.52,33.41,33.46,33.61,33.69,33.88,33.79,33.93,33.78,33.37,33.78,33.19,33.24,33.37,33.27,33.44,33.52,33.52,33.12,33.44,32.85,33.04,33.04,33.2,33.04,33.07,32.99,33.1,33.04,33.41,32.77,33.12,32.57,32.68,32.62,32.53,32.31,32.31,32.31,32.2,32.43,32.65,32.62,32.6,32.6,32.95,33.36,33.46,33.74,33.41,33.41,33.46,33.2,33.2
31.77,32.43,32.77,32.77,32.11,31.49,31.77,31.57,31.32,31.77,31.69,31.81,32.03,31.94,32.4,32.06,32.65,32.26,32.36,32.65,32.26,32.57,32.48,32.45,32.6,32.48,31.94,32.2,32.43,32.36,32.35,32.45,32.28,32.43,32.62,32.43,32.48,32.36,32.45,32.28,32.6,32.11,32.51,32.18,32.06,32.31,32.31,32.35,32.11,32.23,32.26,32.31,32.23,32.28,32.45,32.45,32.65,32.48,32.6,32.51,32.77,32.85,32.94,32.99,33.04,32.7,32.85,32.85,32.57,32.43,32.53,32.65,32.73,32.51,32.57,32.78,32.57,32.68,32.45,32.48,32.4,32.43,32.23,32.62,32.36,32.45,32.82,32.65,32.73,32.94,32.78,33.02,32.95,33.12,33.19,33.36,33.41,33.37,33.49,33.32,33.57,33.57,33.32,33.37,33.41,33.61,33.41,33.66,33.69,33.88,33.66,34.04,33.71,33.62,33.69,33.61,33.57,33.46,33.49,33.36,33.71,33.41,33.54,33.32,33.37,33.29,33.04,33.1,33.32,33.07,33.19,32.99,33.2,33.04,32.99,33.12,33.12,32.68,32.94,32.45,32.65,32.14,32.45,32.62,32.62,32.43,32.48,32.7,32.94,32.87,32.7,33.1,33.29,33.44,33.66,33.62,33.44,33.66,33.37,33.24
31.49,32.03,32.73,32.78,32.35,31.72,31.39,31.24,31.29,31.74,31.83,31.86,31.94,31.98,32.26,32.35,32.28,32.53,32.68,32.45,32.73,32.45,32.57,32.35,32.6,32.28,32.45,32.62,32.31,32.28,32.36,32.35,32.48,32.51,32.53,32.23,32.78,32.23,32.28,32.26,32.31,32.4,32.4,32.31,32.57,32.48,32.06,32.36,32.51,32.23,32.43,32.53,32.26,32.4,32.51,32.18,32.51,32.48,32.45,32.7,32.6,32.48,32.82,32.57,32.87,32.82,32.82,32.85,32.45,32.6,32.68,32.53,32.53,32.82,32.6,32.73,32.36,32.7,32.51,32.36,32.57,32.6,32.51,32.23,32.7,32.62,32.53,32.53,32.9,32.94,32.77,32.62,32.78,33.02,32.99,32.95,33.29,33.46,33.49,33.79,33.54,33.69,33.32,33.41,33.36,33.44,33.69,33.44,33.27,33.71,33.74,33.86,33.78,33.49,33.96,33.71,33.86,33.49,33.66,33.52,33.36,33.37,33.52,33.36,33.1,33.19,33.29,33.04,33.2,33.32,33.24,33.07,32.78,33.24,33.19,33.19,33.07,33.04,32.99,32.7,32.94,32.53,32.43,32.45,32.48,32.45,32.6,32.45,32.65,32.78,32.82,32.99,33.29,33.74,33.71,33.69,33.69,33.36,33.24,33.36
31.29,32.18,32.62,32.48,32.23,31.61,31.47,31.4,31.49,31.32,31.64,31.74,31.64,32.18,31.98,32.45,32.68,32.57,32.57,32.68,32.53,32.51,32.6,32.09,32.43,32.45,32.51,32.4,32.45,32.2,32.43,32.18,32.73,32.31,32.45,32.26,31.98,32.31,32.23,32.06,32.26,32.2,32.11,32.03,32.2,32.26,32.35,32.06,32.2,32.43,32.18,32.2,32.18,32.57,32.2,32.43,32.31,32.65,32.4,32.36,32.73,32.51,32.68,32.57,32.65,32.68,32.51,32.51,32.73,32.62,32.36,32.6,32.77,32.65,32.51,32.65,32.6,32.26,32.57,32.51,32.35,32.57,32.43,32.36,32.28,32.4,32.78,32.78,32.6,32.7,32.68,32.99,32.77,33.07,32.85,33.15,33.32,33.57,33.41,33.46,33.2,33.52,33.37,33.2,33.37,33.52,33.24,33.61,33.41,33.46,33.61,34.01,33.71,33.61,33.74,33.71,33.46,33.32,33.74,33.46,33.83,33.62,33.62,33.44,33.52,33.37,33.61,33.19,33.32,33.1,33.29,33.1,33.41,33.24,33.24,33.71,33.02,33.12,33.02,32.73,32.9,32.43,32.68,32.48,32.62,32.51,32.31,32.77,32.73,32.48,32.62,32.77,33.27,33.44,33.93,33.2,33.52,33.71,33.46,33.37
30.65,31.89,32.6,32.57,32.43,31.66,31.44,31.39,31.57,31.74,31.47,31.66,31.83,32.23,32.4,32.45,32.4,32.45,32.78,32.57,32.65,32.51,32.45,32.62,32.35,32.14,32.35,32.2,32.45,32.2,32.28,32.2,32.53,32.31,32.23,32.4,32.48,32.23,32.09,32.09,32.11,32.31,32.31,32.11,32.11,32.31,32.01,32.23,32.35,32.18,32.28,32.2,32.57,32.23,32.48,32.48,32.14,32.43,32.36,32.31,32.36,32.28,32.68,32.65,32.62,32.73,32.65,32.65,32.7,32.62,32.73,32.65,32.78,32.77,32.62,32.65,32.78,32.36,32.6,32.51,32.4,32.68,32.68,32.53,32.73,32.62,32.6,32.45,32.36,32.68,32.87,32.77,32.82,32.95,33.02,33.1,33.41,33.19,33.19,33.49,33.36,33.19,33.54,33.57,33.32,33.41,33.32,33.71,33.27,33.83,33.41,33.83,33.74,33.69,33.69,33.93,33.71,33.83,33.37,33.74,33.79,33.66,33.79,33.62,33.41,33.37,33.2,33.27,33.24,33.04,33.02,33.07,33.12,33.27,33.37,33.74,33.32,33.32,33.57,33.12,32.82,32.68,32.78,32.51,32.48,32.82,32.51,32.28,32.45,32.73,32.77,33.02,33.24,33.41,33.93,33.88,33.96,33.62,33.37,33.49
29.32,31.74,32.36,32.45,32.01,31.66,31.44,31.57,31.57,31.52,31.74,31.4,31.81,32.03,32.51,32.6,32.7,32.87,32.9,32.82,32.68,32.51,32.23,32.31,32.51,32.4,32.06,32.45,32.35,32.14,32.28,32.45,32.31,32.18,31.98,31.98,32.23,32.26,32.03,32.18,32.14,32.31,31.94,32.09,32.18,32.03,32.11,32.23,32.03,32.03,32.09,32.01,32.18,31.98,32.18,32.09,32.26,32.2,32.18,32.28,32.57,32.51,32.43,32.45,32.68,32.51,32.4,32.35,32.26,32.77,32.53,32.7,32.4,32.68,32.73,32.73,32.82,32.9,32.82,32.65,32.45,32.6,32.57,32.53,32.51,32.6,32.6,32.73,32.48,32.85,32.51,32.94,32.73,33.04,32.99,32.94,33.12,33.24,33.52,33.27,33.37,33.36,33.27,33.15,33.29,33.24,33.44,33.52,33.78,33.69,33.61,33.79,33.96,33.83,33.69,33.91,33.74,33.66,33.69,33.71,33.66,33.96,33.52,33.79,33.69,33.57,33.52,33.49,33.41,33.29,33.24,33.07,33.07,33.32,33.61,33.52,33.66,33.61,33.57,33.41,33.19,32.7,32.77,32.45,32.73,32.51,32.36,32.36,32.7,32.35,32.78,33.19,33.44,33.52,33.71,33.66,33.54,33.46,33.37,33.52
28.63,31.29,31.74,32.26,32.4,31.83,31.39,31.56,31.64,31.32,31.03,31.57,31.83,31.94,32.51,32.68,32.78,32.48,33.04,32.7,32.82,32.7,32.6,32.51,32.45,32.43,32.26,32.28,32.28,32.01,32.26,32.23,32.45,32.2,32.11,32.2,31.94,32.14,32.06,32.01,32.28,32.11,32.26,32.26,31.89,32.03,32.14,32.45,32.28,31.72,32.01,31.86,31.98,32.14,32.36,32.14,32.43,32.2,32.03,32.36,32.2,32.36,32.48,32.35,32.6,32.18,32.23,32.57,32.31,32.43,32.35,32.62,32.78,32.53,32.87,32.6,32.85,32.7,32.94,32.73,32.6,32.6,32.48,32.57,32.73,32.53,32.51,32.68,32.68,32.9,32.85,32.73,32.99,33.02,32.57,32.85,32.95,33.29,32.99,33.04,33.12,33.49,33.19,33.24,33.04,33.29,33.49,33.49,33.54,33.61,33.49,33.99,33.54,33.88,33.91,33.86,33.62,33.66,33.91,33.54,33.79,33.62,33.86,33.69,33.1,33.12,33.15,33.44,33.24,33.02,32.94,33.44,33.29,33.54,33.32,33.61,33.61,33.69,33.88,33.66,33.19,33.07,32.78,32.57,32.26,32.53,32.65,32.14,32.85,32.78,32.82,32.9,33.29,33.44,33.57,33.78,33.78,33.78,33.54,33.41
26.88,31.19,31.86,31.94,32.14,31.64,31.56,31.47,31.91,31.61,31.24,31.39,31.81,31.91,32.35,32.68,33.02,32.87,33.02,32.85,32.77,32.4,32.51,32.11,32.31,32.03,32.36,32.4,32.35,32.28,31.98,32.09,32.28,32.14,32.11,32.35,32.06,31.89,32.23,31.86,31.94,32.14,31.86,32.2,32.26,31.89,31.77,31.94,32.31,32.06,31.89,31.83,32.06,31.98,32.06,32.03,32.14,32.18,32.11,32.11,32.09,32.06,32.03,32.11,32.01,32.35,32.2,32.48,32.26,32.48,32.57,32.53,32.7,32.87,32.94,32.95,32.9,32.82,32.7,32.77,32.99,32.6,32.78,32.62,32.82,32.73,32.73,32.65,32.57,32.94,32.82,32.85,32.95,33.2,33.04,32.9,33.1,33.37,33.04,33.36,33.27,33.36,33.29,33.41,33.2,33.1,33.54,33.37,33.44,33.54,33.71,33.71,34.1,33.78,33.62,34.01,33.83,33.91,33.61,33.78,33.86,33.71,33.86,33.74,33.74,33.07,33.27,33.27,33.12,32.99,33.19,33.24,33.37,33.74,33.49,33.79,33.79,33.86,33.99,34.04,33.88,32.99,32.99,32.7,32.9,32.82,32.36,32.48,32.68,32.78,32.65,33.41,32.95,33.66,33.79,33.88,33.66,33.99,33.37,33.36
26.38,30.53,31.57,32.2,32.31,31.91,31.57,31.77,31.49,31.52,31.52,31.56,31.77,32.09,32.45,32.6,32.65,32.87,32.87,32.68,32.65,32.65,32.48,32.09,32.45,32.43,32.26,32.23,32.28,32.01,32.31,31.86,32.18,32.35,32.03,32.2,32.31,32.2,32.14,32.11,32.01,31.89,32.06,31.86,31.98,31.81,31.91,31.94,32.18,32.11,31.74,31.86,31.91,32.09,32.14,31.77,32.01,31.61,32.03,31.91,31.94,32.31,32.03,32.01,32.01,32.28,32.2,32.43,32.53,32.51,32.36,32.57,32.68,33.02,32.7,32.82,33.02,32.94,32.95,32.51,32.51,32.68,32.35,32.87,32.57,32.68,32.62,32.65,32.45,32.82,33.04,33.04,32.95,32.78,33.15,32.99,32.82,33.52,33.32,33.15,33.32,33.12,33.15,33.2,33.57,33.27,33.52,33.54,33.46,33.74,33.79,33.66,33.99,33.93,33.93,33.69,33.74,33.69,33.32,33.74,33.66,33.62,33.71,33.78,33.32,33.2,33.46,33.36,33.19,33.27,33.32,33.19,33.78,33.62,33.37,33.61,33.29,33.96,33.93,33.93,33.86,33.2,33.37,32.65,32.57,32.57,32.51,32.95,32.82,32.85,33.04,33.15,33.57,33.61,33.49,33.74,33.49,33.62,33.62,33.57
25.79,29.98,31.64,31.91,32.35,31.91,31.72,31.47,31.44,31.69,31.57,31.66,31.56,32.36,32.4,32.78,33.02,33.02,33.2,32.7,32.53,32.43,32.45,31.86,32.26,32.48,32.03,32.4,32.11,32.23,32.35,31.94,32.14,32.31,32.2,32.36,32.36,31.98,32.11,31.94,32.14,31.86,32.03,31.89,32.18,31.98,31.77,31.89,32.03,31.74,31.77,31.77,31.74,31.91,31.98,31.94,31.83,31.86,31.83,32.18,32.06,31.98,31.94,32.43,31.98,32.26,32.51,32.35,32.11,32.35,32.57,32.73,32.87,32.87,33.02,32.78,32.9,32.51,33.12,32.53,32.73,32.94,32.57,32.7,32.77,33.04,32.94,32.7,32.62,32.78,33.12,33.12,33.1,33.02,32.94,33.36,32.94,33.15,33.24,33.36,33.19,33.29,33.32,33.41,33.46,33.15,33.32,33.49,33.66,33.49,33.71,33.78,33.74,34.16,33.79,34.1,33.86,33.96,33.71,33.91,33.74,33.62,33.69,33.61,33.46,33.32,33.27,33.27,33.44,33.04,33.27,33.57,33.49,33.74,33.49,33.57,33.46,33.52,34.08,33.91,33.78,33.44,33.37,32.78,32.82,32.85,32.73,32.87,33.1,33.1,33.19,33.19,33.15,33.37,33.79,33.88,33.44,33.83,33.61,33.69
25.6,29.15,31.47,31.69,32.28,31.86,31.77,31.57,31.74,31.64,31.89,31.56,31.77,32.11,32.45,32.85,32.99,33.2,32.99,32.78,32.43,32.4,32.2,32.23,32.35,32.2,31.91,32.09,32.2,32.09,32.57,32.28,31.89,32.45,32.28,32.14,32.09,32.09,32.2,32.09,31.94,32.03,32.09,32.18,31.66,31.91,31.56,32.11,32.06,31.83,31.94,31.77,31.98,31.98,31.64,31.44,31.66,31.66,31.77,31.86,32.11,31.89,32.11,31.81,32.23,31.98,32.03,32.45,32.26,32.6,32.68,32.94,32.94,32.94,33.07,33.19,32.78,32.87,33.04,32.68,32.6,32.45,32.78,32.6,32.87,32.82,32.82,32.78,33.02,32.9,33.02,32.95,32.95,33.37,32.95,33.32,33.49,33.71,33.46,33.36,33.29,33.41,33.49,33.36,33.41,33.2,33.32,33.49,33.44,33.71,33.27,33.78,33.78,33.93,33.79,34.08,33.88,33.78,33.91,33.78,33.62,33.66,33.29,33.62,33.54,33.41,33.69,33.29,33.24,33.2,33.27,33.37,33.29,33.52,33.62,33.46,33.66,33.91,33.44,33.86,33.79,33.69,33.1,33.07,32.78,32.77,32.62,32.85,33.04,33.1,32.87,33.15,33.12,33.49,33.41,33.46,33.54,33.88,33.62,33.79
25.52,28.6,31.19,31.77,31.77,31.77,32.03,31.57,31.86,32.03,31.81,31.52,32.03,32.09,32.45,32.95,32.95,32.87,33.02,32.57,32.36,32.28,32.18,32.11,31.98,31.91,32.14,32.28,31.94,32.14,32.36,32.31,32.28,32.26,32.03,31.94,32.09,31.66,31.98,31.94,31.66,31.83,32.03,32.11,31.86,31.69,31.57,31.98,31.81,31.49,31.77,31.49,31.81,31.94,31.83,31.66,31.69,31.94,31.91,31.61,31.77,31.83,31.81,31.74,32.11,32.31,32.23,32.18,32.35,32.51,32.73,32.94,32.99,32.85,32.82,33.12,33.02,32.65,32.82,32.87,32.95,32.68,32.68,32.78,32.87,32.51,32.77,33.29,33.07,33.19,32.95,32.78,32.95,33.2,33.07,33.07,33.41,33.78,33.44,33.27,33.37,33.46,33.29,33.07,33.44,33.52,33.37,33.54,33.19,33.41,33.52,33.79,33.93,34.04,33.93,34.01,33.88,33.74,33.78,33.71,33.86,33.69,33.71,33.69,33.61,33.46,33.37,33.2,33.57,33.19,33.24,33.46,33.61,33.52,33.2,33.27,33.57,33.46,33.93,33.61,33.78,32.95,33.02,32.65,32.9,32.77,33.04,32.85,33.15,33.04,33.41,33.15,33.1,33.49,33.41,33.79,33.69,33.88,33.66,33.66
25.07,27.32,30.58,31.4,31.91,31.91,31.57,31.81,31.89,31.94,31.89,31.77,31.83,32.18,32.62,32.7,32.78,32.99,32.77,32.62,32.48,32.28,32.03,31.91,32.06,32.09,31.94,32.11,32.14,31.72,31.81,31.94,32.26,32.09,31.86,31.94,31.83,31.57,31.86,31.81,31.98,32.18,31.64,31.69,31.89,31.61,31.56,31.52,31.4,31.66,31.49,31.64,31.66,31.98,31.74,31.69,31.52,31.69,31.72,31.86,31.64,31.72,31.98,31.81,31.94,32.03,32.28,32.4,32.48,32.35,32.6,32.73,32.78,32.78,32.6,32.7,32.65,32.68,32.73,32.85,33.02,32.73,32.78,32.73,32.65,32.87,32.77,32.99,32.7,32.78,33.04,33.15,33.15,33.02,33.44,33.32,33.54,33.69,33.62,33.69,33.36,33.27,33.32,33.44,33.27,33.24,33.2,33.36,33.44,33.57,33.52,33.66,33.44,33.57,33.71,33.78,34.3,33.79,33.83,33.62,33.66,33.57,33.49,33.49,33.19,33.66,33.46,33.36,33.32,33.57,33.44,33.36,33.27,33.24,33.07,33.57,33.32,33.2,33.19,33.49,33.49,33.32,32.95,32.94,32.78,32.65,32.78,33.07,33.19,32.94,33.1,32.9,33.07,33.36,33.41,33.36,33.96,33.71,33.79,33.52
24.95,26.65,30.38,31.12,31.61,31.72,32.11,31.98,31.89,32.01,31.91,31.86,31.81,32.28,32.65,33.1,33.02,32.82,32.78,32.26,32.11,32.01,32.14,32.01,32.18,32.03,32.03,31.86,31.94,31.89,31.74,31.72,32.18,32.06,32.2,31.89,31.91,31.66,32.06,31.91,31.81,31.64,31.83,31.94,31.89,31.86,31.66,31.77,31.47,31.74,31.52,31.56,31.56,31.64,31.61,31.81,31.69,31.69,31.74,31.39,31.81,31.89,31.89,31.91,32.18,32.03,32.28,32.18,32.28,32.14,32.51,32.62,32.7,32.9,32.57,33.15,33.12,32.99,33.12,32.9,32.85,32.82,32.73,33.02,32.87,32.78,32.82,32.95,32.99,33.02,33.12,33.15,33.36,33.27,33.36,33.54,33.66,34.04,33.86,33.62,33.86,33.46,33.49,33.52,33.41,33.2,33.41,33.62,33.71,33.62,33.62,33.66,33.69,34.25,34.04,33.99,33.83,33.93,33.79,33.78,33.74,33.49,33.62,33.44,33.19,33.78,33.2,33.19,33.54,33.46,33.44,33.49,33.49,33.66,33.61,33.29,33.44,33.29,33.12,33.41,33.2,33.19,33.04,32.82,32.9,33.04,32.82,33.04,32.95,33.04,33.12,33.24,33.36,33.2,33.54,33.46,33.66,33.32,33.74,33.37
24.95,26.06,29.72,31.07,31.64,32.09,31.66,31.72,31.89,31.89,32.06,32.01,31.98,32.26,32.7,32.95,32.9,32.51,32.65,31.94,32.03,31.86,31.94,31.83,31.89,31.94,31.86,31.89,32.01,31.72,32.14,31.94,31.86,31.98,31.64,31.89,31.83,32.09,31.72,32.09,31.83,31.83,31.77,31.64,31.72,31.61,31.66,31.86,31.49,31.56,31.57,31.66,31.49,31.86,31.74,31.57,31.89,31.57,31.56,31.66,31.74,31.94,32.09,31.98,32.11,32.01,32.35,32.35,32.48,32.4,32.57,32.85,32.9,32.85,32.77,32.85,32.73,32.9,32.94,33.02,32.9,32.78,32.9,32.73,33.1,32.85,33.04,32.77,33.24,32.95,33.1,33.1,33.04,33.36,33.74,33.66,33.86,33.93,34.13,33.91,34.01,33.74,33.49,33.36,33.37,33.41,33.2,33.71,33.37,33.83,33.24,33.46,33.61,33.88,33.83,33.83,33.86,33.78,33.88,33.78,33.41,33.57,33.74,33.88,33.49,33.74,33.52,33.52,33.19,33.32,33.15,33.32,33.52,33.71,33.29,33.29,33.36,33.12,33.32,33.12,33.57,33.02,32.77,32.78,32.99,32.85,32.78,32.82,33.1,32.99,32.9,32.7,33.29,33.2,33.52,33.66,33.54,33.61,33.62,33.49
24.8,25.87,29.27,30.98,31.61,31.77,31.57,31.49,31.77,32.23,32.23,31.89,32.03,32.28,32.43,32.45,32.73,32.7,32.43,31.86,31.83,32.11,31.91,31.91,31.98,32.2,31.74,31.91,31.86,31.83,31.77,31.89,31.91,31.74,31.77,31.72,31.86,31.89,31.56,32.11,31.61,31.52,31.77,31.74,31.64,31.52,31.44,31.47,31.52,31.2,31.29,31.86,31.52,31.69,31.35,31.91,31.61,31.52,31.69,31.83,31.74,31.69,31.89,31.66,32.09,31.91,31.89,32.23,32.31,32.31,32.43,32.78,32.4,32.73,32.65,32.82,32.85,32.87,32.94,32.9,32.95,32.78,32.77,32.73,32.68,32.82,32.62,32.77,32.85,32.94,33.02,33.2,33.2,33.32,33.27,33.46,33.41,33.62,33.91,33.71,33.61,33.91,33.69,33.36,33.41,33.41,33.66,33.57,33.54,33.37,33.46,33.49,33.61,33.79,33.71,33.57,33.93,33.88,34.04,33.79,33.83,33.74,33.41,33.79,33.61,33.57,33.83,33.41,33.69,33.44,33.61,33.62,33.86,33.71,33.29,33.27,32.99,32.87,33.07,33.12,33.15,32.82,33.19,32.6,33.29,32.78,32.9,32.82,32.9,32.9,32.68,32.53,33.12,33.19,33.29,33.46,33.37,33.41,33.27,33.41
24.71,25.32,28.16,31.12,30.82,31.56,31.4,31.66,32.11,32.28,32.36,32.36,32.23,32.06,32.45,32.45,32.65,32.11,31.98,31.81,31.89,32.11,32.11,31.86,31.98,31.72,31.89,32.01,31.74,31.39,31.47,31.98,31.72,32.06,31.86,31.89,31.61,31.74,31.74,31.66,31.77,31.81,31.74,31.35,31.61,31.44,31.24,31.39,31.57,31.24,31.44,31.44,31.32,31.66,31.69,31.52,31.69,31.56,31.61,31.61,31.64,31.47,31.81,31.98,32.11,32.09,32.36,32.26,32.14,32.51,32.31,32.6,32.7,32.7,32.94,32.7,32.78,33.07,32.99,33.02,32.78,32.85,32.6,33.02,32.77,32.7,32.82,33.04,32.82,32.9,33.52,33.04,32.87,33.52,33.49,33.54,33.61,33.66,33.91,34.01,33.96,33.61,33.78,33.62,33.62,33.2,33.24,33.49,33.24,33.69,33.32,33.57,33.54,33.79,33.83,33.78,33.49,33.83,33.79,33.46,33.83,33.74,33.61,33.69,33.24,33.74,33.49,33.52,33.69,33.49,33.78,33.71,33.83,33.62,33.27,33.71,33.36,33.12,33.44,32.94,33.15,32.85,32.82,33.07,32.94,33.07,33.2,33.07,33.07,32.9,32.68,32.7,33.1,33.1,33.46,33.2,33.52,33.52,33.41,33.04
24.83,25.52,27.02,30.45,30.98,31.39,31.69,31.69,31.91,32.48,32.48,32.4,32.14,32.48,32.4,32.26,32.45,32.23,32.14,31.66,32.18,31.77,31.91,31.69,31.77,31.61,31.91,31.83,31.77,31.61,31.66,31.86,31.91,31.49,31.74,31.83,31.77,31.74,31.72,31.81,31.81,31.72,31.44,31.66,31.39,31.2,31.4,31.39,31.66,31.27,31.56,31.72,31.44,31.49,31.4,31.15,31.39,31.64,31.64,31.69,31.86,31.91,32.06,31.91,31.86,32.14,32.14,32.06,32.28,32.4,32.78,32.78,32.7,32.65,32.95,32.73,32.73,32.94,32.99,32.62,32.68,32.62,33.04,32.7,32.9,32.6,32.87,32.9,32.85,33.24,33.29,33.36,33.24,33.52,33.49,33.41,33.52,33.93,33.86,33.99,33.61,33.69,33.96,33.52,33.57,33.49,33.52,33.32,33.66,33.66,33.57,33.86,33.66,33.78,33.88,33.57,33.69,33.57,33.79,33.79,33.96,33.66,33.66,33.61,33.54,33.32,33.54,33.37,33.19,33.66,33.86,34.04,33.57,33.66,33.61,33.29,32.95,33.24,32.95,33.02,32.95,32.99,32.99,33.07,33.29,32.95,33.19,33.49,33.29,33.1,33.04,33.12,33.07,33.32,33.52,33.41,33.49,33.44,33.37,33.24
24.66,25.07,26.49,30.13,31.15,31.12,31.64,31.61,32.06,32.53,32.57,32.28,32.36,32.09,32.35,32.2,32.43,32.31,31.81,31.91,31.86,31.77,31.81,31.69,31.89,31.52,31.91,31.49,31.86,31.89,31.77,31.47,31.81,31.81,31.66,31.69,31.66,31.61,31.89,31.57,31.81,31.77,31.72,31.2,31.57,31.35,31.29,31.29,31.35,31.57,31.49,31.52,31.44,31.52,31.49,31.32,31.49,31.81,31.29,32.11,31.98,31.98,31.94,31.98,32.14,32.31,32.26,32.26,32.62,32.53,32.73,32.78,32.7,32.77,33.19,32.95,33.02,32.94,32.9,32.87,32.78,33.12,33.02,33.12,32.78,32.77,32.95,33.04,33.2,32.9,33.02,33.46,33.41,33.44,33.57,33.29,33.69,33.66,33.78,33.93,33.69,33.54,33.69,33.61,33.66,33.49,33.19,33.78,33.41,33.71,33.61,33.44,33.57,33.78,34.04,33.79,33.96,33.71,33.79,33.62,33.66,33.69,33.69,33.52,33.52,33.49,33.52,33.66,33.62,33.86,33.46,33.91,33.96,33.74,33.62,33.41,33.2,33.24,33.12,33.04,33.2,33.15,33.02,33.36,32.87,33.12,32.94,33.19,33.19,33.29,33.32,33.37,33.37,33.32,33.52,33.29,33.57,33.2,33.37,33.02
24.63,25.17,25.75,29.29,30.66,31.27,31.66,31.91,32.03,32.36,32.57,32.65,32.36,31.91,32.03,32.14,32.09,31.86,32.11,31.47,31.77,31.86,31.69,31.89,31.81,31.61,31.83,31.72,31.64,31.89,31.66,31.49,32.01,31.77,31.98,31.69,31.86,31.47,31.77,31.77,31.72,31.52,31.47,31.47,31.47,31.39,31.56,31.47,31.49,31.35,31.4,31.56,31.35,31.4,31.61,31.69,31.72,31.74,31.61,31.74,31.94,31.77,31.74,31.98,32.26,32.2,32.4,32.28,32.26,32.51,32.6,32.78,32.62,32.73,33.29,33.15,33.27,33.15,33.04,33.02,32.9,32.85,33.04,32.95,33.02,32.99,32.94,32.77,32.77,32.95,33.2,33.37,33.07,33.36,33.44,33.46,33.52,33.91,33.61,33.74,34.04,33.49,33.93,33.79,33.61,33.44,33.29,33.29,33.37,33.46,33.52,33.04,33.62,33.66,33.52,33.79,33.78,33.66,33.91,33.49,33.83,33.52,33.32,33.66,33.54,33.86,33.74,33.46,33.74,33.57,33.79,33.69,33.96,33.93,33.69,33.27,33.36,33.32,33.24,32.87,33.32,33.32,33.46,33.46,33.29,33.29,33.24,33.29,33.19,33.41,33.32,33.44,33.2,33.41,33.49,33.54,33.02,33.32,33.2,33.1
24.51,25.01,25.37,28.34,30.53,30.98,31.39,31.52,31.91,32.45,32.45,32.4,32.14,32.06,31.83,31.64,31.89,31.86,31.72,31.47,31.56,31.69,31.47,31.47,31.66,31.61,31.72,31.72,31.56,31.27,31.56,31.47,31.81,31.4,31.72,31.77,31.61,31.94,31.61,31.32,31.64,31.4,31.57,31.4,31.72,31.64,31.39,31.29,31.4,31.29,31.57,31.27,31.66,31.57,31.57,31.32,31.74,31.64,31.98,31.49,31.57,31.72,32.11,32.18,32.01,32.35,32.26,32.43,32.14,32.51,32.78,32.82,32.82,33.02,33.24,33.24,32.94,33.19,32.94,32.99,33.02,33.04,33.15,32.68,32.82,32.73,32.77,32.77,33.07,33.44,33.32,33.41,33.29,33.41,33.29,33.62,33.44,33.49,33.66,33.88,33.62,33.96,33.71,33.66,33.41,33.41,33.27,33.37,33.49,33.61,33.52,33.74,33.66,33.54,33.52,33.74,33.62,33.86,33.99,33.2,33.83,33.57,33.44,33.62,33.49,33.46,33.52,33.46,33.78,33.44,33.96,33.57,33.88,33.78,33.37,33.44,33.24,33.36,33.19,33.2,32.85,33.15,33.46,33.49,33.57,33.37,33.52,33.29,33.32,33.37,33.37,33.52,33.46,33.29,33.24,33.29,33.1,32.99,32.99,32.7
24.41,24.51,25.25,27.44,30.53,31.1,31.35,31.35,31.72,32.2,32.18,32.36,31.74,31.69,32.01,32.14,31.64,31.69,31.81,31.77,31.61,31.69,31.57,31.47,31.57,31.86,31.77,31.91,31.66,31.57,31.66,31.39,31.72,31.4,31.91,31.57,31.74,31.52,31.61,31.69,31.56,31.64,31.39,31.44,31.56,31.56,31.2,31.03,31.39,31.4,31.69,31.39,31.57,31.35,31.4,31.4,31.83,31.72,31.52,31.47,31.61,31.98,32.11,31.86,32.03,32.01,32.35,32.51,32.51,32.28,32.57,32.65,32.99,32.62,32.9,32.95,33.1,32.78,33.19,32.85,33.04,32.82,32.87,32.85,32.82,33.02,32.78,33.19,32.9,33.1,33.02,33.07,33.1,32.87,33.49,33.44,33.2,33.44,33.71,33.52,33.74,33.66,33.41,33.74,33.07,33.52,33.36,33.66,33.32,33.46,33.1,33.44,33.71,33.62,33.52,33.54,33.57,33.71,33.57,33.46,33.62,33.62,33.37,33.86,33.61,33.15,33.57,33.62,33.52,33.37,33.88,33.88,33.79,33.91,33.91,33.41,33.27,33.15,33.2,32.94,33.74,33.49,33.32,33.52,33.66,33.37,33.49,33.44,33.71,33.62,33.52,33.44,33.36,33.29,33.37,33.1,33.07,32.94,32.9,32.68
24.39,24.59,24.9,26.46,30.01,30.95,31.12,31.61,31.83,32.2,32.51,31.98,31.81,31.83,31.52,31.47,31.61,31.74,31.57,31.69,31.57,31.52,31.66,31.57,31.52,31.64,31.66,31.61,31.44,31.49,31.61,31.64,31.47,31.64,31.49,31.52,31.77,31.61,31.44,31.66,31.61,31.56,31.4,31.32,31.32,31.27,31.4,31.52,31.27,31.32,31.12,31.32,31.44,31.49,31.61,31.47,31.29,31.64,31.66,31.81,31.89,31.94,32.03,32.06,32.11,32.36,32.18,32.68,32.31,32.31,32.6,32.68,32.68,33.04,32.95,33.24,33.02,33.04,33.02,32.87,33.2,32.94,32.87,32.99,33.1,32.77,32.78,32.77,32.87,32.99,32.9,33.02,33.19,33.29,33.41,33.27,33.69,33.86,33.27,33.49,33.57,33.49,33.96,33.49,33.32,33.41,33.2,33.04,33.37,33.32,33.54,33.27,33.41,33.37,33.49,33.36,33.74,33.74,33.99,33.86,33.83,33.52,33.29,33.61,33.2,33.52,33.61,33.79,33.66,33.61,33.62,33.62,33.74,33.52,33.41,33.36,33.44,33.32,33.29,33.44,33.41,33.37,33.54,33.44,33.54,33.61,33.36,33.66,33.71,33.54,33.44,33.19,33.32,33.24,33.49,32.94,32.95,32.87,32.94,32.36
24.68,25.13,25.18,25.96,29.76,30.83,31.1,31.19,31.47,31.86,32.09,31.89,31.57,31.66,31.52,31.61,31.91,31.81,31.81,31.69,31.69,31.56,31.49,31.61,31.74,31.83,31.81,31.72,31.47,31.83,31.44,31.49,31.35,31.52,31.83,31.81,31.56,31.66,31.57,31.52,31.61,31.52,31.49,31.47,31.29,31.35,31.47,31.27,31.32,31.44,31.12,31.4,31.64,31.69,31.49,31.4,32.14,31.49,31.72,31.91,32.03,31.94,32.2,31.91,32.26,32.23,32.18,32.51,32.62,32.73,32.77,32.99,32.7,33.19,33.1,33.36,33.27,32.73,33.27,33.12,33.02,32.9,33.1,33.1,33.04,33.2,32.94,32.77,32.87,33.12,32.94,33.24,32.73,33.24,33.36,32.95,33.36,33.57,33.32,33.52,33.79,33.66,33.54,33.54,33.46,33.15,33.32,33.15,33.12,33.32,33.44,33.46,33.32,33.71,33.46,33.83,33.78,33.71,33.74,33.91,33.79,33.54,33.79,33.69,33.61,33.49,33.24,33.27,33.41,33.61,33.74,33.69,33.37,33.99,33.57,33.66,33.19,33.49,33.57,33.24,33.74,33.61,33.54,33.36,33.49,33.62,33.61,33.44,33.96,33.66,33.49,33.49,33.32,33.2,33.15,32.82,32.7,33.1,32.65,32.28
24.26,24.66,24.83,25.45,28.76,30.41,30.98,31.15,31.64,31.91,31.83,31.49,31.4,31.69,31.64,31.56,31.49,31.77,31.72,31.74,31.77,31.52,31.24,30.98,31.2,31.44,31.32,31.49,31.24,31.24,31.47,31.39,31.56,31.07,31.66,31.66,31.98,31.66,31.83,31.57,31.61,31.57,31.4,31.27,31.35,31.27,30.98,31.57,31.4,31.39,31.2,31.4,31.66,31.29,31.39,31.56,31.52,31.49,32.09,31.77,31.89,31.94,32.28,31.74,32.23,32.11,32.53,32.6,32.51,32.53,32.77,32.99,33.02,33.02,32.77,33.29,32.95,32.94,33.02,32.94,33.02,33.1,32.77,32.95,32.85,33.04,32.73,32.85,32.95,32.94,32.9,33.19,32.85,33.24,33.15,32.94,33.19,33.44,33.1,33.37,33.37,33.52,33.46,33.61,33.37,33.07,33.19,33.07,33.2,33.27,33.37,33.27,33.27,33.41,33.62,33.57,33.69,33.91,33.74,33.52,33.83,33.27,33.41,33.61,33.37,33.69,33.37,33.61,33.32,33.36,33.32,33.69,33.78,33.71,33.86,33.66,33.29,33.29,33.36,33.49,33.86,33.61,33.83,33.61,33.99,33.71,33.93,33.71,33.52,33.62,33.69,33.32,33.36,33.29,33.07,32.85,32.82,32.73,32.2,32.06
24.48,24.53,24.56,24.98,27.81,30.53,30.98,31.47,31.56,31.86,31.61,31.49,31.39,31.35,31.72,31.47,31.66,31.61,31.74,31.39,31.24,31.15,31.29,31.32,31.1,31.1,31.44,31.39,31.27,31.27,31.12,31.07,31.39,31.57,31.52,31.74,31.56,32.01,31.57,31.49,31.77,31.52,31.52,31.32,31.39,31.12,31.24,31.2,31.2,31.2,31.27,31.64,31.44,31.57,31.32,31.47,31.77,31.74,31.83,32.06,31.86,32.03,32.09,32.03,32.09,32.26,32.4,32.68,32.51,32.68,32.73,32.9,33.04,33.15,33.15,33.27,33.2,33.37,33.04,33.02,33.02,32.9,32.85,33.19,33.04,32.78,32.77,32.78,32.99,32.68,32.77,33.02,32.99,32.99,32.95,32.94,33.07,33.2,32.87,33.36,33.54,33.37,33.41,33.29,33.37,33.29,33.12,33.44,33.19,33.36,33.2,33.71,33.46,33.44,33.83,33.46,33.57,33.61,33.78,33.57,33.79,33.37,33.62,33.71,33.57,33.37,33.61,33.54,33.29,33.61,33.36,33.44,33.86,33.78,33.74,33.46,33.29,33.19,33.24,33.46,33.66,33.61,33.71,33.46,33.46,33.66,33.91,33.61,33.86,33.57,33.24,33.2,33.02,33.15,32.9,32.7,32.65,32.65,32.18,31.74
24.53,24.66,24.56,24.98,26.97,30.53,30.83,31.02,31.57,31.47,31.39,31.27,31.4,31.2,31.66,31.69,31.52,31.56,31.49,31.52,31.29,31.2,31.44,31.27,31.39,31.19,31.2,31.15,31.32,31.2,31.02,31.24,31.52,31.61,31.49,31.89,31.64,31.69,31.64,31.72,31.56,31.4,31.52,31.2,31.19,31.49,31.07,31.57,31.29,31.24,31.29,31.47,31.39,31.64,31.64,31.66,31.69,31.81,31.89,31.81,32.03,32.03,32.01,32.4,32.28,32.28,32.35,32.35,32.62,32.87,32.82,32.95,32.87,33.02,33.36,33.27,33.49,33.52,33.04,33.12,32.95,33.12,33.04,33.02,32.85,32.94,32.9,32.82,32.99,32.94,32.9,33.36,32.77,33.04,32.95,32.82,32.95,33.37,33.12,33.07,33.24,33.57,33.12,33.19,33.27,33.04,33.07,33.44,33.1,33.36,33.41,33.36,33.19,33.54,33.79,33.54,33.61,33.52,33.61,33.74,33.54,33.62,33.52,33.54,33.52,33.57,33.57,33.71,33.54,33.46,33.93,33.36,33.57,33.93,33.61,33.83,33.37,33.61,33.52,33.44,33.37,33.57,33.88,34.01,34.04,34.25,33.96,33.57,33.69,33.69,33.32,33.49,33.37,33.15,32.78,32.94,32.48,32.28,31.66,31.32
24.44,24.36,24.93,24.78,25.96,29.84,30.65,31.12,31.29,31.29,31.24,31.44,31.12,31.24,31.64,31.35,31.52,31.32,31.47,31.39,31.35,31.2,31.15,30.75,31.27,31.27,31.4,31.1,31.12,31.12,31.12,31.32,31.4,31.4,31.64,31.44,31.56,31.57,31.83,31.47,31.57,31.64,31.27,31.49,31.2,31.29,31.19,31.19,31.4,31.35,31.47,31.24,31.4,31.39,31.39,31.69,31.89,32.09,31.89,31.86,31.74,32.11,32.06,32.11,32.11,32.28,32.31,32.51,32.68,32.77,32.65,32.94,33.2,33.04,33.19,33.52,33.49,33.37,33.46,33.24,33.32,33.04,33.02,32.94,32.7,32.85,32.85,33.02,32.99,32.95,32.78,32.94,33.15,33.36,32.78,33.02,32.95,33.04,33.04,33.04,33.29,33.12,33.36,33.19,33.04,33.02,33.44,33.32,33.1,33.29,33.12,33.61,33.49,33.57,33.74,33.54,33.52,33.74,33.41,33.61,33.66,33.66,33.61,33.57,33.52,33.57,33.32,33.74,33.61,33.46,33.78,33.57,33.57,33.74,33.66,33.86,33.36,33.54,33.46,33.61,33.78,33.57,34.01,34.13,34.01,33.83,33.88,33.66,33.69,33.46,33.46,33.32,33.24,32.99,32.94,32.51,32.51,32.09,31.74,31.27
24.51,24.33,24.56,24.63,25.67,29.2,30.66,30.9,31.4,30.95,31.24,31.27,31.69,31.56,31.61,31.27,31.4,31.1,31.39,31.07,31.2,30.98,30.95,30.75,31.12,31.1,31.1,30.95,31.4,31.2,31.1,31.12,31.07,31.27,31.24,31.39,31.27,31.39,30.98,31.2,31.39,31.44,31.29,31.2,31.32,31.32,31.27,31.39,30.83,31.52,31.1,31.2,31.69,31.64,31.61,31.86,31.66,31.89,31.69,31.91,31.91,31.91,32.18,32.28,32.28,32.26,32.48,32.43,32.68,32.62,32.9,32.85,32.99,33.07,33.2,33.46,33.29,33.49,33.61,33.46,33.32,33.24,33.2,32.95,32.9,33.24,32.94,32.77,32.77,32.94,32.85,32.95,32.82,32.82,33.1,32.94,33.04,32.99,32.99,32.9,33.02,32.99,33.07,33.04,32.85,33.02,32.95,33.19,33.32,33.54,33.37,33.54,33.46,33.74,33.74,33.57,33.54,33.61,33.46,33.52,33.46,33.49,33.69,33.49,33.49,33.52,33.46,33.52,33.46,33.62,33.71,33.79,33.74,33.66,33.62,33.46,33.44,33.66,33.78,33.71,33.93,34.04,34.35,34.01,33.96,34.04,33.57,33.57,33.41,33.41,33.02,33.41,33.24,32.95,32.77,32.68,32.35,31.91,31.49,30.83
24.33,24.36,24.98,24.98,25.22,28.6,30.46,30.82,31.07,31.07,31.12,31.56,31.52,31.57,31.02,31.29,31.24,31.1,31.03,31.12,31.03,31.02,30.87,31.02,30.83,31.2,31.19,31.2,30.98,30.98,31.15,31.07,31.24,31.1,31.03,31.29,31.44,31.12,31.15,31.4,31.47,31.35,31.49,31.07,31.4,31.29,31.02,31.12,31.24,31.57,31.1,31.24,31.2,31.64,31.72,31.89,31.29,31.69,32.01,32.06,32.01,32.11,32.14,32.23,32.2,32.51,32.35,32.99,32.6,32.65,32.77,33.02,33.02,33.04,33.36,33.32,33.69,33.41,33.24,33.46,33.36,33.24,33.04,33.19,32.99,33.1,32.51,32.78,32.85,32.99,32.68,32.94,33.02,32.85,33.2,33.07,32.9,33.15,33.02,32.9,33.04,33.27,33.36,33.27,33.07,33.1,33.15,33.32,33.29,33.27,33.54,33.37,33.54,33.71,33.36,33.57,33.52,33.46,33.71,33.49,33.83,33.62,33.52,33.49,33.66,33.79,33.71,33.66,33.41,33.62,33.69,33.52,33.96,33.69,33.86,33.83,33.49,33.49,33.54,33.71,33.91,33.99,34.04,34.18,34.08,33.86,33.52,33.2,33.49,33.49,33.54,33.24,33.04,32.73,32.51,32.4,31.98,31.86,31.44,30.5
24.06,24.21,24.44,24.78,25.01,27.49,30.36,30.75,31.07,31.03,31.39,31.39,31.56,31.24,31.02,30.95,30.92,30.92,30.98,31.2,31.15,30.98,30.65,30.92,31.19,31.15,31.29,31.12,31.12,31.07,31.2,31.19,31.29,30.98,31.15,31.02,31.24,31.19,31.29,31.27,31.27,31.15,31.15,31.4,31.39,31.19,31.19,31.24,31.29,31.24,31.02,31.39,31.61,31.72,31.44,31.47,31.61,31.72,31.4,31.64,31.74,31.94,32.2,32.2,32.57,32.48,32.65,32.53,32.65,32.36,32.78,32.95,32.73,33.02,33.02,33.37,33.44,33.32,33.32,33.46,32.95,33.32,32.99,32.82,32.87,32.94,32.7,32.87,32.82,32.99,33.07,32.78,32.87,32.85,32.87,32.99,33.1,33.1,32.68,32.99,32.94,33.07,33.36,33.36,33.2,33.12,33.24,33.24,33.36,33.15,33.52,33.41,33.46,33.46,33.62,33.66,33.46,33.83,33.36,33.79,33.71,33.46,33.74,33.79,33.74,33.91,33.57,33.69,33.88,33.57,33.79,33.57,33.66,33.62,33.49,33.71,33.36,33.62,33.86,33.69,33.83,33.71,34.26,34.16,33.62,33.79,33.46,33.66,33.52,33.24,33.27,33.24,33.24,32.73,32.43,32.26,31.89,31.64,31.07,29.35
24.48,24.53,24.53,24.63,24.83,27.4,30.21,30.66,30.95,31.19,31.4,31.29,31.4,31.32,31.15,31.24,30.92,31.19,30.95,31.03,31.03,30.9,31.1,30.82,31.29,31.1,31.19,31.07,31.02,31.24,31.2,30.9,31.1,31.1,31.32,31.19,31.35,31.07,31.35,31.02,31.12,31.2,31.4,31.56,31.15,31.07,31.03,31.4,30.95,31.44,30.9,31.4,31.49,31.52,31.47,31.66,31.77,31.86,32.09,31.74,32.01,32.23,32.2,32.35,32.26,32.2,32.82,32.35,32.57,32.85,32.68,32.87,32.87,33.04,33.2,33.15,33.41,33.37,33.66,33.41,33.57,33.44,33.32,33.32,33.36,32.95,32.78,32.82,33.15,33.36,32.9,33.07,32.87,32.87,32.85,32.95,33.02,32.87,32.99,33.12,32.85,33.27,33.19,33.07,33.02,33.07,33.29,33.54,33.07,33.44,33.46,33.44,33.79,33.62,33.54,33.62,33.57,33.54,33.54,33.66,33.79,33.86,33.88,33.62,33.69,33.86,33.74,33.86,33.54,33.66,33.96,33.78,33.79,33.52,33.61,33.79,33.44,33.74,33.93,33.74,33.96,33.74,34.16,34.04,33.86,33.71,33.62,33.54,33.27,33.2,33.29,33.1,32.99,32.6,32.28,32.03,31.72,31.32,30.29,28.68
24.36,24.29,24.56,24.53,24.71,26.19,30.01,30.46,30.95,31.44,31.35,31.24,31.61,30.92,31.02,30.82,30.82,30.98,31.02,31.07,31.15,31.03,31.1,30.95,30.98,31.35,31.07,31.35,30.95,30.9,31.1,31.1,31.2,31.1,30.82,31.2,31.1,31.15,30.92,30.95,31.29,31.32,31.32,31.4,31.27,31.49,31.49,31.19,31.47,31.32,31.32,31.4,31.39,31.27,31.52,31.72,31.74,31.44,31.89,31.98,31.89,32.01,32.11,32.11,32.06,32.14,32.31,32.4,32.51,32.62,32.65,32.87,32.9,32.87,32.94,33.07,32.82,33.37,33.37,33.61,33.12,33.46,33.02,32.95,32.99,32.85,32.73,33.12,32.7,32.9,32.95,32.94,32.77,32.95,32.82,32.78,32.94,33.12,32.7,32.94,33.02,33.15,33.19,33.1,33.12,33.36,33.32,33.37,33.32,33.32,33.49,33.37,33.36,33.46,33.57,33.27,33.29,33.52,33.71,33.66,33.93,33.79,33.88,33.96,33.66,33.57,33.41,33.86,33.93,33.91,33.93,33.88,34.04,33.78,33.79,33.49,33.61,34.01,33.74,33.71,34.01,33.91,34.33,34.43,34.08,33.88,33.32,33.12,33.15,33.1,33.04,32.73,32.62,32.36,32.28,32.06,31.66,31.27,29.76,26.8
24.09,24.36,24.63,24.17,24.83,25.84,29.72,30.41,31.03,31.27,31.19,31.49,31.27,30.9,31.12,31.24,30.9,30.82,31.29,30.95,31.12,31.2,31.07,30.95,30.95,30.95,30.95,31.12,31.15,31.1,31.39,31.12,31.15,31.4,31.29,31.1,31.15,31.24,31.15,31.32,30.95,31.24,31.52,31.29,31.12,31.27,31.35,31.32,31.19,31.35,31.19,31.47,31.44,31.47,31.57,31.52,31.52,31.83,31.64,31.91,31.86,31.94,32.09,31.89,32.7,32.4,32.51,32.26,32.62,32.43,32.36,32.48,32.77,32.73,33.07,33.12,33.02,33.12,33.24,32.99,33.2,33.19,33.19,33.04,33.19,32.82,32.87,32.82,32.7,32.62,32.77,32.94,32.6,32.94,32.82,32.62,32.94,33.02,32.95,33.07,32.82,33.49,33.1,33.44,33.04,33.15,33.41,33.49,33.37,33.41,33.32,33.2,33.44,33.54,33.37,33.52,33.66,33.54,33.66,33.86,33.66,33.71,33.79,33.61,33.79,33.83,33.71,33.83,33.52,33.74,33.86,33.78,33.88,33.99,33.71,33.46,33.83,33.46,33.74,33.88,33.91,34.18,34.52,34.33,34.04,33.61,33.54,33.02,32.95,32.87,32.82,32.57,32.43,32.2,32.14,31.89,31.44,30.66,28.95,26.34
24.14,24.33,24.26,24.71,24.68,25.91,28.98,30.66,31.1,30.98,31.03,31.03,30.92,30.98,30.9,31.2,31.15,30.53,31.07,30.87,31.2,31.24,31.1,31.02,31.03,31.07,31.19,31.03,31.39,31.2,31.03,31.12,31.02,31.27,31.07,31.2,31.1,31.1,31.29,31.12,31.07,31.4,31.2,31.29,31.47,31.52,31.32,31.2,31.27,31.1,31.1,31.52,31.66,31.56,31.52,31.61,31.77,31.83,31.91,31.74,31.77,31.98,32.4,32.03,32.2,32.53,32.51,32.28,32.62,32.28,32.62,32.48,32.57,32.36,32.82,32.77,32.99,33.24,33.29,33.36,33.19,33.37,33.2,33.44,33.1,32.87,32.73,32.73,32.94,32.68,32.73,32.82,32.77,32.6,32.62,32.85,32.73,33.07,33.12,33.12,32.9,33.15,32.94,33.02,33.1,33.2,33.19,33.36,33.37,33.49,33.41,33.41,33.66,33.46,33.61,33.79,33.41,33.57,33.49,33.32,33.66,33.44,34.01,33.83,33.61,33.88,33.46,33.71,33.91,33.86,33.71,33.86,34.3,34.18,33.86,33.66,33.41,33.78,33.88,33.74,34.1,34.1,34.63,34.52,34.52,34.01,33.79,33.29,32.78,32.77,32.7,32.65,32.28,32.26,32.14,31.61,31.32,30.01,27.35,25.87
24.56,24.66,24.44,24.8,24.78,26.06,29.2,30.73,30.78,30.98,31.35,31.07,31.03,30.73,30.83,30.7,30.75,31.15,30.98,31.29,31.07,31.12,31.2,31.15,31.15,30.95,31.2,31.24,31.32,31.32,31.32,31.24,31.27,31.19,31.29,31.1,31.2,31.2,31.29,31.19,31.44,31.44,31.47,31.24,31.44,31.64,31.44,31.4,31.56,31.27,31.39,31.4,31.57,31.52,31.49,31.56,31.66,31.89,31.94,31.72,31.98,31.94,32.06,32.36,32.45,32.28,32.48,32.57,32.28,32.68,32.65,32.73,32.53,32.53,32.68,32.85,32.85,32.9,33.27,33.1,33.44,33.52,33.37,33.29,32.99,33.02,32.73,32.85,32.85,32.85,32.77,32.73,32.23,32.7,32.77,32.78,32.87,32.82,32.65,32.87,32.95,33.15,33.15,32.87,32.99,33.15,33.37,33.29,33.61,33.46,33.79,33.66,33.54,33.44,33.49,33.54,33.66,33.29,33.61,33.62,33.69,33.83,33.86,33.69,33.86,33.86,33.88,33.91,33.88,33.71,33.83,34.04,34.01,34.04,33.74,33.74,33.62,33.74,33.66,33.99,34.35,34.25,34.73,34.47,34.41,34.01,33.44,33.19,32.85,32.73,32.45,32.6,32.09,32.18,31.94,31.56,30.87,29.35,26.34,25.72
24.33,24.48,24.59,24.9,25.1,26.58,29.77,30.65,30.9,31.19,30.78,30.78,30.5,30.73,30.83,30.92,30.87,31.03,31.03,31.27,31.4,31.19,31.24,31.27,31.4,31.35,31.44,31.29,31.19,31.29,31.07,31.02,31.32,30.95,31.07,31.1,31.03,31.56,31.27,31.29,31.1,31.39,31.1,31.56,31.29,31.2,31.39,31.47,31.35,31.39,31.24,31.64,31.44,31.56,31.4,31.35,31.56,31.61,31.91,31.81,31.89,31.72,32.01,31.89,32.51,32.4,32.43,32.14,32.51,32.36,32.26,32.68,32.48,32.85,32.85,32.78,32.85,32.94,33.29,33.36,33.29,33.27,33.29,32.9,32.78,32.9,32.65,32.62,32.73,32.68,32.62,32.87,32.6,32.73,32.7,32.87,32.78,32.94,32.7,33.07,33.02,33.02,32.94,32.82,33.2,32.77,33.24,33.41,33.49,33.24,33.49,33.41,33.37,33.44,33.44,33.32,33.49,33.44,33.62,33.2,33.36,33.52,33.52,33.52,33.61,33.62,33.78,33.88,33.99,33.88,33.66,34.04,33.99,34.13,33.88,33.79,33.79,33.91,33.91,33.78,34.13,34.16,34.01,34.21,34.04,33.93,33.44,33.1,32.99,32.48,32.4,32.01,32.03,31.91,31.49,31.39,30.26,27.99,26.06,25.33
24.33,24.29,24.56,24.68,25.17,27.72,30.13,30.45,30.78,30.87,30.82,30.65,30.82,30.41,30.5,30.61,30.87,31.12,31.07,31.1,31.27,31.2,31.29,31.29,31.61,31.47,31.29,31.2,31.29,31.29,31.32,31.2,31.12,31.03,31.2,31.27,31.19,31.07,31.1,31.2,31.24,31.1,31.15,31.4,31.39,31.56,31.35,31.49,31.77,31.56,31.4,31.44,31.35,31.35,31.49,31.77,31.69,31.77,31.72,31.89,31.57,31.91,32.03,32.06,32.18,32.09,32.26,32.2,32.35,32.4,32.57,32.53,32.48,32.65,32.95,32.85,32.77,33.12,33.49,33.02,33.2,33.49,33.07,33.15,33.2,32.99,32.85,32.65,32.62,32.6,32.51,32.65,32.6,32.62,32.45,32.62,32.62,32.87,32.73,32.95,32.99,32.94,32.95,33.15,33.1,33.15,33.15,33.36,33.36,33.29,33.15,33.41,33.04,33.27,33.52,33.44,33.15,33.12,33.61,33.27,33.69,33.62,33.44,33.36,33.49,33.69,33.44,33.66,33.37,33.66,33.78,33.78,33.96,33.86,34.04,33.74,33.62,33.86,33.86,33.99,33.93,34.1,34.43,33.83,33.96,33.86,33.19,32.99,32.53,32.62,32.51,32.18,32.01,31.61,31.47,30.83,29.77,26.92,25.7,24.95
24.33,24.17,24.8,24.78,25.22,28.75,30.26,30.73,30.5,30.46,30.83,30.66,30.46,30.53,30.5,30.83,31.02,31.03,31.07,31.35,31.49,31.47,31.32,31.47,31.49,31.35,31.44,31.2,31.27,31.12,31.15,31.15,31.15,31.29,31.12,31.44,31.2,31.39,31.1,31.47,31.19,31.44,31.1,31.49,31.24,31.61,31.56,31.72,31.56,31.52,31.61,31.39,31.64,31.61,31.57,31.61,31.89,31.52,31.72,31.94,31.64,32.06,32.2,31.94,32.23,32.28,32.14,32.14,32.48,32.43,32.09,32.43,32.53,32.53,32.77,33.12,33.19,32.9,33.32,33.62,33.04,33.24,33.02,33.2,32.99,32.78,32.36,32.4,32.65,32.68,32.62,32.85,32.68,32.65,32.7,32.78,32.51,32.87,32.51,32.85,32.94,32.94,33.2,33.07,33.07,32.99,33.02,33.54,33.2,33.24,33.27,33.12,33.02,33.44,33.29,33.36,33.07,33.04,33.29,33.19,33.46,33.2,33.37,33.37,33.44,33.57,33.44,33.61,33.74,33.54,33.79,33.78,33.83,33.74,33.88,33.91,33.52,34.18,33.99,33.96,34.04,34.08,34.13,33.57,33.96,33.62,33.1,32.95,33.02,32.6,32.43,32.11,31.52,31.69,31.29,30.45,28.46,26.02,25.49,25.07
24.26,24.36,24.17,24.86,25.96,29.24,30.16,30.46,30.58,30.53,30.65,30.36,30.87,30.73,30.82,30.87,30.98,31.35,31.32,31.52,31.66,31.69,31.47,31.44,31.72,31.39,31.52,31.47,31.32,31.1,30.98,31.07,31.15,31.19,31.2,31.03,31.24,31.15,31.27,31.29,31.07,31.44,31.47,31.4,31.29,31.49,31.29,31.74,31.19,31.44,31.57,31.77,31.61,31.57,31.61,31.61,31.52,31.81,31.74,31.77,31.81,32.18,31.74,31.89,31.86,32.11,32.53,32.18,32.62,32.35,32.23,32.62,32.57,32.78,32.85,32.94,32.99,33.44,33.41,33.41,33.37,33.1,32.82,32.7,32.7,32.82,32.57,32.78,32.6,32.57,32.53,32.82,32.45,32.85,33.15,32.77,32.68,32.85,32.85,33.07,32.95,32.82,33.1,32.95,33.2,33.1,32.95,33.27,33.15,33.2,33.19,33.07,33.29,33.36,33.24,33.36,33.32,33.15,33.46,33.1,33.27,33.12,33.12,33.29,33.61,33.29,33.37,33.29,33.71,33.46,33.37,33.61,33.86,33.66,33.78,33.79,33.36,33.88,34.1,34.18,34.04,33.93,34.01,33.61,33.83,33.57,33.27,32.87,32.73,32.43,32.2,32.35,31.64,31.49,30.98,30.01,27.76,25.7,25.17,24.9
24.02,24.51,24.51,24.75,26.44,29.77,30.24,30.18,30.33,30.41,30.24,30.5,30.33,30.45,30.83,30.87,31.1,31.35,31.4,31.64,31.56,31.52,31.61,31.61,31.81,31.47,31.44,31.19,31.07,31.19,31.03,31.03,31.27,31.32,31.12,31.27,31.1,31.2,31.2,31.2,31.24,31.44,31.27,31.27,31.12,31.35,31.35,31.44,31.44,31.19,31.29,31.66,31.56,31.47,31.52,31.64,31.83,31.44,31.66,31.64,31.89,31.72,32.2,31.91,32.01,32.23,32.28,32.45,32.31,32.4,32.4,32.65,32.6,32.87,33.1,32.94,33.19,33.2,33.32,33.19,32.99,32.94,33.2,33.02,32.53,32.82,32.4,32.73,32.51,32.68,32.62,32.43,32.53,32.73,32.7,32.51,32.82,32.87,32.77,32.65,32.95,32.99,32.95,32.87,32.7,32.87,32.73,32.95,33.24,33.24,33.2,33.1,33.19,33.37,33.24,33.1,33.1,33.41,33.15,33.12,33.1,33.24,33.27,33.15,33.27,33.37,33.57,33.41,33.57,33.37,33.32,33.44,33.44,33.69,33.54,33.62,33.52,33.62,33.88,33.62,33.86,33.96,33.62,33.62,33.41,33.15,33.02,32.77,32.53,32.28,32.01,31.89,31.49,31.35,31.2,28.95,26.58,25.18,24.93,24.63
24.17,24.71,24.75,25.25,27.49,29.81,30.21,30.18,30.36,30.38,30.87,30.95,30.45,30.61,31.03,30.87,31.12,31.32,31.35,31.64,31.81,31.74,31.64,31.74,31.64,31.49,31.56,31.32,31.39,31.4,31.29,31.29,31.15,31.2,31.27,31.24,31.03,31.27,31.29,31.52,31.4,31.4,31.49,31.49,31.52,31.35,31.44,31.66,31.49,31.91,31.94,31.69,31.61,31.81,31.44,31.49,31.69,31.64,31.61,31.77,31.74,31.77,32.2,32.03,31.94,32.35,32.36,32.45,32.43,32.65,32.57,32.95,32.87,33.2,33.15,33.44,33.29,33.54,33.27,33.62,33.52,33.04,32.7,32.95,33.02,32.77,32.36,32.78,32.6,32.62,32.87,32.73,32.73,32.78,32.82,32.85,32.95,33.1,32.82,32.9,33.1,32.99,32.57,32.77,33.02,33.07,33.1,33.12,32.95,32.94,33.44,32.9,33.36,33.19,33.12,33.1,33.07,32.77,33.29,33.1,33.15,33.46,33.19,33.24,33.52,33.24,33.32,33.41,33.62,33.41,33.61,33.57,33.46,33.74,33.71,33.93,33.93,33.71,34.08,33.88,33.91,33.86,33.52,33.36,33.54,33.19,33.32,33.1,32.9,32.11,32.18,32.09,31.89,31.4,30.66,28.28,26.38,25.55,25.32,25.01
24.44,24.71,24.71,25.49,28.14,30.18,30.18,30.21,30.55,30.66,30.5,30.38,30.82,30.98,30.83,31.19,31.49,31.44,31.52,31.35,31.27,31.74,31.83,31.52,31.77,31.64,31.56,31.57,31.44,31.27,31.44,31.35,31.24,31.64,31.15,31.19,31.24,31.56,31.56,31.29,31.35,31.61,31.27,31.32,31.44,31.44,31.77,31.4,31.86,31.61,31.57,31.91,32.23,31.64,31.89,32.01,31.91,31.64,31.83,31.72,31.74,31.94,32.28,32.06,32.14,32.36,32.45,32.35,32.57,32.6,32.78,32.82,32.77,33.36,33.49,33.29,33.71,33.69,33.66,33.27,33.44,33.15,33.07,32.68,32.85,32.78,32.48,32.68,32.78,32.87,32.65,32.94,32.62,32.78,32.77,32.9,32.9,33.02,32.94,32.87,33.02,32.82,33.24,32.82,33.07,32.73,32.94,33.15,33.2,33.07,33.02,33.27,32.73,33.04,33.37,33.15,33.24,33.2,33.19,33.24,33.2,33.02,33.29,33.37,33.12,33.44,33.15,33.46,33.46,33.57,33.44,33.44,33.57,33.74,33.71,33.96,33.74,33.86,33.99,34.08,33.83,33.83,33.61,33.52,33.44,33.37,32.99,32.94,32.78,32.45,32.11,31.89,31.86,31.44,29.98,27.44,26.06,25.44,24.86,24.83
24.17,24.59,24.8,25.79,28.87,29.89,30.04,30.45,30.18,30.7,30.29,30.92,30.83,31.02,31.03,31.24,31.29,31.19,31.27,31.49,31.44,31.49,31.57,31.83,31.77,31.86,31.49,31.24,31.4,31.39,31.24,31.35,31.44,31.29,31.56,31.44,31.19,31.12,31.27,31.24,31.35,31.2,31.56,31.35,31.52,31.47,31.44,31.77,31.39,31.74,31.81,31.72,31.94,31.81,31.77,32.11,32.01,31.64,31.91,32.03,32.4,32.09,32.2,32.26,32.57,32.48,32.65,32.6,32.6,32.82,32.77,33.02,33.41,33.44,33.69,33.54,33.54,33.41,33.54,33.27,33.02,32.99,32.99,32.82,32.87,32.45,32.53,32.45,32.7,32.7,32.6,32.68,32.62,33.02,32.95,32.82,32.62,33.12,32.78,32.82,32.85,32.7,32.82,32.68,32.87,32.82,32.9,32.94,32.95,33.04,33.02,33.07,33.36,33.07,33.07,33.44,33.41,33.12,33.07,33.19,33.15,33.29,33.07,33.12,32.95,33.36,33.62,33.19,33.04,33.36,33.44,33.29,33.57,33.36,33.74,33.27,33.19,33.57,33.86,34.18,34.18,33.93,33.88,33.62,33.15,33.27,33.07,32.6,32.57,32.51,32.01,31.86,31.29,31.19,29.77,26.46,25.72,25.18,25.05,25.05
24.36,24.68,24.75,26.31,29.24,29.67,30.33,30.13,30.29,30.65,30.5,30.9,30.92,31.1,31.24,31.4,31.24,30.98,31.1,31.56,30.9,31.39,31.52,31.74,31.83,31.47,31.47,31.29,31.4,31.39,31.47,31.44,31.72,31.47,31.4,31.12,31.29,31.47,31.57,31.4,31.49,31.56,31.39,31.66,31.64,31.49,31.74,31.81,31.56,31.91,31.98,31.91,31.81,31.81,32.18,31.77,32.06,32.03,32.06,31.91,32.11,32.31,32.28,32.35,32.51,32.82,32.87,32.48,32.78,33.04,33.19,33.02,33.79,33.78,33.71,33.69,33.37,33.41,33.24,33.37,32.9,32.82,33.07,32.48,32.77,32.65,32.68,32.7,32.6,32.65,32.77,32.57,32.78,32.73,32.87,32.68,32.95,33.12,32.77,32.95,32.77,32.62,33.02,32.7,32.87,32.82,33.12,32.99,33.15,33.12,33.12,33.2,32.99,33.12,33.07,33.15,33.19,33.24,32.99,33.12,33.1,33.27,32.87,33.46,33.32,33.2,33.44,33.41,33.61,33.41,33.52,33.29,33.32,33.54,33.49,33.52,33.54,33.61,33.78,33.88,33.91,33.86,33.52,33.54,33.1,33.07,32.77,32.7,32.65,32.03,32.26,31.83,31.57,30.78,28.8,26.19,25.32,25.28,24.98,24.63
24.36,24.41,24.98,27.17,29.47,30.16,29.89,30.33,30.29,30.82,30.75,30.87,30.82,30.9,31.15,31.27,31.15,31.1,31.15,31.24,31.27,31.77,31.77,31.69,31.74,31.83,31.66,31.4,31.39,31.52,31.39,31.44,31.61,31.57,31.66,31.49,31.29,31.35,31.39,31.4,31.4,31.69,31.57,31.4,31.52,31.74,31.57,31.69,31.81,31.98,31.74,31.89,32.18,32.11,31.94,32.4,31.81,32.23,32.11,32.14,32.31,32.77,32.62,32.62,32.78,32.68,33.02,32.94,33.1,32.87,33.37,33.66,33.52,33.91,33.61,33.78,33.62,33.24,33.44,33.41,33.07,32.78,32.85,32.57,32.77,32.9,32.82,32.78,32.68,32.85,32.62,32.7,32.73,32.77,33.07,32.65,32.7,32.99,32.9,32.9,32.77,32.73,32.9,32.9,32.82,32.65,32.99,33.12,33.15,33.12,33.15,33.12,33.02,33.04,32.9,33.19,33.19,33.1,33.24,32.9,33.32,32.99,33.1,33.19,33.2,33.36,33.24,33.49,33.46,33.07,33.07,33.41,33.49,33.27,33.44,33.74,33.41,33.49,33.41,33.93,34.08,34.18,33.88,33.52,33.2,33.04,32.7,32.68,32.68,32.2,32.01,31.74,31.24,30.53,27.96,26.02,25.32,25.07,25.28,24.71
24.39,24.9,25.13,28.14,29.77,30.08,30.33,30.16,30.61,30.73,30.53,30.9,31.02,31.19,31.61,31.47,31.39,31.19,31.15,31.47,31.44,31.47,31.69,31.91,31.91,31.69,31.44,31.52,31.64,31.4,31.4,31.19,31.61,31.32,31.39,31.56,31.32,31.27,31.24,31.72,31.4,31.39,31.57,31.52,31.47,31.64,31.72,31.61,31.91,31.52,32.01,32.14,31.83,31.89,32.26,31.72,31.72,32.26,32.51,32.23,32.2,32.35,32.53,32.73,32.53,32.99,32.9,33.04,33.2,33.32,33.2,33.79,33.71,33.88,33.79,33.71,33.57,33.41,33.46,32.99,33.15,33.04,32.82,32.87,32.82,33.02,32.87,32.9,32.85,32.82,32.68,32.99,32.99,32.99,32.87,32.78,32.73,32.87,32.94,32.82,32.77,33.07,32.68,32.77,32.82,32.68,32.82,33.02,33.04,33.12,32.9,33.15,33.29,33.02,33.24,33.15,33.41,33.15,32.94,32.95,33.02,32.9,33.1,33.29,33.1,33.24,33.15,33.07,33.37,33.37,33.61,33.69,33.36,33.41,33.44,33.2,33.44,33.27,33.52,33.49,33.88,34.16,33.88,33.37,33.37,32.87,32.99,32.28,32.14,32.48,32.18,31.74,31.39,29.76,27.13,25.67,25.01,25.05,24.8,24.83
24.68,24.83,25.17,27.99,29.47,30.18,30.21,30.33,30.61,30.83,30.82,30.87,31.15,31.27,31.47,31.32,31.15,31.03,31.24,31.32,31.52,31.66,31.77,31.81,31.69,31.83,31.4,31.66,31.61,31.47,31.56,31.27,31.4,31.39,31.44,31.52,31.2,31.39,31.19,31.52,31.29,31.61,31.44,31.4,31.44,31.64,31.69,31.98,31.86,31.69,32.01,32.28,32.09,32.06,32.26,32.09,32.26,32.2,32.31,32.57,32.48,32.51,32.7,32.9,33.1,32.73,33.02,33.54,33.41,33.57,33.88,33.79,33.71,33.96,33.61,33.36,33.27,33.24,33.37,32.87,32.99,32.94,32.73,32.82,32.85,32.57,32.68,32.78,32.77,32.95,32.68,32.78,32.57,32.85,32.94,32.73,33.15,32.9,32.9,32.78,32.77,32.82,32.68,32.73,32.73,32.7,32.85,32.85,33.12,32.9,33.19,33.15,32.85,33.12,33.1,33.29,32.78,32.99,33.04,32.82,33.19,32.82,33.02,33.12,32.78,32.73,33.15,33.2,33.29,33.49,33.36,33.29,33.61,33.27,33.2,33.19,33.27,33.29,33.44,33.71,33.62,33.93,33.66,33.61,33.15,32.95,32.85,32.62,32.62,32.6,32.31,31.81,31.03,29.32,26.61,25.7,25.18,24.95,24.8,24.39
24.51,24.63,25.37,28.66,29.52,30.09,30.21,30.21,30.53,30.55,31.12,31.1,31.15,31.52,31.47,31.47,31.24,31.27,31.56,31.74,31.74,31.83,31.91,31.56,31.72,31.74,31.49,31.52,31.47,31.39,31.61,31.69,31.44,31.57,31.49,31.66,31.27,31.64,31.52,31.4,31.47,31.72,31.66,31.91,31.49,31.57,31.72,31.72,31.89,31.83,31.86,31.94,32.4,32.28,32.03,32.43,32.51,32.11,32.53,32.6,32.87,32.77,32.7,33.02,33.15,33.36,33.52,33.44,33.86,33.46,34.04,33.86,33.91,33.86,33.37,33.44,33.32,33.12,32.85,32.73,32.57,32.6,32.77,32.7,32.85,32.78,32.85,32.73,32.62,32.87,32.94,32.7,32.94,32.82,33.04,32.77,33.15,32.77,32.82,32.82,32.82,32.85,32.78,32.85,32.6,32.62,32.7,32.78,33.1,33.02,33.24,33.27,32.73,32.77,32.82,32.95,33.15,33.1,33.27,32.94,32.95,32.73,32.99,32.99,32.73,32.9,32.95,32.95,33.36,33.15,33.2,33.44,33.41,33.37,33.41,33.36,33.41,33.2,33.52,33.27,33.36,33.54,33.83,33.44,33.24,33.02,32.87,32.73,32.65,32.36,32.28,31.52,31.02,29.15,26.34,25.37,25.05,24.8,24.56,24.33
24.41,24.68,25.72,28.8,29.56,29.87,30.33,30.24,30.7,30.75,30.87,30.9,30.92,31.19,31.2,31.4,31.44,32.06,31.86,31.83,31.83,31.83,31.47,31.69,31.77,31.64,31.57,31.39,31.64,31.4,31.64,31.47,31.4,31.49,31.66,31.69,31.69,31.57,31.44,31.72,31.64,31.49,31.66,31.91,31.81,31.83,31.83,31.64,32.09,32.2,32.03,32.18,32.31,32.26,32.26,32.36,32.68,32.36,32.48,32.65,32.9,33.1,33.04,33.15,33.41,33.29,33.78,33.93,34.13,33.93,33.83,34.04,33.86,33.86,33.37,33.37,33.49,32.7,33.1,33.15,32.77,32.7,32.82,32.65,32.85,32.7,32.73,32.6,32.65,32.7,32.65,32.7,32.73,32.73,32.99,32.7,32.9,32.82,32.82,32.82,32.87,32.62,32.87,32.85,32.82,32.78,33.07,33.19,32.94,32.85,33.12,32.9,33.24,32.9,33.02,33.07,33.1,32.94,32.99,33.02,32.82,32.6,32.87,32.95,32.77,32.78,32.95,32.95,33.07,33.2,33.07,33.46,33.12,33.61,33.41,33.46,33.29,33.32,33.37,33.37,33.54,33.37,33.29,33.54,33.27,32.77,32.6,32.62,32.57,32.26,32.18,31.61,30.87,28.16,25.91,25.18,24.56,24.75,24.66,24.36
24.63,24.66,25.55,28.63,29.59,30.01,30.08,30.36,30.61,30.58,30.73,31.1,31.02,31.15,31.2,31.29,31.35,31.83,31.47,31.47,31.74,31.77,31.49,31.19,31.72,31.64,31.4,31.56,31.44,31.56,31.52,31.44,31.66,31.66,31.61,31.52,31.83,31.56,31.52,31.81,31.72,31.61,31.52,31.91,31.66,31.83,32.03,32.09,32.01,32.11,32.09,32.09,32.45,32.2,32.28,32.36,32.43,32.53,32.6,33.02,33.02,33.04,33.36,33.49,33.86,33.61,33.79,33.79,34.1,34.08,33.96,33.86,33.69,33.83,33.12,33.27,33.24,32.9,33.07,32.9,32.62,32.6,32.73,32.68,32.94,32.94,32.87,32.65,32.51,32.87,32.78,32.94,32.82,32.99,32.9,32.94,32.87,32.95,32.68,32.65,32.78,32.62,32.73,32.9,32.7,32.7,32.68,32.99,33.12,32.87,33.02,33.04,32.94,32.85,33.2,33.07,32.94,32.85,32.95,32.95,33.44,32.9,33.15,32.87,32.73,32.78,32.68,32.82,32.94,32.9,33.02,33.36,33.49,33.44,33.49,33.36,33.19,33.41,33.27,33.37,33.36,33.37,33.37,33.32,33.41,32.77,33.1,32.62,32.53,32.48,32.01,31.35,30.45,27.59,25.7,24.93,24.71,25.1,24.26,24.51
24.48,24.83,25.32,28.8,29.69,30.29,30.29,30.46,30.66,30.82,30.65,30.75,31.24,30.95,31.39,31.15,31.69,31.56,31.52,31.74,31.56,31.72,31.52,31.52,31.64,31.57,31.77,31.4,32.03,31.61,31.52,31.49,31.44,31.69,31.57,31.69,31.57,31.66,31.66,31.81,31.69,31.77,31.86,31.69,31.83,32.09,31.72,32.23,32.11,32.43,32.45,32.53,32.48,32.77,32.43,32.7,32.82,32.73,33.07,33.1,33.24,33.52,33.52,33.71,33.88,33.99,34.01,34.08,34.26,33.78,33.44,33.44,33.61,33.44,33.27,33.1,33.29,33.07,32.94,32.87,32.62,32.9,32.48,32.65,32.77,32.82,32.82,32.78,32.9,32.7,32.7,32.78,32.85,32.82,32.68,32.4,32.77,32.94,32.68,32.6,32.57,32.62,32.94,32.77,32.51,32.77,32.85,32.73,33.07,32.73,32.82,33.07,33.19,33.07,32.95,33.04,32.85,33.2,32.99,32.99,33.19,33.32,33.04,32.82,32.65,32.77,32.6,32.57,33.07,33.27,33.15,33.04,33.37,33.44,33.24,33.37,33.27,33.29,33.36,33.36,33.2,33.46,33.12,33.32,33.15,32.85,32.62,32.43,32.43,32.01,31.89,31.29,29.89,27.05,25.52,24.75,24.75,24.63,24.44,24.66
24.53,24.75,25.55,28.6,29.93,30.16,29.89,30.5,30.55,30.98,30.83,30.87,30.82,31.07,31.2,31.12,31.44,31.32,31.57,31.47,31.74,31.35,31.56,31.56,31.52,31.77,31.49,31.66,31.35,31.27,31.66,31.57,31.64,31.72,31.61,31.86,31.69,31.77,31.57,31.86,31.98,31.83,32.06,31.98,32.11,31.94,32.26,32.09,32.18,32.45,32.43,32.68,32.57,32.45,32.68,32.85,32.94,33.1,33.24,33.41,33.49,33.62,33.69,33.86,33.99,34.04,34.1,33.88,33.83,33.62,33.74,33.62,33.29,33.32,32.95,32.94,33.12,32.78,32.78,32.78,32.77,32.65,32.78,32.9,32.9,32.82,32.68,32.9,33.1,32.77,32.68,32.82,32.51,32.78,32.77,32.57,32.68,32.85,32.95,32.87,32.53,32.65,32.6,32.65,32.48,32.73,32.51,32.62,33.02,32.68,32.78,32.85,32.73,33.2,32.78,32.9,33.2,33.15,33.07,33.24,33.12,32.82,32.9,32.57,32.6,32.78,32.68,32.82,33.12,32.94,32.85,33.29,33.36,33.66,33.29,33.12,33.27,33.37,33.32,33.12,33.15,33.19,32.73,32.77,33.07,32.95,32.85,32.57,32.51,32.11,31.83,31.12,29.89,26.81,25.32,24.8,24.59,24.9,24.48,24.66
24.17,24.75,25.13,28.39,29.84,30.01,30.36,30.08,30.65,30.65,30.7,30.82,31.19,31.12,31.56,31.15,31.56,31.49,31.49,31.56,31.29,31.69,31.57,31.49,31.57,31.64,31.57,31.86,31.86,31.83,31.56,31.66,31.72,31.64,31.86,31.66,31.66,31.77,31.77,32.11,32.01,32.09,32.14,31.81,32.14,32.18,32.18,32.28,32.43,32.65,32.48,32.62,32.9,32.99,32.7,32.94,33.1,33.29,33.57,33.54,33.91,34.08,34.01,33.86,34.1,34.21,33.88,34.21,33.79,33.57,33.41,33.46,33.07,33.37,33.1,32.94,33.04,32.77,32.68,32.82,32.65,32.65,32.87,32.73,32.94,32.78,32.87,32.87,32.85,32.87,32.62,32.62,32.78,32.73,32.77,32.99,32.7,32.73,32.65,32.77,32.78,32.48,32.87,32.95,32.77,32.57,32.77,32.99,32.85,32.85,32.78,33.04,32.7,32.99,32.99,32.95,33.04,32.95,33.1,33.46,33.49,33.04,33.2,32.62,32.85,32.57,32.82,32.7,33.04,32.73,33.04,33.27,33.44,33.69,33.37,33.36,33.1,33.46,33.12,33.19,33.1,33.27,33.1,32.87,33.1,32.95,32.9,32.68,32.57,32.23,31.83,31.12,29.07,26.44,25.44,25.18,24.78,24.78,24.53,24.53
24.11,24.9,25.28,28.31,29.76,30.04,30.24,30.45,30.58,30.73,30.58,30.78,30.66,31.27,31.4,31.12,31.27,31.1,31.39,31.27,31.47,31.57,31.56,31.52,31.66,31.47,31.74,31.47,31.77,31.81,31.69,31.83,31.49,31.64,32.01,31.86,31.91,31.86,31.81,32.03,32.2,32.4,32.48,32.2,32.4,32.28,32.31,32.53,32.65,32.87,32.99,32.7,33.24,33.07,32.95,33.1,33.52,33.61,33.74,33.91,33.93,33.93,34.26,33.96,33.99,33.91,33.91,33.79,33.52,33.61,33.49,33.19,32.99,33.12,33.1,32.65,32.87,32.95,32.73,32.85,32.51,32.31,32.73,32.85,32.85,32.78,32.78,32.99,32.68,33.12,32.7,32.95,32.9,32.99,32.82,32.7,33.04,32.99,32.73,32.77,32.51,32.53,32.51,32.48,32.6,32.36,32.6,32.43,32.68,32.65,32.87,32.78,32.68,32.85,32.9,32.95,33.15,33.15,33.12,33.15,32.95,33.29,33.2,32.95,32.85,32.82,32.82,32.9,32.51,32.82,32.9,33.19,33.46,33.69,33.54,33.29,33.2,33.29,33.29,33.32,33.19,32.95,32.85,32.9,33.02,33.07,32.65,32.53,32.78,32.23,31.64,31.03,28.87,26.02,25.32,24.8,24.56,24.53,24.53,24.48
24.39,24.41,25.05,27.76,29.72,30.01,30.08,30.66,30.87,30.78,30.82,30.66,31.24,30.82,31.07,31.39,31.32,31.4,31.44,31.57,31.35,31.44,31.69,31.49,31.69,31.57,31.81,31.56,31.89,31.61,31.77,31.77,32.01,32.18,31.91,32.14,32.4,32.18,32.31,32.23,32.31,32.31,32.4,32.57,32.65,32.53,32.62,32.95,32.73,32.82,33.19,33.07,33.02,33.37,33.54,33.46,33.71,33.86,34.01,34.18,34.1,34.18,34.35,34.16,34.1,34.1,33.83,33.54,33.74,33.2,33.12,33.54,33.02,32.85,32.77,32.77,32.95,32.65,32.82,32.77,32.87,32.62,32.68,33.02,32.77,32.77,32.85,33.04,33.02,32.65,32.82,32.7,32.68,32.99,32.57,32.7,32.99,32.7,32.7,32.68,32.95,32.7,32.73,32.73,32.68,32.6,32.51,32.51,32.51,32.7,32.7,32.85,32.68,32.78,33.1,32.77,32.99,33.02,33.2,32.9,33.29,33.1,33.04,33.2,32.77,32.87,32.6,32.57,32.7,32.73,32.95,33.27,33.52,33.74,33.27,33.52,33.49,33.41,33.2,33.61,33.07,33.32,33.12,32.77,32.53,32.85,33.02,32.78,32.57,32.2,31.39,30.53,28.28,25.79,25.13,25.18,24.83,24.68,24.56,24.78
24.48,24.24,25.01,27.35,29.44,30.21,30.33,30.41,30.65,30.9,30.98,31.03,30.9,31.15,31.03,31.32,31.29,31.35,31.49,31.56,31.52,31.27,31.39,31.69,31.69,31.56,31.77,31.91,31.94,31.86,32.06,32.36,31.89,31.98,32.36,32.18,32.26,32.18,32.03,32.35,32.23,32.62,32.68,32.73,32.51,32.9,32.68,33.04,33.12,33.44,33.44,33.37,33.69,33.78,33.74,34.04,34.35,34.01,34.21,34.41,34.33,34.18,34.01,33.96,33.74,33.91,33.62,33.62,33.19,33.29,33.37,33.36,33.04,33.04,33.04,32.65,32.85,32.82,32.62,32.73,32.78,32.78,32.94,32.94,32.68,32.65,32.94,32.95,32.78,33.07,32.85,32.7,32.57,32.68,32.68,32.85,32.7,32.94,32.62,32.78,32.85,33.2,32.45,32.6,32.57,32.77,32.65,32.94,32.62,32.65,32.51,32.77,32.78,32.78,32.95,33.49,32.9,33.02,33.1,33.02,33.12,32.77,33.07,32.95,32.65,32.9,32.99,32.94,33.02,32.87,32.73,32.9,33.02,33.74,33.52,33.49,33.61,33.49,33.44,33.32,33.32,33.15,32.82,32.57,32.6,32.48,32.4,32.77,32.11,31.91,31.57,30.46,27.29,25.75,24.86,24.9,24.78,24.71,24.78,24.59
24.14,24.51,25.01,26.38,29.35,29.96,30.29,30.53,30.61,30.55,30.66,31.39,31.07,31.03,31.07,31.27,31.35,31.15,31.52,31.24,31.66,31.44,31.52,31.47,31.83,32.01,31.86,31.77,32.18,31.94,31.83,32.01,32.2,32.26,31.98,32.06,32.28,32.4,32.53,32.48,32.68,32.94,32.87,32.9,32.87,33.07,32.9,33.27,33.46,33.52,33.44,33.62,33.99,33.99,33.83,34.25,34.16,34.41,34.08,34.35,34.21,33.74,34.01,33.99,33.71,33.52,33.41,33.49,33.41,33.29,32.9,33.1,32.87,33.07,32.77,32.87,32.87,32.53,32.7,32.82,32.43,32.57,32.68,32.36,32.7,32.7,32.57,32.68,32.53,32.65,32.57,32.6,32.65,32.65,32.77,32.51,32.31,32.62,32.48,32.77,32.6,32.7,32.62,32.73,32.48,32.65,32.36,32.68,32.57,32.43,32.35,32.43,32.9,32.73,32.77,32.99,32.78,33.12,33.02,32.85,33.2,33.19,33.04,33.32,32.68,32.9,32.62,32.6,32.77,32.51,32.77,32.94,33.1,33.57,34.04,33.91,33.74,33.52,33.44,33.52,33.2,32.99,33.19,32.4,32.43,32.06,32.01,32.26,32.4,31.72,31.35,29.69,26.8,25.84,25.1,25.01,24.93,24.63,24.53,24.44
24.36,24.78,25.28,25.7,28.76,30.04,30.33,30.5,30.45,30.73,30.46,31.1,31.03,30.95,31.12,31.19,31.57,31.77,31.57,31.39,31.24,31.56,31.4,31.49,31.44,31.86,31.91,31.77,31.74,31.94,32.31,31.91,32.51,32.4,32.45,32.28,32.68,32.6,32.77,32.4,32.73,32.7,32.85,33.04,33.27,33.27,33.71,33.74,33.57,33.69,33.96,33.99,34.33,34.55,34.25,34.47,34.47,34.26,34.21,34.3,34.33,34.1,33.88,33.66,33.96,33.61,33.57,33.54,33.29,32.95,33.19,32.99,33.12,32.85,32.87,32.9,32.68,32.62,32.6,32.94,32.57,32.77,32.73,32.95,32.6,32.9,32.6,32.51,32.65,32.78,32.57,32.7,32.68,32.85,32.62,32.77,32.77,32.6,32.4,32.85,32.51,32.82,32.6,32.48,32.4,32.35,32.77,32.53,32.53,32.62,32.7,32.48,32.62,32.68,32.9,32.78,33.07,33.27,33.07,33.07,33.41,33.02,33.15,32.99,32.62,32.82,32.51,32.43,32.85,32.7,32.7,32.99,32.99,33.36,33.91,34.1,33.79,33.46,33.57,33.62,33.54,33.37,32.82,32.65,32.53,31.86,31.89,32.09,32.28,31.83,30.87,28.39,26.07,25.33,25.01,24.78,24.83,24.68,24.71,24.21
24.14,24.44,24.75,25.7,28.08,29.96,30.04,30.13,30.58,30.73,30.87,30.82,31.1,30.98,31.15,31.44,31.61,31.69,31.44,31.64,31.47,31.56,31.47,31.77,32.06,31.72,32.11,32.06,32.18,32.03,32.11,32.31,32.51,32.4,32.43,32.53,32.6,32.87,32.85,32.99,33.07,33.27,33.54,33.2,33.41,33.44,33.57,33.62,34.08,34.16,34.21,34.26,34.52,34.41,34.43,34.25,34.35,33.96,34.04,33.93,33.93,33.86,33.78,33.46,33.32,33.36,33.19,33.15,33.04,32.65,32.73,32.85,32.82,32.87,32.73,32.77,32.57,32.31,32.68,32.73,32.35,32.57,32.51,32.57,32.65,32.57,32.45,32.85,32.82,32.7,32.53,32.57,32.4,32.78,32.7,32.62,32.7,32.68,32.53,32.68,32.68,32.65,32.73,32.53,32.53,32.09,32.31,32.31,32.57,32.68,32.31,32.51,32.45,32.68,32.48,32.6,32.99,32.68,33.04,33.1,33.24,33.1,33.07,33.24,32.99,32.85,32.77,32.36,32.35,32.48,32.48,32.65,33.07,33.49,33.74,33.99,33.49,33.69,33.49,33.36,33.36,33.07,33.24,32.36,32.2,32.11,31.94,31.91,31.83,31.44,30.18,26.93,25.72,25.05,24.86,24.71,24.66,24.36,24.44,24.29
24.41,24.51,24.8,24.86,27.05,29.56,30.16,30.38,30.66,30.78,30.9,30.95,31.1,31.03,31.32,31.29,31.35,31.32,31.52,31.47,31.66,31.64,31.49,31.74,31.56,32.03,32.18,32.14,32.11,32.45,32.18,32.36,32.78,32.57,33.02,32.82,32.95,33.07,32.85,33.29,32.95,33.24,33.61,33.49,33.74,33.91,34.18,34.33,34.13,34.72,34.85,34.38,34.73,34.43,34.18,34.48,33.96,34.04,33.91,33.71,33.96,33.71,33.66,33.62,33.46,33.29,33.52,33.02,33.07,32.99,32.85,32.78,33.02,32.73,32.77,32.78,32.7,32.43,32.48,32.28,32.73,32.48,32.6,32.53,32.48,32.51,32.45,32.78,32.48,32.68,32.48,32.9,32.36,32.68,32.51,32.78,32.73,32.68,32.77,32.48,32.73,32.73,32.53,32.4,32.48,32.36,32.45,32.53,32.23,32.43,32.68,32.77,32.57,32.57,32.6,32.9,32.57,32.85,32.99,33.2,33.24,33.37,33.37,32.7,32.85,32.7,33.04,32.68,32.57,32.43,32.51,32.43,32.9,33.32,33.57,33.54,33.88,33.96,33.52,33.37,33.61,32.99,33.2,32.65,32.01,31.74,31.52,31.61,32.06,31.19,28.98,25.99,25.55,25.13,24.71,24.8,24.66,24.68,24.29,24.53
23.99,24.21,24.93,24.83,26.18,29.2,29.67,30.36,30.65,30.66,30.65,31.02,30.9,30.95,31.03,31.15,31.27,31.29,31.4,31.61,31.64,31.72,31.83,31.91,31.89,32.14,32.14,32.06,32.43,32.45,32.51,32.53,32.85,32.85,32.95,33.24,33.15,33.27,33.24,33.61,33.52,33.46,33.79,33.99,34.08,34.38,34.48,34.55,34.72,34.48,34.57,34.47,34.21,34.18,34.43,34.16,33.91,33.54,33.83,33.71,33.54,33.57,33.2,33.44,33.1,33.27,32.99,32.9,32.77,32.78,32.53,32.82,32.62,32.85,32.62,32.6,32.62,32.43,32.36,32.62,32.53,32.45,32.6,32.45,32.6,32.51,32.26,32.36,32.7,32.57,32.65,32.85,32.48,32.51,32.65,32.6,32.82,32.36,32.68,32.45,32.6,32.68,32.7,32.43,32.2,32.14,32.09,32.51,32.48,32.57,32.28,32.62,32.51,32.4,32.77,32.78,32.62,32.95,32.82,32.99,33.37,33.32,33.1,33.27,32.87,32.68,32.82,32.7,32.73,32.36,32.78,32.53,32.7,33.02,33.29,33.69,33.86,33.88,33.78,33.49,33.61,33.54,33.04,32.9,32.18,31.94,31.57,31.32,31.39,30.65,27.59,25.67,25.1,24.98,24.63,24.83,24.29,24.75,24.41,24.29
24.21,24.51,24.51,24.98,25.64,28.76,29.93,30.41,30.58,30.7,30.58,30.92,30.98,31.24,31.24,31.19,31.39,31.64,31.52,31.69,31.61,31.56,31.77,31.89,32.23,32.28,32.31,32.43,32.45,32.4,32.53,32.65,32.78,33.1,33.27,33.1,33.49,33.2,33.86,33.62,33.74,34.13,34.21,34.33,34.63,34.77,34.65,34.6,34.63,34.65,34.35,34.41,34.18,34.25,33.96,33.86,33.88,33.91,33.62,33.66,33.69,33.46,33.41,33.15,33.15,32.99,32.68,32.9,32.94,32.85,32.51,32.82,32.53,32.87,32.73,32.62,32.53,32.35,32.26,32.65,32.51,32.28,32.36,32.31,32.62,32.35,32.36,32.2,32.62,32.7,32.26,32.53,32.48,32.53,32.65,32.4,32.57,32.65,32.82,32.26,32.36,32.4,32.6,32.62,32.43,32.43,32.36,32.31,32.45,32.31,32.35,32.45,32.31,32.6,32.51,32.53,32.68,32.57,32.73,33.24,33.07,33.04,33.29,33.02,33.1,32.99,32.65,32.6,32.48,32.43,32.48,32.6,32.68,32.87,33.44,33.62,33.41,33.71,33.66,33.52,33.46,33.37,33.07,32.62,32.23,32.11,31.47,31.15,31.15,29.4,26.76,25.33,25.37,24.8,24.51,24.56,24.39,24.29,24.33,24.39
24.24,24.14,24.41,24.71,25.82,28.87,29.81,29.96,30.26,30.66,30.87,30.92,31.12,31.02,31.03,31.56,31.61,31.39,31.61,31.52,31.69,31.89,31.89,31.49,32.23,32.36,32.36,32.31,32.62,32.43,32.9,32.82,33.12,33.27,33.62,33.52,33.41,33.71,33.79,34.01,34.25,34.52,34.47,34.57,34.9,34.47,34.63,34.48,34.47,34.43,34.48,33.91,34.04,33.91,34.33,33.91,33.54,33.86,33.66,33.57,33.66,33.44,33.07,33.19,32.95,32.77,32.94,32.78,32.53,32.53,32.6,32.9,32.45,32.4,32.4,32.31,32.2,32.23,32.36,32.2,32.45,32.45,32.31,32.4,32.57,32.2,32.06,32.28,32.31,32.36,32.4,32.57,32.23,32.4,32.45,32.43,32.43,32.51,32.62,32.51,32.23,32.53,32.28,32.31,32.31,32.09,32.35,32.31,32.6,32.2,32.35,32.43,32.43,32.26,32.23,32.68,32.62,32.68,32.87,32.77,33.1,33.29,33.2,33.62,32.85,32.94,32.94,32.82,32.62,32.62,32.45,32.48,32.62,33.1,33.29,33.79,33.57,33.69,33.62,33.71,33.62,33.19,33.49,32.45,32.11,32.06,31.35,30.78,30.45,27.71,25.72,25.13,24.86,24.51,24.68,24.56,24.29,24.41,24.53,24.02
24.29,24.59,24.8,24.86,25.57,28.83,30.24,30.09,30.61,30.82,30.66,30.83,31.03,31.12,31.44,31.39,31.49,31.74,31.81,31.83,31.77,31.81,32.18,32.18,32.48,32.51,32.36,32.48,32.82,32.7,33.07,33.12,33.54,33.36,33.71,33.74,34.26,34.04,34.57,34.3,34.48,34.68,34.65,34.47,34.6,34.43,34.52,34.26,34.43,34.43,34.3,34.1,34.01,34.16,34.08,33.96,33.52,33.74,33.37,33.36,33.52,33.04,33.24,33.07,33.04,32.85,32.85,32.95,32.65,32.48,32.43,32.78,32.77,32.51,32.51,32.31,32.35,32.11,32.43,32.4,32.14,32.28,32.53,32.18,32.4,32.45,32.18,32.62,32.28,32.36,32.45,32.53,32.53,32.51,32.51,32.43,32.4,33.07,32.51,32.51,32.73,32.53,32.11,32.35,32.31,32.35,32.4,32.45,32.6,32.14,32.53,32.65,32.4,32.43,32.7,32.43,32.48,32.48,32.57,33.1,33.2,33.15,33.1,33.36,33.04,33.07,33.07,32.82,32.51,32.31,32.45,32.45,32.6,32.62,33.19,33.15,33.69,33.61,33.66,33.52,33.69,33.12,33.29,32.82,32.51,31.81,31.72,30.9,29.59,27.0,25.25,25.05,24.86,24.8,24.66,24.63,24.8,24.66,24.26,24.09
23.99,24.71,24.51,24.75,25.33,28.55,30.53,31.07,30.46,30.65,30.87,31.2,31.07,31.1,31.39,31.47,31.72,31.91,32.01,32.06,32.18,32.31,32.14,32.28,32.68,32.53,32.82,32.99,32.87,33.24,33.61,33.57,33.62,33.88,33.96,34.18,34.48,34.57,34.72,34.82,34.57,34.89,34.52,34.38,34.35,34.41,34.41,34.35,34.33,34.21,33.91,34.18,33.96,33.93,33.79,33.86,33.79,33.61,33.52,33.57,33.15,33.1,33.12,33.19,33.02,32.94,32.78,32.65,32.73,32.57,32.77,32.53,32.43,32.53,32.06,32.65,32.51,32.14,32.45,32.4,32.31,32.45,32.4,32.4,32.31,32.53,32.23,32.18,32.62,32.48,32.36,32.65,32.43,32.57,32.51,32.4,32.53,32.48,32.51,32.2,32.31,32.51,32.01,32.51,32.26,32.11,32.31,32.57,32.11,32.4,32.57,32.62,32.36,32.36,32.36,32.31,32.43,32.65,32.7,32.53,33.04,32.94,32.9,33.32,33.24,33.24,33.29,32.68,32.65,32.65,32.57,32.48,32.85,32.82,33.12,33.46,33.46,33.61,33.79,33.62,33.24,33.07,33.2,32.99,32.31,32.06,31.61,30.82,29.03,26.26,25.33,25.01,24.71,24.68,24.75,24.59,24.44,24.63,24.56,24.29
24.41,24.48,24.53,24.83,25.33,28.6,30.33,31.44,31.4,31.12,31.15,31.4,31.29,31.4,31.52,31.66,31.61,31.83,31.94,32.26,32.45,32.57,32.78,32.62,32.78,33.27,33.1,33.19,33.32,33.69,33.71,34.21,34.33,34.63,34.72,34.68,34.94,34.94,34.65,34.35,34.52,34.33,34.43,34.52,33.93,34.13,34.1,34.18,34.16,34.18,34.04,33.93,33.83,33.88,33.83,33.46,33.41,33.49,33.37,33.32,33.2,32.99,33.02,32.9,33.19,32.65,32.65,32.68,32.45,32.65,32.65,32.57,32.43,32.14,32.45,32.26,32.26,32.23,32.35,32.14,31.91,32.48,32.45,32.28,32.35,32.73,32.53,32.28,32.36,32.48,32.31,32.53,32.53,32.31,32.6,32.28,32.45,32.2,32.09,32.43,32.35,32.26,32.36,32.31,32.26,32.28,32.26,32.48,32.2,32.23,32.45,32.45,32.45,32.31,32.51,32.65,32.48,32.28,32.82,32.77,32.99,32.9,32.99,33.37,33.04,33.12,32.68,33.07,32.87,32.73,32.51,32.36,32.48,32.85,33.04,33.15,33.19,33.37,33.61,33.36,33.46,33.49,33.19,32.87,32.53,31.86,31.52,31.15,29.12,26.11,25.22,25.01,24.93,24.68,24.48,24.71,24.56,24.14,24.44,24.44
24.29,23.91,24.56,24.75,25.6,28.56,30.5,31.19,31.77,32.2,31.81,31.32,31.32,31.57,31.64,31.61,31.83,32.51,32.36,32.57,32.6,32.53,32.85,32.94,33.24,33.44,33.49,33.57,33.91,34.13,34.26,34.82,34.25,34.48,34.72,34.48,34.8,34.48,34.48,34.57,34.33,34.35,34.13,34.43,34.41,34.04,34.08,33.99,34.13,34.21,33.79,33.88,33.96,33.74,33.62,33.62,33.46,33.32,33.32,33.32,33.07,33.27,33.02,32.82,32.73,32.7,32.73,32.31,32.48,32.6,32.51,32.65,32.73,32.57,32.03,32.18,32.4,32.14,32.48,32.4,32.48,32.4,32.35,32.51,32.4,32.26,32.4,32.23,32.43,32.26,32.45,32.35,32.62,32.28,32.28,32.26,32.31,32.48,32.36,32.31,32.31,32.57,32.51,32.14,32.36,31.91,32.43,32.45,32.4,32.48,32.23,32.57,32.43,32.23,32.36,32.57,32.35,32.68,32.68,32.53,32.73,32.57,33.15,32.85,32.99,33.12,32.85,32.77,32.62,32.31,32.85,32.35,32.45,32.7,32.77,33.02,33.41,33.2,33.69,33.29,33.57,33.54,33.24,32.95,32.31,31.91,31.52,31.19,29.12,26.11,25.49,25.22,24.9,24.9,24.83,24.59,24.66,24.68,24.29,24.56
24.53,24.24,24.8,24.56,25.72,28.76,30.18,31.4,31.86,32.35,32.4,32.36,32.36,32.09,31.94,32.06,32.2,32.7,32.82,32.95,32.82,33.02,33.46,33.32,33.86,33.99,34.1,34.38,34.41,34.41,34.6,34.52,34.85,34.47,34.8,34.77,34.21,34.21,34.57,34.3,34.16,34.47,34.43,33.93,34.01,33.83,33.93,34.25,33.78,33.74,33.79,33.66,33.86,33.79,33.46,33.49,33.57,33.37,33.44,33.04,33.12,32.85,32.95,32.73,32.9,32.7,32.78,32.65,32.48,32.26,32.35,32.53,32.57,32.57,32.43,32.48,32.31,31.98,32.35,32.65,32.35,32.18,32.4,32.53,32.36,32.28,32.31,32.43,32.36,32.65,32.53,32.45,32.26,32.26,32.53,32.36,32.23,32.35,32.03,32.62,32.31,32.31,32.31,32.51,32.2,32.31,32.65,32.26,32.31,32.26,32.28,32.28,32.31,32.35,32.14,32.18,32.53,32.48,32.53,32.77,32.6,32.87,33.04,33.1,33.46,33.2,32.9,33.04,32.87,32.82,32.73,32.48,32.68,32.48,32.82,32.62,33.02,33.2,33.15,33.27,33.37,33.2,33.41,33.07,32.62,32.03,31.57,31.29,29.67,26.23,25.28,25.01,24.93,24.9,24.68,24.39,24.51,24.44,24.48,24.51
24.21,24.24,24.51,25.07,25.4,28.51,30.21,31.29,31.47,31.86,32.43,32.7,32.99,33.02,32.9,33.1,32.95,33.24,33.36,33.49,33.69,34.01,33.99,34.08,34.25,34.16,34.25,33.93,34.65,34.55,34.43,34.72,34.43,34.35,34.38,34.33,34.3,34.33,34.04,34.3,33.99,34.1,34.04,34.08,33.93,33.96,33.86,33.79,33.88,33.86,33.91,33.49,33.57,33.15,33.57,33.12,33.15,33.15,33.32,32.9,33.1,33.19,32.68,32.68,32.57,32.7,32.51,32.48,32.31,32.35,32.36,32.57,32.36,32.45,32.06,32.36,32.26,32.01,32.28,32.36,32.26,32.36,32.4,32.14,32.43,32.26,32.31,32.4,32.35,32.57,32.18,32.28,32.2,32.35,32.36,32.36,32.23,32.62,32.14,32.23,32.35,32.01,32.36,32.26,32.14,32.11,31.94,32.26,32.06,32.36,32.31,32.14,32.48,32.26,32.28,32.31,32.2,32.4,32.53,32.51,32.6,32.4,32.78,32.65,32.85,33.24,32.85,32.77,32.87,32.82,32.7,32.26,32.45,32.4,32.53,32.51,32.9,32.85,33.12,33.07,33.1,32.82,33.32,32.62,32.85,31.83,31.4,31.12,29.77,26.68,25.05,24.86,24.66,24.51,24.8,24.44,24.36,24.66,24.44,24.44
24.26,24.21,24.24,24.68,25.4,28.16,30.09,30.98,31.39,31.94,32.28,32.65,32.9,33.02,32.95,33.02,33.04,33.36,33.71,33.93,33.96,34.13,33.99,33.91,33.99,34.04,34.33,34.25,34.13,34.33,34.18,34.26,34.25,34.43,34.3,34.33,34.13,34.01,34.21,34.3,33.83,33.99,34.01,33.62,33.93,33.79,33.78,33.86,33.86,33.66,33.69,33.49,33.57,33.57,33.1,33.19,33.07,33.07,33.07,32.99,32.85,32.73,32.94,32.82,32.68,32.45,32.28,32.43,32.35,32.35,32.35,32.35,32.51,32.18,32.26,31.91,32.31,32.2,32.4,32.11,31.74,32.23,32.18,32.14,32.14,32.03,32.09,32.09,32.35,32.11,32.36,32.31,32.36,32.26,32.36,32.09,32.23,32.36,32.31,32.23,32.11,32.4,32.11,31.94,31.94,32.2,32.18,32.28,32.11,31.98,32.14,32.31,32.31,32.18,32.23,31.94,32.28,32.11,32.43,32.31,32.43,32.68,32.51,32.78,32.9,32.9,33.02,32.94,32.82,32.87,32.43,32.18,32.31,32.45,32.35,32.7,32.43,33.07,33.12,33.27,33.2,33.1,33.07,32.85,32.28,31.74,31.77,31.4,29.84,26.97,25.45,24.95,25.05,24.83,24.53,24.39,24.33,24.71,24.36,24.29
24.21,24.48,24.68,24.53,25.18,28.34,30.21,30.78,31.32,31.77,32.28,32.43,32.62,32.9,33.02,32.95,33.1,33.44,33.49,33.99,33.74,33.83,33.83,34.21,33.91,33.93,34.35,33.88,34.18,34.18,34.18,34.04,34.16,34.08,34.38,33.96,34.25,34.01,34.04,34.13,34.04,34.04,34.01,33.49,33.83,33.79,33.66,33.88,33.69,33.46,33.52,33.49,33.41,33.49,33.44,33.24,33.12,33.27,33.19,32.95,33.07,32.78,32.85,32.45,32.51,32.6,32.57,32.51,32.36,32.26,32.45,32.2,32.31,32.14,32.23,32.31,31.72,32.23,32.14,31.91,32.03,32.31,32.6,32.35,32.2,32.14,32.26,32.26,32.01,32.57,32.18,32.7,32.18,32.03,32.28,32.26,32.09,32.4,32.09,32.2,31.83,32.35,31.91,31.89,32.06,31.98,31.94,32.31,31.89,31.98,31.98,32.03,32.09,32.06,32.28,32.35,32.26,32.35,32.14,32.35,32.4,32.65,32.57,32.68,32.9,32.77,33.12,32.99,32.87,32.65,32.45,32.35,32.31,32.48,32.6,32.6,32.7,32.62,32.77,33.07,33.36,33.12,33.29,32.65,32.4,31.83,31.69,31.39,29.72,26.81,25.49,25.01,24.44,24.75,24.56,24.41,24.41,24.21,24.53,24.41
24.39,24.26,24.21,24.48,25.28,28.23,29.77,30.87,31.19,31.72,32.2,32.4,32.82,32.77,32.77,33.15,32.7,33.27,33.32,33.41,33.44,33.61,33.62,33.86,34.01,33.62,33.78,33.79,33.96,34.16,33.91,33.78,33.83,33.91,34.13,34.01,34.1,34.1,33.86,33.86,33.74,33.96,33.41,33.62,33.62,33.71,33.79,33.61,33.29,33.54,33.41,33.24,33.29,33.46,33.2,32.94,32.85,32.78,32.82,32.82,32.6,32.57,32.43,32.26,32.35,32.45,32.6,32.23,32.28,32.45,32.31,32.23,32.2,31.77,31.94,32.03,31.91,31.98,32.36,32.03,32.28,32.2,32.43,32.36,32.4,32.11,32.09,32.14,32.26,32.2,31.98,32.01,32.09,32.51,32.11,32.26,32.03,32.18,32.2,32.11,32.31,32.28,32.03,32.14,32.06,31.91,31.89,31.89,32.18,31.91,31.98,31.83,32.14,32.01,32.36,31.91,32.31,32.23,32.43,32.01,32.35,32.48,32.6,32.82,32.53,32.78,32.53,32.68,32.77,32.53,32.48,32.28,32.35,32.18,32.31,32.18,32.23,32.78,33.02,32.87,33.02,33.04,32.85,32.9,32.4,31.64,31.56,31.4,29.64,27.05,25.44,24.86,24.66,24.53,24.56,24.48,24.33,24.39,24.21,24.33
24.11,24.24,24.95,24.53,25.13,27.79,29.47,30.55,31.15,31.64,31.98,32.26,32.43,32.7,32.85,32.87,32.95,33.15,33.44,33.27,33.52,33.24,33.79,33.71,33.57,33.91,33.93,33.83,33.71,33.79,33.96,33.88,33.71,33.88,33.86,33.96,33.86,33.69,33.66,33.83,33.91,33.57,33.79,33.83,33.52,33.69,33.49,33.54,33.27,33.44,33.27,33.12,33.1,33.46,32.77,33.15,32.95,32.9,32.77,32.9,32.53,32.51,32.43,32.57,32.43,32.43,32.43,32.28,32.48,32.23,32.03,32.18,32.35,32.2,32.14,31.94,32.01,32.11,32.06,32.03,32.01,32.2,32.09,31.98,31.94,32.18,32.45,32.28,32.28,32.26,32.2,32.36,32.2,32.14,32.31,32.09,32.14,32.01,32.14,31.89,32.23,32.01,31.86,31.94,31.98,31.66,31.83,31.91,31.94,31.94,32.14,31.83,32.06,32.18,31.94,32.2,32.31,32.18,32.11,32.51,32.14,32.03,32.14,32.36,32.68,32.7,32.53,32.7,32.35,32.43,32.4,32.18,32.11,32.36,32.2,32.53,32.23,32.77,32.77,32.85,32.95,32.9,33.07,32.65,32.26,31.86,31.66,31.2,30.38,27.44,25.4,25.28,24.71,24.53,24.71,24.36,24.26,24.29,24.21,24.41
24.21,24.41,24.59,25.13,25.07,27.72,29.49,30.78,31.07,31.61,32.03,32.23,32.31,32.2,32.9,32.51,32.57,32.77,33.1,33.04,33.29,33.62,33.41,33.61,33.57,33.69,33.61,33.52,33.78,33.93,33.86,33.74,33.93,33.66,33.78,33.91,33.62,33.61,33.37,33.57,33.54,33.74,33.61,33.52,33.37,33.62,33.57,33.57,33.44,33.44,33.04,33.41,33.27,33.15,33.52,32.6,32.68,32.62,32.6,32.68,32.51,32.36,32.53,32.43,32.36,32.35,32.31,32.09,32.11,32.31,32.09,32.03,32.28,32.23,31.83,32.26,32.06,32.26,32.45,32.11,32.28,32.18,32.4,32.28,32.14,32.26,32.31,31.89,32.31,32.11,32.35,32.26,32.36,32.03,31.86,32.2,32.11,32.18,32.11,31.94,31.91,32.11,31.89,31.77,31.83,31.83,31.89,32.2,31.72,31.66,31.94,32.06,31.98,32.26,31.98,31.98,32.28,32.2,31.98,31.77,32.45,31.98,32.23,32.4,32.28,32.35,32.53,32.45,32.62,32.35,32.57,32.09,31.98,32.09,32.03,32.23,32.01,32.57,32.36,32.7,32.77,32.85,32.85,32.53,31.98,31.81,31.61,30.87,30.33,27.67,25.4,24.95,24.48,24.71,24.8,24.63,24.56,24.75,24.21,24.24
24.02,24.41,24.56,24.59,25.05,27.52,29.32,30.41,31.12,31.52,31.74,32.28,32.35,32.43,32.57,32.53,32.77,32.82,33.04,33.2,32.87,33.12,33.57,33.2,33.79,33.44,33.52,33.32,33.86,33.69,33.69,33.74,33.54,33.61,33.62,33.71,33.52,33.44,33.61,33.46,33.61,33.32,33.37,33.27,33.83,33.29,33.44,33.36,33.37,33.52,33.15,33.02,32.85,32.87,32.94,32.4,32.82,32.62,32.62,32.87,32.31,32.28,32.4,32.31,32.2,32.23,32.09,32.35,32.14,32.06,32.11,32.23,31.83,31.83,32.28,32.26,32.2,32.2,32.09,31.74,32.31,32.2,32.03,32.03,32.14,32.31,32.01,32.11,32.62,32.31,32.2,32.35,31.91,32.35,32.11,31.72,32.11,31.98,32.06,32.06,31.89,31.94,31.66,31.89,31.94,31.74,31.52,31.72,31.74,31.77,31.86,31.94,31.91,31.74,31.91,31.89,32.06,31.81,31.94,31.91,32.11,31.94,32.26,32.28,32.43,32.2,32.43,32.6,32.4,32.36,32.2,31.86,31.91,31.86,32.03,32.09,32.35,32.26,32.43,32.51,32.68,32.78,32.85,32.35,32.26,31.57,31.64,31.19,29.93,27.25,25.4,24.98,24.83,24.59,24.17,24.59,24.36,24.39,24.41,24.33
24.09,24.29,24.39,24.68,25.25,27.25,29.76,30.45,30.98,31.49,31.64,32.09,32.26,32.4,32.48,32.57,32.77,32.65,32.87,33.07,32.99,33.07,33.27,33.07,33.24,33.69,33.54,33.69,33.27,33.44,33.49,33.44,33.37,33.54,33.62,33.37,33.62,33.52,33.27,33.52,33.74,33.44,33.46,33.52,33.46,33.44,33.24,33.36,33.29,32.94,33.24,32.95,32.87,32.78,32.85,32.9,32.73,32.77,32.53,32.53,32.2,32.31,32.43,32.18,32.06,32.01,32.31,32.11,32.36,32.11,32.31,31.86,32.06,32.18,32.45,31.98,32.23,32.01,32.18,31.98,32.03,31.89,32.18,32.11,32.11,32.14,32.14,32.26,32.09,32.11,32.23,32.14,32.06,32.2,32.11,32.4,32.01,31.72,31.57,32.11,31.98,31.56,31.61,31.89,31.81,31.66,31.49,31.89,32.01,31.56,31.69,31.89,32.06,31.91,31.94,31.94,31.81,32.11,32.14,31.81,31.77,32.01,31.74,32.23,32.09,32.35,32.09,32.11,32.18,32.14,32.14,32.03,31.94,32.01,32.18,32.03,32.03,32.53,32.4,32.73,32.6,32.57,32.68,32.53,32.18,31.69,31.39,30.95,30.26,26.76,25.4,24.8,24.63,24.53,24.59,24.26,24.39,24.26,24.39,23.91
24.51,24.14,24.71,24.59,25.1,27.47,29.52,30.18,30.95,31.57,31.64,32.01,31.98,32.4,32.4,32.62,32.62,32.85,32.87,32.9,32.82,33.1,33.29,33.32,33.54,33.27,33.37,33.41,33.32,33.49,33.46,33.52,33.24,33.41,33.52,33.44,33.44,33.49,33.57,33.19,33.44,33.61,33.15,33.36,33.54,33.36,33.29,33.32,33.15,33.1,33.37,33.15,32.87,33.04,32.68,32.73,32.78,32.36,32.57,32.57,32.45,32.45,32.28,32.26,32.09,32.18,32.2,31.91,32.11,32.01,32.14,32.23,32.06,31.86,32.09,31.98,31.83,31.81,32.28,32.28,32.01,31.77,32.06,31.94,31.89,32.03,32.03,31.94,32.26,32.35,32.2,32.2,32.11,32.23,32.06,32.09,32.06,31.94,31.81,31.69,31.83,31.69,31.64,31.61,31.66,31.72,31.32,31.44,31.64,31.49,31.61,31.69,31.49,31.47,31.52,31.69,31.69,31.57,31.94,31.56,31.94,31.89,32.09,31.91,31.91,31.98,32.11,31.91,32.31,32.36,32.01,32.2,32.01,32.09,31.66,31.81,31.83,32.2,32.23,32.26,32.7,32.2,32.9,32.4,32.23,31.81,31.47,30.83,30.04,27.4,25.37,24.8,24.86,24.59,24.51,24.36,24.24,24.48,24.48,24.29
24.48,24.48,24.29,24.26,25.1,26.73,29.29,30.24,30.78,31.49,31.72,32.01,32.18,32.11,32.35,32.28,32.57,32.73,33.02,32.94,33.07,32.94,33.04,33.2,33.2,33.32,33.19,33.2,33.61,33.29,33.19,33.19,33.52,33.27,33.1,33.44,33.57,33.15,33.24,33.29,33.24,33.49,33.37,33.29,33.2,33.07,33.27,33.36,33.1,32.9,32.85,33.1,32.95,32.68,32.7,32.57,32.57,32.23,32.31,32.35,32.14,32.28,32.53,31.86,32.35,32.18,32.11,32.11,32.11,32.01,32.18,31.83,31.94,32.06,31.98,32.23,32.11,32.18,32.18,32.01,32.2,32.11,32.06,32.2,32.01,32.28,32.14,32.18,32.35,32.11,32.14,32.28,32.14,32.06,32.09,31.86,31.89,31.77,31.66,31.74,31.74,31.56,31.61,31.89,31.66,31.72,31.81,31.69,31.57,31.83,31.74,31.44,31.47,31.72,31.61,31.64,31.91,31.77,31.57,31.77,31.94,31.81,31.81,32.01,32.23,32.06,31.89,32.4,32.06,32.35,32.11,31.77,32.03,31.94,32.03,31.64,32.26,31.94,32.01,32.51,32.65,32.6,32.43,32.57,31.89,31.64,31.12,30.95,29.47,26.85,25.55,25.13,24.9,24.44,24.44,24.41,24.44,24.29,24.33,24.41
24.24,24.53,24.63,24.71,24.98,26.23,29.19,30.38,30.95,31.4,31.72,32.18,32.09,32.03,32.36,32.35,32.45,32.62,32.94,32.78,32.85,33.12,32.9,33.15,33.37,33.24,33.32,33.24,33.27,33.54,33.29,33.1,33.61,33.2,33.46,33.27,33.49,33.24,33.19,33.61,33.27,33.07,33.2,33.2,33.12,33.04,33.12,33.19,32.78,33.02,32.78,32.82,32.65,32.62,32.7,32.57,32.48,32.31,32.43,32.36,32.31,32.28,32.2,32.06,32.35,32.11,32.23,32.26,32.2,31.91,32.01,32.14,31.89,32.03,31.52,32.06,31.66,31.81,31.89,31.77,31.98,32.06,31.77,32.26,32.26,31.98,31.89,32.23,32.31,32.36,31.94,32.14,32.09,32.28,32.03,31.81,31.81,32.11,31.64,31.57,31.77,31.64,31.91,31.64,31.77,31.64,31.57,31.89,31.61,31.49,31.69,31.69,31.49,31.47,31.52,31.49,31.72,31.66,32.03,31.56,31.77,31.74,31.94,31.81,31.57,31.81,32.09,31.94,32.01,32.06,32.09,32.06,31.94,31.91,31.86,32.06,31.57,32.11,32.14,32.2,32.43,32.28,32.36,32.18,32.09,31.44,31.4,30.87,29.35,26.34,25.45,24.95,24.86,24.78,24.63,24.53,24.41,24.48,24.09,24.33
24.51,24.39,24.36,24.44,24.83,26.34,29.03,30.33,30.65,31.27,31.57,31.86,31.94,31.89,32.31,32.57,32.51,32.53,32.6,32.87,32.87,32.78,32.82,33.07,33.24,33.37,33.15,33.27,32.94,32.94,33.2,33.19,33.15,33.32,33.12,33.32,33.52,33.24,33.07,33.61,33.15,33.36,33.2,33.29,33.19,33.04,33.1,32.95,33.07,33.04,32.7,32.73,32.78,32.62,32.45,32.6,32.68,32.31,32.26,32.23,32.31,32.2,31.91,31.94,31.81,32.01,32.2,31.89,32.23,32.03,31.77,32.23,32.09,32.09,32.01,32.09,31.91,31.77,31.91,31.81,31.81,32.09,32.06,31.94,31.98,31.83,32.14,32.23,32.2,32.26,32.09,32.28,32.11,31.83,32.06,31.77,31.83,32.11,31.64,31.69,31.74,31.61,31.39,31.66,31.47,31.49,31.29,31.69,31.57,31.64,31.29,31.77,31.81,31.4,31.66,31.32,31.66,31.57,31.74,31.64,31.64,31.72,31.61,31.72,31.94,31.81,31.86,31.98,32.03,32.09,31.98,32.03,31.69,31.81,32.01,31.69,31.81,31.81,32.03,32.28,32.4,32.28,32.28,32.35,31.98,31.56,31.12,30.78,29.49,26.7,25.4,24.9,24.63,24.71,24.48,24.39,24.56,24.29,24.39,24.11
24.26,24.24,24.36,24.48,25.13,25.79,28.66,30.33,30.95,31.2,31.57,31.98,32.03,31.91,32.26,32.6,32.36,32.51,32.51,32.62,32.9,32.95,32.87,32.9,32.95,32.9,33.12,33.02,32.99,32.95,33.12,33.07,32.95,32.99,33.15,33.04,32.85,33.24,33.02,33.02,33.19,33.19,33.07,32.94,32.95,33.12,32.82,32.57,32.82,32.85,32.73,32.6,32.7,32.48,32.6,32.48,32.14,32.36,32.48,32.14,32.01,32.06,31.83,32.03,32.09,32.09,31.86,31.83,31.81,31.98,31.83,31.83,31.61,31.74,31.91,31.89,32.06,31.61,31.72,32.09,31.89,31.64,32.11,32.09,32.09,31.89,32.14,32.36,32.18,32.28,32.2,32.23,32.14,31.83,32.01,31.74,31.77,31.64,31.69,31.47,31.64,31.56,31.52,31.47,31.57,31.49,31.49,31.57,31.19,31.52,31.61,31.19,31.29,31.35,31.64,31.61,31.27,31.52,31.39,31.49,31.39,31.47,31.69,31.69,31.52,31.39,31.98,31.77,32.06,31.86,31.83,31.94,31.91,31.94,31.56,31.66,31.77,31.81,31.66,31.86,32.18,31.86,32.03,32.11,31.81,31.1,30.83,30.38,29.03,26.29,25.22,24.63,24.63,24.51,24.24,24.39,24.17,24.26,24.14,24.33
24.44,24.09,24.51,24.48,25.01,25.87,28.66,30.21,30.95,30.92,31.61,31.49,32.03,32.03,32.51,32.23,32.18,32.53,32.73,32.85,32.85,32.78,32.82,32.68,33.36,33.07,32.87,32.95,32.9,32.94,32.95,32.78,32.73,33.07,32.82,33.02,33.15,33.15,33.19,32.99,33.29,33.12,33.04,33.1,33.24,32.9,32.68,33.04,32.94,32.7,32.9,32.94,32.78,32.45,32.36,32.26,31.89,32.11,32.35,32.06,32.23,32.31,32.14,31.89,32.06,31.91,32.09,31.64,31.86,31.86,31.69,32.18,31.74,31.86,31.61,31.86,31.98,31.91,31.83,31.83,32.03,31.72,31.77,31.98,31.66,31.94,32.36,32.14,32.26,32.18,32.11,32.14,32.11,31.66,31.83,31.44,31.74,31.64,31.77,31.52,31.15,31.49,31.44,31.47,31.19,31.39,31.4,31.49,31.32,31.19,31.35,31.49,31.35,31.1,31.56,31.2,31.47,31.56,31.27,31.4,31.61,31.29,31.61,31.57,31.57,31.52,31.61,31.77,32.14,31.69,31.98,32.03,32.03,31.69,31.81,31.47,31.72,31.74,31.77,31.94,31.86,31.86,32.14,32.18,31.81,31.32,31.03,30.45,29.08,26.06,25.17,24.83,24.51,24.41,24.51,24.51,24.68,24.41,24.44,24.02
23.99,24.29,24.51,24.48,24.8,25.99,28.08,30.26,30.73,31.03,31.12,31.66,32.11,32.01,32.03,32.28,32.2,32.4,32.45,32.45,32.68,32.43,32.7,32.87,32.68,32.7,32.99,32.78,33.02,33.1,32.6,32.94,32.87,32.7,32.99,32.78,33.1,32.94,32.9,32.85,33.07,33.02,32.9,32.99,32.94,33.02,32.68,32.82,32.53,32.7,32.6,32.45,32.36,32.48,32.36,32.18,32.18,32.2,32.2,32.09,32.09,31.77,31.89,32.03,32.14,31.89,32.09,32.14,32.03,31.89,31.94,31.77,31.72,31.72,31.72,31.72,31.57,31.49,32.14,31.77,31.74,31.61,31.89,31.81,32.11,32.06,31.89,31.89,31.94,32.2,31.86,31.91,31.91,31.74,31.66,31.69,31.81,31.35,31.35,31.49,31.44,31.49,31.47,31.49,31.12,31.29,31.12,31.19,31.15,31.39,31.27,31.47,31.2,31.07,31.1,31.29,31.32,31.4,31.47,31.27,31.29,31.72,31.49,31.44,31.07,31.66,31.74,31.69,31.74,31.83,31.74,31.77,31.83,32.43,31.64,31.52,31.74,31.77,31.72,31.66,31.98,31.66,32.28,31.81,31.72,31.52,30.87,30.38,28.43,26.11,25.37,24.9,24.51,24.51,24.39,24.51,24.51,24.66,24.26,24.21
24.06,24.48,24.36,24.26,24.48,25.7,28.56,30.41,30.66,31.32,31.35,31.39,31.39,32.2,32.31,31.81,32.28,32.36,32.36,32.43,32.62,32.18,32.57,32.87,32.65,32.57,32.85,32.73,32.94,32.78,32.94,32.62,32.87,32.62,33.02,32.99,32.73,32.73,32.73,32.87,32.85,32.95,32.7,32.94,32.68,32.85,32.87,32.57,32.77,32.57,32.45,32.23,32.35,32.23,32.26,32.23,32.31,32.18,31.94,31.91,32.06,31.81,31.91,31.77,31.83,31.74,31.69,32.06,32.06,31.86,31.72,31.91,31.81,32.01,31.66,31.83,31.61,31.4,31.77,31.77,31.74,31.91,31.89,31.74,31.89,31.91,32.06,32.03,32.23,31.77,31.81,32.11,31.74,31.52,31.64,31.47,31.47,31.56,31.64,31.35,31.27,31.57,31.24,31.19,31.56,31.35,31.12,31.35,31.2,31.39,31.29,31.29,31.4,31.07,31.35,31.44,31.19,31.24,31.64,31.1,31.15,31.52,31.44,31.69,31.57,31.72,31.44,31.61,31.72,31.83,31.57,31.81,31.77,31.64,31.81,31.64,31.66,31.52,31.47,31.44,31.72,31.66,32.01,32.09,31.61,31.07,31.1,30.24,28.63,25.87,25.07,24.83,24.78,24.48,24.75,24.36,24.06,24.56,24.33,24.14
