30.04,30.46,30.46,30.65,30.45,30.66,30.75,30.9,31.12,31.2,31.02,31.03,31.24,31.35,31.47,31.83,31.77,31.89,31.94,32.03,32.45,32.48,32.4,32.6,32.62,32.45,32.65,32.53,32.45,32.36,32.2,32.28,32.03,32.14,32.4,32.35,32.43,32.35,32.26,32.09,32.28,31.81,31.91,31.56,30.65,27.99,24.83,23.64,23.3,23.11,23.27,23.08,23.52,23.37,23.94,23.75,23.84,23.87,24.09,24.09,25.32,30.21,32.11,32.6,32.57,32.87,33.02,32.99,32.77,32.95,33.02,33.29,33.36,33.37,33.24,33.1,33.2,33.15,33.12,33.19,33.12,33.2,32.87,32.95,32.87,32.95,32.85,32.78,32.6,32.45,32.68,32.73,32.82,32.57,32.68,32.57,32.43,32.26,32.68,32.26,32.43,32.35,32.48,32.36,32.18,31.64,31.19,28.04,24.33,23.75,23.42,23.18,23.08,22.66,23.18,23.0,22.58,22.91,22.69,22.66,22.66,22.66,22.54,22.63,22.54,22.78,22.91,23.15,23.27,23.23,23.69,24.29,25.79,27.44,28.31,29.39,29.69,29.81,30.18,29.96,30.33,30.08,30.29,30.18,29.77,30.01,30.08,30.45,29.98,30.16,30.18,29.84,30.18,29.98,29.87,29.89,30.24,29.44,30.09,29.81
30.29,30.5,30.41,30.38,30.73,30.41,30.83,30.58,30.82,31.02,30.98,31.27,31.03,31.56,31.39,31.72,31.77,31.94,32.28,32.28,32.2,32.26,32.36,32.78,32.62,32.77,32.82,32.53,32.62,32.23,32.53,32.2,32.4,32.18,32.43,32.36,32.14,32.31,32.28,32.31,32.4,32.35,31.89,32.01,31.47,30.82,27.81,24.83,23.45,23.38,23.57,23.37,23.52,23.38,23.57,23.67,23.91,24.11,24.68,25.4,28.14,32.03,32.6,32.85,32.68,32.6,32.87,32.94,32.77,32.82,33.04,32.94,33.12,32.94,33.19,33.19,32.95,33.32,33.27,33.15,32.94,33.27,33.12,33.07,32.85,32.82,32.65,32.68,32.85,32.57,32.9,32.78,32.51,32.48,32.48,32.36,32.43,32.7,32.57,32.31,32.26,32.23,32.26,32.11,32.18,31.66,31.39,27.72,24.17,23.38,23.37,23.15,23.27,22.96,23.18,22.85,23.03,22.66,22.88,22.69,22.78,22.73,22.66,22.78,22.66,22.78,22.93,22.76,23.52,23.87,25.33,27.37,28.46,29.47,29.52,30.08,29.96,30.18,30.5,30.21,30.45,30.21,30.04,30.41,30.26,30.29,30.18,30.21,30.16,30.29,30.24,30.08,29.93,29.96,29.89,29.81,29.76,29.89,29.89,29.87
30.38,30.38,30.5,30.61,30.55,30.73,30.75,30.75,30.87,30.9,30.83,31.32,31.32,31.49,31.32,31.77,31.86,31.89,32.06,32.09,32.4,32.45,32.6,33.04,32.82,32.65,32.57,32.35,32.28,32.01,32.09,32.14,32.36,32.06,32.4,32.68,32.31,32.31,32.28,32.51,32.51,32.26,32.45,32.28,32.09,31.56,30.73,28.19,24.93,23.64,23.57,23.45,23.64,23.99,24.36,24.44,25.13,25.7,26.93,29.2,31.83,32.68,32.87,33.02,33.04,32.51,33.19,32.95,32.78,32.85,32.99,32.85,33.1,33.15,32.9,32.95,33.15,33.32,33.41,33.37,33.04,33.19,32.94,33.2,33.07,32.82,32.6,32.82,32.87,32.68,32.82,32.85,32.62,32.7,32.62,32.85,32.68,32.51,32.48,32.53,32.43,32.2,32.4,31.81,31.81,31.57,31.24,27.49,24.33,23.69,23.37,23.38,23.08,23.18,23.11,23.06,22.61,22.76,22.93,22.88,22.96,22.85,22.66,23.23,22.76,23.27,23.27,23.48,24.95,26.88,28.48,29.61,29.96,29.93,30.21,30.53,30.41,30.55,30.55,30.55,30.53,30.55,30.46,30.58,30.46,30.36,30.41,30.29,30.33,30.5,30.26,30.21,30.18,29.76,30.01,30.09,30.08,29.35,29.61,29.81
30.36,30.58,30.65,30.65,30.75,30.92,30.82,30.77,30.83,30.9,30.9,31.12,31.15,31.39,31.27,31.52,31.81,31.98,32.4,32.2,32.4,32.68,32.73,32.57,32.85,32.36,32.31,32.26,32.28,31.91,32.06,32.06,32.26,32.45,32.31,32.31,32.23,32.4,32.62,32.62,32.51,32.62,32.48,32.35,32.36,32.36,31.69,30.83,28.56,24.93,24.24,23.82,24.33,24.48,25.37,27.02,28.95,30.21,31.66,32.28,32.6,33.04,33.15,32.9,33.29,33.04,32.68,32.95,32.73,32.99,32.85,32.9,32.99,32.87,32.94,32.85,33.24,33.2,33.15,33.32,33.32,33.12,33.07,33.04,32.9,33.2,32.73,32.77,32.82,32.77,32.57,32.62,32.6,32.87,32.87,32.53,32.7,32.57,32.48,32.35,32.43,32.09,32.18,32.06,31.64,31.74,31.32,27.87,24.48,23.48,23.42,23.22,23.06,22.81,22.96,22.69,23.08,22.58,22.85,22.93,22.76,22.73,23.08,23.0,23.37,23.37,24.59,26.11,28.16,29.27,29.87,30.36,30.73,30.33,30.58,30.61,30.95,30.83,30.87,30.95,30.65,30.9,30.75,30.58,30.73,30.58,30.83,30.26,30.45,30.38,30.21,30.29,30.16,30.24,30.04,29.84,29.84,29.81,29.69,29.44
30.45,30.53,30.75,30.78,30.73,30.5,30.55,30.55,31.02,31.2,31.4,30.98,30.87,31.32,31.44,31.81,31.91,31.94,32.06,32.23,32.26,32.45,32.62,33.04,32.9,32.43,32.35,32.28,32.11,31.83,32.06,32.4,32.4,32.2,32.45,32.51,32.53,32.48,32.35,32.31,32.85,32.45,32.65,32.68,32.57,32.36,32.2,31.81,31.19,28.88,25.87,24.59,25.6,27.64,29.61,30.78,31.52,32.35,32.45,32.57,33.04,33.24,32.95,33.32,33.15,32.87,33.2,32.7,33.07,33.04,32.77,32.94,32.78,32.99,33.02,33.15,33.44,32.94,33.2,32.99,33.07,33.12,33.07,32.85,33.36,32.95,32.95,32.99,33.07,32.9,32.85,32.85,32.73,32.95,32.53,32.51,32.45,32.68,32.53,32.26,32.43,32.28,32.28,31.89,31.83,31.77,31.66,28.31,24.53,23.69,23.48,23.18,22.96,23.06,23.3,22.85,22.88,22.91,22.93,23.06,22.76,23.15,22.96,23.42,24.06,25.25,27.72,29.32,30.08,30.33,30.53,30.87,30.87,30.53,30.82,31.03,30.65,31.12,31.2,30.87,31.03,31.1,30.78,31.03,30.92,30.75,31.07,30.58,30.55,30.18,30.53,30.24,30.09,30.16,29.96,29.89,29.84,30.08,29.72,29.84
30.78,30.38,30.78,30.73,30.61,30.9,30.9,30.83,30.98,30.95,30.83,31.29,31.39,31.44,31.66,31.52,32.03,32.23,32.14,32.7,32.73,32.53,32.9,32.82,32.77,32.51,32.23,31.83,31.89,31.72,31.91,31.86,32.01,32.09,32.2,32.43,32.53,32.36,32.35,32.62,32.78,32.65,32.68,32.77,32.57,32.73,32.28,32.2,32.06,31.56,30.01,28.39,29.89,31.15,31.64,31.91,31.94,32.28,32.77,33.15,33.54,33.41,33.32,33.2,33.12,33.19,32.9,33.02,33.04,32.73,32.87,32.82,32.7,32.77,32.68,33.1,33.19,32.73,33.1,33.02,33.02,32.82,33.1,33.36,32.99,32.9,33.02,32.78,32.82,32.7,32.87,32.99,32.7,32.68,32.95,32.48,32.31,32.35,32.4,31.94,32.11,32.26,32.01,32.06,31.81,31.83,31.52,29.07,25.17,23.87,23.48,23.72,23.11,23.23,23.23,22.78,23.06,23.15,23.22,23.08,23.38,23.38,23.87,24.95,26.85,28.98,29.72,30.26,30.41,30.38,30.78,30.7,30.95,30.78,31.15,31.03,31.02,31.35,30.95,31.03,31.07,31.15,31.24,31.52,30.95,31.02,30.92,30.83,30.65,30.5,30.33,30.36,30.18,30.21,29.98,29.93,30.18,30.13,29.87,29.64
30.21,30.38,30.45,30.61,30.82,30.5,30.73,30.83,30.98,31.03,31.19,31.12,31.2,31.12,31.49,31.66,31.98,32.18,32.43,32.45,32.48,32.7,33.15,32.78,32.65,32.28,31.91,31.74,31.81,31.89,31.94,31.86,32.36,32.23,31.94,32.4,32.45,32.23,32.36,32.62,32.65,32.7,32.82,32.78,32.36,32.36,32.43,32.45,32.43,32.31,31.77,31.49,31.74,32.4,32.35,32.51,32.43,32.65,32.94,33.37,33.07,33.19,33.54,33.71,33.46,33.36,33.29,33.04,32.9,33.02,32.87,32.78,32.78,32.9,32.95,32.78,32.95,33.04,32.99,32.78,33.04,32.82,32.85,32.94,33.15,32.95,32.73,32.82,32.77,32.82,32.78,32.65,32.57,32.51,32.43,32.36,32.28,32.48,32.18,32.14,32.09,32.09,31.91,32.11,32.03,31.77,31.91,30.98,27.35,24.8,23.6,23.45,23.45,23.11,22.88,23.06,23.08,23.15,23.27,23.18,23.48,24.39,26.19,28.31,30.08,30.18,30.73,30.78,30.82,30.82,30.98,30.92,30.7,30.73,31.03,31.35,31.27,31.1,31.52,31.2,31.39,31.27,31.27,31.32,31.03,31.2,30.82,30.46,30.66,30.38,30.26,30.18,30.26,30.13,30.09,29.96,30.04,30.04,29.89,29.59
30.53,30.61,30.46,31.1,30.58,30.83,30.9,30.92,30.82,30.92,31.29,31.24,31.47,31.52,31.49,31.77,32.03,32.23,32.28,32.62,32.53,32.95,32.7,32.77,32.45,32.28,31.89,31.49,31.86,31.89,31.77,31.66,31.94,31.89,31.89,32.31,32.36,32.57,32.4,32.4,32.53,32.51,32.65,32.57,32.48,32.6,32.65,32.62,32.4,32.43,32.48,32.28,32.14,32.2,32.82,32.77,32.85,32.62,32.87,33.15,33.12,33.61,33.49,33.57,33.71,33.49,33.36,33.1,33.04,32.95,32.95,32.78,32.65,33.29,32.78,32.94,33.15,32.82,32.73,32.7,32.82,32.77,32.77,32.7,32.77,32.62,32.9,32.62,32.65,32.68,32.78,32.36,32.45,32.51,32.43,32.26,32.01,32.43,32.11,32.11,32.48,31.94,32.14,32.03,31.98,32.28,32.23,32.23,30.66,26.93,24.78,23.69,23.69,23.42,23.23,23.38,23.3,23.48,23.48,24.21,25.13,28.04,29.67,30.16,30.7,30.75,30.82,31.12,30.75,30.78,30.87,30.98,31.02,31.2,31.15,31.15,31.24,31.57,31.39,31.56,31.69,31.69,31.35,31.4,31.35,30.98,30.83,30.75,30.46,30.53,30.7,30.41,30.13,30.04,30.26,30.09,30.01,29.67,29.89,30.24
30.41,30.33,30.45,30.87,30.87,30.61,30.98,30.65,30.82,31.27,30.7,31.32,31.19,31.27,31.77,31.89,31.98,32.48,32.6,32.7,32.65,33.1,32.78,32.48,32.2,31.66,31.49,31.77,31.56,31.56,31.49,31.81,32.06,31.72,31.86,31.94,32.06,32.2,32.2,32.31,32.6,32.36,32.48,32.43,32.6,32.51,32.53,32.48,32.36,32.28,32.65,32.51,32.73,32.31,32.65,33.02,32.95,32.82,33.04,33.12,33.2,33.32,33.46,33.57,33.83,33.46,33.74,33.29,33.12,32.85,33.24,32.82,32.85,32.99,32.65,32.7,32.51,32.48,32.7,32.51,32.48,32.7,32.53,32.73,32.45,32.85,32.51,32.94,32.45,32.45,32.68,32.51,32.2,32.31,32.26,32.11,32.2,32.26,32.31,32.45,32.23,32.11,32.28,32.28,32.2,32.6,32.53,32.09,31.81,30.82,28.08,25.17,23.97,23.69,23.38,23.48,23.48,24.09,25.55,27.55,29.24,30.21,30.65,30.87,30.98,31.19,31.4,31.1,30.92,30.5,30.65,31.07,30.82,31.15,31.07,31.15,31.32,31.66,31.74,31.86,31.69,31.74,31.66,31.66,31.52,31.39,30.9,30.9,30.7,30.55,30.21,30.08,30.13,30.26,29.84,29.84,30.13,29.93,29.69,29.69
30.66,30.46,30.83,30.98,30.66,30.65,30.98,31.02,31.1,30.95,31.1,31.47,31.12,31.57,31.86,31.98,32.2,32.36,32.6,32.62,32.9,33.15,32.48,32.36,31.86,31.74,31.56,31.49,31.39,31.4,31.74,32.03,31.98,31.66,32.14,32.06,32.06,32.31,32.14,32.31,32.43,32.6,32.31,32.35,32.53,32.43,32.23,32.35,32.53,32.4,32.4,32.43,32.73,32.6,32.62,32.65,32.77,32.87,32.7,33.12,32.73,32.85,33.19,33.54,33.52,33.93,33.79,33.36,33.36,33.41,32.62,33.32,32.51,32.7,32.73,32.78,32.57,32.57,32.48,32.23,32.51,32.28,32.51,32.57,32.45,32.57,32.53,32.26,32.06,32.28,32.4,32.28,32.18,32.09,32.45,32.2,32.23,32.03,32.14,32.51,32.36,32.51,32.36,32.53,32.43,32.43,32.7,32.48,31.98,31.57,30.9,28.48,25.52,23.99,23.6,23.87,25.05,27.05,29.15,29.81,30.53,30.9,31.07,31.29,31.29,31.32,31.32,31.02,31.03,31.03,30.73,31.1,30.9,30.7,31.35,31.32,31.47,31.49,31.66,32.03,31.94,31.98,31.77,31.74,31.4,31.24,31.03,30.9,30.66,30.53,30.24,30.33,30.26,30.21,30.18,30.26,29.84,30.01,29.98,29.81
30.41,30.92,30.83,30.87,30.92,30.95,30.98,31.12,31.1,30.98,31.44,31.24,31.69,31.86,31.94,32.01,32.35,32.45,32.43,32.87,32.82,32.62,32.31,32.18,31.91,31.66,31.64,31.64,31.39,31.61,31.69,31.61,31.44,31.77,31.91,32.11,32.2,32.43,32.31,32.53,32.26,32.06,32.43,32.23,32.06,32.62,32.51,32.43,32.6,32.57,32.78,32.77,32.4,32.85,32.87,32.65,32.65,32.94,32.82,32.94,33.24,32.94,33.15,33.46,33.78,33.79,33.86,33.93,33.88,33.46,33.36,33.07,32.68,32.82,32.82,32.65,32.45,32.53,32.57,32.31,32.4,32.4,32.36,32.28,32.26,32.57,32.43,32.53,32.26,32.2,32.23,32.36,32.09,32.18,32.01,32.03,32.01,32.2,32.23,32.23,32.57,32.4,32.7,32.7,32.43,32.78,32.65,32.82,32.18,32.09,31.61,30.92,28.68,25.22,24.63,25.91,28.31,29.96,30.41,30.82,31.2,31.1,31.4,31.29,31.32,31.64,31.29,30.78,31.03,30.9,31.2,31.12,30.87,31.2,30.92,31.03,31.39,31.66,31.69,31.98,32.28,32.35,31.72,31.81,31.77,31.4,31.39,31.07,30.66,30.7,30.66,30.38,30.33,30.24,30.24,30.01,30.16,30.01,29.96,30.13
30.61,30.7,31.03,31.19,30.95,30.75,31.02,30.9,31.15,31.39,31.39,31.35,31.44,31.77,31.98,32.06,32.35,32.43,32.68,32.85,32.62,32.31,32.03,32.06,31.74,31.61,31.39,31.49,31.4,31.35,31.64,31.72,31.72,31.91,32.14,31.64,32.09,32.03,32.01,32.2,32.01,32.31,32.31,32.45,32.14,32.23,32.48,32.28,32.65,32.35,32.77,32.48,32.35,32.85,32.36,32.68,32.9,32.7,32.78,32.77,32.82,32.9,33.02,33.19,33.32,33.29,33.66,33.46,33.49,33.29,33.24,32.94,32.77,32.87,32.68,32.65,32.65,32.31,32.11,32.28,31.89,32.14,31.91,32.23,32.14,32.43,32.01,32.18,31.81,32.26,32.11,32.06,31.83,32.01,32.18,32.01,32.11,32.09,32.31,32.03,32.48,32.43,32.73,32.62,32.78,32.85,32.7,32.35,32.35,32.11,31.66,31.81,30.66,28.02,26.65,28.83,30.16,30.7,30.95,30.95,31.47,31.57,31.66,31.57,31.4,31.44,30.98,31.19,31.03,31.02,30.82,30.7,30.87,30.98,30.78,31.27,31.24,31.32,31.89,32.28,32.45,32.14,32.23,31.94,31.83,31.29,31.39,30.78,30.95,30.53,30.61,30.29,30.26,30.45,30.08,30.16,30.08,29.84,29.89,30.08
30.33,30.55,30.73,31.07,30.98,30.7,31.07,30.98,31.2,30.9,31.47,31.64,31.72,31.89,32.23,32.48,32.48,32.87,32.82,32.65,32.4,32.18,31.89,31.81,31.69,31.4,31.15,31.49,31.66,31.39,31.57,31.66,31.81,31.64,31.94,31.77,32.14,31.89,31.83,31.81,32.03,32.03,31.98,32.11,31.94,32.06,32.28,32.06,32.11,32.26,31.98,32.2,32.18,32.26,32.14,32.45,32.48,32.62,32.73,32.78,32.43,32.85,32.65,33.02,32.9,33.41,33.62,33.69,33.44,33.37,33.27,33.04,32.95,32.9,32.43,32.48,32.36,32.43,32.26,31.89,32.06,32.06,32.03,32.11,31.94,31.86,32.03,32.09,31.72,31.83,31.66,31.86,31.39,32.09,31.89,31.74,32.01,31.89,32.36,32.2,32.31,32.73,32.87,32.85,32.87,32.68,32.6,32.31,32.36,32.06,32.14,32.18,31.83,30.5,30.24,30.75,31.19,31.35,31.74,31.4,31.74,31.47,31.44,31.29,31.39,31.27,31.27,31.15,31.03,31.15,30.9,30.95,31.07,30.92,30.95,30.95,31.15,31.39,31.66,32.01,32.06,32.36,32.36,31.91,31.81,31.49,31.44,31.2,30.9,30.73,30.65,30.33,30.26,30.46,30.09,29.77,29.77,30.04,29.87,30.09
30.7,30.98,30.95,30.9,30.98,31.1,31.19,30.83,31.24,31.35,31.49,31.47,31.69,31.89,32.51,32.65,32.48,32.62,32.78,32.51,32.48,32.06,32.23,31.86,31.57,31.29,31.47,31.39,31.39,31.12,31.29,31.69,31.89,31.89,31.74,32.06,31.83,31.98,31.74,31.72,32.06,32.01,31.66,31.94,32.06,31.91,31.74,32.09,32.03,32.09,32.18,31.94,32.36,32.18,32.28,32.36,32.45,32.23,32.77,32.36,32.48,32.78,32.85,32.82,32.65,33.19,32.95,33.36,33.27,33.27,33.41,33.19,32.94,33.1,32.82,32.73,32.53,32.31,32.18,31.83,32.23,31.72,31.72,31.94,31.74,31.72,31.74,31.72,31.69,31.74,32.01,31.64,31.81,31.86,31.86,32.18,32.01,32.36,32.35,32.28,32.36,32.6,32.7,32.65,32.7,32.82,32.31,32.03,32.11,32.14,32.09,32.51,32.26,31.81,31.69,32.11,31.72,31.91,32.03,32.01,31.64,31.61,31.66,31.35,31.35,31.24,31.24,31.39,31.2,30.82,30.98,31.1,31.1,31.2,31.24,31.2,31.27,31.64,31.86,32.18,32.53,32.26,32.36,32.43,31.74,31.74,31.4,31.24,30.95,30.98,30.7,30.55,30.38,30.29,30.33,30.18,30.09,29.69,30.09,29.87
30.7,31.15,31.07,30.95,30.95,30.95,30.82,31.07,31.2,31.2,31.61,31.91,31.83,32.2,32.36,32.43,32.73,32.36,32.57,32.35,32.18,31.83,31.89,31.4,31.56,31.44,31.1,31.24,31.19,31.39,31.52,31.52,31.61,31.44,31.86,31.81,31.61,31.61,31.83,31.69,31.74,31.98,31.81,31.66,31.86,31.74,31.56,31.72,31.47,31.72,31.83,31.91,31.89,31.74,31.91,32.35,31.94,32.06,32.48,32.35,32.2,32.43,32.45,32.77,32.68,32.73,32.87,32.95,33.02,33.24,32.94,33.15,32.9,32.85,32.73,32.68,32.53,32.2,31.89,31.77,31.86,31.66,31.57,31.74,31.72,31.57,31.57,32.06,31.77,31.49,31.66,32.01,31.91,31.94,31.94,31.74,32.14,32.09,32.43,32.51,32.53,32.6,32.77,32.87,32.36,32.6,32.28,31.89,32.31,32.31,32.65,32.94,32.18,32.11,32.11,32.01,32.28,32.53,31.98,31.74,31.83,32.01,31.47,31.64,31.29,31.47,31.2,31.19,31.29,30.95,30.87,31.19,31.1,31.1,30.83,31.12,31.15,31.83,32.01,32.14,32.36,32.36,32.31,32.01,31.94,31.74,31.35,31.39,31.19,31.07,30.87,30.75,30.45,30.13,29.98,30.04,30.16,29.76,29.89,29.89
30.7,31.12,31.02,31.2,30.9,31.03,31.02,30.92,31.03,31.35,31.47,31.66,32.45,32.48,32.45,32.6,32.53,32.53,32.51,32.11,32.2,31.81,31.86,31.61,31.49,31.44,31.1,31.24,31.12,31.19,31.39,31.44,31.49,31.64,31.4,31.52,31.47,31.2,31.47,31.49,31.2,31.27,31.69,31.64,31.72,31.35,31.69,31.64,31.72,31.86,31.86,31.83,31.66,31.56,31.49,32.06,31.94,31.57,32.14,32.03,32.31,32.28,32.35,32.48,32.45,32.65,32.68,32.9,32.73,32.82,32.95,32.87,32.85,32.65,32.4,32.65,32.48,32.36,32.45,32.11,31.91,31.64,31.64,32.01,31.57,31.77,31.44,31.44,31.77,31.64,31.66,31.86,31.56,31.72,32.09,31.89,31.98,32.26,32.31,32.57,32.31,33.02,32.87,32.53,32.36,31.91,32.2,32.4,31.94,32.26,32.36,32.6,32.23,32.18,32.31,32.45,31.91,32.18,32.23,32.09,31.94,31.72,31.61,31.44,31.52,31.56,31.52,31.27,31.27,31.39,31.07,31.32,31.35,31.03,31.03,31.2,31.15,31.35,31.86,31.91,32.45,32.57,32.73,32.53,32.06,31.98,31.91,31.2,31.32,30.95,30.78,30.58,30.45,30.33,30.21,30.18,30.04,30.09,30.13,29.77
30.78,31.19,31.07,31.35,31.03,31.07,31.49,31.15,30.92,31.66,31.49,32.09,32.09,32.65,32.77,32.51,32.73,32.35,32.14,31.98,32.06,31.74,31.39,31.69,31.19,31.02,31.39,31.15,31.15,31.07,31.27,31.27,31.27,31.4,31.72,31.74,31.4,31.52,31.27,31.61,31.39,31.49,31.32,31.4,31.52,31.29,31.66,31.64,31.12,31.47,31.44,31.72,31.66,31.57,31.91,31.86,31.94,31.66,31.72,32.01,32.09,32.2,32.14,32.26,32.06,32.45,32.65,32.65,32.68,32.65,33.07,32.62,32.9,32.99,32.45,32.53,32.6,32.31,32.2,32.03,31.94,31.52,31.86,31.64,31.47,31.56,31.69,31.69,31.29,31.27,31.74,31.72,32.06,31.64,32.01,32.11,32.14,32.26,32.28,32.35,32.57,32.65,32.36,32.26,32.36,32.45,32.09,32.18,32.36,32.14,32.73,32.36,32.65,32.51,32.62,32.4,32.4,32.62,32.53,31.89,31.94,31.86,31.81,31.61,31.69,31.64,31.69,31.29,31.39,31.35,31.12,31.03,31.19,30.98,30.98,31.03,31.39,31.47,32.03,32.03,32.68,32.51,32.51,32.53,32.06,31.86,32.09,31.56,31.2,31.4,31.03,30.7,30.58,30.83,30.13,30.5,30.33,30.21,30.36,30.18
30.73,31.03,30.98,31.35,31.32,30.92,31.03,30.92,31.4,31.49,31.72,32.01,32.73,32.51,32.4,32.7,32.31,32.28,32.09,31.98,31.44,31.52,31.64,31.35,31.4,31.12,31.15,31.07,31.24,31.2,31.07,30.95,31.03,31.03,31.44,31.29,31.24,31.47,31.24,31.2,31.1,31.39,31.44,31.49,31.39,31.24,31.2,31.29,31.24,31.35,31.35,31.47,31.15,31.81,31.47,31.49,31.72,31.74,31.57,31.69,31.57,31.94,32.01,31.86,32.01,32.06,32.28,32.4,32.45,32.23,32.68,32.68,32.65,32.43,32.4,32.51,32.31,32.65,32.14,32.03,31.91,31.69,31.44,31.44,31.19,31.2,31.52,31.64,31.47,31.72,31.57,31.89,31.66,32.11,32.06,31.98,32.03,32.31,32.4,32.35,32.51,32.23,32.28,32.35,32.03,32.23,32.09,32.03,32.11,32.14,32.51,32.57,32.45,32.45,32.4,32.87,32.62,32.65,32.26,32.18,32.06,32.09,32.03,31.72,31.69,31.49,31.35,31.44,31.24,31.2,31.15,31.02,31.24,31.24,31.07,31.47,31.47,31.44,31.72,31.83,32.51,32.53,32.62,32.26,32.06,31.89,31.81,31.49,31.47,31.1,31.03,30.61,30.66,30.46,30.83,30.36,30.46,30.13,30.45,30.21
30.66,31.15,31.15,31.39,31.47,31.27,31.03,31.47,31.49,31.89,32.11,32.28,32.6,32.53,32.57,32.36,31.94,32.01,31.74,31.52,31.57,31.44,31.64,31.44,31.2,31.03,30.98,31.07,31.02,30.92,31.47,31.19,31.44,31.61,31.2,31.15,30.87,30.98,30.9,31.15,30.95,31.24,31.35,31.29,31.12,31.03,31.4,31.27,31.32,31.35,31.27,31.4,31.32,31.29,31.29,31.32,31.2,31.32,31.66,31.64,31.56,31.83,31.94,31.66,31.89,32.01,31.94,32.2,32.28,32.26,32.06,32.26,32.51,32.35,32.26,32.45,32.36,32.18,32.01,31.86,31.66,31.35,31.56,31.32,31.56,31.32,31.07,31.61,31.64,31.4,31.89,31.69,31.52,31.86,32.14,31.91,31.98,32.28,32.23,32.31,32.14,32.2,31.89,32.18,31.98,32.11,32.4,32.06,32.14,32.31,32.57,32.45,32.51,32.2,32.2,32.43,32.43,32.36,32.14,32.09,32.2,32.28,31.89,31.89,31.57,31.66,31.57,31.4,31.69,31.15,31.02,30.78,30.87,31.12,31.24,31.02,31.1,31.72,31.72,32.09,32.11,32.57,32.48,32.73,32.43,31.91,31.77,31.66,31.56,31.03,30.87,30.7,30.61,30.7,30.38,30.24,30.38,30.46,30.41,30.33
30.87,31.2,30.95,31.19,31.32,31.29,31.52,31.52,31.74,32.01,32.26,32.51,32.73,32.36,32.43,32.43,32.01,31.81,31.74,31.56,31.12,31.32,31.2,31.2,31.47,31.29,30.95,30.87,30.95,31.03,31.12,31.32,31.39,31.03,30.98,31.03,30.98,31.12,31.15,30.9,31.12,30.98,31.24,30.78,31.03,31.24,31.2,31.19,31.15,31.32,31.35,31.24,31.32,31.2,31.29,31.27,31.44,31.32,31.44,31.49,31.47,31.83,31.74,31.66,31.83,32.03,31.64,32.01,32.2,32.18,32.03,32.36,32.18,32.26,32.4,32.4,32.6,32.4,31.98,32.01,31.77,31.83,31.4,31.69,31.47,31.52,31.66,31.44,31.49,31.66,31.77,31.86,31.72,31.91,32.18,32.23,32.11,32.26,32.18,32.14,32.11,32.01,32.03,32.06,32.01,31.89,32.2,32.28,32.2,32.2,32.45,32.53,32.65,32.51,32.62,32.4,32.26,32.28,31.98,32.23,32.28,32.06,31.77,31.72,31.69,31.66,31.49,31.69,31.57,31.35,31.07,31.2,31.1,31.07,30.87,31.1,31.19,31.15,31.61,31.89,32.23,32.4,32.53,32.77,32.43,32.11,31.77,31.49,31.66,31.35,31.1,31.12,30.75,30.61,30.87,30.41,30.55,30.58,30.38,30.58
30.87,31.1,31.12,31.29,31.35,31.2,31.44,31.81,31.89,32.31,32.23,32.48,32.26,32.57,32.06,32.03,31.74,31.56,31.32,31.32,31.19,31.29,31.19,31.32,31.07,30.92,31.1,31.32,31.03,31.12,31.35,31.02,31.29,31.15,31.2,30.87,30.98,30.95,30.83,31.2,31.2,31.12,31.02,30.9,31.02,31.02,31.1,31.2,31.1,31.35,31.52,31.19,31.2,31.1,31.29,31.47,31.69,31.72,31.47,31.52,31.56,31.44,31.44,31.66,32.01,32.03,31.91,31.91,31.69,31.89,32.01,31.98,32.01,31.94,32.06,32.4,32.35,32.23,32.31,31.91,31.77,31.86,31.72,31.81,31.61,31.77,31.29,31.52,31.64,31.69,31.72,31.89,31.81,32.11,32.06,31.94,32.09,31.89,31.91,31.77,31.98,31.83,32.14,32.09,31.61,32.09,32.06,32.36,32.36,32.36,32.31,32.43,32.45,32.53,32.06,32.4,32.09,32.18,32.2,32.01,32.11,31.86,31.83,31.86,31.77,31.49,31.74,31.64,31.52,31.4,31.69,31.12,31.15,30.98,30.95,31.19,31.07,31.24,31.52,31.72,31.86,32.35,32.35,32.28,32.6,32.35,32.11,31.66,31.57,31.64,31.49,30.9,30.95,30.83,30.87,30.38,30.61,30.46,30.55,30.38
30.75,31.12,31.39,31.19,31.89,31.72,31.74,31.56,31.77,32.03,32.36,32.11,32.23,32.23,32.36,31.94,31.72,31.56,31.52,31.4,31.2,31.66,31.47,31.4,31.61,31.39,31.29,31.27,31.1,31.32,31.19,31.19,31.1,31.2,31.1,31.07,30.9,31.12,31.03,31.12,31.24,31.19,31.02,31.12,31.02,31.2,31.02,31.15,31.29,31.19,31.2,31.12,31.29,31.27,31.19,31.4,31.35,31.32,31.35,32.01,31.4,31.44,31.61,31.83,31.39,31.72,31.98,31.72,31.83,31.91,31.77,31.81,31.77,32.09,32.14,31.91,32.09,32.28,32.23,31.77,31.64,31.83,31.94,31.86,31.86,31.77,31.81,31.91,31.69,31.81,32.26,32.11,32.03,32.35,32.03,32.06,32.11,32.28,31.74,31.83,32.03,31.64,31.94,31.91,32.03,32.28,32.35,32.31,32.11,32.31,32.62,32.57,32.43,32.23,32.23,32.11,32.26,32.09,32.03,32.31,32.14,31.91,31.86,31.77,31.35,31.61,31.74,31.69,31.86,31.44,31.4,31.39,31.1,30.92,31.03,30.87,31.32,31.4,31.69,31.81,31.89,31.98,32.26,32.4,32.51,32.31,32.18,31.86,31.66,31.64,31.32,31.1,31.27,30.83,31.03,30.66,30.83,30.58,30.58,30.45
30.87,31.24,31.2,31.47,31.77,31.57,31.77,31.98,32.23,32.48,32.35,32.31,32.14,32.28,31.94,31.77,31.72,31.35,31.56,31.39,31.27,31.1,31.24,31.35,31.24,31.19,30.9,30.82,31.27,31.19,31.35,30.98,31.29,31.39,30.98,30.87,31.03,31.02,31.03,30.95,30.75,31.12,31.15,30.9,31.07,30.95,31.27,31.24,31.15,31.2,31.2,31.27,31.35,31.39,31.39,31.39,31.32,31.27,31.47,31.49,31.4,31.61,31.72,31.4,31.81,31.24,31.72,31.72,31.77,31.47,31.74,31.4,31.69,31.64,31.86,31.94,31.66,32.01,32.28,31.94,32.28,31.83,31.86,32.06,31.77,31.81,31.72,31.81,31.89,32.01,32.2,32.23,32.14,32.18,32.26,32.06,32.11,31.91,31.91,31.72,31.64,31.69,31.77,32.03,31.94,31.91,32.14,32.06,32.14,32.18,32.28,32.26,31.98,32.11,32.06,32.09,32.03,31.89,32.03,32.35,32.11,32.11,31.89,31.72,31.64,31.66,31.72,31.52,31.61,31.47,31.47,31.24,31.1,30.92,30.7,30.87,31.03,31.29,31.32,31.57,31.86,31.89,31.98,32.48,32.28,32.18,31.91,32.01,31.83,31.57,31.57,31.44,30.9,31.29,30.98,30.95,31.07,30.53,30.92,30.82
30.66,30.75,31.47,31.24,31.72,31.61,31.94,32.14,32.14,32.23,32.31,32.11,31.74,32.09,31.81,31.47,31.57,31.4,31.35,31.29,31.1,31.19,31.39,31.35,31.39,31.1,31.02,31.35,31.44,31.03,31.27,31.15,31.39,31.15,30.82,31.24,30.9,30.9,30.83,31.1,31.03,31.15,31.24,31.15,31.1,30.9,31.03,31.15,30.82,31.39,31.44,31.24,31.29,31.4,31.32,31.4,31.32,31.39,31.29,31.44,31.35,31.52,31.66,31.61,31.64,31.66,31.77,31.77,31.72,31.39,31.52,31.74,31.72,31.66,31.44,31.69,31.57,32.03,31.86,32.11,32.14,31.94,32.09,31.83,31.77,31.98,31.98,31.83,32.03,32.06,31.83,32.01,32.01,32.23,32.06,32.01,31.72,31.52,31.61,31.47,31.61,31.61,31.66,31.52,31.57,31.83,31.86,32.23,32.23,32.2,32.31,32.11,32.11,32.28,32.14,31.86,31.77,32.06,32.06,31.86,31.98,31.72,31.91,31.74,31.52,31.4,31.89,31.64,31.72,31.19,31.49,31.2,30.9,31.1,30.98,30.75,31.02,31.27,31.39,31.4,31.86,31.72,31.94,31.91,32.2,32.03,32.31,32.03,31.86,31.49,31.56,31.29,31.24,31.29,31.03,30.58,30.82,30.83,31.02,30.7
30.36,30.98,31.35,31.61,31.94,31.69,32.03,32.26,32.2,32.18,31.81,32.09,32.01,31.66,31.77,31.64,31.52,31.07,30.95,31.03,31.07,30.87,31.49,31.02,30.82,31.35,31.07,31.15,30.98,30.98,31.47,31.03,31.19,31.2,31.07,31.12,31.07,30.95,30.92,31.27,30.9,31.12,31.32,31.12,30.98,31.1,31.29,31.19,31.1,31.2,31.29,31.32,31.32,31.44,31.4,31.4,31.39,30.98,31.27,31.29,31.49,31.61,31.72,31.47,31.66,31.86,31.81,31.94,31.61,31.77,31.44,31.24,31.81,31.32,31.35,31.64,31.77,31.35,31.72,31.66,31.74,31.98,32.06,31.89,31.81,32.01,32.35,31.94,31.61,31.83,32.45,31.86,31.86,32.14,31.91,31.66,31.81,32.01,31.27,31.35,31.4,31.56,31.39,31.44,31.61,31.61,31.72,31.94,32.01,31.91,32.14,31.89,31.89,31.91,31.83,32.01,31.83,31.94,31.72,31.81,31.69,31.83,31.66,31.44,31.57,31.4,31.56,31.74,31.74,31.35,31.35,31.02,30.83,30.61,30.65,30.75,31.02,31.24,31.39,31.03,31.56,31.47,31.94,32.28,32.2,32.2,32.01,32.28,31.77,31.74,31.83,31.49,31.52,31.32,31.24,31.35,31.1,30.82,30.7,30.66
30.26,30.87,31.19,31.66,31.91,32.31,32.03,32.09,32.36,32.09,31.39,31.91,31.52,31.77,31.49,31.61,31.1,31.24,31.32,30.87,30.82,30.92,31.19,31.29,31.15,31.19,31.03,31.19,31.2,31.03,31.4,30.95,31.24,31.15,31.39,31.12,31.15,31.19,31.1,31.1,30.95,31.02,31.1,31.35,31.27,31.52,31.15,31.2,31.24,31.35,31.39,31.35,31.91,31.47,31.35,31.66,31.61,31.32,31.44,31.32,31.61,31.56,31.57,31.86,31.72,31.72,31.94,31.72,31.77,31.72,31.27,31.56,31.39,31.44,31.49,31.47,31.81,31.81,31.69,31.44,31.66,31.66,31.83,31.81,31.94,31.86,31.77,31.72,31.91,32.26,31.94,31.91,31.91,32.14,31.89,31.61,31.66,31.29,31.35,31.52,31.19,31.27,31.4,31.44,31.61,31.56,31.74,32.09,32.06,32.18,32.06,32.2,31.94,31.98,32.03,31.98,31.98,31.69,31.89,31.89,31.72,31.66,31.64,31.39,31.4,31.39,31.35,31.24,31.27,31.19,31.32,31.12,31.1,30.73,30.61,30.87,30.98,31.12,31.07,31.24,31.56,31.2,31.98,31.57,32.01,31.91,32.06,31.91,32.01,31.89,31.64,31.4,31.44,31.4,31.24,31.15,31.03,30.9,30.7,30.82
30.29,30.45,31.15,31.44,31.61,31.89,32.28,32.4,32.06,31.72,31.77,31.44,31.57,31.57,31.47,31.44,31.12,31.2,30.95,31.1,31.02,30.95,31.15,31.27,30.98,30.98,31.1,30.98,31.27,31.24,31.35,31.1,31.29,31.2,31.07,31.19,31.19,31.2,30.92,31.12,31.12,31.02,31.32,31.1,31.15,31.1,31.32,31.07,31.24,31.03,31.4,31.57,31.1,31.77,31.47,31.69,31.35,31.39,31.35,31.24,31.49,31.44,31.69,32.03,31.69,31.56,31.81,31.69,31.69,31.94,31.81,31.61,31.39,31.64,31.52,31.47,31.57,31.32,31.44,31.32,31.61,31.61,31.72,31.83,31.52,31.81,31.74,31.86,31.77,31.86,31.69,32.06,31.89,31.77,31.69,31.81,31.39,31.57,31.19,31.19,31.29,31.1,31.4,31.44,31.72,31.77,32.06,32.01,32.01,31.98,31.77,32.09,31.83,32.28,31.69,32.06,31.89,31.66,31.86,31.77,31.98,31.44,31.47,31.69,31.44,31.32,31.56,31.4,31.32,31.19,31.29,31.12,30.78,30.73,30.87,30.75,30.95,31.02,31.03,31.24,31.19,31.35,31.49,31.64,31.81,31.83,32.28,31.81,31.94,32.01,31.91,31.57,31.81,31.49,31.49,31.52,31.19,31.07,30.83,30.9
30.26,30.66,30.9,31.39,31.74,32.03,32.11,32.36,32.03,31.56,31.74,31.57,31.4,31.44,31.2,30.82,30.92,30.95,31.02,30.9,30.98,30.92,30.87,31.15,31.19,31.19,31.19,31.39,31.49,31.32,31.4,31.2,31.2,30.9,31.27,31.1,31.19,30.92,31.19,31.2,31.24,31.03,31.12,31.19,31.35,31.32,31.1,31.27,31.4,31.24,31.15,31.32,31.24,31.29,31.4,31.49,31.32,31.35,31.27,31.56,31.44,31.47,31.56,31.77,31.89,31.77,31.98,31.66,31.56,31.66,31.29,31.57,31.35,31.72,31.56,31.4,31.57,31.47,31.4,31.32,31.32,31.44,31.4,31.47,31.64,31.89,31.83,31.61,31.66,31.91,31.72,31.69,31.69,32.01,31.83,31.74,31.44,31.35,31.61,30.92,31.02,31.2,31.47,31.4,31.83,31.83,31.86,31.81,32.01,32.03,32.28,32.09,31.89,32.01,32.03,31.94,31.74,31.77,31.61,31.72,31.98,31.4,31.47,31.56,31.29,31.44,31.27,31.29,31.12,31.15,30.98,30.95,30.98,30.78,30.83,30.65,30.75,30.92,30.83,31.1,31.39,31.56,31.27,31.61,31.77,32.28,32.28,32.06,31.89,32.09,32.09,32.01,32.03,31.47,31.47,31.32,31.32,31.1,30.83,30.87
30.04,30.58,30.92,31.15,31.74,31.83,32.2,32.35,31.89,31.44,31.57,31.64,31.19,30.82,30.83,31.02,30.83,31.02,30.58,30.75,30.98,31.24,30.83,31.1,31.15,31.27,31.24,31.44,31.52,31.24,31.07,31.2,31.2,31.29,31.24,31.39,31.12,31.35,31.35,31.29,31.4,31.29,31.2,31.49,31.32,31.24,31.2,31.07,31.35,31.02,31.12,31.32,31.35,31.32,31.56,31.49,31.27,31.15,31.39,31.66,31.32,31.47,31.64,31.61,31.77,31.94,31.72,31.47,31.77,31.89,31.56,31.49,31.57,31.35,31.4,31.39,31.47,31.19,31.39,31.24,31.24,31.02,31.35,31.56,31.35,31.24,31.66,31.57,31.44,31.4,31.35,31.69,31.77,31.81,31.74,31.83,31.64,31.32,31.39,31.24,31.39,31.35,31.24,31.44,31.69,31.47,31.89,31.98,32.2,32.09,32.14,32.18,32.14,32.14,32.01,31.66,31.61,31.64,31.52,31.49,31.57,31.4,31.66,31.49,31.39,31.19,31.19,31.1,31.32,31.4,31.24,31.12,30.82,31.02,30.61,30.95,30.61,30.66,31.12,31.1,31.1,30.95,31.24,31.32,31.77,31.83,32.11,31.69,32.2,32.18,32.14,32.06,32.26,32.18,31.64,31.4,31.29,31.32,30.95,30.9
29.67,30.38,31.07,31.47,31.86,31.98,32.14,32.51,31.64,31.56,31.19,31.35,30.92,30.55,30.83,30.66,30.78,30.53,31.02,30.7,31.02,31.24,30.87,31.03,31.24,31.4,31.19,31.49,31.61,31.49,31.47,31.52,31.19,31.02,31.24,31.1,31.32,31.66,31.39,31.35,31.39,31.4,31.32,31.44,31.74,31.49,31.49,31.27,31.19,31.2,31.12,31.44,31.39,31.64,31.44,31.35,31.1,31.29,31.29,31.32,31.39,31.24,31.56,31.72,31.66,31.57,31.77,31.56,31.77,31.77,31.61,31.44,31.24,31.66,31.35,31.19,31.29,31.1,31.24,30.9,31.07,31.19,31.27,31.44,31.49,31.35,31.47,31.66,31.47,31.72,31.56,31.81,31.64,31.83,31.77,31.66,31.89,31.83,31.57,31.32,31.39,31.72,31.61,31.49,31.77,31.98,31.91,32.31,32.14,32.18,32.14,32.23,32.48,31.81,31.74,31.91,31.81,31.72,31.4,31.39,31.69,31.44,31.47,31.4,31.27,31.19,31.27,31.15,31.27,31.15,31.1,31.15,30.83,30.95,30.73,30.78,30.7,30.66,30.73,30.83,31.03,31.19,31.32,31.32,31.81,31.66,32.18,31.94,32.28,32.18,32.26,32.2,31.74,31.81,31.57,31.47,31.44,31.24,30.98,30.87
29.52,30.29,30.82,31.44,31.74,31.91,32.45,32.4,31.94,31.24,31.35,31.15,30.73,30.66,30.61,30.66,30.75,30.65,31.1,30.95,30.87,30.75,31.03,30.98,31.39,31.69,31.52,31.4,31.4,31.15,31.2,31.24,31.12,31.24,31.27,31.35,31.52,31.61,31.39,31.39,31.44,31.29,31.2,31.19,31.56,31.4,31.49,31.35,30.95,31.19,31.24,31.47,31.15,31.29,31.39,31.32,31.39,31.29,31.4,31.39,31.52,31.44,31.35,31.32,31.56,31.56,31.98,31.74,31.69,31.66,31.69,31.64,31.24,31.44,31.19,31.35,31.1,30.9,30.98,31.2,30.98,31.4,31.27,31.24,31.24,31.1,31.56,31.44,31.29,31.35,31.52,31.66,31.52,31.64,31.86,31.86,31.81,31.86,31.61,31.4,31.69,31.66,31.49,31.56,31.64,31.64,31.94,32.23,32.48,32.31,32.43,32.35,32.03,31.86,31.89,31.72,31.57,31.27,31.74,31.56,31.61,31.52,31.4,31.24,31.19,31.35,31.27,31.15,31.44,31.1,31.32,31.15,30.75,30.66,30.75,30.29,30.38,31.1,30.92,30.7,31.02,31.02,31.07,31.24,31.35,31.83,32.2,32.14,32.18,32.28,32.03,32.03,31.98,32.28,31.52,31.83,31.35,30.98,31.2,31.03
29.08,29.89,30.61,31.07,31.83,31.89,32.09,32.11,31.64,31.4,30.78,30.83,30.78,30.55,30.41,30.53,30.46,30.65,30.82,30.95,30.87,30.92,31.12,31.32,31.24,31.44,31.57,31.47,31.29,31.35,31.4,31.56,31.03,31.2,31.19,31.29,31.12,31.15,31.4,31.2,31.39,31.35,31.27,31.44,31.12,31.27,31.03,31.35,31.07,30.98,31.12,31.03,30.75,31.24,31.29,31.27,31.29,31.44,31.2,31.32,31.4,31.1,31.49,31.19,31.61,31.49,31.77,31.52,31.72,31.57,31.77,31.27,31.4,31.27,31.24,31.03,31.15,31.03,31.12,31.2,30.98,31.15,31.07,31.27,31.24,31.29,31.29,31.1,31.2,31.32,31.56,31.35,31.35,31.74,31.66,31.74,31.77,31.89,31.61,31.81,31.66,31.89,31.69,31.69,31.56,31.52,31.89,32.2,32.11,32.09,32.36,32.03,32.36,31.91,32.03,31.74,31.61,31.69,31.56,31.44,31.56,31.35,31.19,31.29,31.32,31.4,31.35,31.27,31.39,31.07,31.07,31.1,31.19,30.82,30.5,30.78,30.61,31.02,30.9,30.95,30.95,31.12,31.19,31.39,31.15,31.89,32.14,32.51,32.31,32.18,32.14,32.26,31.91,31.91,31.64,31.57,31.4,31.4,30.98,30.95
27.37,29.77,30.29,31.02,31.64,31.61,32.01,32.06,31.52,30.92,31.02,30.58,30.73,30.66,30.41,30.36,30.53,30.41,30.65,31.1,30.98,31.15,31.19,31.2,31.57,31.77,31.57,31.66,31.81,31.47,31.2,31.39,31.24,31.2,31.1,31.07,31.52,31.19,31.35,31.47,31.03,31.24,30.78,31.19,31.1,31.1,31.32,30.9,31.44,31.24,31.27,31.07,31.29,31.27,30.98,31.49,31.24,31.35,31.27,31.35,31.35,31.61,31.15,31.47,31.2,31.39,31.32,31.69,31.4,31.24,31.19,31.4,31.35,31.19,31.35,31.15,30.98,31.2,31.02,31.12,31.1,31.12,31.03,31.03,31.24,31.24,31.15,31.1,31.02,31.2,31.07,31.07,31.27,31.27,31.4,31.66,31.83,31.61,31.86,31.83,31.69,31.74,31.81,32.01,31.74,31.69,32.28,32.11,32.18,32.26,32.31,32.48,32.09,32.01,31.52,31.39,31.61,31.39,31.56,31.4,31.4,31.12,31.32,31.2,31.12,30.95,31.15,31.12,31.32,31.07,31.47,31.03,31.27,31.02,30.65,30.78,30.83,30.65,30.75,30.98,30.83,31.03,30.95,31.1,31.52,31.61,32.23,32.18,32.14,32.36,31.98,32.48,31.81,32.01,31.91,31.66,31.47,31.12,30.83,30.61
24.9,28.68,30.04,30.87,31.64,31.89,31.91,32.28,31.74,31.49,30.92,30.95,30.65,30.5,30.29,30.61,30.38,30.41,30.73,30.95,31.02,31.32,31.39,31.4,31.49,31.77,31.61,31.69,31.61,31.35,31.49,31.1,31.2,31.24,31.1,31.03,31.1,31.03,31.1,31.19,31.02,31.12,30.98,31.19,31.15,30.92,31.07,31.39,30.95,31.35,30.83,30.9,31.19,31.03,30.87,31.02,30.87,31.19,31.1,31.07,30.95,31.27,31.47,31.1,30.98,31.29,31.56,31.4,31.32,31.52,31.24,31.07,31.4,31.1,31.03,31.32,31.2,31.07,31.02,30.9,31.24,31.03,31.27,31.2,31.2,31.07,31.1,30.83,30.87,31.02,31.1,31.32,31.24,31.27,31.35,31.52,31.4,31.72,31.98,31.91,31.89,31.91,31.98,31.94,31.77,32.11,31.98,31.98,32.06,32.31,32.28,32.35,32.09,31.81,31.69,31.52,31.52,31.69,31.66,31.56,31.29,31.35,31.29,31.2,31.29,31.19,31.19,31.27,31.44,31.39,31.29,31.27,31.39,31.02,30.98,30.9,30.7,30.36,30.55,30.38,30.83,31.12,31.02,31.02,31.35,31.91,32.31,32.36,32.31,32.31,32.35,32.31,31.77,32.2,31.69,31.66,31.35,31.29,31.19,30.73
23.42,25.99,29.27,30.65,31.1,31.44,31.4,31.57,31.83,31.24,30.83,30.53,30.5,30.55,30.55,30.36,30.09,30.38,30.7,30.87,31.07,31.32,31.39,31.39,31.4,31.81,31.57,31.39,31.61,31.03,31.27,31.15,30.98,31.03,30.95,31.07,30.98,31.02,30.92,30.98,31.02,31.07,31.07,30.95,30.73,30.66,30.92,30.66,31.03,31.03,31.2,30.78,30.83,31.03,31.12,31.07,31.1,31.2,31.19,31.15,30.92,31.03,31.32,31.12,30.98,31.27,31.19,31.19,31.12,31.52,31.24,31.2,31.02,30.95,30.87,31.19,31.39,31.35,31.24,31.32,30.92,31.07,31.12,31.2,31.07,30.9,30.95,30.92,31.19,30.83,31.1,31.24,31.07,30.98,31.29,31.2,31.29,31.56,31.74,31.74,32.01,31.66,31.81,31.83,31.69,31.81,31.89,32.14,32.01,32.18,32.53,32.31,32.03,31.98,31.98,31.57,31.61,31.66,31.44,31.19,31.52,31.15,31.12,31.27,31.12,31.15,31.35,31.44,31.35,31.56,31.72,31.49,31.52,31.44,30.92,31.07,30.87,30.83,30.73,31.03,30.75,30.9,31.02,31.02,31.49,31.74,31.83,32.43,32.51,32.28,32.03,32.23,32.28,31.86,32.01,31.69,31.94,31.12,31.4,30.82
22.48,23.94,28.08,29.81,31.19,31.07,31.4,31.74,31.52,31.35,31.02,30.78,30.9,30.55,30.16,30.18,30.18,30.45,30.55,30.78,31.29,30.95,31.49,31.61,31.52,31.52,31.61,31.52,31.4,31.27,31.19,31.19,31.02,30.9,30.92,30.83,30.87,31.12,30.87,31.19,30.66,30.92,30.95,31.02,31.02,30.9,31.07,30.78,30.98,30.78,30.78,30.78,31.12,30.73,30.95,30.83,31.03,30.61,31.03,30.98,31.1,31.12,31.02,30.98,31.2,30.92,31.1,31.12,31.12,31.07,30.95,30.9,31.07,31.15,30.95,31.19,31.39,31.27,31.2,31.02,30.95,31.27,30.82,31.19,31.27,30.98,30.75,30.87,30.78,30.98,31.02,31.07,30.75,31.2,30.98,31.15,31.1,31.29,31.66,31.64,31.83,31.72,31.89,31.77,31.4,31.66,31.66,31.89,31.83,32.06,32.26,32.28,32.01,32.09,31.81,31.49,31.89,31.81,31.57,31.39,31.29,31.39,31.35,31.32,31.44,31.32,31.1,31.4,31.61,31.57,31.49,31.44,31.64,31.39,31.19,31.39,30.5,30.66,30.75,30.73,30.75,30.75,30.78,30.98,31.29,31.56,31.83,32.18,32.4,32.43,32.31,32.01,32.28,32.03,31.77,31.52,31.35,31.19,30.92,30.83
22.48,23.11,25.45,29.69,30.82,31.32,31.66,31.57,31.49,31.61,30.83,30.58,30.66,30.26,30.46,30.09,30.24,30.41,30.75,31.07,31.02,31.61,31.52,31.86,31.66,31.74,31.52,31.57,31.49,31.49,31.32,31.2,30.73,31.03,31.19,30.95,30.66,30.61,30.87,30.78,30.78,30.61,31.1,30.7,30.66,30.82,31.12,30.7,30.53,30.83,30.95,30.78,30.78,30.9,30.78,30.78,30.9,30.92,30.95,30.61,31.02,30.82,31.02,31.03,30.7,30.9,30.9,30.83,30.9,30.55,31.15,31.15,31.03,31.02,31.02,30.98,31.32,31.52,31.27,31.12,31.27,30.9,30.95,31.19,30.87,31.03,30.92,30.92,30.92,31.03,30.87,31.2,30.83,30.87,31.02,31.15,30.98,31.4,31.39,31.61,31.89,31.94,31.86,31.69,31.86,31.81,32.09,31.91,32.2,32.14,32.11,32.06,32.03,31.83,32.18,31.66,31.47,31.74,31.52,31.57,31.52,31.24,31.47,31.19,31.2,31.15,31.35,31.56,31.74,31.74,31.83,31.72,32.03,32.01,31.49,31.27,30.87,30.61,30.73,30.65,30.9,30.5,31.02,31.35,31.49,32.06,32.28,32.06,32.94,32.57,32.31,32.45,32.14,31.89,31.77,31.91,31.52,31.29,30.98,30.82
22.32,22.63,23.69,28.14,30.5,31.07,31.29,31.4,31.15,31.47,30.92,30.7,30.65,30.45,30.33,30.38,30.36,30.58,30.73,31.24,31.32,31.52,31.64,31.72,32.2,31.77,31.86,31.69,31.49,31.32,31.35,31.15,31.1,30.87,30.92,31.02,30.98,30.95,30.78,30.75,31.03,30.73,31.03,30.9,30.75,30.65,30.95,30.78,30.95,30.65,30.73,31.03,30.83,30.9,30.95,30.87,30.78,30.5,30.7,30.82,30.83,30.66,30.87,30.83,30.7,30.98,30.9,30.78,30.61,30.9,30.9,30.98,31.02,31.2,30.82,31.19,31.27,31.12,31.52,31.4,31.4,31.29,31.2,30.9,31.15,31.15,30.83,30.87,30.78,31.1,30.98,30.87,30.78,31.03,31.03,31.07,31.19,31.19,31.29,31.44,31.52,31.64,31.56,31.69,31.52,31.57,32.06,31.86,31.72,31.89,32.23,32.28,32.35,31.86,32.18,31.81,31.94,31.77,31.56,31.44,31.61,31.57,31.24,31.32,31.15,31.29,31.64,31.27,31.81,31.72,31.89,31.64,32.03,31.91,31.64,31.24,30.83,30.92,30.95,30.78,31.2,30.83,30.98,31.15,31.69,31.83,31.98,32.4,32.28,32.43,32.57,32.28,32.18,31.86,31.66,31.49,31.56,31.02,30.82,30.5
22.36,22.58,23.23,26.41,29.77,30.87,31.02,31.4,31.27,31.27,31.2,30.7,30.45,30.33,30.38,30.16,30.33,30.66,30.82,31.12,31.35,31.44,31.86,31.69,31.89,31.86,31.94,31.64,31.69,31.12,31.2,31.15,31.29,31.07,30.87,30.7,30.78,30.82,30.75,30.75,30.75,30.75,30.83,30.92,30.66,30.66,30.73,30.45,30.7,30.73,30.65,30.83,30.46,30.83,30.66,30.5,30.53,30.65,30.55,30.73,30.66,30.73,30.82,30.55,30.33,30.5,30.5,30.55,30.66,30.5,30.65,30.55,30.7,30.75,31.03,31.2,31.15,30.92,31.32,31.19,31.2,30.95,30.83,31.15,31.02,30.95,30.82,30.9,30.73,30.66,30.78,30.95,30.75,30.87,30.83,31.15,31.27,31.4,31.24,31.19,31.49,31.61,31.27,31.07,31.44,31.83,31.52,31.86,31.74,31.98,32.14,32.06,32.09,32.11,32.18,32.03,31.89,31.35,31.64,31.69,31.57,31.52,31.35,31.49,31.4,31.27,31.52,31.52,31.77,31.52,31.89,31.35,31.74,32.03,31.32,31.35,30.83,30.66,30.83,30.61,30.73,31.1,30.9,31.32,31.35,31.72,32.14,32.31,32.48,32.23,32.18,32.31,31.98,31.98,31.89,31.35,31.24,31.1,30.38,30.36
22.09,22.54,22.69,24.9,29.52,30.38,31.15,31.19,31.29,31.4,31.02,30.95,30.61,30.7,30.41,30.75,30.18,30.53,30.61,31.1,31.4,31.56,31.89,32.03,32.01,31.74,31.47,31.57,31.35,31.03,31.07,30.92,31.1,30.87,30.98,30.82,31.12,30.87,30.92,30.73,30.7,30.73,31.15,30.75,30.61,30.82,30.5,30.75,30.73,30.75,30.66,30.61,30.73,30.38,30.75,30.82,30.5,30.55,30.55,30.58,30.45,30.41,30.7,30.55,30.46,30.5,30.65,30.78,30.7,30.75,30.78,30.82,30.83,30.92,30.92,31.2,31.07,31.27,31.44,31.47,31.1,31.29,31.15,31.07,30.98,31.02,30.65,30.73,30.73,30.78,30.92,30.9,30.95,30.95,31.07,31.39,31.2,31.35,31.52,31.03,31.19,31.15,31.52,31.74,31.35,31.29,31.57,31.94,31.83,32.18,32.06,32.14,32.2,32.23,32.01,32.06,31.91,31.98,31.74,31.72,31.72,31.83,31.56,31.52,31.52,31.29,31.32,31.27,31.57,31.61,31.56,31.61,31.64,31.57,31.39,31.39,30.58,30.7,31.29,30.83,30.87,31.02,31.15,31.24,31.69,32.26,32.23,32.23,32.48,32.4,32.36,32.18,31.91,31.94,31.64,31.66,31.24,31.02,30.83,30.41
22.17,22.76,22.81,23.82,28.43,30.24,30.92,31.03,30.95,31.44,31.27,30.82,30.7,30.66,30.66,30.73,30.55,30.78,31.15,31.27,31.49,31.57,31.91,32.01,31.94,32.01,31.83,31.77,31.2,31.15,30.92,31.15,31.03,30.73,30.73,30.92,30.73,30.95,30.82,30.73,30.75,30.75,30.55,30.58,30.92,30.61,30.65,30.61,30.55,30.66,30.21,30.29,30.65,30.38,30.46,30.5,30.46,30.24,30.55,30.53,30.36,30.73,30.53,30.29,30.29,30.41,30.55,30.53,30.53,30.65,30.66,30.73,30.82,30.9,31.07,31.15,31.12,31.57,31.61,31.49,31.19,31.32,31.1,30.98,31.15,30.73,30.7,30.83,30.66,30.82,30.82,31.07,30.83,31.03,31.24,31.35,31.29,31.4,31.74,31.44,31.52,31.56,31.49,31.49,31.39,31.47,31.72,31.56,32.03,31.91,32.06,32.2,32.18,32.11,32.14,32.03,31.89,31.74,31.86,31.57,31.81,31.86,31.4,31.61,31.4,31.35,31.72,31.56,31.69,31.61,31.61,31.39,31.57,31.74,31.39,31.27,31.07,31.15,30.92,30.83,30.92,30.87,31.15,31.32,31.86,32.09,32.18,32.28,32.45,32.14,32.11,32.11,32.14,31.91,31.57,31.12,31.4,30.87,30.9,30.21
22.29,22.46,22.12,23.38,27.76,30.04,30.55,31.1,31.1,31.15,31.07,30.83,30.78,30.73,30.41,30.83,30.66,30.66,31.12,31.07,31.44,31.98,32.14,32.18,31.94,32.09,31.69,31.47,31.39,30.98,30.87,30.83,30.73,30.87,30.66,30.73,30.41,30.5,30.53,30.78,30.75,30.41,30.65,30.82,30.73,30.61,30.5,30.78,30.5,30.18,30.46,30.55,30.36,30.53,30.55,30.41,30.36,30.36,30.29,30.41,30.55,30.36,30.41,30.53,30.38,30.45,30.38,30.53,30.45,30.73,30.53,30.53,30.83,31.15,31.27,30.9,31.29,31.07,31.52,31.49,31.2,31.24,30.87,30.82,30.9,30.92,30.75,30.66,30.73,30.78,30.98,30.98,30.87,31.15,31.02,31.2,31.35,31.66,31.61,31.61,31.27,31.4,31.52,31.35,31.24,31.56,31.35,31.44,31.86,31.72,31.77,32.14,31.89,32.35,32.23,31.89,31.94,31.81,31.72,31.44,31.91,31.57,31.57,31.39,31.35,31.19,31.29,31.47,31.35,31.29,31.4,31.4,31.32,31.32,31.02,31.15,30.83,30.66,30.98,30.78,30.9,31.24,31.15,31.39,31.57,31.91,32.31,32.18,32.36,32.31,32.23,32.11,31.81,31.83,31.47,31.32,31.29,30.78,30.29,30.09
21.84,22.29,22.54,23.11,26.68,29.69,30.53,30.73,31.07,31.02,31.03,30.75,30.65,30.66,30.73,30.75,30.61,30.87,31.07,31.1,31.57,31.86,32.03,32.26,32.01,31.66,31.52,31.12,30.83,31.1,30.87,30.41,30.61,30.61,30.46,30.78,30.66,30.58,30.82,30.65,30.46,30.53,30.66,30.53,30.46,30.24,30.38,30.55,30.29,30.33,30.26,30.24,30.33,30.24,30.24,30.46,30.18,30.38,30.36,30.58,30.41,30.46,30.53,30.24,30.18,30.41,30.46,30.36,30.26,30.38,30.83,30.82,30.98,31.19,30.92,31.07,31.12,31.19,30.98,31.49,31.39,31.12,31.19,31.02,31.02,30.87,30.78,30.9,30.7,30.78,30.92,30.82,31.1,31.19,31.1,31.07,31.52,31.52,31.69,31.83,31.98,31.77,31.72,31.52,31.39,31.29,31.69,31.35,31.57,31.66,31.91,31.94,32.4,32.09,32.28,32.45,32.18,31.91,31.69,31.64,31.74,31.74,31.69,31.44,31.52,31.29,31.39,31.49,31.52,31.4,31.27,31.44,31.52,31.52,31.19,31.35,30.66,31.1,30.78,30.87,31.35,31.24,31.44,31.32,32.06,32.06,32.2,32.26,32.35,32.31,32.18,31.94,31.83,31.72,31.49,31.44,30.92,30.75,30.18,29.03
21.95,22.21,22.39,23.06,25.75,29.47,30.21,30.75,30.78,30.95,31.07,31.03,30.87,30.83,30.82,30.75,30.9,31.07,31.1,31.12,31.66,32.2,32.03,32.03,31.94,31.91,31.47,30.95,30.5,30.98,30.92,30.5,30.5,30.41,30.45,30.41,30.78,30.5,30.7,30.21,30.7,30.36,30.5,30.33,30.26,30.18,30.45,30.26,30.73,30.55,30.46,30.5,30.46,30.61,30.41,30.21,29.96,29.96,30.18,30.21,30.29,30.46,30.29,30.55,30.16,30.24,30.36,30.92,30.7,30.55,30.73,30.83,30.83,31.12,30.87,31.02,30.75,30.98,31.24,30.95,31.12,31.2,31.12,31.1,30.95,30.9,30.83,30.78,30.7,30.92,30.9,31.19,30.87,31.15,31.2,31.44,31.56,31.56,31.94,32.06,32.01,31.81,31.89,31.56,31.72,31.49,31.57,31.39,31.74,31.89,32.03,31.89,32.23,32.2,32.2,32.01,31.98,31.89,31.57,31.61,32.01,31.66,31.61,31.69,31.49,31.39,31.66,31.74,31.74,31.29,31.39,31.1,31.24,31.24,31.1,30.83,30.87,30.98,31.12,30.98,31.35,31.35,31.49,31.27,31.64,31.89,32.14,32.43,32.18,31.94,32.06,31.86,31.74,31.57,31.12,31.1,30.92,30.24,29.67,27.79
22.06,22.36,22.63,22.88,24.95,28.8,30.09,30.58,30.38,30.65,30.82,31.03,31.07,31.03,31.03,30.95,30.92,31.1,31.07,31.19,31.64,31.81,32.06,31.91,31.77,31.32,31.2,31.02,30.61,30.53,30.61,30.5,30.36,30.53,30.33,30.53,30.21,30.46,30.36,30.18,30.08,30.46,30.29,30.29,30.36,30.21,30.29,30.82,30.82,30.33,30.33,30.29,30.45,30.01,30.04,30.16,29.89,30.09,30.24,30.26,30.41,30.38,30.24,30.33,30.18,30.36,30.45,30.55,30.65,30.5,30.75,30.95,30.83,31.29,30.87,30.87,31.07,31.03,31.19,30.98,31.15,31.15,31.02,31.29,31.12,31.1,30.87,30.55,30.7,30.75,30.66,30.98,30.9,31.15,31.07,31.19,31.35,31.69,31.77,31.98,32.11,32.03,32.03,31.69,31.74,31.69,31.61,31.66,31.77,31.69,32.09,32.11,31.94,32.43,32.11,32.06,31.72,31.91,31.74,31.61,31.56,31.66,31.69,31.66,31.69,31.49,31.44,31.61,31.91,31.57,31.29,31.44,31.35,31.35,30.9,30.92,31.12,30.75,31.29,31.27,31.39,31.49,31.77,31.74,32.03,32.14,32.23,32.57,32.35,32.06,32.06,31.74,31.32,31.35,31.44,31.03,30.29,29.87,28.14,25.18
21.8,22.24,22.36,22.69,24.21,28.36,29.98,30.24,30.78,30.95,31.19,30.9,30.83,30.92,31.07,30.9,31.19,31.24,31.44,31.19,31.47,32.01,31.89,31.74,31.72,31.12,30.7,30.65,30.55,30.26,30.46,30.45,30.08,30.58,30.33,30.24,30.21,30.24,30.33,30.16,30.38,30.36,30.24,30.36,30.09,29.84,30.33,30.45,30.38,30.26,30.29,30.24,30.46,30.26,30.18,29.96,29.98,30.04,29.87,30.26,30.13,30.29,30.38,30.16,30.41,30.38,30.38,30.65,30.21,30.46,30.7,30.75,30.83,30.95,30.98,30.92,31.02,31.24,31.24,30.83,31.19,30.7,31.07,31.1,30.98,30.98,30.55,30.9,30.82,30.7,30.83,30.78,30.95,31.02,31.29,31.24,31.57,31.72,31.86,32.18,32.31,32.03,32.14,31.94,31.69,31.74,31.69,31.72,31.61,31.83,31.49,32.06,32.09,32.06,32.06,32.01,31.86,32.01,31.86,31.61,31.69,31.57,31.47,31.57,31.64,31.69,31.91,31.83,32.18,31.56,31.57,31.27,31.44,31.27,31.27,31.03,31.07,31.2,31.15,31.39,31.44,31.64,31.32,31.74,31.98,32.09,31.81,32.11,32.06,31.81,31.69,31.47,31.19,31.29,31.03,30.46,29.98,28.68,25.52,23.72
22.17,22.14,22.24,22.54,23.64,28.04,29.76,30.09,30.38,30.75,30.82,30.66,31.03,30.92,31.12,31.27,31.2,31.15,31.15,31.32,31.49,31.57,31.72,31.35,31.2,30.58,30.73,30.78,30.46,30.41,30.24,30.65,30.29,30.18,29.84,30.18,30.09,30.08,30.08,30.45,30.18,30.18,30.26,30.33,30.24,30.36,30.61,30.38,30.41,30.18,30.36,30.01,30.09,30.24,29.87,30.13,30.09,30.04,30.13,30.09,29.87,30.18,30.29,30.21,30.38,30.53,30.46,30.33,30.58,30.38,30.75,30.66,30.95,30.82,30.75,31.15,30.9,30.87,31.1,31.29,31.39,31.1,30.87,30.9,30.87,30.9,30.58,30.95,30.65,30.65,30.73,30.7,30.75,31.32,31.29,31.35,31.4,31.81,31.77,31.61,32.35,32.06,32.09,31.72,31.94,31.52,31.72,31.66,31.66,31.77,31.89,31.98,31.89,31.86,32.09,31.98,31.89,31.83,31.74,31.66,31.77,31.72,31.57,31.83,31.69,31.61,31.86,32.11,32.2,31.66,31.64,31.32,31.32,31.02,30.87,31.12,31.32,30.98,31.61,31.47,31.66,31.57,31.94,31.64,32.03,32.23,32.09,32.03,31.91,31.52,31.66,31.64,31.32,31.1,30.82,29.96,29.0,26.11,24.14,23.11
21.62,22.21,22.29,22.43,23.33,27.52,29.52,29.89,30.36,30.61,30.61,30.73,31.07,30.92,31.2,31.07,31.4,31.32,31.49,31.32,31.69,31.47,31.47,31.02,30.92,30.9,30.5,30.33,30.53,30.04,30.29,30.04,29.96,30.21,30.26,29.89,30.16,29.81,30.04,30.18,30.01,30.24,30.26,30.29,30.26,30.24,30.21,30.18,30.13,30.18,30.18,30.09,30.09,30.29,30.04,30.21,30.01,29.96,30.18,30.16,30.04,30.24,30.46,30.41,30.41,30.38,30.58,30.46,30.83,30.5,30.73,30.83,30.75,30.98,30.95,30.98,31.1,31.15,30.95,31.1,31.1,31.03,31.1,31.19,31.02,30.9,30.92,30.98,30.55,30.73,30.9,30.82,30.95,30.92,31.24,31.1,31.47,31.56,31.61,32.09,31.72,31.91,31.83,32.06,31.77,31.39,31.57,31.56,31.66,31.77,31.77,31.86,31.77,31.83,32.18,31.86,31.94,31.69,31.74,31.56,31.64,31.52,31.66,31.57,31.94,31.83,31.98,32.09,32.18,32.09,31.64,31.35,31.15,31.29,31.27,31.35,31.29,31.57,31.57,31.44,31.66,31.57,31.64,31.89,32.11,32.09,32.01,32.14,32.03,31.81,31.74,31.44,31.1,30.78,30.41,29.2,26.76,24.02,23.38,22.73
22.02,22.43,22.06,22.12,23.08,26.81,29.27,29.84,30.26,30.38,30.61,30.66,31.15,31.15,31.24,31.61,31.74,31.64,31.35,31.49,31.77,31.52,31.27,30.66,30.75,30.46,30.41,30.13,30.01,30.04,29.96,29.87,29.96,29.98,30.09,30.04,30.21,29.98,30.04,30.21,30.04,29.93,29.98,30.33,30.5,30.38,30.33,30.36,29.98,30.26,30.29,29.98,29.93,29.93,30.18,30.13,29.89,30.04,30.01,29.89,30.21,30.09,30.13,30.21,30.46,30.53,30.55,30.55,30.66,30.7,30.95,30.92,30.83,31.39,30.87,31.15,31.44,31.2,31.2,31.02,31.49,31.1,31.15,31.24,31.07,30.98,30.78,30.75,30.7,30.7,30.83,30.9,31.1,31.19,31.27,31.44,31.2,31.56,31.72,31.77,31.91,32.11,31.94,31.94,31.56,31.44,31.72,31.72,31.74,31.69,31.61,31.83,32.03,32.14,31.94,32.11,31.69,31.91,31.44,31.74,31.64,31.49,31.74,31.77,31.69,32.01,32.09,32.09,32.18,32.28,31.74,31.47,31.29,31.61,31.44,31.27,31.39,31.49,31.52,31.61,31.69,31.72,32.2,31.98,32.2,32.28,32.14,31.83,31.69,31.47,31.56,31.47,31.19,30.45,30.04,27.76,24.63,23.11,22.63,22.58
21.95,21.99,22.21,22.46,23.06,25.67,28.92,29.67,30.16,30.5,30.53,30.58,31.1,31.15,31.49,31.27,31.61,31.47,31.74,31.35,31.12,31.03,30.61,30.83,30.41,30.65,30.04,30.26,29.98,29.84,30.08,29.93,29.84,30.08,29.84,29.89,29.84,30.24,30.04,30.38,29.93,30.04,30.18,30.13,30.26,30.33,30.24,30.29,30.13,30.04,30.09,30.01,29.87,29.89,30.13,29.81,29.98,30.08,29.72,29.96,30.13,30.33,30.29,30.16,30.45,30.55,30.53,30.9,30.95,30.9,30.82,31.02,31.02,31.1,31.12,31.12,31.02,30.95,31.32,31.07,31.27,31.29,31.2,31.39,31.32,30.92,31.07,30.65,30.9,30.58,30.95,30.87,31.12,31.1,31.12,31.27,31.56,31.56,31.56,31.61,31.81,32.11,31.98,31.69,31.57,31.47,31.49,31.61,31.77,31.83,31.56,31.64,31.81,32.06,31.89,31.83,31.77,31.86,31.74,31.52,31.47,31.74,31.66,31.94,31.83,31.69,31.94,32.31,32.4,32.28,31.91,31.35,31.72,31.52,31.27,31.57,31.64,31.57,31.64,31.72,32.09,32.03,32.06,32.18,32.28,32.28,31.86,32.01,31.72,31.49,31.32,31.12,30.92,30.33,28.87,25.6,23.54,22.88,22.39,22.58
22.09,22.21,22.36,22.39,22.85,24.75,28.56,29.32,29.77,30.16,30.5,30.41,30.53,30.83,31.03,31.19,31.47,31.57,31.47,31.03,30.65,30.58,30.58,30.26,30.26,30.08,30.04,29.98,29.93,29.84,29.81,29.61,29.56,30.01,29.47,29.87,29.69,29.81,29.69,30.08,29.77,29.72,29.96,30.24,30.21,30.24,30.21,30.16,30.13,30.04,30.04,30.01,30.33,30.21,29.84,30.36,29.96,29.98,29.93,30.08,30.08,30.16,30.13,30.26,30.38,30.26,30.41,30.61,30.65,30.73,30.75,30.92,30.83,31.03,31.15,31.1,30.92,31.02,31.24,31.19,31.12,31.49,31.19,31.24,31.1,31.12,30.66,30.83,30.9,30.73,30.7,31.02,30.9,30.87,30.95,30.82,31.29,31.12,31.49,31.52,31.64,31.69,31.94,31.77,31.66,31.66,31.56,31.66,31.57,31.61,31.61,31.69,31.72,31.52,31.81,31.77,31.74,31.94,31.74,31.66,31.94,31.74,31.56,32.18,31.81,31.57,32.35,32.03,32.4,32.14,32.26,31.69,31.64,31.98,31.89,31.94,31.57,31.69,31.83,31.81,32.31,31.98,32.01,32.09,32.77,32.31,31.74,31.66,31.57,31.1,31.12,31.02,30.55,30.08,27.49,24.06,23.08,22.54,22.39,22.14
21.9,22.21,21.94,22.14,22.43,23.64,27.87,29.4,29.69,30.01,30.41,30.73,30.75,30.78,31.32,31.35,31.61,31.47,31.24,30.9,30.7,30.45,30.36,30.33,30.24,30.13,29.89,29.96,29.72,29.56,29.72,29.77,29.64,29.87,29.69,29.76,29.77,29.81,29.72,30.04,30.08,30.01,30.29,29.93,30.13,30.18,30.09,30.13,30.09,29.89,30.16,29.98,29.98,30.01,29.96,29.89,30.24,30.18,30.09,30.26,30.01,30.09,30.41,30.41,30.36,30.55,30.73,30.82,30.61,30.87,30.82,30.92,31.02,31.07,31.07,31.07,31.32,31.27,31.56,31.15,31.35,31.39,31.02,31.4,31.15,30.95,30.78,31.03,31.1,30.53,30.82,30.7,30.61,30.83,30.9,30.92,31.1,31.44,31.29,31.35,31.49,31.64,31.98,31.64,31.49,31.44,31.44,31.29,31.39,31.64,31.44,31.69,31.52,31.77,31.64,31.81,31.69,31.91,31.74,31.61,32.01,31.77,31.83,31.61,31.66,31.81,32.11,32.2,31.91,32.28,32.14,31.83,31.83,31.94,31.74,31.98,31.77,31.74,31.98,32.01,32.36,31.98,32.2,32.26,32.7,31.98,31.81,31.61,31.29,31.35,31.02,30.78,30.41,29.52,26.29,23.3,23.08,22.46,22.21,22.09
21.95,22.06,21.72,21.95,22.32,23.08,27.2,29.29,29.93,30.13,30.41,30.41,30.75,31.02,30.9,31.12,31.64,31.47,30.98,30.61,30.5,30.16,30.24,30.09,30.24,29.89,29.87,29.89,29.67,29.84,29.72,29.87,29.49,29.61,29.49,29.84,29.87,29.67,29.76,29.72,29.77,30.24,30.21,30.36,30.24,30.26,30.01,30.21,30.08,29.93,30.09,30.08,29.93,29.77,29.81,29.96,29.72,29.93,29.96,29.96,30.21,30.33,30.36,30.18,30.36,30.45,30.73,30.5,30.58,30.75,30.9,31.07,30.98,31.07,31.1,31.24,31.03,31.27,31.35,31.12,31.24,31.47,31.52,31.19,31.29,31.07,30.92,30.98,30.9,30.7,30.61,30.73,30.78,30.92,31.12,31.03,31.1,31.29,31.39,31.2,31.15,31.27,31.61,31.52,31.69,31.44,31.29,31.4,31.47,31.49,31.44,31.69,31.57,31.56,31.91,31.86,31.66,31.57,31.77,31.56,31.91,31.91,31.83,31.83,31.69,31.74,31.91,31.83,31.77,32.43,32.26,31.91,31.56,31.91,31.81,31.94,31.72,32.09,32.23,31.98,32.53,32.06,32.01,32.18,32.36,32.06,32.01,31.86,31.52,31.35,30.78,30.75,29.96,28.34,24.83,23.33,22.76,22.43,22.02,22.14
21.87,22.12,21.99,22.02,22.61,22.88,26.19,29.0,29.49,29.89,30.26,30.41,30.83,30.83,31.03,31.2,31.52,31.19,30.82,30.58,30.24,30.29,30.09,30.04,29.87,29.84,29.93,29.64,29.69,29.72,29.61,29.24,29.56,29.52,29.4,29.64,29.44,29.84,29.44,29.77,29.93,29.93,30.36,30.01,30.29,30.21,30.13,29.89,29.89,30.29,29.96,29.84,29.69,30.13,29.96,29.96,29.77,29.93,29.89,30.26,30.36,30.29,30.29,30.5,30.36,30.38,30.65,30.65,30.82,30.73,30.78,31.03,30.95,31.12,31.27,31.39,31.32,31.35,31.39,31.77,31.61,31.61,31.66,31.49,31.12,31.27,31.2,31.19,30.87,30.7,30.61,31.07,30.92,30.87,30.92,30.98,31.12,31.03,31.29,31.07,31.1,31.29,31.35,31.19,31.32,31.39,31.12,31.69,31.56,31.77,31.74,31.69,31.64,31.74,31.91,31.83,31.72,31.69,31.98,31.83,31.98,31.94,31.94,31.77,31.74,31.81,31.98,32.06,32.23,32.6,32.35,32.03,32.11,31.81,32.18,32.03,31.81,32.28,32.09,32.28,32.48,32.28,32.35,32.14,31.91,31.89,31.91,31.69,31.32,30.92,31.1,30.36,29.64,27.35,23.94,22.91,22.81,22.24,22.48,21.95
21.75,22.09,21.9,21.95,22.24,22.81,25.44,28.8,29.69,29.89,30.01,30.24,30.41,30.58,31.2,31.12,31.29,30.92,30.41,30.24,30.21,29.84,29.84,30.04,29.89,29.89,29.81,29.67,29.61,29.27,29.59,29.32,29.08,29.61,29.4,29.35,29.56,29.24,29.59,29.69,29.67,29.87,29.69,29.93,30.13,30.18,30.38,30.13,30.18,29.98,30.13,29.72,29.96,29.98,30.18,29.93,29.98,29.89,29.89,29.81,29.96,30.41,30.24,30.29,30.45,30.45,30.45,30.7,30.55,30.92,30.66,31.07,30.92,31.07,31.2,31.47,31.83,31.47,31.69,31.89,31.86,31.74,31.64,31.39,31.2,31.44,30.92,30.7,30.87,30.9,30.65,30.98,30.58,30.83,30.83,31.07,31.1,30.98,31.02,31.15,31.19,31.03,31.29,31.39,31.39,31.19,31.47,31.32,31.4,31.27,31.74,31.57,31.64,31.56,31.89,32.01,31.72,31.66,32.03,31.72,31.91,31.91,31.72,32.01,31.98,31.98,32.06,32.03,32.18,32.35,32.23,32.03,32.01,32.06,32.09,31.72,31.86,32.2,32.23,32.23,32.45,32.4,32.43,32.2,32.03,32.26,31.74,31.72,31.07,30.87,30.66,30.13,29.39,26.02,23.38,22.88,22.06,22.24,22.29,21.9
21.87,21.87,21.84,22.12,22.12,22.43,24.41,28.6,29.47,30.01,30.04,29.89,30.18,30.41,30.92,31.2,30.98,30.66,30.04,29.93,29.93,29.81,29.77,29.84,29.76,29.61,29.61,29.52,29.44,29.0,29.4,28.98,29.44,29.15,29.29,29.44,29.49,29.61,29.61,29.29,29.69,29.52,29.96,30.13,30.16,30.09,29.87,30.04,29.93,30.09,29.96,29.64,29.98,30.18,30.21,29.84,30.04,30.21,30.24,29.93,30.01,30.45,30.45,30.61,30.45,30.75,30.61,30.65,30.82,30.95,31.07,31.07,31.2,31.39,31.44,31.66,31.4,31.86,31.83,31.61,31.91,31.83,31.47,31.64,31.47,31.47,31.19,31.24,30.92,31.1,31.12,31.03,30.66,30.98,30.82,31.07,30.92,31.12,31.02,31.19,31.19,31.4,31.15,31.27,31.24,31.29,31.24,31.64,31.57,31.49,31.74,31.66,31.98,31.77,31.81,31.86,31.69,31.77,32.09,31.81,32.26,31.86,32.01,32.03,31.83,32.03,31.94,32.01,32.35,32.31,32.4,32.14,32.11,32.09,32.18,32.03,32.26,32.57,32.4,32.51,32.6,32.48,32.2,32.2,32.06,31.83,31.94,31.52,31.27,30.61,30.45,29.89,28.63,24.86,23.15,22.58,22.48,22.63,22.24,22.06
21.75,21.87,21.84,22.17,22.48,22.46,23.6,27.92,29.19,29.49,29.98,30.26,30.16,30.5,30.82,31.1,30.75,30.13,30.09,29.93,29.76,29.96,29.76,29.84,29.29,29.39,29.49,29.39,29.15,29.12,29.27,29.07,29.19,29.27,29.2,29.29,29.19,29.32,29.32,29.52,29.52,29.81,29.59,29.81,30.01,29.81,29.96,30.04,30.16,30.01,30.24,29.96,29.98,29.81,30.09,30.08,30.08,30.01,29.98,30.24,30.21,30.08,30.55,30.45,30.61,30.46,30.65,30.9,30.92,30.83,30.87,31.03,31.32,31.4,31.27,31.49,31.61,31.83,31.98,31.91,32.11,31.98,31.74,31.81,31.66,31.47,31.03,31.35,30.92,31.02,30.9,30.87,31.03,30.83,30.95,31.07,30.65,30.98,31.1,31.12,31.03,30.87,31.1,31.56,31.07,31.35,31.07,31.74,31.44,31.57,31.57,31.83,32.01,32.06,31.72,31.98,32.03,32.09,32.03,31.98,32.23,32.06,32.09,32.31,31.89,32.01,32.03,32.23,32.65,32.4,32.4,32.03,32.45,32.2,32.06,32.18,32.2,32.62,32.65,32.45,32.7,32.35,32.26,31.91,32.14,32.03,31.72,31.4,31.15,30.7,30.13,29.81,27.91,24.41,23.3,22.46,22.02,22.09,22.02,21.75
21.79,22.06,21.94,21.95,22.48,22.48,23.22,27.37,29.12,29.77,30.13,30.09,30.18,30.45,30.65,30.73,30.29,30.13,29.76,29.72,29.64,29.69,29.77,29.56,29.2,29.32,29.19,28.92,28.95,29.15,29.0,29.24,29.08,29.0,29.12,29.03,29.35,29.29,29.32,29.59,29.59,29.56,29.69,29.67,29.81,29.69,29.81,29.96,29.56,29.93,29.59,29.84,29.81,29.93,30.04,29.96,29.67,30.24,30.08,30.24,30.5,30.33,30.36,30.55,30.65,30.87,30.46,30.98,31.07,31.1,30.98,31.29,31.12,31.35,31.4,31.52,31.66,31.81,32.03,31.94,32.03,32.14,31.77,32.11,31.77,31.52,31.32,31.12,31.2,30.9,30.98,30.92,30.87,31.03,31.12,30.98,31.12,31.24,31.02,30.61,31.27,31.15,31.12,31.27,31.15,31.24,31.27,31.24,31.57,31.56,31.81,31.83,31.94,32.06,32.18,31.94,32.11,32.18,32.18,32.18,32.23,32.18,31.86,32.03,31.98,32.11,32.2,32.35,32.28,32.18,32.51,32.35,32.23,32.14,32.09,32.36,32.57,32.45,32.68,32.65,32.2,31.91,31.81,31.81,31.81,31.81,31.56,31.29,31.02,30.5,29.89,29.27,27.0,23.57,22.76,22.48,22.17,21.69,22.02,22.09
21.79,22.17,22.36,22.12,22.21,22.21,22.93,26.19,28.83,29.4,29.87,30.08,30.26,30.36,30.78,30.38,30.16,30.01,29.4,29.35,29.59,29.49,29.39,29.52,29.32,29.07,29.03,29.08,28.75,28.95,28.83,29.08,29.03,29.12,28.98,29.44,29.32,29.08,29.39,29.39,29.76,29.39,29.76,29.47,29.44,29.61,29.59,29.61,29.64,29.77,29.81,29.72,30.01,30.16,29.93,30.04,30.21,29.87,29.96,30.18,30.38,30.38,30.5,30.65,30.75,30.65,30.61,30.83,30.78,30.92,31.02,31.47,31.47,31.32,31.56,31.64,31.47,31.32,32.01,31.81,31.94,32.18,31.98,31.86,31.98,31.69,31.32,31.35,31.03,30.78,30.87,30.98,30.61,30.82,30.95,30.82,31.03,31.02,31.02,30.95,31.07,30.95,31.07,31.12,31.52,31.07,31.29,31.4,31.61,31.47,31.64,31.89,31.91,32.2,31.94,32.11,31.89,32.06,31.98,32.28,32.31,32.01,32.31,32.26,32.09,32.2,32.18,32.11,32.26,32.26,32.48,32.2,32.35,32.31,32.26,32.28,32.4,32.73,32.45,32.23,32.28,32.11,31.86,31.72,31.69,31.57,31.29,30.95,31.12,30.33,29.77,28.88,25.67,23.6,22.66,21.9,22.27,22.09,22.12,21.94
21.84,21.75,22.02,21.99,22.12,22.02,22.69,25.17,28.56,29.59,29.59,29.77,29.64,30.33,30.36,29.93,29.77,29.52,29.44,29.64,29.56,29.49,29.12,29.08,28.71,28.92,28.56,28.88,28.87,28.8,28.76,28.98,29.03,28.75,29.15,29.12,29.56,29.27,29.32,29.44,29.39,29.35,29.27,29.49,29.27,29.49,29.47,29.69,29.93,29.39,29.84,29.56,30.08,29.76,29.89,29.84,29.87,29.93,30.21,30.41,30.45,30.45,30.73,30.45,30.61,30.7,30.87,31.03,30.87,31.07,31.03,31.24,31.35,31.29,31.12,31.47,31.19,31.56,31.61,31.83,31.94,31.94,32.2,31.83,31.61,31.83,31.44,31.2,30.98,30.95,31.02,31.07,30.7,30.98,30.83,30.78,30.75,30.92,30.9,31.19,30.98,31.12,30.87,31.2,31.07,31.32,31.07,31.03,31.35,31.44,31.57,31.61,31.89,31.98,32.09,32.06,31.89,32.2,32.14,32.28,32.14,32.09,32.18,32.31,32.14,32.14,32.35,32.28,32.28,32.28,32.48,32.51,32.35,32.6,32.31,32.6,32.4,32.51,32.51,32.35,32.23,32.03,31.74,31.64,31.74,31.29,31.15,30.7,30.29,30.01,29.61,28.11,25.01,23.0,22.32,21.99,22.29,21.8,21.87,22.27
21.75,21.84,21.9,21.8,22.02,22.32,22.58,24.53,28.14,29.32,29.72,29.93,30.16,30.16,30.09,29.44,29.52,29.4,29.77,29.35,29.35,29.29,29.08,28.87,28.87,28.55,28.95,28.76,28.66,28.8,28.66,28.66,29.12,28.87,28.92,29.12,29.24,29.4,29.24,29.2,29.49,29.49,29.61,29.44,29.52,29.56,29.69,29.61,29.47,29.4,29.61,29.87,29.72,29.84,29.89,29.93,29.87,30.08,30.04,30.33,30.45,30.18,30.61,30.65,30.55,30.61,31.02,30.83,31.2,31.1,31.07,31.02,31.35,31.27,31.24,31.57,31.24,31.52,31.32,31.24,31.52,31.91,31.91,31.94,31.69,31.47,31.32,31.4,31.19,30.87,30.87,30.82,30.55,30.83,30.66,30.53,30.83,30.98,30.87,30.95,31.07,30.82,30.98,30.92,31.15,31.27,31.56,31.24,31.44,31.64,31.52,31.81,31.83,31.81,32.2,32.2,32.03,32.2,32.23,32.14,32.14,31.94,32.4,32.23,32.23,32.14,32.18,32.36,32.53,32.06,32.43,32.28,32.62,32.36,32.43,32.31,32.6,32.7,32.94,32.35,32.03,31.52,31.61,31.47,31.1,31.03,30.9,30.75,30.33,29.72,28.8,26.76,23.75,22.58,22.43,22.09,22.02,21.99,21.94,21.94
21.95,21.62,21.69,22.02,22.02,22.46,22.43,23.33,27.49,29.32,29.47,29.93,29.96,29.89,30.18,29.69,29.4,29.49,29.27,28.98,29.19,29.0,28.92,28.8,28.8,28.83,28.39,28.51,28.87,28.6,28.63,28.66,28.92,29.07,28.76,29.08,29.15,29.49,29.35,29.24,29.49,29.39,29.32,29.35,29.27,29.64,29.52,29.76,29.67,29.72,29.87,29.84,29.93,29.98,30.01,30.33,30.33,29.89,30.18,29.93,30.55,30.18,30.55,30.82,30.65,30.82,30.53,30.83,30.9,31.4,31.1,31.15,31.15,31.2,31.27,31.07,31.47,31.4,31.15,31.56,31.19,31.89,31.77,31.64,31.66,31.72,31.49,31.1,31.03,30.95,30.75,30.9,30.73,30.66,30.83,30.55,30.55,30.95,30.92,30.75,31.1,30.98,30.9,31.07,31.19,31.07,31.27,31.81,31.29,31.64,31.52,31.57,31.56,31.86,31.94,31.86,31.91,31.94,32.14,32.31,32.18,32.26,32.14,32.28,32.45,32.11,32.11,32.28,32.6,32.4,32.51,32.35,32.57,32.6,32.48,32.57,32.62,32.51,32.78,32.28,31.66,31.91,31.86,31.24,31.32,31.35,30.73,30.45,30.26,29.61,28.6,25.6,23.11,22.85,22.24,22.17,21.87,21.84,22.06,21.65
21.69,21.87,21.9,21.8,22.17,22.06,22.29,23.06,26.76,28.92,29.4,29.64,29.44,29.67,29.44,29.39,29.35,29.2,29.19,28.98,29.2,28.92,28.66,28.63,28.63,28.6,28.51,28.51,28.55,28.6,28.6,29.0,28.8,28.83,29.15,29.2,29.03,29.24,29.24,29.39,29.39,29.4,29.72,29.69,29.44,29.2,29.49,29.59,29.49,29.84,29.89,29.59,29.69,30.09,29.93,30.36,29.81,30.21,30.16,30.38,30.01,30.33,30.53,30.58,30.38,30.58,30.61,30.75,31.02,31.39,31.12,30.95,31.02,31.15,31.15,31.19,31.24,31.12,31.49,31.24,31.27,31.44,31.52,31.72,31.72,31.77,31.72,31.07,30.9,30.83,30.46,30.66,30.66,30.75,30.66,30.55,30.38,30.65,30.41,30.58,30.9,30.7,30.92,31.1,30.87,30.98,31.32,31.32,31.56,31.44,31.52,31.61,31.56,31.39,31.77,31.64,31.72,32.06,31.81,31.89,32.28,32.18,32.26,32.06,32.23,32.23,31.94,32.14,32.57,32.4,32.43,32.57,32.57,32.6,32.62,32.43,32.53,32.77,32.36,32.36,31.77,31.24,31.57,31.29,30.83,30.58,30.61,30.09,30.09,29.29,27.81,24.29,23.08,22.24,22.21,21.95,21.87,21.87,21.69,21.8
21.95,21.84,21.75,21.99,22.17,22.09,22.17,22.69,25.49,28.75,29.27,29.61,29.72,29.56,29.08,29.03,29.08,29.2,29.44,29.0,29.0,28.8,28.51,28.36,28.56,28.34,28.55,28.31,28.56,28.75,28.83,29.03,28.8,29.07,29.44,29.15,29.12,29.29,29.19,29.44,29.52,29.52,29.44,29.27,29.59,29.56,29.47,29.64,29.39,29.72,29.84,29.67,29.89,30.13,29.81,30.21,30.08,30.33,30.33,30.21,30.26,30.29,30.29,30.45,30.5,30.24,30.55,30.87,30.9,30.82,30.95,30.95,31.12,30.92,31.1,31.12,31.15,30.95,31.24,31.15,31.24,31.47,31.49,31.66,31.69,31.77,31.2,30.98,31.02,30.75,30.83,30.65,30.29,30.38,30.5,30.53,30.53,30.61,30.55,30.65,30.58,30.7,30.55,31.03,30.61,31.02,31.03,31.07,31.27,31.56,31.39,31.66,31.44,31.39,31.44,31.57,31.57,32.09,31.56,31.89,31.94,31.98,32.09,32.14,32.01,32.14,32.18,32.23,32.2,32.57,32.53,32.65,32.68,32.36,32.48,32.53,32.51,32.73,32.48,32.26,32.01,32.06,31.29,31.12,30.75,30.58,30.18,30.21,29.77,29.03,26.58,23.54,22.76,22.29,22.36,21.95,22.12,21.95,22.06,21.75
21.9,21.57,21.94,21.69,22.14,22.21,22.58,22.61,24.39,28.19,29.12,29.64,29.49,29.27,28.88,28.98,28.87,28.98,29.0,29.07,28.63,28.88,28.48,28.46,28.48,28.48,28.19,28.63,28.56,28.6,28.75,29.0,29.08,29.2,28.98,29.47,29.47,29.56,29.2,29.39,29.59,29.32,29.49,29.39,29.59,29.49,29.61,29.64,29.56,29.64,29.72,29.89,29.76,30.08,30.26,30.18,29.77,30.29,30.58,30.36,30.29,30.38,30.5,30.38,30.38,30.58,30.5,30.82,30.92,30.66,30.92,30.9,30.83,31.12,30.98,30.98,31.24,31.2,30.87,31.29,31.19,31.52,31.81,31.77,31.77,31.64,31.24,31.07,30.7,30.73,30.58,30.5,30.46,30.33,30.66,30.45,30.38,30.66,30.55,30.26,30.5,30.61,30.98,30.95,30.78,30.95,31.03,31.15,31.27,31.39,31.64,31.35,31.19,31.15,31.19,31.29,31.44,31.83,31.83,31.72,31.89,31.64,31.72,31.74,31.98,32.01,32.35,32.03,32.35,32.43,32.53,32.57,32.65,32.51,32.53,32.73,32.57,32.4,32.53,32.06,31.77,31.4,31.15,31.1,30.66,30.83,30.33,29.84,29.67,28.39,25.7,23.03,22.73,22.17,21.79,21.87,21.79,21.84,22.02,21.65
21.87,21.9,21.79,21.9,22.14,21.94,22.24,22.58,23.94,28.11,29.07,29.2,29.52,28.87,29.03,28.98,29.07,28.68,28.98,28.71,28.43,28.39,28.23,28.34,28.36,28.34,28.48,28.63,28.6,28.75,29.27,29.19,29.27,29.24,29.29,29.35,29.56,29.69,29.72,29.76,29.4,29.39,29.52,29.52,29.49,29.47,29.56,29.69,29.87,29.67,29.64,29.96,29.98,30.21,30.16,29.93,29.84,29.93,30.16,29.87,30.46,30.04,30.5,30.36,30.66,30.46,30.55,30.58,30.75,30.61,30.83,31.02,30.9,31.12,30.98,31.19,31.1,30.7,31.02,31.02,31.03,31.44,31.4,31.91,31.57,31.83,31.07,30.95,30.7,30.66,30.55,30.55,30.38,30.33,30.38,30.24,30.53,30.46,30.38,30.58,30.53,30.75,30.87,31.1,30.9,30.9,30.75,31.03,31.02,30.98,31.15,31.1,31.07,31.03,31.15,31.19,31.03,31.49,31.32,31.2,31.69,31.39,31.44,31.57,31.94,31.74,32.03,32.03,32.09,32.28,32.23,32.28,32.57,32.73,32.77,32.62,32.36,32.62,32.45,31.74,31.66,31.4,31.29,31.2,30.45,30.58,30.04,29.72,29.35,27.71,24.17,22.88,22.51,21.95,21.84,21.69,21.95,21.87,21.8,21.57
21.65,21.69,21.72,21.75,21.99,22.24,22.27,22.29,23.37,27.64,29.15,29.15,28.98,28.76,29.19,29.15,28.95,28.88,28.68,28.56,28.28,28.48,28.24,28.31,28.28,28.46,28.43,28.6,28.51,28.87,29.24,28.88,29.35,29.47,29.59,29.76,29.56,29.69,29.52,29.32,29.39,29.4,29.49,29.69,29.35,29.39,29.49,29.32,29.49,29.69,29.56,30.04,29.76,30.16,30.18,30.01,30.01,30.24,30.16,30.13,30.36,30.18,30.26,30.33,30.61,30.01,30.7,30.46,30.7,30.98,30.75,30.92,30.78,31.27,31.07,30.98,31.15,31.1,30.98,31.07,31.4,31.49,31.83,31.83,31.69,31.39,31.19,30.98,30.75,30.83,30.38,30.66,30.36,30.36,30.46,30.41,30.65,30.55,30.5,30.75,30.58,30.5,30.7,30.66,30.58,30.75,30.75,30.9,30.92,31.03,31.02,30.9,30.82,30.95,30.78,31.07,31.27,31.03,31.24,31.29,31.47,31.32,31.29,31.49,31.1,31.69,31.56,32.01,31.89,32.09,32.48,32.28,32.7,32.57,32.77,32.57,32.4,32.7,32.09,31.57,31.47,31.1,31.24,30.83,30.53,30.46,30.08,29.69,28.88,26.41,23.54,22.48,22.54,22.14,21.95,21.57,21.47,21.75,21.53,22.17
21.65,21.8,21.95,21.79,22.09,21.99,22.43,22.43,23.23,27.4,28.55,28.95,28.95,28.68,28.98,28.71,28.83,28.63,28.39,28.24,28.46,28.31,28.28,28.36,28.36,28.66,28.39,28.76,28.6,28.83,29.07,29.12,29.59,29.77,29.67,29.89,29.59,29.64,29.59,29.47,29.77,29.67,29.67,29.61,29.69,29.81,29.67,29.67,29.72,29.81,29.59,29.89,29.56,29.72,30.08,30.24,29.93,30.09,30.01,30.24,30.24,30.33,30.38,30.55,30.09,30.5,30.58,30.61,30.46,30.98,30.66,30.75,31.1,31.07,31.03,31.12,30.92,31.15,31.03,31.66,31.49,31.74,31.98,31.74,31.39,31.24,30.98,31.03,30.18,30.46,30.5,30.36,30.5,30.66,30.41,30.33,30.53,30.7,30.24,30.46,30.46,30.58,30.75,30.58,30.58,30.5,30.66,30.46,30.78,30.75,30.92,30.92,30.87,30.7,30.98,30.92,30.65,30.98,31.02,31.07,31.15,31.07,30.87,31.1,30.92,31.35,31.32,31.47,31.89,31.89,32.01,32.03,32.77,32.68,32.62,32.51,32.43,32.45,31.94,31.77,31.44,31.07,31.02,30.87,30.66,30.36,30.08,29.49,28.55,25.32,23.03,22.29,22.39,21.87,21.75,21.95,21.79,21.57,21.94,21.72
21.62,22.06,21.99,21.47,21.8,22.14,22.12,22.24,23.0,26.81,28.88,29.07,28.88,28.75,28.68,29.0,28.56,28.55,28.39,28.23,28.34,28.23,28.39,28.34,28.23,28.34,28.39,28.71,28.8,28.43,28.66,28.71,28.87,29.81,29.72,29.93,29.81,29.81,29.49,29.96,29.72,29.77,29.77,29.35,29.61,29.49,29.93,29.64,29.93,29.76,29.89,29.96,29.98,29.64,29.98,30.13,29.89,30.26,30.24,30.24,30.33,30.09,30.41,30.55,30.46,30.7,30.78,30.55,30.78,30.82,30.9,31.07,31.27,31.03,30.92,31.47,31.39,31.02,31.52,31.39,31.66,31.81,31.69,31.77,31.47,31.03,30.92,30.75,30.55,30.36,30.61,30.58,30.45,30.66,30.46,30.36,30.41,30.38,30.78,30.58,30.53,30.7,30.53,30.83,30.38,30.53,30.45,30.5,30.78,30.55,30.66,30.78,30.73,30.46,30.55,30.66,30.75,30.66,30.87,30.98,30.9,30.78,30.9,31.15,31.03,30.98,31.12,31.4,31.56,31.74,31.81,31.98,32.4,32.7,32.82,32.51,32.65,32.31,32.06,31.91,31.74,31.15,31.12,30.92,30.41,30.24,29.96,29.27,27.64,24.33,22.91,22.27,22.02,21.9,22.14,21.53,21.79,21.69,21.62,22.09
21.84,21.8,21.75,21.84,21.84,22.17,21.99,22.14,23.37,26.31,28.63,28.63,28.48,28.31,28.51,28.55,28.71,27.91,28.43,28.04,28.04,28.28,28.19,28.16,28.11,28.39,28.87,28.6,28.46,27.92,28.24,28.08,28.51,29.07,29.64,30.08,29.77,29.64,29.56,29.64,29.59,29.84,29.59,29.59,29.77,29.61,29.67,29.49,29.84,29.59,29.81,30.04,29.87,29.76,29.89,29.93,29.93,30.08,30.09,29.89,30.09,30.41,30.55,30.5,30.21,30.46,30.7,30.73,30.95,30.82,30.95,30.87,31.2,31.1,31.2,31.1,31.12,31.4,31.52,31.77,31.83,31.74,31.66,31.47,31.19,31.07,30.78,30.65,30.55,30.65,30.55,30.41,30.41,30.29,30.26,30.45,30.41,30.45,30.26,30.65,30.21,30.21,30.33,30.33,30.38,30.26,30.29,30.26,30.29,30.38,30.53,30.66,30.36,30.41,30.38,30.55,30.36,30.66,30.29,30.21,30.75,30.55,30.92,30.66,30.82,30.73,30.78,30.9,31.4,31.52,31.57,31.74,32.6,32.94,32.73,32.4,32.18,32.14,31.94,31.89,31.64,30.95,30.92,30.65,30.55,30.09,29.69,28.95,26.65,23.64,22.76,22.27,21.94,22.14,21.9,21.84,21.8,21.8,21.84,21.79
21.8,21.84,21.99,21.8,22.09,22.27,22.27,22.39,22.88,26.31,28.63,28.51,28.24,28.11,28.02,28.14,28.11,28.14,28.16,28.34,28.23,28.04,28.31,28.55,28.46,28.63,28.88,28.8,27.92,28.19,28.34,28.55,28.75,28.95,29.87,29.81,29.93,29.98,29.72,29.61,29.84,29.77,29.69,29.61,29.77,29.76,29.44,29.89,29.72,29.61,29.64,29.76,29.87,29.76,29.81,29.96,29.98,30.18,30.01,30.29,30.29,30.16,30.38,30.58,30.5,30.58,30.73,30.82,30.87,31.12,31.29,31.24,31.03,31.4,31.47,31.4,31.4,31.47,31.77,31.69,32.01,31.94,31.81,31.69,31.02,31.2,30.61,30.7,30.5,30.5,30.24,30.45,30.33,30.5,30.41,30.36,30.24,30.24,30.41,30.21,30.16,30.41,30.38,30.01,30.24,30.18,30.38,30.08,30.41,30.33,30.5,30.46,30.5,30.26,30.33,30.26,30.29,30.55,30.38,30.33,30.46,30.53,30.46,30.38,30.5,30.53,30.73,30.9,31.29,31.1,31.44,31.77,32.09,32.53,32.9,33.1,32.51,32.31,32.03,31.69,31.72,31.35,30.98,30.82,30.53,29.96,29.76,28.6,25.33,23.11,22.58,22.27,22.09,22.21,22.09,21.87,22.12,21.69,21.8,21.62
22.09,21.84,21.94,21.65,21.99,21.94,22.14,22.46,22.63,25.94,28.28,28.55,28.23,28.04,28.23,28.14,28.24,28.24,28.04,28.08,27.92,28.23,28.43,28.23,28.87,28.83,29.2,28.66,28.34,28.39,28.16,28.39,28.63,29.15,29.67,30.04,29.84,30.01,29.64,29.72,29.4,29.77,29.39,29.69,29.61,29.49,29.67,29.64,29.64,29.61,29.77,30.04,30.18,30.04,29.77,29.96,29.93,30.08,30.18,30.5,30.38,30.13,30.29,30.29,30.58,30.73,30.7,30.83,31.02,31.03,30.92,31.24,31.29,31.44,31.44,31.44,31.49,31.72,31.91,31.89,31.81,31.94,31.52,31.15,30.83,31.07,30.66,30.61,30.55,30.65,30.61,30.66,30.33,30.41,30.41,30.55,30.16,30.38,30.24,30.18,30.16,30.55,29.93,29.84,29.98,30.08,29.93,30.24,30.26,30.21,30.36,30.33,30.38,30.33,30.26,30.13,30.21,30.13,30.55,29.72,29.96,30.13,30.38,30.18,30.55,30.46,30.78,30.61,30.82,31.07,31.15,31.39,31.86,32.45,32.82,33.04,32.53,32.51,32.01,31.69,31.47,31.32,30.7,30.66,30.18,29.98,29.29,27.84,24.78,22.69,22.17,22.27,21.95,22.06,21.84,21.75,21.8,21.94,21.87,21.47
22.14,21.95,21.79,21.79,22.09,21.94,21.9,22.32,22.66,26.29,28.31,28.08,28.04,28.02,27.99,28.14,28.08,28.04,28.24,28.04,27.99,27.96,28.23,28.31,28.63,28.98,29.03,29.27,28.56,28.24,28.48,28.36,28.8,29.07,29.72,29.56,29.67,29.76,29.44,29.72,29.76,29.61,29.64,29.77,29.61,29.69,29.77,29.67,29.77,29.77,29.72,29.77,29.72,30.08,30.08,30.26,30.33,29.72,30.13,30.09,30.16,30.33,30.5,30.38,30.61,30.65,30.73,30.83,31.02,31.07,31.29,31.32,31.57,31.57,31.83,31.74,31.86,32.01,32.2,31.94,31.89,31.69,31.35,31.39,31.2,31.02,30.78,30.61,30.41,30.46,30.24,30.53,30.58,30.16,30.18,30.33,30.26,30.66,30.08,30.01,30.24,29.89,30.04,29.84,29.89,30.18,29.84,30.18,30.08,30.18,30.18,30.18,30.13,30.24,30.26,29.96,30.01,29.81,30.26,30.04,30.21,30.38,30.04,30.24,30.24,30.46,30.29,30.26,30.75,30.75,31.07,31.19,31.72,32.03,32.7,33.02,32.7,32.43,32.2,32.01,31.29,31.2,31.12,30.82,30.33,29.67,29.4,27.02,23.72,22.66,22.29,22.36,21.95,21.9,21.84,21.84,21.75,21.84,21.65,21.42
21.53,21.79,21.79,21.79,21.75,22.12,22.12,22.29,22.73,26.14,28.19,27.92,27.79,27.99,27.84,28.02,27.99,27.81,28.08,28.08,28.14,28.36,28.39,28.46,28.66,28.75,29.27,29.2,29.08,28.43,28.88,29.08,29.47,29.56,29.69,29.93,29.76,29.96,29.4,29.77,29.49,29.84,29.52,29.87,29.44,29.81,29.81,29.77,29.81,29.76,29.84,29.59,29.96,29.98,29.84,29.89,30.13,30.13,30.21,30.53,30.24,30.55,30.65,30.41,30.83,30.65,30.65,30.66,31.35,31.32,31.24,31.07,31.72,31.61,31.69,32.03,32.11,32.01,32.11,32.2,31.61,31.49,31.32,31.12,31.07,30.9,30.61,30.53,30.66,30.38,30.75,30.33,30.7,30.36,30.29,30.41,30.21,30.46,30.16,29.72,29.96,30.04,30.08,29.98,29.72,29.72,30.08,30.18,30.01,29.98,30.16,30.01,30.04,30.08,29.93,29.96,29.64,29.87,30.01,29.89,29.96,29.87,29.77,29.84,29.96,30.01,30.09,30.24,30.41,30.58,30.9,30.92,31.39,31.52,32.28,32.9,32.77,32.53,32.36,31.91,31.49,31.39,30.82,30.82,30.5,29.84,29.2,25.87,23.69,22.46,22.27,21.99,21.75,21.62,21.53,21.79,21.65,21.65,21.99,21.8
21.94,21.5,21.5,21.57,21.95,21.53,22.02,22.06,22.96,25.82,28.19,27.71,28.02,27.67,28.04,27.84,27.87,27.92,27.72,28.08,28.23,28.31,28.46,28.43,28.87,28.98,29.32,29.52,29.61,29.61,29.27,29.61,29.84,29.52,29.93,29.81,29.67,29.61,29.56,29.67,29.76,29.64,29.69,29.59,29.69,29.61,29.69,29.76,29.64,29.93,29.93,30.08,29.77,29.59,30.18,30.18,30.16,30.26,30.08,30.29,30.38,30.73,30.41,30.41,30.7,30.9,30.98,30.98,31.49,31.49,31.24,31.69,31.57,31.98,32.09,32.35,32.28,32.18,32.36,32.18,31.83,31.52,31.39,30.92,30.7,31.02,30.83,30.78,30.26,30.58,30.38,30.41,30.24,30.33,30.66,30.38,30.18,30.18,30.16,30.13,30.13,29.84,30.09,29.98,30.01,30.33,29.67,29.96,30.04,30.08,30.16,29.89,30.08,30.08,29.98,29.96,30.04,29.69,30.08,29.81,29.89,29.49,29.69,29.67,29.76,29.96,29.98,29.76,30.21,30.33,30.53,30.53,31.1,31.27,31.86,32.62,32.68,32.43,32.18,31.72,31.56,31.2,31.24,30.82,30.55,30.01,28.48,24.68,23.06,22.43,21.84,22.12,21.79,21.99,21.75,21.69,21.99,21.69,21.8,21.5
21.65,21.5,21.75,21.79,21.8,21.9,21.99,22.14,22.93,26.11,27.67,27.72,27.59,27.59,27.92,27.96,27.99,28.23,27.87,28.34,28.23,27.92,28.63,28.95,28.95,28.87,29.27,29.4,29.29,29.64,29.49,29.77,29.67,29.59,29.96,29.81,29.49,29.61,29.67,29.87,29.69,29.69,29.61,29.67,29.32,29.67,29.47,29.69,29.52,29.84,29.69,29.84,29.89,29.87,30.09,30.08,30.18,29.93,30.38,30.38,30.04,30.24,30.41,30.45,30.73,30.9,30.98,30.92,31.2,31.56,31.57,31.66,31.98,32.18,32.35,32.23,32.53,32.18,32.11,31.72,31.64,31.44,31.24,31.19,30.73,30.66,30.53,30.73,30.45,30.66,30.5,30.04,30.33,30.33,30.38,30.13,30.13,30.24,30.04,30.04,30.36,30.01,30.33,29.96,29.81,29.69,29.59,29.67,29.77,29.89,30.08,29.98,29.89,29.98,30.18,29.69,29.67,29.96,29.72,29.64,29.67,29.64,29.64,29.59,29.93,29.69,30.01,30.04,30.21,29.96,30.36,30.65,30.7,30.92,31.4,31.94,32.35,32.4,32.18,31.89,31.64,31.47,31.24,30.87,30.21,29.69,27.79,24.09,22.73,22.21,22.06,22.12,21.75,21.87,21.75,21.65,21.62,21.35,21.42,21.6
21.6,21.75,21.6,21.99,22.06,21.79,21.95,22.32,22.76,25.96,28.19,27.59,27.52,27.81,27.76,27.71,27.81,27.91,28.04,28.16,28.31,28.31,28.48,28.76,28.83,28.92,29.39,29.27,29.64,29.47,29.61,29.67,29.69,29.47,29.89,29.81,29.59,29.67,29.77,29.47,29.76,29.81,29.77,29.81,29.87,29.81,29.69,29.59,29.81,29.87,29.87,30.21,29.87,30.13,30.01,30.24,30.16,30.16,30.24,30.58,30.36,30.78,30.9,30.65,31.02,30.98,31.02,31.4,31.44,31.77,31.74,32.4,32.36,32.62,32.77,32.31,32.31,32.43,32.09,31.91,31.61,31.35,31.1,31.1,30.95,30.9,30.73,30.38,30.29,30.29,30.5,30.45,30.46,30.5,30.24,30.38,30.24,30.45,30.21,30.04,30.13,29.81,29.81,29.84,29.77,29.89,29.81,30.04,29.81,29.61,29.87,30.09,29.87,29.87,29.84,30.13,29.72,29.77,29.77,30.01,29.76,29.77,29.84,29.89,29.67,29.49,29.84,29.67,30.24,30.13,30.29,30.66,30.61,31.19,31.4,32.18,32.4,32.4,32.45,31.91,32.03,31.64,31.02,30.98,30.5,29.61,27.55,24.02,22.91,22.58,21.9,21.95,22.02,21.87,21.69,21.62,21.79,21.6,21.87,21.69
21.57,21.79,21.65,21.95,21.9,21.95,22.24,22.14,23.03,25.7,27.79,27.6,27.76,27.67,27.67,27.81,28.08,27.99,28.19,28.56,28.19,28.55,28.88,28.87,29.03,29.19,29.15,29.15,29.44,29.64,29.47,29.61,29.69,29.59,29.67,29.47,29.81,29.87,29.61,29.76,29.77,29.72,29.96,29.89,29.56,29.61,29.98,29.4,29.81,29.96,30.01,29.98,30.41,30.24,30.26,30.46,30.41,30.5,30.46,30.55,30.45,31.03,30.98,30.75,31.19,31.12,31.24,31.27,31.64,32.03,32.35,32.48,32.62,32.95,32.53,32.65,32.35,32.2,32.26,31.83,31.69,31.49,31.27,31.07,30.95,30.55,30.75,30.5,30.41,30.78,30.61,30.61,30.36,30.29,30.13,30.38,30.09,30.38,30.36,30.18,30.01,30.01,30.04,29.87,29.87,29.59,29.87,30.08,30.01,29.61,29.89,29.89,29.67,29.69,29.76,29.81,29.81,30.08,29.76,29.84,29.69,29.93,29.87,29.77,29.56,29.67,29.72,30.01,29.93,30.08,30.33,30.08,30.61,30.87,30.92,31.69,32.06,32.43,32.23,31.98,31.77,31.32,31.15,30.87,30.38,29.69,26.7,23.72,22.78,22.24,22.06,22.02,21.9,21.94,21.47,21.62,21.79,21.9,21.65,21.5
21.75,21.6,21.84,21.75,21.95,21.94,22.12,22.36,22.61,25.57,27.64,27.49,27.6,27.81,27.76,27.91,27.81,28.14,28.48,28.28,28.34,28.56,28.6,28.56,28.87,29.0,29.12,29.35,29.08,29.52,29.39,29.4,29.67,29.69,29.67,29.61,29.61,29.61,29.56,29.87,29.61,29.69,29.87,29.87,29.67,29.84,29.72,29.93,29.61,29.89,30.38,30.16,30.36,30.33,30.21,30.53,30.38,30.38,30.73,30.73,30.87,30.83,31.15,31.12,31.32,31.24,31.47,31.57,32.2,32.36,32.31,32.4,32.99,32.51,32.7,32.6,31.98,32.06,32.09,31.57,31.64,31.15,31.02,31.07,30.83,30.7,30.75,30.65,30.78,30.58,30.65,30.73,30.45,30.29,30.38,30.29,30.21,30.21,30.16,30.18,29.87,29.93,29.89,29.87,29.77,29.67,29.81,29.67,29.77,29.56,30.09,29.81,29.98,29.84,29.96,30.09,29.93,29.77,29.87,29.76,29.84,30.16,29.4,29.56,29.32,29.77,29.81,29.35,29.93,29.81,30.24,30.21,30.7,30.7,30.95,31.44,31.44,32.06,32.01,32.2,31.91,31.61,31.44,31.07,30.53,29.56,26.58,23.54,22.46,22.29,21.87,21.95,21.6,22.09,21.9,21.6,21.69,21.57,21.72,21.95
21.6,21.8,21.84,21.79,21.9,21.8,22.27,22.46,23.03,25.84,27.92,27.79,27.79,27.76,28.19,27.99,27.92,28.31,28.51,28.51,28.39,28.46,28.63,28.83,29.0,29.07,29.08,29.03,29.29,29.24,29.47,29.49,29.64,29.4,29.69,29.47,29.59,29.67,29.72,29.76,29.72,30.21,29.84,29.96,29.93,29.87,30.01,30.08,29.96,30.09,30.24,30.18,30.09,30.45,30.66,30.36,30.46,30.58,30.92,30.7,30.98,31.19,31.39,31.35,31.66,31.91,31.89,32.11,32.35,32.48,32.65,32.73,32.87,33.07,32.31,32.23,32.23,32.06,31.74,31.57,31.49,31.07,31.19,30.83,30.75,30.75,30.87,30.75,30.58,30.53,30.55,30.41,30.36,30.41,30.13,30.13,30.45,30.13,30.38,30.08,29.89,29.93,30.09,29.98,29.98,29.67,29.69,29.76,29.84,29.81,29.76,29.76,29.96,29.98,30.01,29.89,29.81,30.21,29.93,29.84,29.96,30.16,29.67,29.72,29.72,29.69,29.72,29.64,29.49,29.76,30.16,30.24,30.46,30.75,30.82,31.12,31.19,32.09,32.26,32.18,32.09,31.66,31.12,30.78,30.38,29.03,25.7,23.27,22.51,22.14,22.27,22.09,21.8,21.87,21.95,21.99,21.65,21.8,21.8,21.69
21.79,21.84,21.8,21.94,21.94,21.84,22.17,22.21,22.85,26.18,27.84,27.87,27.76,27.76,27.79,27.87,27.96,28.04,28.31,28.36,28.43,28.6,28.66,28.55,28.95,29.03,29.12,29.07,29.2,29.47,29.39,29.49,29.27,29.44,29.76,29.67,29.87,29.89,29.72,29.93,29.81,29.93,30.16,29.81,29.84,29.89,29.96,30.08,30.09,30.13,30.26,30.04,30.53,30.58,30.41,30.82,30.45,30.7,30.92,31.02,31.27,31.32,31.77,31.61,31.86,31.61,32.26,32.35,32.65,32.53,32.82,32.73,32.57,32.65,32.28,32.28,32.09,31.74,31.83,31.57,31.39,31.29,31.1,30.82,30.9,30.73,30.58,30.87,30.55,30.5,30.29,30.55,30.36,30.36,30.21,30.29,30.5,30.33,30.21,30.21,30.04,29.77,29.89,29.89,29.72,29.69,29.69,29.77,29.67,29.77,29.76,29.69,29.56,29.87,29.69,29.93,29.89,30.01,30.09,29.93,30.24,29.81,29.76,29.67,29.56,29.69,29.47,29.72,29.72,29.77,30.13,30.5,30.41,30.7,30.78,31.15,31.03,31.47,31.77,32.03,31.91,31.66,31.15,30.95,30.21,28.92,25.17,23.45,22.21,22.14,22.29,21.9,21.95,21.84,21.69,21.65,21.69,21.79,21.62,21.53
21.69,21.79,21.72,21.9,21.9,22.14,22.21,22.48,23.0,26.29,27.92,28.04,27.84,27.72,27.91,27.81,28.08,28.39,28.39,28.55,28.63,28.71,28.56,28.87,29.0,29.07,29.15,29.12,29.12,29.2,29.4,29.49,29.64,29.29,29.47,29.84,29.64,29.67,29.52,29.89,29.69,29.77,30.04,30.08,30.01,30.01,29.87,30.16,30.29,30.16,30.38,30.5,30.41,30.55,30.73,30.9,30.55,31.1,31.19,31.19,31.49,31.69,31.86,32.06,32.23,32.36,32.48,32.77,32.82,32.78,32.65,32.62,32.26,32.28,32.18,32.23,31.89,31.61,31.56,31.32,31.03,31.03,30.75,30.83,30.92,30.66,30.87,30.66,30.46,30.58,30.45,30.55,30.73,30.46,30.26,30.21,30.04,30.21,30.24,29.84,30.21,29.89,29.64,29.61,29.76,29.56,29.64,29.69,29.77,29.61,29.84,29.84,29.76,29.77,29.89,29.89,30.24,30.21,29.98,29.98,29.84,29.81,29.76,29.93,29.69,29.56,29.72,29.32,29.61,29.67,30.01,30.18,30.21,30.75,30.61,30.53,31.03,31.07,31.66,31.66,31.66,31.39,31.07,30.82,29.98,28.55,24.53,22.73,22.46,22.24,21.95,21.9,21.69,21.27,21.6,21.75,21.72,21.53,21.57,21.72
21.65,21.99,21.62,21.87,21.94,21.84,22.17,22.32,23.03,26.07,28.16,28.14,27.91,27.71,28.11,27.91,28.11,28.16,28.36,28.28,28.56,28.55,28.88,28.75,28.83,29.19,29.0,29.49,29.32,29.39,29.4,29.29,29.61,29.49,29.49,29.44,29.72,29.77,29.64,29.98,29.77,29.93,29.84,29.89,30.21,30.18,30.16,30.36,30.18,30.45,30.38,30.55,30.7,30.73,30.9,31.15,31.4,31.2,31.64,31.83,31.81,31.89,32.36,32.28,32.4,32.31,32.7,33.02,32.7,32.87,32.57,32.43,32.4,32.2,32.09,31.69,31.66,31.47,31.77,31.35,31.24,31.07,30.92,31.07,30.75,30.58,30.58,30.61,30.36,30.65,30.38,30.55,30.5,30.38,30.41,30.16,30.26,30.18,30.09,29.84,30.01,29.89,30.13,29.87,29.64,29.67,29.87,29.69,29.72,29.77,29.84,29.67,29.64,29.89,29.93,29.76,29.59,30.13,29.96,29.89,29.87,29.72,29.93,30.04,29.76,29.4,29.56,29.69,29.52,29.67,29.77,30.29,30.46,30.65,30.46,30.7,30.78,31.15,31.1,31.56,31.74,31.52,30.95,30.92,29.81,27.64,23.82,22.85,22.63,22.66,22.14,22.24,21.72,22.02,21.69,21.72,21.8,21.72,21.69,21.65
21.8,21.6,21.75,21.65,22.06,22.12,22.21,22.09,22.63,25.82,28.31,28.55,27.84,28.11,27.91,28.31,27.84,28.16,28.31,28.56,28.36,28.56,28.76,28.63,29.0,29.15,29.12,29.08,29.08,29.29,29.44,29.49,29.27,29.39,29.32,29.76,29.39,29.72,30.01,29.64,29.89,29.93,29.96,30.36,30.16,30.29,30.33,30.41,30.13,30.65,30.53,30.5,31.2,30.92,31.12,31.35,31.32,31.35,31.89,31.94,32.09,32.03,32.31,32.77,32.68,32.78,32.7,32.57,32.82,32.2,32.31,32.14,32.18,31.91,31.86,31.94,31.77,31.64,31.35,31.29,30.82,30.9,30.92,31.15,30.87,30.78,30.73,30.5,30.36,30.21,30.5,30.36,30.13,30.13,30.33,29.98,29.89,30.13,30.16,29.93,30.26,29.84,30.01,29.76,29.77,29.67,29.61,29.67,29.81,29.96,29.61,29.98,29.67,29.72,29.69,29.76,29.87,30.13,30.24,29.89,30.13,29.87,30.13,29.77,29.59,29.49,29.72,29.59,29.56,29.56,29.69,30.21,30.46,30.55,30.46,30.87,30.55,30.87,30.9,30.87,31.07,31.47,31.1,30.66,29.69,26.7,23.67,22.66,22.27,22.48,21.9,21.62,21.87,21.8,21.84,21.47,21.69,21.75,21.72,21.23
21.62,21.65,22.12,22.09,21.99,21.6,22.21,22.24,22.73,25.6,28.31,28.66,28.11,27.71,28.14,27.99,28.08,28.66,28.51,28.55,28.39,28.48,28.68,28.98,29.0,28.88,29.15,29.15,29.32,29.32,29.59,29.35,29.32,29.59,29.76,29.77,30.01,29.89,29.81,30.01,30.13,29.84,30.41,30.21,30.24,30.38,30.45,30.53,30.66,30.73,30.73,31.12,31.1,31.29,31.1,31.29,31.81,31.98,32.23,32.28,32.4,32.62,32.7,32.57,32.4,32.45,32.57,32.7,32.4,32.26,32.26,31.98,32.01,31.86,31.74,31.77,31.86,31.52,31.72,31.29,31.03,30.92,30.73,30.53,30.66,30.46,30.38,30.5,30.41,30.38,30.21,30.38,29.96,30.29,30.24,29.77,30.08,30.08,29.77,29.89,30.18,29.72,29.67,29.89,29.76,29.64,29.98,29.89,29.44,29.64,29.69,29.67,29.89,29.56,29.89,29.81,29.87,30.09,29.89,30.24,30.04,29.84,29.84,29.98,29.84,29.64,29.47,29.19,29.4,29.44,29.69,29.87,30.26,30.7,30.45,30.73,30.38,30.66,30.87,31.02,31.07,31.02,30.78,30.26,29.03,25.32,22.85,22.36,22.24,21.9,21.87,21.8,21.72,21.75,21.75,21.69,21.53,21.8,21.6,21.53
21.95,21.69,21.72,21.62,21.95,21.87,22.27,22.36,22.85,25.4,28.11,29.07,28.71,27.99,28.02,28.23,28.11,28.56,28.24,28.34,28.55,28.68,28.6,28.66,28.95,28.95,29.07,29.03,29.08,29.44,29.32,29.56,29.67,29.64,29.61,29.64,30.01,29.69,29.72,30.01,29.96,29.81,30.16,30.61,30.33,30.65,30.82,30.78,30.83,30.92,31.12,31.24,31.39,31.35,31.72,31.77,32.09,32.23,32.51,32.7,32.65,32.85,32.85,32.9,32.68,32.28,32.62,32.2,32.4,32.23,32.14,32.01,31.81,32.11,31.4,31.66,31.47,31.47,31.4,31.03,31.03,30.61,30.73,30.5,30.65,30.7,30.7,30.38,30.36,30.5,30.33,30.24,30.29,30.26,30.08,30.08,30.04,30.33,30.09,29.87,29.98,29.87,30.08,29.93,30.13,29.61,29.87,29.77,29.76,29.76,29.76,29.89,29.72,29.98,29.77,29.67,29.84,30.01,29.96,29.76,30.16,30.18,30.16,30.08,29.89,29.69,29.67,29.56,29.35,29.59,29.59,29.96,30.5,30.73,30.55,30.65,30.46,30.46,30.73,30.61,30.73,30.66,30.78,30.21,27.91,23.91,23.0,22.43,22.09,21.95,21.87,21.6,21.65,21.9,21.9,21.35,21.9,21.69,21.42,21.6
21.84,22.02,22.06,22.09,21.69,21.9,22.27,22.48,22.88,25.75,28.19,28.76,28.88,28.24,28.14,27.99,28.24,28.34,28.46,28.71,28.71,28.88,28.8,29.2,29.2,29.27,29.32,29.24,29.32,29.4,29.69,29.69,29.4,29.61,29.77,29.84,29.84,29.77,30.04,30.24,30.16,30.45,30.36,30.65,30.65,30.83,30.66,31.19,31.19,31.52,31.32,31.64,31.86,32.26,31.94,32.28,32.6,32.57,32.95,32.99,33.02,32.77,32.78,32.87,32.68,32.35,32.43,32.31,32.6,31.94,31.94,31.49,31.72,31.74,31.56,31.74,31.64,31.56,31.27,31.12,30.95,31.1,30.58,30.98,30.73,30.61,30.5,30.46,30.33,30.24,30.46,30.36,30.09,30.21,30.08,30.09,29.84,30.01,29.87,30.09,29.96,29.96,30.24,29.77,29.84,29.98,29.89,29.59,29.84,29.98,29.77,29.84,29.93,30.08,29.69,30.04,29.89,30.08,29.87,30.21,30.26,30.41,30.38,30.13,29.87,29.69,29.81,29.44,29.72,29.67,29.64,29.89,30.5,30.61,30.75,30.92,30.58,30.38,30.61,30.46,30.58,30.65,30.5,29.93,26.34,23.45,22.76,21.95,22.09,21.8,21.87,21.87,21.32,21.65,21.72,21.53,21.53,21.32,21.75,21.75
21.6,21.87,21.95,21.9,22.24,21.9,22.36,22.36,22.76,25.7,28.31,28.55,29.2,28.95,28.04,28.08,28.48,28.48,28.8,28.43,28.98,28.68,28.8,28.98,29.0,28.98,29.29,29.72,29.35,29.29,29.4,29.61,29.69,29.61,29.49,30.16,30.01,30.18,30.16,30.33,30.46,30.53,30.78,30.95,30.92,30.98,31.15,31.52,31.35,31.66,31.69,31.83,31.83,32.31,32.45,32.95,32.85,33.04,33.19,33.24,32.9,32.73,32.31,32.57,32.53,32.35,32.31,32.23,31.94,32.01,32.01,31.91,31.81,31.94,31.64,31.27,31.52,31.32,31.19,31.24,31.35,30.95,30.87,30.95,30.66,30.87,30.7,30.18,30.41,30.13,30.08,29.93,30.29,30.09,30.08,30.09,30.16,30.04,29.93,30.04,30.04,29.98,29.84,29.84,29.87,29.76,29.64,29.84,30.24,29.96,29.93,29.81,29.64,30.01,29.81,29.72,29.96,29.81,30.04,30.38,30.33,30.26,30.18,30.21,30.09,29.96,29.89,29.56,29.93,29.67,29.77,30.04,30.21,30.61,30.58,30.75,30.55,30.7,30.36,30.41,30.09,30.26,30.13,28.87,25.07,23.15,22.61,22.12,22.06,21.9,21.79,21.94,21.62,21.8,21.47,21.57,21.6,21.99,21.65,21.57
21.43,21.79,21.72,21.62,21.94,21.99,22.36,22.14,22.96,25.25,27.99,28.92,29.69,29.49,28.56,28.16,28.71,28.48,28.66,28.46,28.51,28.98,28.71,28.83,29.0,28.88,29.0,29.29,29.52,29.56,29.47,29.77,29.61,29.47,29.81,29.77,29.96,30.18,30.18,30.78,30.66,30.73,30.82,30.87,31.2,31.29,31.19,31.32,31.49,31.77,32.03,32.23,32.4,32.78,32.85,33.12,32.99,33.04,33.19,32.9,32.82,32.6,32.36,32.35,32.14,32.2,32.31,32.14,31.89,31.69,31.57,31.57,31.61,31.44,31.52,31.56,31.52,31.39,31.32,30.9,31.02,30.9,30.7,30.78,30.83,30.46,30.61,30.16,30.26,30.26,30.16,30.18,30.38,29.98,30.09,30.18,29.81,30.21,29.87,29.89,29.81,30.09,30.18,29.89,30.09,29.81,29.93,29.98,30.04,29.84,30.01,30.18,29.77,29.96,30.08,29.72,29.59,29.87,29.72,30.18,30.53,30.18,30.55,30.04,29.96,30.18,29.84,29.81,29.89,29.67,29.29,29.87,29.98,30.65,30.82,30.83,30.7,30.5,30.5,30.21,30.26,30.13,29.77,27.32,23.91,22.76,22.43,22.06,22.17,21.72,21.65,21.65,21.35,21.79,21.65,21.72,21.47,21.69,21.47,21.53
21.57,21.9,22.09,21.6,21.87,21.94,21.99,22.39,22.88,24.68,27.99,28.95,29.29,29.69,29.32,28.51,28.56,28.39,28.39,28.63,28.95,28.92,29.0,29.19,28.98,29.07,29.56,29.32,29.52,29.72,29.69,29.69,29.84,29.72,29.81,30.21,30.46,30.24,30.24,30.66,30.75,30.87,31.19,31.24,31.27,31.29,31.47,32.03,31.94,32.36,32.7,32.51,33.12,33.32,33.12,32.95,32.99,32.68,32.99,32.65,32.7,32.48,32.57,32.23,32.26,31.64,32.18,31.91,31.72,31.89,31.66,31.74,31.35,31.39,31.56,31.35,31.24,31.44,31.1,31.15,31.24,30.5,30.78,30.7,30.66,30.46,30.41,30.5,30.26,30.36,30.24,29.98,30.04,30.41,30.21,30.29,30.16,29.96,30.04,30.24,30.04,30.13,29.84,29.87,29.93,29.81,29.96,29.96,29.89,30.16,30.26,30.13,30.04,29.76,29.89,30.01,29.61,29.96,29.96,29.81,29.96,30.21,30.55,30.41,30.36,30.16,30.13,29.76,29.84,29.49,29.59,29.52,30.26,30.36,30.7,30.87,30.58,30.55,30.24,30.13,30.26,29.67,29.24,25.7,23.42,22.66,22.02,22.02,22.17,21.79,21.87,21.79,21.53,21.84,21.87,21.57,21.6,21.57,21.75,21.62
22.02,21.84,21.75,21.99,21.8,22.02,22.21,22.54,22.81,24.9,28.04,29.08,29.81,30.01,29.49,29.12,28.95,28.71,28.66,29.15,28.55,29.07,29.08,28.95,29.47,29.39,29.29,29.32,29.77,29.39,29.77,29.87,29.87,30.36,30.36,30.45,30.66,30.46,30.82,30.95,31.1,31.39,31.35,31.61,31.91,31.81,31.98,32.57,32.68,32.99,33.19,33.07,33.15,33.24,33.15,33.07,33.1,32.77,32.77,32.7,32.4,32.43,32.23,32.23,32.09,32.35,31.83,31.83,32.11,31.77,31.57,32.01,31.49,31.44,31.2,31.49,31.44,31.1,31.15,30.9,31.03,31.15,30.73,30.92,30.75,30.78,30.66,30.33,30.24,30.26,30.18,30.38,30.18,30.29,29.98,30.13,30.45,30.01,29.84,29.76,30.16,29.81,30.08,29.76,30.04,29.81,29.89,30.13,29.77,30.58,30.24,30.18,30.04,30.09,30.5,29.89,30.09,29.93,29.98,29.93,30.13,30.36,30.18,30.65,30.09,30.33,30.09,29.81,29.69,29.56,29.69,29.89,30.24,30.75,30.75,30.95,30.7,30.33,30.16,30.01,29.93,29.89,27.84,24.21,22.88,22.54,22.51,22.29,22.02,22.12,21.72,21.8,21.94,21.72,21.75,21.57,21.9,21.5,21.72,21.8
21.95,21.84,21.79,21.84,21.95,22.14,22.32,22.54,22.88,24.33,28.08,29.0,29.4,30.04,30.18,29.81,29.15,28.63,28.68,28.87,29.0,28.66,29.0,29.29,29.44,29.56,29.47,29.61,29.87,29.89,30.01,30.29,30.26,30.29,30.61,30.82,30.41,30.78,30.75,31.12,31.07,31.66,31.91,32.09,32.11,32.53,32.53,33.04,33.1,33.32,32.94,33.12,33.15,33.27,33.04,32.94,33.1,32.53,32.68,32.48,32.4,32.26,32.18,32.31,31.86,31.81,32.01,31.98,31.64,31.61,31.61,31.66,31.29,31.39,31.1,31.15,31.27,31.02,30.98,30.83,31.12,30.95,30.83,30.9,30.66,30.65,30.66,30.53,30.55,30.38,30.36,30.26,29.89,30.01,30.24,30.09,29.87,30.13,30.36,30.08,30.26,30.26,29.96,29.81,30.21,30.16,29.98,30.61,30.08,30.08,30.04,29.98,29.89,30.24,30.08,30.24,30.04,29.77,29.67,29.67,30.13,30.04,30.18,30.61,30.61,30.21,30.24,29.81,29.96,29.61,29.59,29.84,29.93,30.33,30.5,30.75,30.65,30.65,30.16,30.01,30.13,29.44,26.23,23.48,23.03,22.54,21.99,21.99,22.17,21.9,21.8,21.94,21.62,21.72,21.27,21.42,21.75,21.35,21.79,21.53
21.75,22.09,21.99,21.75,22.32,22.02,22.32,22.61,22.54,23.84,27.72,29.15,29.76,29.89,30.33,30.01,29.87,29.12,29.07,28.88,29.08,29.4,29.39,29.52,29.44,29.77,29.69,29.84,30.08,29.77,30.36,30.38,30.33,30.45,30.55,30.87,30.78,31.2,31.19,31.47,31.83,32.18,32.57,32.53,32.99,33.07,32.87,33.24,33.12,32.94,33.02,32.85,32.87,32.68,32.62,32.87,32.6,32.4,32.36,32.18,32.35,32.11,32.06,32.23,31.98,31.69,31.91,31.86,31.52,31.44,31.39,31.47,31.4,31.12,31.07,31.32,31.24,31.02,31.02,30.92,30.78,30.66,30.78,30.5,30.73,30.46,30.78,30.61,30.21,30.01,30.26,30.26,30.01,30.33,30.36,30.01,30.04,29.84,30.09,29.98,30.01,30.24,30.01,29.81,29.96,30.08,29.87,29.87,30.26,30.08,30.26,30.53,30.24,30.04,29.98,30.04,29.77,30.01,30.04,29.67,30.26,30.13,30.38,30.53,30.38,29.93,30.5,30.01,29.93,29.44,29.61,29.61,30.16,30.08,30.7,30.98,30.7,30.58,30.13,30.16,29.93,29.29,26.46,23.54,22.61,22.24,22.17,21.75,22.21,21.8,21.79,21.72,21.9,22.02,21.65,21.84,21.84,21.32,21.75,21.8
21.5,21.94,22.02,21.84,22.12,22.02,22.12,22.32,22.58,23.79,27.35,28.92,29.44,30.09,30.08,30.36,30.53,30.29,29.81,29.08,29.12,29.32,29.39,29.4,29.49,29.69,29.67,29.64,30.13,30.16,30.65,30.33,30.55,30.92,31.1,30.83,31.32,31.56,32.11,32.11,32.26,32.62,32.95,33.02,33.29,33.04,32.94,32.94,32.57,32.9,32.73,32.7,32.7,32.9,32.51,32.45,32.43,32.26,32.36,32.57,32.09,31.91,32.2,31.69,32.09,32.03,31.89,31.83,31.61,31.27,31.49,31.35,31.29,31.39,31.03,31.02,30.92,30.92,30.78,30.82,30.78,30.75,30.75,30.75,30.55,30.73,30.46,30.45,30.53,30.29,30.46,30.18,30.24,30.45,30.09,29.89,30.09,29.93,30.16,29.93,29.93,30.01,29.93,29.81,29.76,29.93,30.13,30.24,30.08,30.33,30.33,30.29,29.98,30.01,29.89,29.87,29.72,29.96,29.67,29.76,30.13,30.09,30.29,30.41,30.38,30.41,30.13,30.13,29.56,29.84,29.61,29.87,29.72,30.26,30.53,30.7,30.92,30.55,30.24,30.29,29.76,29.52,26.49,23.67,22.61,22.12,22.24,22.09,22.06,21.75,21.87,21.72,21.69,21.57,21.42,21.5,21.69,21.62,21.57,21.43
21.87,21.79,21.95,21.99,21.8,21.79,22.27,22.21,22.43,23.45,27.47,28.95,29.39,29.76,30.33,30.55,30.98,30.65,30.75,30.26,30.18,29.64,29.61,29.76,29.69,29.77,30.01,30.36,30.55,30.5,30.65,30.95,31.15,30.78,31.24,31.81,32.03,32.51,32.65,32.82,33.12,32.78,33.04,32.53,32.87,32.51,32.99,32.68,32.95,32.62,32.73,32.4,32.51,32.51,32.7,32.35,32.48,32.23,32.31,32.06,32.14,31.91,31.86,32.18,31.86,31.81,31.66,31.4,31.49,31.24,31.12,31.19,31.19,31.1,30.92,30.98,30.83,30.73,30.83,30.78,30.61,30.61,30.65,30.7,30.73,30.73,30.38,30.65,30.41,30.5,30.65,30.45,30.18,30.29,30.16,30.16,30.01,30.13,29.96,29.89,30.16,29.98,29.96,29.77,29.98,29.96,29.84,29.96,30.16,30.26,29.87,30.18,30.16,30.26,29.77,29.72,29.98,29.4,29.67,29.77,29.93,30.08,30.01,30.13,30.73,30.61,30.38,30.09,29.89,29.52,29.47,29.69,30.01,29.84,30.18,30.53,30.36,30.5,30.26,30.08,29.77,29.52,27.23,23.37,22.32,22.43,22.14,21.8,21.65,21.53,21.57,21.6,21.79,21.5,21.57,21.23,21.5,21.6,21.53,21.42
21.69,21.99,21.79,21.99,22.12,22.09,21.84,22.24,22.73,23.6,27.23,28.76,29.35,29.81,30.45,30.83,30.78,30.9,30.95,31.03,30.98,30.75,30.65,30.55,30.46,30.55,30.61,30.75,30.83,30.9,31.2,31.32,31.86,32.01,32.36,32.45,32.65,32.87,32.57,32.99,32.77,32.53,32.62,32.6,32.7,32.6,32.53,32.43,32.43,32.53,32.53,32.35,32.4,32.36,32.28,32.48,32.09,32.36,32.28,32.01,31.94,32.01,32.01,32.01,31.83,31.61,31.81,31.81,31.49,31.39,31.35,31.07,31.29,31.02,31.2,31.07,31.29,30.9,30.58,30.73,30.82,30.5,30.73,30.58,30.58,30.75,30.66,30.55,30.41,30.33,30.46,30.53,30.04,30.13,29.98,30.01,30.18,30.18,29.89,30.04,30.04,30.16,29.77,29.77,30.01,29.81,29.89,29.96,30.01,30.29,30.08,30.04,29.98,30.13,29.72,29.89,29.67,29.96,29.59,29.69,29.87,29.98,30.08,30.08,30.36,30.16,30.53,30.01,30.13,29.56,29.44,29.64,29.93,29.96,30.09,30.61,30.18,30.45,30.18,30.08,30.01,29.29,27.29,23.79,22.54,21.95,22.24,21.65,21.9,21.87,21.72,21.65,21.69,21.72,21.84,21.87,21.62,21.57,21.57,21.43
21.65,21.72,22.14,21.9,21.9,22.09,22.21,22.21,22.96,23.33,27.05,28.6,29.27,29.89,30.36,30.53,30.65,31.02,31.24,31.02,31.35,31.44,31.2,31.69,31.47,31.47,31.44,31.57,31.66,31.86,32.06,31.98,32.28,32.18,32.4,32.6,32.26,32.6,32.48,32.65,32.6,32.26,32.68,32.57,32.18,32.36,32.62,32.28,32.14,32.48,32.09,32.23,32.18,32.14,32.2,32.26,32.06,31.83,31.98,32.09,31.86,31.83,31.74,31.98,31.44,31.74,31.49,31.52,31.4,31.19,31.19,31.1,31.03,31.29,30.83,31.03,30.75,30.92,30.78,30.78,30.66,30.61,30.73,30.55,30.58,30.55,30.46,30.33,30.61,30.18,30.45,30.45,30.18,30.04,30.46,30.04,30.26,30.09,30.18,29.89,30.09,30.01,29.89,29.87,29.93,29.98,29.89,29.96,30.09,30.01,30.08,30.18,29.72,30.08,29.93,29.87,29.87,29.52,29.44,29.35,29.96,29.76,29.93,30.45,30.36,30.16,30.41,29.98,30.08,29.69,29.56,29.56,29.87,29.76,29.98,30.45,30.46,30.46,30.33,30.08,30.01,29.64,27.76,23.91,22.66,22.29,22.02,22.14,21.72,21.79,21.65,21.65,21.72,21.47,21.5,21.8,21.8,21.62,21.5,21.32
21.94,22.02,21.9,21.95,21.9,21.99,22.27,22.21,22.61,23.45,26.92,28.51,29.56,29.72,30.04,30.65,30.65,30.95,31.19,31.47,31.19,31.44,31.49,31.52,31.77,32.01,31.89,32.03,31.94,32.09,32.26,32.06,32.2,32.11,32.18,31.91,32.36,31.91,32.11,32.35,32.2,32.2,32.36,32.43,32.43,32.31,32.28,32.23,32.31,32.23,32.36,31.98,32.26,32.06,32.14,31.81,32.01,32.23,31.91,32.09,31.69,31.98,31.64,31.56,31.74,31.66,31.24,31.35,31.47,31.35,30.92,31.2,30.73,31.12,31.12,30.92,31.03,30.73,30.83,30.61,30.87,30.53,30.36,30.45,30.66,30.61,30.61,30.45,30.46,30.53,30.65,30.18,30.33,30.29,29.93,29.98,30.13,30.21,30.21,29.77,29.89,29.89,30.18,30.18,29.98,30.09,29.93,30.04,30.13,30.45,30.08,29.89,29.96,29.89,29.96,29.87,29.56,29.81,29.67,29.84,29.72,29.77,29.69,29.96,30.46,30.18,30.24,30.08,30.08,30.01,29.61,29.56,29.87,29.72,30.13,30.41,30.26,30.38,30.41,30.26,29.81,29.52,27.59,24.09,22.54,22.17,21.84,21.99,21.69,21.65,21.72,21.57,21.84,21.47,21.99,21.65,21.6,21.5,21.47,21.6
21.87,21.79,21.65,22.24,22.43,22.14,22.27,22.21,22.43,23.52,27.25,28.68,29.12,29.59,30.36,30.45,30.7,30.73,30.95,31.32,31.19,31.4,31.32,31.66,31.61,31.91,31.61,31.66,31.81,31.69,31.69,31.81,31.94,31.91,32.09,31.89,32.11,32.18,31.81,32.31,32.09,32.14,32.14,32.06,32.31,32.28,32.23,32.09,32.09,32.11,32.31,31.86,31.81,32.01,32.06,32.06,32.06,31.83,32.01,32.06,32.06,31.91,31.77,31.98,31.64,31.39,31.49,31.57,31.19,31.02,31.27,31.1,30.87,30.78,30.66,30.82,30.73,30.66,30.87,30.5,30.83,30.65,30.41,30.7,30.61,30.46,30.36,30.36,30.36,30.24,30.26,30.36,29.98,30.33,30.26,30.08,29.87,30.24,30.08,30.13,29.98,29.98,29.89,29.77,30.04,29.81,29.84,29.98,30.18,29.84,30.08,29.96,29.96,29.77,29.77,29.96,29.84,29.61,29.59,29.35,29.69,29.76,29.81,30.18,30.16,30.16,30.33,30.13,29.96,29.61,29.67,29.59,29.49,30.09,30.18,30.36,30.18,30.38,30.46,30.38,29.69,29.89,27.71,23.94,22.63,22.14,21.94,22.12,21.8,21.35,21.62,21.42,21.79,21.43,21.75,21.6,21.57,21.62,21.9,21.62
21.84,22.02,21.8,21.95,22.02,22.06,22.14,22.02,22.66,23.33,27.05,28.48,29.2,29.72,30.13,30.36,30.66,30.66,31.39,31.02,31.39,31.24,31.4,31.52,31.47,31.49,31.52,31.64,31.72,31.69,31.72,31.64,31.94,31.94,31.64,31.77,32.14,31.83,32.06,31.86,31.77,31.98,31.91,31.74,32.09,32.23,31.81,31.77,32.36,32.18,32.14,32.03,32.01,32.11,32.14,31.89,31.94,32.01,31.72,31.66,31.86,31.81,31.77,31.81,31.69,31.57,31.69,31.56,31.24,31.35,31.07,31.19,31.02,30.73,31.02,30.58,30.61,30.65,30.9,30.75,30.45,30.78,30.58,30.55,30.33,30.7,30.46,30.7,30.29,30.41,30.5,30.36,30.55,30.41,30.36,29.87,30.16,30.66,30.16,30.08,30.18,30.21,29.93,29.93,30.01,30.08,29.89,29.93,30.09,29.77,30.08,29.69,29.87,29.87,29.89,29.72,29.72,29.52,29.39,29.81,29.72,29.69,29.76,29.89,30.01,30.26,30.24,30.18,29.72,29.77,29.56,29.64,29.59,29.61,30.04,30.04,30.53,30.26,30.04,30.01,29.96,29.56,27.96,24.29,22.76,22.24,22.09,21.99,21.65,21.87,21.72,21.72,21.57,21.84,21.87,21.53,21.65,21.69,21.53,21.43
21.8,21.94,21.94,21.87,21.65,22.09,22.27,22.46,22.39,23.27,26.97,28.55,29.12,29.35,30.08,30.41,30.46,30.65,30.95,31.12,31.24,31.47,31.12,31.24,31.44,31.15,31.56,31.44,31.52,31.64,31.69,31.74,31.86,31.77,31.52,31.81,31.72,31.77,31.72,31.98,31.91,31.64,31.91,31.94,31.64,31.98,31.91,31.86,32.03,31.94,31.98,31.94,31.69,31.66,32.03,32.03,31.89,31.74,31.91,31.64,31.74,31.56,31.61,31.74,31.57,31.56,31.64,31.44,31.2,31.1,30.95,30.9,30.83,30.78,30.82,30.73,30.83,30.66,30.87,30.65,30.9,30.45,30.53,30.58,30.58,30.53,30.5,30.41,30.58,30.46,30.41,30.66,30.55,30.33,30.24,30.36,30.36,30.04,30.24,30.04,30.01,30.29,29.72,30.08,29.98,29.96,30.21,30.33,29.81,30.16,29.77,29.87,29.59,29.98,29.89,29.69,29.69,29.76,29.61,29.4,29.72,29.61,29.52,29.56,29.67,29.93,30.16,29.98,29.89,29.77,29.69,29.72,29.44,29.61,29.87,30.26,30.16,30.18,30.33,30.21,29.56,29.39,27.76,23.79,22.61,22.43,22.24,21.75,21.99,21.95,21.72,21.65,21.57,21.84,21.75,21.75,21.94,21.57,21.87,21.57
22.12,21.9,21.79,21.99,21.9,21.87,21.95,22.39,22.66,23.37,26.81,28.6,28.92,29.49,30.13,30.36,30.45,30.61,30.7,31.03,30.98,31.15,31.15,31.12,31.24,31.39,31.1,31.15,31.2,31.27,31.39,31.64,31.52,31.35,31.72,31.69,31.86,31.61,31.56,31.72,31.94,31.47,31.89,31.77,31.57,31.64,31.86,31.39,31.98,31.81,31.89,31.86,31.66,31.83,31.74,31.89,31.61,31.81,31.83,31.72,31.72,31.81,31.77,31.61,31.64,31.29,31.35,31.24,31.1,31.39,31.03,30.75,30.78,30.75,30.66,30.61,30.7,30.7,30.92,30.45,30.55,30.55,30.53,30.65,30.46,30.7,30.5,30.36,30.33,30.46,30.38,30.46,30.18,30.16,30.46,30.36,30.38,30.29,29.96,30.08,30.09,29.93,29.77,29.98,29.93,30.01,30.13,30.21,30.09,29.69,30.04,29.98,29.84,29.49,29.84,29.69,29.56,29.56,29.64,29.47,29.52,29.52,29.56,29.61,29.67,29.81,29.84,29.69,29.56,29.87,29.77,29.72,29.77,29.84,30.01,30.13,30.08,30.33,30.33,30.04,30.13,29.52,27.25,24.14,22.48,22.02,22.21,21.87,21.8,21.8,21.65,21.53,21.79,21.47,21.69,21.69,21.5,21.35,21.53,21.53
21.84,21.8,21.72,21.75,22.06,21.87,22.24,22.36,22.46,23.15,26.53,28.46,28.75,29.61,29.77,29.96,30.21,30.61,30.83,30.98,31.02,30.92,31.07,30.95,31.27,31.29,31.24,31.27,31.32,31.03,31.15,31.15,31.12,30.98,31.47,31.24,31.39,31.49,31.56,31.44,31.56,31.49,31.61,31.74,31.94,31.56,31.64,31.72,31.57,31.86,31.69,31.77,32.03,31.66,31.98,31.89,31.86,31.64,31.69,31.83,31.81,31.72,31.69,31.44,31.57,31.27,31.52,31.1,31.02,30.83,31.02,31.07,31.15,30.98,30.83,30.58,30.7,30.61,30.78,30.53,30.82,30.65,30.66,30.55,30.65,30.5,30.45,30.5,30.36,30.13,30.46,30.46,30.5,30.13,30.33,30.18,30.16,30.21,29.96,30.01,30.09,29.77,30.09,29.81,30.09,29.77,30.01,29.98,29.96,30.09,29.96,30.08,29.77,29.64,29.72,29.72,29.4,29.76,29.52,29.39,29.47,29.35,29.64,29.56,29.39,29.47,29.47,29.76,29.67,29.69,30.04,29.67,29.47,29.56,29.59,30.01,30.16,30.18,30.38,29.98,29.76,29.44,27.23,23.87,22.66,22.17,22.12,21.95,21.62,21.72,21.87,21.99,21.72,21.72,21.62,21.5,21.84,21.69,21.1,21.32
22.02,21.94,21.9,22.09,22.06,21.94,22.09,22.36,22.48,23.08,26.14,28.24,28.92,29.12,29.49,30.13,30.36,30.58,31.07,30.98,30.83,30.78,31.1,31.12,31.27,31.19,30.92,31.1,31.2,31.27,31.07,31.24,31.15,31.24,31.35,31.44,31.27,31.2,31.32,31.49,31.44,31.49,31.69,31.49,31.56,31.61,31.44,31.81,31.49,31.4,31.61,31.4,31.66,31.72,31.81,31.89,31.94,31.89,31.81,31.57,31.69,31.83,31.52,31.35,31.52,31.29,31.19,31.24,30.98,31.15,30.87,30.98,30.87,30.83,30.73,30.58,30.98,30.65,30.53,30.55,30.65,30.66,30.5,30.78,30.45,30.5,30.41,30.75,30.46,30.38,30.58,30.21,30.33,30.01,30.38,30.24,30.26,30.01,30.08,30.26,30.01,30.08,29.77,30.13,29.56,30.01,30.01,30.04,30.13,29.76,29.77,29.81,29.64,29.76,29.69,29.47,29.69,29.56,29.69,29.44,29.61,29.44,29.69,29.52,29.49,29.64,29.47,29.72,29.72,29.72,30.01,29.77,29.93,29.52,29.81,29.69,30.09,30.18,30.01,29.98,29.47,29.12,27.29,23.75,22.78,22.54,21.94,21.8,21.84,21.8,21.65,21.72,21.87,21.75,21.57,21.27,21.57,21.65,21.72,21.79
21.94,22.14,21.72,21.99,21.94,21.84,22.48,22.21,22.78,23.03,25.99,28.39,28.68,29.2,29.61,29.96,29.98,30.26,30.46,30.9,30.9,31.19,31.12,31.27,30.87,31.02,30.98,31.1,31.02,31.07,30.98,31.15,31.1,31.03,31.15,31.32,31.19,31.24,31.1,31.19,31.2,31.07,31.2,31.81,31.49,31.39,31.52,31.32,31.35,31.2,31.57,31.47,31.56,31.4,31.81,31.69,31.86,31.64,31.72,31.74,31.69,31.57,31.4,31.52,31.29,31.12,31.2,31.07,30.83,31.1,30.73,30.9,30.75,30.7,30.65,30.61,30.58,30.58,30.66,30.33,30.58,30.53,30.46,30.58,30.7,30.61,30.45,30.33,30.58,30.46,30.29,30.41,30.29,30.58,30.38,30.24,30.18,30.41,29.89,29.96,30.01,29.84,30.18,29.89,29.56,29.67,30.04,29.96,29.76,29.87,30.01,29.64,29.77,29.44,29.87,29.61,29.29,29.39,29.35,29.44,29.32,29.07,29.27,29.08,29.08,29.64,29.52,29.47,29.89,29.76,29.81,29.69,29.69,29.59,29.67,29.76,29.77,29.81,30.01,29.77,29.67,29.08,26.56,23.45,22.78,22.27,21.95,21.69,21.8,21.69,21.8,21.9,21.72,21.43,21.75,21.28,21.32,21.5,21.87,21.38
21.94,21.65,21.75,21.99,21.95,21.9,22.29,22.32,22.51,23.18,25.72,28.31,28.66,29.0,29.67,30.04,30.09,30.21,30.45,30.87,30.87,31.02,30.92,31.15,31.1,31.1,31.03,31.12,30.87,30.87,30.92,31.02,31.12,31.07,31.12,31.12,31.27,31.32,31.35,31.35,31.24,31.29,31.32,31.24,31.44,31.2,31.35,31.49,31.57,31.4,31.64,31.35,31.74,31.77,31.83,31.64,31.35,31.66,31.66,31.77,31.29,31.47,31.49,31.39,31.2,30.82,31.07,31.03,30.66,31.02,30.9,30.61,30.73,30.73,30.66,30.36,30.61,30.73,30.66,30.65,30.29,30.5,30.55,30.41,30.45,30.33,30.41,30.65,30.26,30.21,30.58,30.46,30.41,30.46,30.45,30.36,30.41,30.18,30.16,29.72,29.89,29.87,29.84,29.81,29.93,29.84,29.84,30.09,29.76,29.84,29.72,29.59,29.64,29.44,29.56,29.44,29.44,29.39,29.35,29.29,29.69,29.39,29.4,29.08,29.29,29.2,29.64,29.59,29.44,29.87,29.87,29.49,29.84,29.69,29.56,29.89,29.84,29.98,29.93,29.84,29.69,28.88,26.44,23.64,22.54,22.12,22.29,21.95,21.9,21.75,21.65,21.6,21.8,21.84,21.72,21.38,21.27,21.72,21.5,21.65
21.9,21.95,21.95,22.06,22.17,21.9,22.43,22.32,22.32,22.96,25.57,28.24,28.68,29.49,29.59,30.08,30.21,30.45,30.36,30.75,30.82,30.78,30.9,31.15,31.12,31.07,31.03,30.82,31.1,30.9,31.03,31.02,31.19,30.75,31.1,31.03,31.32,31.12,31.07,31.44,31.35,31.07,31.12,31.12,31.27,31.32,31.24,31.35,31.35,31.35,31.35,31.2,31.64,31.56,31.66,31.81,31.56,31.77,31.64,31.52,31.35,31.12,31.27,31.39,31.32,30.98,31.15,30.98,31.07,30.7,30.75,30.61,30.9,30.7,30.66,30.38,30.58,30.58,30.5,30.26,30.26,30.41,30.45,30.38,30.38,30.33,30.24,30.38,30.33,30.45,30.24,30.75,30.41,30.33,30.61,30.45,30.21,30.13,29.96,29.89,29.77,29.87,29.87,29.67,29.76,29.96,29.69,29.64,29.76,29.64,29.44,29.39,29.35,29.64,29.52,29.44,29.4,29.32,29.32,29.27,29.4,29.39,29.39,29.4,29.35,29.07,29.77,29.47,29.56,29.84,29.72,29.72,29.77,29.76,29.56,29.87,29.87,29.93,30.24,29.72,29.39,29.08,26.65,23.48,22.61,22.17,22.21,21.99,21.95,21.69,21.47,21.69,21.42,21.94,21.42,21.53,21.53,21.47,21.87,21.69
21.72,21.79,21.87,21.95,21.9,21.9,21.75,22.36,22.51,22.81,25.17,28.31,28.76,29.07,29.67,29.89,29.76,30.21,30.24,30.55,30.61,30.58,30.82,31.07,30.82,30.9,30.66,30.87,30.87,30.92,30.92,30.9,30.7,31.02,30.95,31.07,30.9,31.12,31.03,31.19,30.98,31.19,31.1,31.19,31.39,31.2,31.39,31.19,31.07,31.29,31.27,31.4,31.56,31.52,31.56,31.64,31.57,31.74,31.66,31.66,31.19,31.2,31.2,31.1,30.9,30.82,31.02,30.98,30.66,30.75,30.5,30.7,30.65,30.65,30.33,30.58,30.16,30.46,30.66,30.36,30.58,30.55,30.41,30.38,30.45,30.41,30.38,30.41,30.36,30.36,30.5,30.5,30.26,30.87,30.26,30.26,29.98,29.89,29.77,29.87,29.81,29.84,29.69,29.39,29.52,29.32,29.81,29.49,29.67,29.56,29.72,29.59,29.4,29.32,29.32,29.15,29.24,29.19,29.29,29.29,29.39,29.15,29.24,29.32,29.39,29.2,29.49,29.44,29.69,29.47,29.87,29.59,29.84,29.61,29.72,29.49,29.61,30.13,30.16,29.84,29.32,28.76,25.55,23.11,22.24,22.17,21.84,22.21,21.92,21.84,21.72,21.53,21.6,21.47,21.62,21.72,21.57,21.5,21.53,21.32
21.84,21.8,22.17,21.75,21.99,21.95,22.02,22.09,22.43,22.88,24.95,27.87,28.63,29.08,29.59,29.81,29.89,30.41,30.53,30.82,30.83,30.75,31.02,31.1,30.7,30.83,30.83,31.02,30.9,30.66,31.02,30.95,30.61,30.83,30.92,31.02,30.82,31.2,30.78,31.02,30.9,30.83,30.95,31.12,31.15,31.12,31.19,31.12,31.03,30.95,31.35,31.47,31.29,31.47,31.19,31.86,31.69,31.57,31.4,31.4,31.02,31.2,31.02,31.03,31.12,30.82,30.58,30.87,30.87,30.41,30.82,30.61,30.61,30.58,30.5,30.5,30.73,30.41,30.09,30.36,30.33,30.55,30.36,30.24,30.04,30.38,30.33,30.65,30.55,30.38,30.5,30.61,30.26,30.33,30.18,30.18,29.84,30.13,29.77,29.59,29.61,29.67,29.52,29.67,29.52,29.47,29.47,29.59,29.4,29.49,29.44,29.67,29.39,29.4,29.15,29.27,29.47,28.95,29.2,29.12,29.15,29.07,29.15,29.27,29.47,29.59,29.27,29.44,29.44,29.39,29.49,29.59,29.61,29.84,29.44,29.56,29.61,30.13,29.87,29.59,29.4,28.34,25.45,23.18,22.43,21.9,21.79,21.95,21.65,21.79,21.35,22.02,21.69,21.38,21.69,21.23,21.35,21.5,21.65,21.5
22.02,21.95,21.8,22.06,21.95,21.99,21.99,22.54,22.32,22.73,24.33,27.81,28.46,29.0,29.61,29.52,29.76,30.13,30.24,30.38,30.5,30.75,30.5,30.82,30.92,30.75,30.73,30.75,30.92,31.2,30.87,30.87,31.03,30.61,31.03,30.95,31.07,30.87,30.83,30.82,30.82,30.92,31.15,31.07,30.82,30.92,31.02,31.24,31.24,31.27,31.03,31.27,31.49,31.61,31.32,31.39,31.32,31.19,31.24,31.29,30.98,31.03,30.83,30.9,30.98,30.66,30.82,30.41,30.61,30.78,30.75,30.41,30.61,30.41,30.38,30.65,30.78,30.65,30.53,30.36,30.45,30.5,30.41,30.55,30.46,30.38,30.38,30.26,30.58,30.36,30.53,30.45,30.5,30.04,30.09,29.81,30.08,30.01,29.89,29.52,29.77,29.67,29.32,29.49,29.35,29.44,29.24,29.35,29.47,29.19,29.08,29.35,29.32,29.35,29.12,29.0,29.03,29.12,29.03,29.0,29.4,28.98,29.07,29.27,29.32,29.27,29.24,29.47,29.59,29.35,29.4,29.47,29.49,29.64,29.47,29.47,29.12,29.89,29.72,29.69,29.12,28.16,24.98,22.81,22.46,21.99,21.95,21.79,21.87,22.06,21.69,21.9,21.53,21.35,21.65,21.6,21.72,21.84,21.75,21.43
21.79,22.02,21.84,21.8,21.9,22.09,22.46,21.9,22.32,22.69,24.14,27.55,28.87,28.95,29.47,29.89,29.87,30.41,30.24,30.38,30.53,30.61,30.7,30.87,30.82,30.78,30.75,30.83,30.98,31.03,30.9,31.02,30.82,31.02,30.83,31.1,30.92,30.82,30.88,31.12,31.03,31.02,30.9,31.03,31.07,30.7,30.87,31.19,31.35,31.27,31.12,31.4,31.4,31.35,31.4,31.24,31.24,31.12,31.35,31.4,31.12,30.83,30.83,30.82,31.02,31.02,30.83,30.83,30.78,30.55,30.36,30.55,30.53,30.55,30.61,30.66,30.55,30.45,30.83,30.53,30.78,30.38,30.55,30.33,30.45,30.82,30.61,30.58,30.61,30.5,30.33,30.46,30.36,30.38,30.29,30.26,29.87,29.87,30.01,29.67,29.96,29.64,29.47,29.44,29.64,29.19,29.15,29.08,29.2,29.2,29.52,29.52,29.35,29.24,29.27,29.24,29.24,28.95,29.15,28.98,29.49,29.12,29.2,29.32,29.35,29.44,29.32,29.61,29.56,29.56,29.44,29.69,29.56,29.67,29.47,29.35,29.52,29.69,30.01,29.52,29.19,28.43,24.9,23.06,22.21,21.94,22.14,22.02,21.84,21.72,21.6,21.65,21.8,21.79,21.32,21.57,21.42,21.57,21.57,21.43
21.87,21.87,21.57,21.79,22.12,21.95,22.14,22.06,22.24,23.03,23.82,27.25,28.39,28.87,29.4,29.76,30.13,30.16,30.26,30.46,30.46,30.78,30.78,30.7,30.75,30.9,30.78,30.73,30.58,30.95,30.92,30.61,30.83,30.83,30.98,31.03,30.83,30.95,30.78,30.95,31.1,30.98,30.9,30.95,31.03,31.03,30.9,31.24,31.35,30.92,31.12,31.35,31.39,31.24,31.1,31.56,31.24,31.27,31.15,30.92,30.95,31.07,30.98,30.83,30.36,30.46,30.5,30.75,30.61,30.58,30.46,30.46,30.45,30.38,30.5,30.26,30.53,30.58,30.66,30.45,30.45,30.58,30.53,30.53,30.45,30.41,30.46,30.61,30.46,30.26,30.65,30.09,30.18,30.01,30.16,30.29,29.89,29.76,29.49,29.72,29.76,29.24,29.32,29.39,29.39,29.29,29.08,29.27,29.35,29.0,29.15,29.44,29.15,29.12,29.39,29.08,29.08,29.15,29.32,29.15,29.03,29.08,28.92,29.15,29.19,29.27,29.2,29.44,29.2,29.59,29.39,29.89,29.72,29.76,29.67,29.76,29.61,29.77,30.01,30.08,29.19,27.76,24.66,23.08,22.43,22.09,21.84,21.72,21.99,21.42,21.5,21.28,21.94,21.57,21.72,21.75,21.79,21.65,21.65,21.2
21.94,21.79,21.9,21.69,22.12,21.95,21.99,21.99,22.24,22.81,23.37,26.46,28.08,28.75,29.12,29.76,29.84,30.21,30.41,30.09,30.18,30.24,30.78,30.53,30.9,30.61,30.75,30.9,30.66,30.82,30.78,31.07,30.82,30.78,30.75,30.92,30.92,30.9,30.78,30.75,30.75,30.87,30.87,30.53,30.87,31.02,31.03,31.02,31.27,31.02,31.44,31.44,31.35,31.35,31.19,31.52,31.35,31.24,31.02,30.95,31.07,30.83,30.98,30.75,30.65,30.58,30.61,30.46,30.45,30.53,30.45,30.36,30.26,30.29,30.53,30.38,30.16,30.33,30.55,30.53,30.53,30.45,30.53,30.58,30.24,30.38,30.38,30.29,30.18,30.04,29.98,29.77,29.89,30.18,29.96,29.89,29.93,29.93,29.69,29.61,29.64,29.39,29.2,29.2,28.95,29.2,29.07,29.24,29.35,29.27,29.08,29.29,29.07,29.08,29.07,29.12,29.07,28.95,29.12,28.98,29.19,29.03,29.24,29.0,28.98,29.08,29.47,29.12,29.35,29.4,29.32,29.52,29.47,29.52,29.07,29.39,29.49,29.61,29.76,29.27,29.15,27.35,24.44,22.69,22.61,22.27,22.06,21.9,21.8,21.75,21.5,21.8,21.87,21.75,21.57,21.1,21.65,21.43,21.53,21.23
22.06,21.94,21.8,21.65,21.87,22.09,22.09,22.24,22.51,22.58,23.22,26.02,28.31,28.75,29.24,29.61,30.16,30.41,30.18,30.24,30.41,30.38,30.61,30.5,30.55,30.66,30.92,30.7,30.66,30.46,30.53,31.03,30.7,30.9,30.55,30.82,30.87,30.78,30.66,30.75,30.87,30.83,30.9,30.82,30.75,31.1,30.87,31.1,31.12,30.92,31.1,31.12,31.27,31.19,31.47,30.83,31.24,31.03,31.02,31.02,30.9,31.03,30.87,30.53,30.66,30.45,30.46,30.61,30.58,30.53,30.33,30.45,30.82,30.29,30.08,30.5,30.58,30.78,30.5,30.78,30.33,30.61,30.33,30.7,30.5,30.65,30.46,30.53,30.26,30.16,30.33,30.08,29.96,30.08,29.89,29.89,29.61,29.72,29.67,29.52,29.32,29.29,29.39,29.32,29.12,29.03,29.4,29.08,29.15,29.32,29.2,29.15,29.08,29.12,29.2,28.76,29.0,29.03,29.03,29.19,29.27,29.29,29.03,29.12,29.19,29.03,29.15,29.24,29.35,29.56,29.47,29.35,29.67,29.61,29.69,29.47,29.4,29.59,29.64,29.69,29.03,27.67,24.21,22.91,22.24,22.06,21.9,21.95,21.69,21.94,21.72,21.69,21.5,21.57,21.53,21.53,21.84,21.5,21.57,21.62
21.84,21.69,21.94,21.69,22.12,22.06,22.14,22.14,22.36,22.78,23.27,25.55,27.91,28.8,29.27,29.61,29.98,29.98,30.18,30.26,30.38,30.38,30.08,30.58,30.82,30.41,30.58,30.45,30.46,30.78,30.78,30.78,30.7,30.61,30.73,30.95,30.82,30.82,30.83,30.9,30.7,30.5,30.75,30.5,30.7,30.61,30.61,31.03,30.73,30.92,31.07,31.07,30.9,31.07,31.27,31.1,30.9,30.92,31.1,30.78,30.82,30.87,30.7,30.58,30.7,30.5,30.7,30.29,30.21,30.38,30.26,30.41,30.26,30.46,29.96,30.36,30.55,30.55,30.55,30.45,30.73,30.66,30.53,30.58,30.66,30.5,30.29,30.41,30.16,30.04,30.08,30.26,29.81,29.96,29.76,29.47,29.4,29.64,29.56,29.4,29.47,29.76,29.49,29.03,29.27,29.39,29.07,29.19,29.27,28.8,29.24,29.15,29.08,29.24,29.15,29.03,29.07,29.03,29.32,28.98,29.08,28.95,29.03,28.92,28.95,29.08,29.0,29.15,29.2,29.07,29.49,29.32,29.56,29.4,29.29,29.67,29.24,29.77,29.72,29.56,28.92,27.44,23.94,22.58,22.32,21.95,21.72,21.99,21.65,21.5,21.9,21.5,21.27,21.84,21.57,21.6,21.5,21.53,21.62,21.6
21.9,21.8,21.69,21.75,21.87,21.9,21.95,22.02,22.14,22.51,22.76,24.98,27.92,28.68,29.44,29.76,29.93,30.01,30.38,30.33,30.45,30.45,30.24,30.33,30.61,30.7,30.53,30.66,30.46,30.45,30.46,30.53,30.5,30.65,30.78,30.82,30.78,30.53,30.55,30.78,30.7,30.7,30.5,30.58,30.65,30.82,30.78,30.75,30.75,30.66,31.15,30.92,31.1,31.07,31.07,31.15,31.02,30.78,31.02,30.98,30.73,30.78,30.53,30.36,30.41,30.5,30.61,30.5,30.38,30.21,29.96,30.01,30.13,30.55,30.36,30.5,30.45,30.5,30.55,30.46,30.45,30.75,30.38,30.21,30.55,30.36,30.45,30.33,30.09,29.81,30.21,30.04,29.81,29.76,29.64,29.77,29.56,30.09,29.59,29.2,29.35,29.15,29.19,29.35,29.29,29.08,29.24,29.32,29.24,29.0,28.98,29.2,29.27,29.03,29.29,29.03,29.24,29.19,29.07,29.15,29.07,29.03,28.98,28.87,29.19,28.95,29.24,29.07,28.92,29.08,29.29,29.12,29.32,29.47,29.69,29.61,29.67,29.56,29.47,29.76,28.98,27.25,23.6,22.85,22.48,22.14,21.8,22.06,21.84,21.75,21.6,21.38,21.72,21.57,21.62,21.16,21.57,21.43,21.32,21.28
21.75,21.94,21.95,21.9,21.99,21.87,21.72,22.32,22.48,22.51,22.78,24.41,28.11,28.87,29.47,29.84,29.87,30.21,30.13,30.21,30.45,30.33,30.41,30.5,30.55,30.46,30.46,30.46,30.21,30.41,30.55,30.61,30.61,30.45,30.61,30.46,30.41,30.82,30.41,30.61,30.61,30.61,30.55,30.45,30.41,30.75,30.61,30.55,30.75,30.83,30.9,30.75,31.12,30.92,30.83,30.73,30.92,30.75,30.78,30.82,30.46,30.82,30.53,30.78,30.75,29.98,30.41,30.33,30.46,30.08,30.29,30.24,30.01,30.18,30.24,30.41,30.38,30.53,30.45,30.45,30.61,30.24,30.5,30.87,30.61,30.24,30.33,30.46,30.33,30.18,29.89,29.89,30.04,29.84,29.61,29.52,29.59,29.69,29.61,29.19,29.32,29.39,29.4,28.98,29.24,29.12,29.12,29.15,28.95,28.98,29.47,28.83,29.03,29.15,29.0,29.32,29.15,29.24,29.0,29.03,29.4,28.76,28.88,29.08,29.19,28.68,29.12,29.0,29.27,29.2,29.35,29.35,29.39,29.59,29.32,29.44,29.67,29.69,29.44,29.35,29.27,27.17,23.91,22.58,22.17,21.94,21.79,22.24,21.75,21.69,21.9,21.65,21.69,21.43,21.32,21.65,21.62,21.43,21.53,21.69
21.99,21.57,21.72,21.9,21.87,22.09,21.84,22.24,22.24,22.51,22.73,23.99,27.6,29.12,29.29,29.72,29.98,30.26,30.33,30.36,30.18,30.55,30.41,30.41,30.58,30.53,30.24,30.41,30.55,30.18,30.29,30.46,30.41,30.78,30.61,30.55,30.7,30.66,30.55,30.45,30.61,30.58,30.55,30.55,30.53,30.38,30.7,30.7,30.7,30.78,30.78,30.98,30.73,30.87,31.02,30.65,30.65,30.73,30.9,30.87,30.7,30.9,30.73,30.53,30.7,30.33,30.41,30.29,30.26,30.09,30.21,30.33,29.77,30.46,30.09,30.45,30.45,30.41,30.5,30.24,30.55,30.58,30.29,30.66,30.53,30.61,30.65,30.29,30.26,30.16,30.36,29.98,29.76,29.59,29.87,29.64,29.76,29.67,29.61,29.52,29.2,29.59,29.08,29.29,28.98,29.2,28.87,29.27,29.12,28.88,29.35,29.15,29.27,29.15,29.2,29.12,29.24,29.32,28.8,28.98,29.35,29.07,28.87,29.07,29.0,29.07,29.03,28.92,29.27,29.12,29.12,29.4,29.59,29.47,29.49,29.35,29.32,29.59,29.47,29.44,29.39,27.4,24.14,22.66,22.12,22.17,21.9,21.72,21.79,21.62,21.6,21.9,21.6,21.42,21.5,21.84,22.02,21.43,21.72,21.42
21.79,22.09,22.09,22.06,21.87,22.09,21.8,22.21,21.8,22.27,22.32,23.94,27.55,28.76,29.35,29.81,30.13,30.21,30.29,30.36,30.24,30.18,30.35,30.45,30.18,30.36,30.61,30.41,30.51,30.65,30.16,30.45,30.58,30.58,30.5,30.45,30.46,30.46,30.45,30.5,30.46,30.38,30.7,30.61,30.61,30.41,30.66,30.66,30.7,30.83,30.65,30.82,30.78,30.98,31.02,30.98,30.65,30.78,30.78,30.9,30.55,30.5,30.38,30.78,30.36,30.46,30.33,30.45,30.01,30.04,30.09,30.26,30.18,30.09,30.04,30.33,30.26,30.24,30.66,30.46,30.36,30.5,30.61,30.7,30.55,30.45,30.41,30.33,30.24,30.36,30.16,29.81,29.96,29.52,29.49,29.69,29.76,29.47,29.61,29.47,29.32,29.39,29.29,29.19,29.03,29.24,29.08,29.15,29.0,29.24,29.12,29.35,29.19,29.12,29.24,29.2,29.2,29.27,29.08,28.87,29.03,29.07,29.15,29.03,28.68,29.27,29.19,29.07,28.87,29.19,29.19,29.52,29.64,29.61,29.47,29.35,29.29,29.19,29.67,29.4,29.0,27.79,24.36,22.48,22.02,22.27,22.02,22.12,21.72,21.69,21.84,21.79,21.38,21.38,21.75,21.47,21.43,21.35,21.43,21.53
21.84,21.95,21.75,21.9,21.95,21.72,21.87,22.14,21.95,22.58,22.69,23.48,27.17,28.95,29.52,29.72,29.98,30.33,30.13,30.55,30.46,30.01,30.33,30.65,30.55,30.13,30.36,30.13,30.46,30.26,30.46,30.45,30.46,30.26,30.55,30.75,30.75,30.5,30.38,30.53,30.36,30.45,30.41,30.45,30.33,30.45,30.55,30.58,30.73,30.61,30.75,30.65,30.82,30.75,30.66,30.73,30.9,30.61,30.73,30.73,30.65,30.61,30.66,30.45,30.36,30.18,30.09,30.13,30.08,30.38,30.01,30.26,30.01,30.33,30.33,30.29,30.26,29.96,30.65,30.36,30.38,30.73,30.55,30.66,30.53,30.41,30.38,30.46,30.45,29.98,30.08,30.21,29.77,29.61,29.76,29.39,29.59,29.61,29.52,29.35,29.61,29.59,29.39,29.12,29.52,29.2,29.12,29.4,29.2,29.24,29.2,29.44,29.08,29.19,29.15,29.19,29.19,29.29,29.39,29.27,29.19,29.19,28.87,28.83,28.83,29.07,28.68,29.24,29.12,29.15,29.2,29.39,29.39,29.32,29.4,29.4,29.49,29.59,29.67,29.32,29.44,27.47,24.36,22.93,22.36,22.02,22.12,22.12,21.69,21.9,21.6,21.62,21.79,21.57,21.6,21.35,21.38,21.57,21.87,21.75
