31.47,31.52,31.72,31.86,31.57,31.69,31.66,31.83,31.98,31.72,31.81,31.72,31.86,31.94,31.98,32.26,32.28,32.45,33.07,32.65,32.87,32.7,32.45,32.43,32.43,32.35,32.23,32.26,32.26,32.09,31.86,31.94,31.72,31.91,31.83,31.86,32.2,31.94,31.57,31.61,30.95,30.66,29.44,27.02,23.37,21.8,21.65,21.57,21.43,21.35,21.43,21.32,22.02,21.9,22.12,22.81,26.07,31.2,31.98,31.83,31.86,32.53,32.09,32.43,32.53,32.78,32.62,32.95,33.07,32.77,32.73,33.32,32.95,32.99,32.68,32.99,32.62,32.62,32.7,32.95,32.68,32.51,32.51,32.65,32.6,32.73,32.53,32.51,32.7,32.14,32.31,32.2,32.2,32.28,32.35,31.81,32.23,31.74,31.44,31.72,31.61,31.52,30.87,29.89,23.79,22.24,21.62,21.27,21.38,21.1,20.76,21.08,21.23,21.23,21.47,21.27,21.2,21.38,21.23,21.28,21.42,21.27,21.32,21.2,21.42,21.27,21.38,21.32,21.32,21.47,22.02,21.94,22.12,23.18,25.45,26.7,28.11,28.8,29.03,29.67,29.64,29.69,29.89,29.72,29.69,30.18,30.29,30.66,30.58,30.45,30.5,30.09,30.45,30.29,30.7,30.7,30.41,30.65,30.82,30.7
31.64,31.44,31.39,31.86,31.69,31.77,31.64,31.61,31.98,31.61,31.81,32.06,31.66,32.2,32.35,32.35,32.53,32.82,32.6,33.04,32.9,32.51,32.51,32.51,32.2,32.18,32.09,32.31,32.36,31.89,32.01,31.89,32.26,31.91,32.4,32.26,31.83,32.06,31.66,31.83,31.72,31.29,30.82,29.59,26.7,23.15,21.79,21.5,21.43,21.72,21.95,21.84,21.94,22.46,22.78,24.26,28.6,31.47,31.98,32.23,32.11,32.36,32.6,32.26,32.26,32.73,32.82,32.68,32.73,32.85,33.04,32.95,33.07,32.85,32.85,33.02,32.48,32.85,32.73,33.04,32.53,32.77,32.78,32.6,32.87,32.87,32.68,32.68,32.77,32.45,32.45,31.94,32.06,32.06,32.2,32.03,31.91,31.94,31.56,31.56,31.64,31.39,31.29,30.13,25.1,21.9,22.17,21.47,21.32,20.76,21.01,21.28,21.05,21.28,21.38,21.23,21.16,21.16,20.91,21.2,20.86,21.05,21.1,21.6,21.23,21.38,21.62,21.32,21.5,21.57,21.94,23.3,24.63,27.17,28.11,28.87,29.03,29.56,29.87,30.04,30.29,29.87,30.09,29.96,29.96,30.21,30.55,30.45,30.65,30.5,30.38,30.61,30.46,30.53,30.55,30.55,30.58,30.82,30.87,30.7
31.4,31.81,31.56,31.57,31.74,31.64,31.56,31.62,31.89,31.86,31.74,32.14,31.86,32.09,32.06,32.35,32.6,32.77,32.87,33.02,32.65,32.78,32.7,32.43,32.28,32.28,32.28,32.01,32.26,32.03,31.74,31.77,32.51,32.23,32.18,32.53,32.11,31.86,31.98,32.14,31.56,31.61,31.27,30.75,29.61,26.81,23.42,21.95,21.9,21.94,22.02,22.85,24.02,26.14,28.16,30.38,31.49,31.98,32.4,32.23,32.48,32.35,32.6,32.57,32.45,32.53,32.99,32.65,32.85,32.95,32.78,32.82,32.95,32.73,32.87,32.65,32.65,33.02,33.1,32.87,32.78,33.2,32.65,32.99,32.68,32.77,32.53,32.78,32.87,32.51,32.28,32.11,32.48,32.36,32.31,31.91,31.91,31.64,31.61,31.56,31.57,31.39,31.12,30.5,26.53,22.27,21.5,21.53,21.42,21.01,21.08,21.27,20.86,21.13,21.08,21.13,20.95,21.13,21.38,21.23,21.23,21.42,21.43,21.69,21.2,21.6,21.62,21.84,21.95,22.93,24.63,27.02,28.51,28.75,29.47,29.64,29.72,30.04,30.29,30.26,30.08,30.5,30.36,30.46,30.58,30.36,30.26,30.58,30.75,30.92,30.75,30.92,30.66,30.66,30.53,31.07,30.98,30.53,30.5,30.92
31.49,31.39,31.64,31.56,31.39,31.64,31.57,31.44,31.81,31.72,31.86,31.91,31.61,32.03,32.11,32.6,32.82,33.02,33.24,33.24,33.07,32.51,32.4,32.23,32.43,31.89,32.11,32.14,32.18,31.86,32.18,31.91,31.91,32.23,32.26,32.11,32.01,32.09,32.48,32.03,32.06,31.94,31.69,31.29,30.75,29.87,27.13,23.57,22.17,22.36,23.69,26.34,29.12,30.53,31.32,31.94,32.36,32.78,32.7,32.48,32.26,32.36,32.48,32.26,32.48,32.78,32.23,32.65,32.73,32.6,32.68,32.6,32.7,32.65,33.07,32.85,32.82,33.04,32.95,32.82,32.95,32.77,32.77,32.82,32.82,32.62,32.68,32.45,32.6,32.53,32.03,32.09,32.09,32.26,32.09,31.74,31.86,31.83,32.06,31.77,31.74,31.61,31.52,31.1,28.83,23.64,21.9,21.57,21.65,21.01,21.57,20.95,20.95,20.95,20.98,21.05,21.23,21.05,21.38,21.43,21.23,21.16,21.79,21.43,21.9,21.5,22.27,22.51,24.14,26.31,28.08,28.76,29.27,29.24,30.09,30.09,30.46,30.53,30.65,30.66,30.29,30.82,30.53,30.5,30.92,30.83,30.92,30.78,31.07,30.9,30.78,30.95,30.75,31.03,30.78,30.66,30.78,30.83,30.82,30.58
31.64,31.57,31.4,31.56,31.64,31.61,31.52,31.2,31.56,31.77,31.94,31.89,31.81,32.23,32.31,32.77,32.65,32.99,33.24,32.94,32.57,32.65,32.43,32.2,32.4,32.11,31.94,31.98,32.03,32.03,31.91,31.83,32.28,32.09,32.43,32.18,32.18,32.18,32.26,32.03,32.03,31.77,31.94,31.74,31.52,31.4,30.21,28.02,24.63,24.48,27.64,30.46,31.2,31.74,32.03,32.28,33.02,32.94,32.85,32.62,32.57,32.35,32.18,32.36,32.53,32.4,32.87,32.65,32.7,32.7,32.7,32.6,32.57,32.62,32.87,32.85,32.77,32.87,32.9,32.78,32.95,32.82,32.68,32.53,32.9,32.57,32.51,32.31,32.57,32.45,32.09,32.23,32.18,31.89,31.69,31.69,31.81,31.83,31.66,31.91,31.86,32.03,31.98,31.49,30.75,26.7,22.81,22.17,21.53,21.47,21.13,21.5,20.73,20.91,21.32,20.98,21.32,21.43,21.16,21.57,21.27,21.57,21.42,21.75,22.09,22.12,23.38,25.45,27.84,28.83,29.29,30.04,30.16,30.09,30.46,30.26,30.36,30.38,30.75,30.58,30.65,31.07,30.83,30.82,30.95,30.95,30.95,31.02,31.15,30.92,31.2,30.9,31.1,31.1,30.78,30.7,31.12,30.98,31.1,31.02
31.35,31.19,31.56,31.35,31.56,31.69,31.44,31.29,31.74,31.64,31.72,32.35,32.26,32.28,32.6,32.87,33.29,33.52,33.24,33.12,32.9,32.57,32.48,32.26,32.14,32.36,32.18,31.74,32.01,32.18,31.91,31.86,32.03,32.23,32.51,32.28,32.48,32.23,32.28,32.36,32.31,32.31,32.11,32.01,32.18,31.83,31.39,30.82,29.52,29.2,30.82,31.66,32.09,32.01,32.26,32.65,32.65,32.99,33.07,32.9,32.7,32.4,32.31,32.6,32.35,32.65,32.53,32.62,32.6,32.57,32.45,32.45,32.43,32.62,32.4,32.85,32.77,32.65,32.68,32.82,32.48,32.2,32.65,32.43,32.57,32.57,32.43,32.11,32.09,32.18,32.14,32.26,32.06,31.89,31.94,31.86,31.72,31.77,31.91,31.94,32.06,31.86,31.83,31.69,31.47,29.93,26.38,22.93,21.94,21.69,21.38,21.87,21.28,20.86,21.32,21.1,21.28,21.27,21.62,21.53,21.69,21.57,21.9,22.24,22.73,24.63,27.02,28.51,29.44,29.77,30.29,30.21,30.46,30.53,30.82,30.78,30.55,31.03,30.75,30.98,31.03,31.15,31.39,31.24,31.47,31.1,31.27,31.15,31.29,31.24,31.03,31.24,30.83,31.12,30.95,30.82,31.4,31.02,30.73,31.2
31.29,31.19,31.4,31.61,31.44,31.47,31.47,31.64,31.52,31.69,31.69,32.03,32.23,32.31,32.9,33.19,33.04,33.29,33.54,32.6,32.77,32.01,32.45,32.36,32.35,31.94,32.23,31.86,32.11,31.77,31.69,31.86,32.4,32.14,32.23,32.28,32.23,32.18,32.28,32.18,32.28,32.06,32.23,32.03,31.77,32.06,31.81,31.91,31.35,31.15,31.66,32.36,32.35,32.53,32.53,32.7,32.9,33.19,33.04,33.29,32.82,32.87,32.65,32.57,32.43,32.51,32.28,32.18,32.26,32.45,32.28,32.2,32.4,32.36,32.48,32.09,32.7,32.48,32.48,32.53,32.43,32.26,32.4,32.26,32.4,32.26,31.94,32.14,31.98,32.18,32.03,31.81,31.81,31.81,32.03,31.83,32.06,32.11,31.91,32.11,32.11,32.14,31.91,31.94,31.77,31.1,29.93,26.8,23.6,22.21,21.32,21.79,21.16,21.47,20.73,21.05,21.08,21.28,21.43,21.23,21.62,21.84,22.39,23.94,26.58,28.43,29.2,29.76,29.96,30.21,30.18,30.5,30.16,30.53,30.45,31.02,30.9,30.98,31.19,31.49,31.15,31.39,31.4,31.19,31.12,31.61,31.44,31.1,31.64,31.29,31.39,31.27,31.24,31.1,31.24,30.9,31.4,31.1,31.02,30.78
31.35,31.4,31.39,31.56,31.72,31.56,31.57,31.66,31.77,31.83,32.09,32.09,32.28,32.77,32.82,33.12,33.49,33.41,33.04,32.95,32.6,32.18,32.14,32.2,32.18,32.14,31.91,31.74,31.94,32.03,31.94,31.98,32.18,32.11,32.31,32.36,32.31,32.31,32.23,32.14,32.09,32.26,32.23,31.94,32.2,32.18,32.11,32.09,31.89,31.81,31.94,32.23,32.51,32.62,32.43,32.87,32.94,33.19,33.29,33.29,33.24,33.12,32.78,32.7,32.85,32.53,32.57,32.43,32.4,32.4,32.48,32.23,32.2,32.31,32.36,32.23,32.18,32.4,32.53,32.36,32.4,32.35,32.23,32.14,32.26,32.2,31.81,31.94,32.11,31.91,32.09,31.64,31.83,31.94,32.11,32.11,32.06,32.11,32.03,32.03,32.51,32.11,32.4,32.28,32.01,31.72,31.39,30.45,27.4,23.84,22.09,21.65,21.2,21.35,21.1,21.13,21.13,21.23,21.42,21.79,22.21,23.37,25.44,27.52,29.29,29.52,29.84,30.46,30.18,30.21,30.41,30.65,30.66,30.75,31.2,30.83,30.87,31.2,31.35,31.4,31.66,31.91,31.64,31.66,31.74,31.52,31.56,31.72,30.9,31.15,31.52,31.4,31.19,31.07,31.24,31.39,31.15,30.95,31.15,31.4
31.1,31.07,31.56,31.57,31.56,31.44,31.61,31.29,31.61,31.86,31.72,32.31,32.31,32.57,32.94,33.15,33.52,33.41,32.95,32.78,32.53,32.4,32.18,31.89,31.86,31.83,32.03,32.23,32.06,31.86,31.57,32.14,32.18,31.94,31.98,32.14,32.01,32.01,32.09,32.09,32.14,32.28,32.09,32.06,32.11,32.18,32.43,32.14,31.98,31.94,32.35,32.4,32.26,32.53,32.62,32.6,32.85,32.73,33.12,33.29,33.36,33.07,32.87,32.85,32.7,32.51,32.51,32.36,32.31,32.2,32.11,32.09,32.03,32.18,32.23,32.06,31.86,31.77,31.98,32.23,32.31,32.03,31.94,31.89,31.83,31.94,31.69,31.83,31.69,31.72,32.03,31.77,31.81,31.94,32.18,31.81,31.83,32.35,32.36,32.4,32.31,32.4,32.45,32.26,32.26,31.83,31.64,30.82,30.46,28.48,25.32,22.24,21.79,21.42,21.35,21.38,21.42,21.47,21.94,23.11,24.93,27.37,28.8,29.61,29.98,30.46,30.41,30.58,30.55,30.16,30.18,30.7,30.58,30.9,30.95,31.02,31.35,31.4,31.49,31.81,31.32,31.91,32.14,31.69,32.01,31.91,31.72,31.56,31.77,31.47,31.15,31.2,31.1,31.29,31.2,31.1,31.64,30.98,31.12,31.12
31.32,31.44,31.39,31.49,31.52,31.69,31.74,31.77,31.98,31.98,32.09,32.85,32.6,32.95,33.46,33.29,33.27,33.19,32.9,32.57,32.4,32.09,31.94,31.72,32.23,31.83,31.86,31.83,31.86,31.81,31.81,32.18,32.01,31.86,32.23,32.01,32.26,32.06,32.01,31.91,32.35,32.28,32.2,32.01,32.23,32.03,31.89,32.18,32.14,31.94,31.94,32.14,32.31,32.57,32.4,32.51,32.77,33.12,32.82,33.12,33.15,33.1,33.15,33.1,32.65,32.78,32.77,32.14,32.43,32.51,32.06,32.31,32.11,32.31,32.23,32.18,32.06,32.06,31.94,32.01,32.14,31.94,32.09,31.89,31.69,31.91,32.09,31.61,31.77,31.57,31.66,31.91,32.01,31.91,32.11,31.98,31.98,32.31,32.28,32.77,32.51,32.9,32.36,32.36,32.11,32.18,31.74,31.35,30.82,30.58,29.29,25.87,22.91,22.17,21.87,21.72,22.17,22.54,24.63,27.05,28.56,29.29,29.98,30.33,30.38,30.38,30.65,30.36,30.38,30.58,30.5,30.83,30.9,30.87,31.2,31.27,31.32,31.57,31.64,31.52,31.89,32.11,32.2,32.01,31.94,31.81,31.66,31.66,31.44,31.39,31.35,31.47,31.39,31.44,31.4,31.81,31.27,31.44,31.2,31.2
31.35,31.35,31.1,31.27,31.69,31.44,31.66,31.86,32.01,32.11,32.6,32.73,33.15,33.2,33.36,33.29,33.07,32.9,32.65,32.68,32.31,32.23,31.72,32.06,31.83,31.98,31.94,32.09,31.91,31.98,32.03,32.2,31.77,32.2,31.83,32.01,32.14,32.18,32.31,32.03,32.26,32.01,32.31,31.98,31.69,32.01,32.23,32.09,31.86,32.09,32.48,32.4,32.35,32.68,32.6,32.6,32.51,32.9,32.68,32.7,33.19,33.37,33.41,33.2,33.07,33.04,32.62,32.57,32.51,32.31,32.6,32.57,31.89,32.01,32.06,32.09,31.81,31.83,32.2,32.18,31.98,32.23,31.98,31.77,31.64,32.03,31.77,32.01,31.64,31.52,31.64,31.69,31.91,31.74,32.03,32.2,32.01,32.4,32.77,32.51,32.4,32.87,32.7,32.4,32.01,31.91,32.01,31.77,31.24,30.92,30.36,29.32,26.7,22.88,22.14,22.46,23.15,25.87,27.91,28.87,29.87,30.26,30.29,30.5,30.73,30.83,30.53,30.7,30.92,30.53,30.75,30.92,30.78,30.9,31.15,31.35,31.39,31.64,31.57,32.43,32.45,32.36,32.26,32.26,32.31,32.03,31.98,31.61,31.61,31.69,31.49,31.24,31.32,31.4,31.29,31.77,31.81,31.35,31.52,31.44
31.02,31.27,31.19,31.27,31.24,31.49,31.74,31.89,32.06,32.36,32.7,32.94,32.68,33.04,33.37,33.19,32.9,32.77,32.62,32.62,32.23,31.77,32.01,31.83,31.89,31.86,31.77,31.77,31.89,31.91,32.01,32.01,31.94,31.89,32.11,31.86,32.03,31.98,32.18,31.98,31.98,32.14,32.01,32.03,31.74,32.18,31.91,31.89,32.11,31.91,32.35,32.23,32.2,32.68,32.35,32.57,32.53,32.62,32.9,32.82,32.85,33.07,33.15,32.87,32.77,32.62,32.62,32.4,32.51,32.18,32.09,32.26,32.03,31.69,31.98,31.56,31.77,31.52,31.86,31.49,31.49,31.77,31.44,31.61,31.32,31.72,31.57,31.49,31.35,31.56,31.64,31.69,31.66,31.57,31.83,31.83,32.51,32.36,32.62,32.45,32.53,32.9,32.51,32.18,32.2,31.89,31.72,31.61,31.52,31.27,31.02,30.41,29.29,26.58,23.08,23.69,26.8,28.83,29.67,30.04,30.21,30.61,30.75,30.87,31.2,31.02,30.7,30.33,30.83,30.73,30.75,30.7,30.92,30.87,31.2,30.98,31.32,31.44,31.77,32.11,32.28,32.43,32.53,32.35,32.36,32.06,31.98,31.69,31.86,31.57,31.56,31.49,31.52,31.61,31.72,31.61,31.61,31.47,31.57,31.44
30.83,31.07,30.82,31.15,31.39,31.39,31.56,31.81,32.23,32.26,32.78,33.07,33.04,33.24,33.12,33.19,32.87,32.77,32.45,31.98,32.14,31.27,31.69,31.66,31.74,31.77,31.86,31.89,31.94,31.66,31.89,31.86,31.89,31.94,31.86,32.06,32.06,31.89,32.26,31.64,32.18,32.03,31.86,31.77,32.03,31.77,31.64,31.32,31.69,31.64,31.98,32.09,31.98,32.14,31.98,32.62,32.51,32.57,32.36,32.73,32.51,32.85,32.73,32.95,32.78,32.9,32.65,32.45,32.53,32.62,32.36,32.14,32.03,31.91,31.69,31.44,31.35,31.49,31.52,31.35,31.44,31.57,31.49,31.49,31.49,31.69,31.19,31.56,31.39,31.69,31.39,31.47,31.64,31.89,31.83,32.11,32.43,32.4,32.48,32.43,32.4,32.51,32.53,32.4,31.94,31.66,31.52,31.4,31.61,31.32,31.39,31.29,30.58,29.52,27.05,28.24,29.61,30.09,30.73,30.65,30.98,30.98,30.87,30.95,30.83,30.87,30.82,30.75,30.87,30.9,30.82,30.65,30.83,30.87,31.1,30.9,31.39,31.86,32.2,31.89,32.4,32.7,32.77,32.23,32.51,32.14,31.86,32.03,31.86,31.69,31.98,31.15,31.47,31.66,31.57,31.4,31.29,31.27,31.27,31.39
31.03,31.1,31.12,31.47,31.2,31.66,32.01,32.31,32.6,32.87,33.07,33.15,33.2,33.1,33.1,32.87,32.9,32.65,32.62,32.28,31.98,31.94,31.89,31.98,31.91,31.66,31.86,31.89,31.89,31.66,31.86,32.03,32.06,31.86,31.77,31.91,31.64,31.69,31.83,31.89,31.86,32.2,31.86,31.77,31.77,31.83,31.77,31.83,31.77,31.86,32.01,31.86,32.18,32.18,32.2,32.14,32.48,32.51,32.77,32.45,32.57,32.82,32.68,32.62,32.53,32.7,32.53,32.23,32.48,32.53,32.35,32.11,32.23,32.06,31.64,31.56,31.64,31.49,31.35,31.39,31.44,31.64,31.47,31.39,31.24,31.27,31.29,31.47,31.49,31.47,31.91,31.44,31.81,31.74,32.14,32.14,32.26,32.6,32.62,32.68,32.7,32.43,32.36,32.26,31.89,31.69,31.49,31.57,31.27,31.44,31.89,31.57,31.15,30.36,30.33,30.58,30.83,30.92,31.2,31.32,31.2,31.15,31.29,31.12,31.07,30.83,30.83,31.02,30.7,30.95,30.78,30.92,31.24,30.92,31.39,31.27,31.49,31.86,32.2,32.51,32.7,32.82,32.62,33.04,32.6,32.2,32.11,31.77,31.98,31.86,31.86,31.81,31.27,31.74,31.44,31.72,31.91,31.29,31.56,31.15
31.12,31.19,31.07,31.1,31.39,31.52,31.98,32.18,32.85,32.85,33.02,33.24,33.12,32.95,32.9,32.82,32.62,32.11,32.23,32.31,31.83,31.52,31.81,31.49,31.69,31.94,31.61,31.69,31.74,31.94,31.86,31.77,32.03,31.89,32.01,31.91,31.83,31.89,32.11,31.91,32.06,32.03,31.98,31.57,31.91,31.69,31.56,31.52,31.69,31.77,31.64,31.86,32.06,31.83,32.23,32.35,31.89,32.35,32.36,32.43,32.36,32.51,32.65,32.57,32.51,32.78,32.48,32.68,32.51,32.43,32.36,32.06,32.03,31.81,31.49,31.52,31.12,31.39,31.4,31.49,31.35,31.24,31.29,31.24,31.39,31.32,31.39,31.64,31.64,31.4,31.61,31.77,32.01,31.94,32.01,32.06,32.23,32.11,32.45,32.11,32.06,31.81,31.98,32.03,31.66,31.74,31.49,31.52,31.66,31.72,31.61,31.39,31.02,31.27,31.35,31.27,31.61,31.56,31.56,31.32,31.27,31.32,31.29,31.29,30.95,30.9,30.95,30.7,31.02,30.92,31.02,31.4,31.02,31.29,31.2,31.12,31.57,32.06,31.83,32.53,32.62,32.65,32.94,32.85,32.4,32.48,32.36,31.89,32.31,31.91,31.81,31.57,31.69,31.74,31.47,31.89,31.89,31.39,31.29,31.57
31.2,31.2,31.03,31.29,31.52,31.61,31.69,32.31,32.62,33.12,32.95,33.12,33.12,32.73,32.4,32.43,32.6,32.43,32.18,31.86,31.66,31.32,31.66,31.4,31.74,31.89,31.57,31.69,31.72,31.74,31.66,31.86,31.72,31.66,31.74,31.72,31.66,31.49,32.03,31.39,31.74,31.72,31.98,31.94,31.77,31.52,31.72,31.66,31.74,31.77,31.91,31.74,31.64,31.72,31.86,31.91,32.14,32.03,32.01,32.23,32.51,32.14,32.06,32.23,32.57,32.48,32.78,32.43,32.31,31.98,32.11,32.18,31.98,31.66,31.69,31.57,31.27,31.32,31.77,31.32,31.47,31.35,31.35,31.32,31.24,31.4,31.24,31.57,31.64,31.72,31.77,31.61,31.83,31.98,31.98,31.86,32.03,32.14,31.98,32.09,31.91,32.11,31.64,31.66,31.64,31.35,31.56,31.64,31.35,31.44,31.52,31.56,31.47,31.35,31.44,31.89,31.57,31.61,31.64,31.61,31.56,31.27,31.03,31.12,31.39,31.12,31.1,30.92,30.98,31.03,30.7,31.03,31.02,31.07,31.44,31.27,31.72,31.49,32.26,32.48,32.31,32.95,32.9,33.04,32.68,32.53,32.36,32.18,31.94,31.83,32.06,31.64,31.49,31.72,31.47,31.66,31.61,31.44,31.74,31.1
31.15,31.44,31.02,31.29,31.32,31.91,32.43,32.82,32.78,33.2,33.04,32.94,32.77,32.45,32.43,32.31,32.45,32.23,31.98,31.64,31.57,31.61,31.35,31.32,31.61,31.39,31.64,31.56,31.77,31.47,31.66,31.56,31.52,31.74,31.94,31.83,31.44,31.52,31.69,31.47,31.66,31.89,31.83,31.64,31.89,31.77,31.77,31.66,31.61,31.72,31.52,31.77,31.91,31.72,32.03,31.98,32.14,31.98,31.91,32.2,32.51,32.31,32.11,32.51,32.03,32.43,32.45,32.4,32.36,32.23,32.18,31.94,31.94,31.98,31.64,31.49,31.66,31.2,31.29,31.24,31.35,31.07,31.74,31.27,31.24,31.27,31.69,31.2,31.47,31.52,31.56,31.56,31.66,31.44,31.83,32.03,32.09,32.2,31.86,31.66,31.66,31.83,31.77,31.66,31.49,31.81,31.57,31.61,31.57,31.56,31.91,31.61,31.77,31.77,31.94,31.91,31.83,32.09,31.91,31.69,31.49,31.32,31.32,31.03,31.2,30.9,30.9,30.92,31.07,31.15,30.92,30.98,31.27,31.02,31.44,31.07,31.56,32.11,32.26,32.45,32.99,32.85,33.19,32.82,32.65,32.82,32.11,32.14,31.89,32.06,31.94,31.86,31.72,31.98,31.77,31.74,31.47,31.39,31.66,31.47
31.19,31.2,31.29,31.49,31.47,32.03,32.51,32.87,33.02,33.15,33.15,32.77,32.82,32.48,32.45,32.2,32.31,31.91,31.98,31.81,31.66,31.52,31.56,31.32,31.57,31.56,31.66,31.74,31.47,31.72,31.66,31.57,31.69,31.52,31.94,31.52,31.49,31.56,31.66,31.89,31.89,31.77,31.86,31.77,31.91,31.81,31.66,31.72,31.74,31.56,31.69,31.83,31.56,31.94,31.77,31.69,31.69,31.91,31.86,31.94,31.74,32.36,32.06,31.94,32.35,32.26,32.09,32.26,32.31,32.09,32.43,32.18,32.23,31.81,31.89,31.72,31.69,31.69,31.35,31.69,31.61,31.27,31.27,31.35,31.39,31.19,31.57,31.77,31.66,31.81,31.64,31.83,31.94,31.98,31.83,31.94,31.91,31.81,32.26,31.94,31.89,31.77,31.91,31.64,31.77,31.86,31.77,31.74,31.94,31.89,31.81,31.89,31.74,32.01,31.89,32.23,32.35,31.91,31.77,31.64,31.57,31.52,31.56,31.39,31.15,31.03,30.98,31.24,31.49,31.1,30.83,31.12,31.02,31.07,31.07,31.69,31.56,32.18,32.45,32.31,32.94,33.07,33.07,32.95,32.62,32.6,32.68,32.2,32.11,32.28,32.09,31.94,31.89,31.98,32.18,31.72,32.01,31.61,31.52,31.74
31.07,31.35,31.02,31.49,31.89,32.14,32.57,32.94,33.12,32.9,32.82,32.53,32.06,32.14,32.2,31.94,31.98,31.77,31.64,31.77,31.61,31.32,31.4,31.47,31.29,31.44,31.47,31.69,31.61,31.57,32.01,31.91,31.83,31.61,31.47,31.72,31.4,31.39,31.98,31.47,31.56,31.94,31.86,31.77,31.56,31.74,31.81,31.44,31.81,31.64,31.77,31.64,31.83,31.98,31.81,31.81,31.72,31.83,32.01,31.89,32.09,32.23,32.23,31.83,32.31,32.03,32.26,31.91,32.2,32.31,32.36,32.26,32.4,31.89,31.64,31.94,31.66,31.66,31.24,31.61,31.24,31.4,31.39,31.27,31.56,31.47,31.61,31.86,32.01,31.77,31.94,31.61,31.91,31.69,31.98,31.57,31.69,31.77,31.81,31.49,31.66,31.61,31.44,31.89,31.57,31.57,31.83,31.86,31.61,31.72,31.98,31.81,32.03,31.83,31.98,31.98,31.86,31.94,31.94,31.86,31.49,31.81,31.4,31.4,31.24,31.19,30.9,31.1,31.49,31.27,31.35,30.95,31.32,31.24,31.47,31.29,31.52,31.86,32.43,32.73,32.85,33.15,33.49,33.19,33.12,32.78,32.57,32.14,32.4,32.06,32.01,32.06,31.98,31.94,31.86,31.81,31.91,31.77,31.57,31.69
31.44,31.44,31.27,31.49,32.03,32.62,32.78,32.99,32.94,32.87,32.94,32.45,32.11,32.26,32.28,32.45,32.03,31.81,31.81,31.66,31.35,31.39,31.32,31.29,31.44,31.44,31.44,31.32,31.57,31.66,31.91,31.66,31.64,31.52,31.47,31.39,31.19,31.69,31.52,31.69,31.69,31.81,31.56,31.66,31.66,31.72,31.81,31.4,31.69,31.81,31.77,31.74,31.89,31.94,31.72,31.77,31.81,32.03,31.86,32.09,31.77,32.01,32.03,32.26,31.83,32.11,31.91,31.94,32.31,32.4,32.35,32.03,32.03,32.01,32.09,31.81,31.83,31.56,31.49,31.61,31.56,31.72,31.74,31.44,31.39,31.83,31.89,31.86,31.69,31.94,32.09,31.72,31.83,31.61,31.91,31.69,31.72,31.86,31.74,31.77,31.61,31.69,31.69,31.72,31.61,31.74,32.03,31.91,31.86,31.57,31.94,31.98,32.01,31.89,32.23,32.23,32.09,32.18,31.98,31.83,31.86,31.64,31.29,31.4,31.24,31.32,31.24,31.44,31.4,31.24,31.02,31.2,31.32,31.39,31.32,31.57,31.57,31.89,32.26,32.6,32.95,33.2,33.27,33.36,33.1,32.65,32.57,32.35,32.28,32.4,32.26,32.51,31.77,32.06,31.91,31.89,31.94,31.89,31.74,31.74
31.29,31.4,31.39,31.89,32.18,32.2,32.9,33.07,32.94,32.65,32.28,32.23,32.01,32.18,31.69,32.09,31.86,31.57,31.56,31.49,31.39,31.35,31.44,31.49,31.2,31.57,31.74,31.52,31.74,31.57,31.47,31.12,31.66,31.39,31.52,31.56,31.64,31.77,31.4,31.52,31.83,31.94,31.72,31.61,31.81,31.83,31.86,31.57,31.94,31.86,31.77,31.72,31.56,31.77,31.52,31.81,32.2,32.09,31.89,32.01,32.03,32.2,31.72,31.83,32.26,32.2,32.35,32.2,31.86,31.86,32.26,32.14,32.06,31.94,31.81,32.11,31.77,31.66,31.89,31.72,31.69,31.72,31.94,31.72,31.66,31.74,31.77,32.14,32.03,31.91,31.83,31.57,31.57,31.57,31.66,31.49,31.57,31.72,31.66,31.57,31.64,31.66,31.77,31.77,31.49,31.61,31.72,31.81,31.74,32.11,32.01,31.89,32.18,32.09,31.47,32.14,31.83,32.06,31.83,31.83,31.57,31.32,31.57,31.39,31.4,31.15,31.39,31.66,31.4,31.2,31.74,31.35,31.44,31.44,31.56,31.47,31.52,31.69,32.36,32.36,32.57,33.12,33.44,33.19,33.36,32.82,32.99,32.35,32.36,32.31,32.35,32.01,32.11,31.98,32.06,32.11,31.91,31.91,31.74,31.57
31.44,31.61,31.94,31.86,32.62,32.4,32.65,32.45,32.43,32.7,32.14,32.14,32.03,32.06,32.14,31.72,31.94,31.72,31.52,31.72,31.49,31.35,31.15,31.74,31.61,31.74,31.52,31.72,31.56,31.64,31.72,31.4,31.61,31.29,31.24,31.57,31.57,31.44,31.39,31.77,31.47,31.69,31.91,31.52,31.72,31.61,31.77,31.81,31.66,31.66,31.74,31.77,32.03,31.81,31.77,31.69,31.81,31.81,31.86,32.35,32.18,31.66,32.01,32.26,31.64,32.01,32.31,31.77,31.86,31.91,31.61,31.69,31.77,32.14,32.2,32.06,32.01,31.77,31.91,32.11,31.47,31.86,31.91,32.06,31.89,31.77,31.89,32.11,31.86,31.74,31.89,31.57,31.81,31.83,31.57,31.52,31.49,31.56,31.39,31.72,31.49,31.72,32.01,31.66,31.69,31.81,32.01,31.77,31.69,31.89,32.28,32.11,32.18,31.89,31.81,31.91,32.09,31.89,32.03,32.28,31.86,31.72,31.32,31.52,31.39,31.27,31.35,31.57,31.56,31.39,31.4,31.32,31.19,31.4,31.27,31.24,31.66,31.64,32.35,32.85,32.7,33.12,33.37,32.94,33.41,33.07,32.65,32.78,32.62,32.48,32.31,32.36,32.11,32.03,32.03,32.01,32.28,32.18,31.81,31.81
31.47,32.11,31.94,32.11,32.35,32.6,32.43,32.31,32.51,32.31,32.18,31.89,31.89,32.03,31.72,31.77,31.83,31.44,31.52,31.49,31.52,31.29,31.4,31.44,31.49,31.56,31.74,31.35,31.69,31.66,31.69,31.49,31.49,31.81,31.52,31.4,31.69,31.49,31.91,31.56,31.35,31.4,31.72,31.35,31.81,31.81,31.98,32.09,31.77,31.57,31.91,31.74,32.01,31.83,31.66,32.03,32.01,32.03,31.72,31.91,31.98,32.14,32.06,31.94,32.11,31.81,31.94,31.98,31.64,31.94,31.91,31.81,31.72,31.74,31.98,32.23,32.09,32.11,32.11,31.86,32.14,31.77,31.77,32.11,31.69,31.83,31.89,31.94,31.98,32.09,32.09,31.61,31.57,31.49,31.72,31.4,31.89,31.64,31.69,31.49,31.74,31.83,31.77,31.81,31.69,31.94,31.91,31.72,31.69,31.64,31.89,31.98,32.03,31.77,32.11,31.98,31.77,32.01,32.06,31.89,31.61,31.61,31.44,31.35,31.32,31.56,31.44,31.24,31.49,31.4,31.56,31.07,31.52,31.32,31.39,31.61,31.52,31.98,32.35,32.2,32.68,32.95,32.94,33.12,33.15,33.12,32.65,32.87,32.53,32.51,32.48,32.2,32.06,32.57,31.98,32.09,32.48,32.06,32.03,32.03
31.52,31.49,32.28,32.18,32.35,32.7,32.35,32.31,32.14,32.11,31.98,31.98,31.72,31.61,31.69,31.57,31.47,31.81,31.44,31.66,31.47,31.32,31.47,31.44,31.44,31.49,31.64,31.69,31.77,31.49,31.44,31.49,31.66,31.44,31.24,31.72,31.29,31.27,31.35,31.57,31.52,31.47,31.81,31.64,31.52,31.52,31.47,31.56,31.52,31.89,31.69,31.81,31.52,31.94,31.74,32.01,31.66,32.43,31.94,32.2,32.01,32.11,32.03,32.09,31.74,32.01,32.03,31.94,31.81,31.91,31.49,31.77,31.69,31.77,31.49,31.64,31.57,31.57,31.74,31.94,32.01,31.56,32.2,31.52,31.61,31.86,31.98,31.77,32.09,31.66,31.72,31.56,31.61,31.44,31.72,31.47,31.47,31.4,31.61,31.47,31.35,31.89,31.83,31.66,31.77,31.61,31.61,31.64,32.06,31.86,31.86,31.89,31.72,31.98,31.86,32.03,31.86,31.81,32.14,31.86,31.64,31.44,31.56,31.27,31.32,31.27,31.35,31.29,31.44,31.49,31.44,31.44,31.2,31.47,31.44,31.57,31.66,31.86,32.03,32.4,32.87,32.6,32.94,33.12,32.9,32.48,32.87,32.78,32.77,32.51,32.68,32.28,32.28,32.6,32.11,32.31,32.09,32.26,32.11,31.89
31.57,31.66,32.43,32.57,32.62,32.4,32.2,32.14,31.74,31.72,31.81,31.64,31.81,31.56,31.69,31.61,31.69,31.61,31.44,31.52,31.4,31.24,31.49,31.39,31.44,31.4,31.72,31.49,31.44,31.52,31.4,31.39,31.39,31.47,31.29,31.72,31.24,31.39,31.4,31.74,31.69,31.69,31.74,31.49,31.44,31.39,31.77,31.44,31.77,31.35,31.72,31.74,31.57,31.61,31.72,31.94,31.89,31.94,32.03,31.98,32.18,32.35,31.98,31.77,32.09,31.94,31.83,31.94,31.86,31.89,31.72,31.44,31.56,31.44,31.64,31.66,31.64,31.44,31.57,31.44,31.81,31.86,31.61,31.72,31.69,31.72,32.11,31.86,31.69,31.81,31.74,31.39,31.44,31.49,31.29,31.39,31.49,31.44,31.4,31.4,31.83,31.83,31.64,31.74,31.61,31.98,32.01,32.01,31.89,31.98,32.03,31.66,31.86,31.83,31.77,31.91,32.03,31.89,31.94,31.74,31.56,31.81,31.61,31.15,31.39,31.4,31.19,31.56,31.39,31.4,31.4,31.32,31.19,31.35,31.49,31.29,32.09,31.74,31.83,32.14,32.31,32.45,33.04,33.32,33.19,33.02,32.82,33.07,32.62,32.53,33.04,32.65,32.36,32.26,32.35,32.14,32.4,32.36,31.86,32.01
31.89,31.91,32.09,32.45,32.77,32.06,32.03,31.86,32.09,31.83,31.74,31.57,31.24,31.44,31.49,31.52,31.44,31.4,31.56,31.29,31.07,31.49,31.64,31.74,31.52,31.35,31.47,31.69,31.49,31.47,31.49,31.19,31.44,31.49,31.24,31.15,31.32,31.35,31.56,31.52,31.61,31.44,31.56,31.49,31.44,31.81,31.56,31.2,31.47,31.64,31.57,31.94,31.72,31.64,31.61,31.64,31.72,31.94,32.36,31.98,32.11,32.06,31.98,32.01,31.66,31.72,31.91,31.56,31.72,31.86,31.56,31.52,31.49,31.35,31.49,31.12,31.47,31.56,31.66,31.4,31.44,31.66,31.35,31.57,31.57,31.91,31.49,31.32,31.49,31.64,31.74,31.39,31.44,31.44,31.4,31.12,31.19,31.35,31.29,31.4,31.61,31.61,31.89,31.83,31.57,31.91,31.77,32.26,31.89,32.01,31.98,32.09,31.83,31.69,31.81,31.81,31.74,31.94,31.94,31.94,31.24,31.39,31.35,30.95,31.4,31.2,30.98,31.27,31.47,31.35,31.61,31.4,31.19,31.19,31.19,31.52,31.56,31.74,31.81,32.2,32.06,32.31,32.94,32.82,32.78,32.87,32.9,32.82,32.73,32.65,32.7,32.43,32.36,32.43,32.51,32.23,32.28,32.35,32.2,32.09
31.47,31.94,32.26,32.31,31.91,31.61,31.81,31.89,31.66,31.27,31.12,30.92,30.98,31.35,31.27,31.19,31.4,31.56,31.57,31.2,31.47,31.32,31.35,31.27,31.07,31.44,31.57,31.44,31.4,31.29,31.52,31.39,31.29,31.47,31.32,31.35,31.4,31.52,31.4,31.1,31.44,31.2,31.32,31.12,31.35,31.32,31.35,31.35,31.47,31.81,31.66,31.74,31.52,31.77,31.64,31.66,31.66,31.86,31.52,31.66,31.66,31.57,31.89,31.98,31.64,31.56,31.72,31.89,31.81,31.56,31.57,31.47,31.39,31.19,31.19,31.4,31.1,31.2,31.32,31.03,31.32,31.12,31.44,31.32,31.19,31.61,31.86,31.19,31.35,31.61,31.72,31.69,31.44,31.15,31.29,31.4,31.24,31.32,31.19,31.19,31.56,31.61,31.94,31.66,31.57,31.77,32.01,31.89,32.09,32.01,32.06,32.26,31.57,31.86,31.64,31.83,31.86,31.72,31.89,31.66,31.61,31.1,31.19,31.49,31.12,31.12,31.1,31.24,31.29,31.4,31.24,31.66,31.29,31.15,31.32,31.4,31.57,31.74,31.77,31.91,32.14,32.18,32.73,32.51,32.85,33.02,33.02,32.7,32.78,33.04,32.7,32.48,32.57,32.77,32.35,32.6,32.53,32.45,32.28,32.11
31.66,32.03,32.18,31.91,31.39,31.57,31.74,31.39,31.57,31.2,30.95,30.73,30.75,31.2,31.56,31.44,31.56,31.35,31.77,31.27,31.64,31.52,31.49,31.44,31.57,31.44,31.52,31.47,31.69,31.29,31.44,31.56,31.44,31.24,31.4,31.24,31.29,31.39,31.61,31.29,31.35,31.19,31.27,30.98,31.52,31.29,31.32,31.64,31.52,31.74,31.35,31.57,31.64,31.4,31.39,31.61,31.44,31.66,31.72,31.77,31.98,31.91,31.39,31.89,31.81,31.52,32.06,31.29,31.49,31.35,31.39,31.27,31.1,31.35,31.2,31.19,31.19,31.27,31.4,31.27,31.39,31.19,31.2,30.9,31.44,31.77,31.61,31.35,31.39,31.57,31.69,31.52,31.29,31.52,31.29,31.64,31.2,31.39,31.49,31.29,31.57,31.44,31.72,31.64,31.91,31.89,32.09,32.23,32.03,32.14,32.26,31.89,31.66,31.77,31.77,31.66,31.83,31.86,31.72,31.66,31.35,31.49,31.29,31.24,31.24,31.32,31.27,31.32,31.24,31.29,31.27,31.15,31.52,30.92,31.35,31.12,31.19,31.61,31.72,31.91,32.11,32.28,32.45,32.78,32.94,32.9,32.95,32.82,32.73,32.87,33.02,32.85,32.62,32.65,32.31,32.68,32.53,32.4,32.31,32.18
31.61,31.83,32.4,32.2,31.74,31.1,31.1,31.15,30.95,30.92,30.9,31.02,30.82,31.2,31.49,31.44,31.49,31.44,31.4,31.47,31.39,31.61,31.77,31.77,31.49,31.56,31.89,31.56,31.47,31.47,31.1,31.52,31.77,31.44,31.56,31.47,31.15,31.39,31.35,31.47,31.39,31.4,31.4,31.27,31.27,31.57,31.4,31.02,31.44,31.81,31.2,31.49,31.4,31.56,31.77,31.52,31.57,31.69,32.06,31.94,31.94,31.83,31.89,31.89,31.86,32.09,31.72,31.72,31.39,31.52,31.29,31.57,31.12,31.15,31.02,31.29,31.15,31.12,31.24,30.98,31.12,31.15,31.07,31.4,31.29,31.15,31.52,31.32,31.47,31.39,31.44,31.69,31.32,31.52,31.32,31.61,31.44,31.61,31.52,31.44,31.69,31.64,31.66,31.94,31.98,31.69,32.28,32.31,32.51,32.28,32.11,32.03,31.89,31.69,31.98,31.61,31.81,31.98,31.72,31.83,31.61,31.4,31.61,31.2,31.29,31.49,31.19,31.52,31.57,31.32,31.12,31.29,31.12,31.49,31.1,31.2,31.35,31.49,31.57,31.91,32.26,31.94,32.48,32.85,33.1,33.04,32.7,32.48,32.82,32.82,32.87,32.78,32.9,32.85,32.53,32.78,32.62,32.68,32.14,32.01
31.72,32.01,32.4,32.23,31.83,31.19,31.29,30.73,30.53,30.53,30.45,30.92,31.02,31.27,31.39,31.44,31.44,31.61,31.52,31.74,31.57,31.91,31.64,31.56,31.69,31.72,31.61,31.61,31.61,31.39,31.4,31.44,31.39,31.15,31.44,31.35,31.47,31.32,31.4,31.4,31.12,31.66,31.1,31.15,31.52,31.27,31.27,31.1,31.47,31.19,31.15,31.29,31.69,31.61,31.52,31.66,31.52,31.4,31.32,31.83,31.74,31.66,31.81,31.64,31.77,31.52,31.61,31.27,31.57,31.44,31.15,31.27,30.98,31.32,31.24,31.27,31.19,31.32,31.12,31.27,31.1,31.02,31.15,31.03,31.19,31.4,31.19,31.47,31.4,31.72,31.52,31.81,31.44,31.35,31.24,31.52,31.56,31.77,31.49,31.74,31.66,31.89,31.77,31.94,31.74,32.18,32.2,32.45,32.36,32.45,32.09,32.18,31.89,31.89,31.77,31.89,31.72,31.98,31.57,31.52,31.39,31.66,31.66,31.49,31.29,31.29,31.39,31.44,31.44,31.49,31.47,31.32,31.29,31.4,31.27,31.29,31.19,31.61,31.56,31.86,31.98,31.94,32.4,32.6,33.04,32.65,33.2,32.82,33.1,32.78,32.99,32.73,32.9,32.87,32.78,32.62,32.9,32.48,32.23,32.11
31.52,31.86,32.2,32.43,31.72,30.95,30.87,30.38,30.61,30.75,30.78,30.53,30.58,30.87,31.1,31.29,31.64,31.49,31.83,32.09,31.81,31.66,31.91,31.86,31.66,31.91,31.32,31.35,31.29,31.32,31.47,31.39,31.4,31.35,31.44,31.1,31.44,31.32,31.57,31.39,31.29,31.32,31.2,31.03,31.27,31.12,30.98,31.24,31.1,31.1,31.15,31.07,31.2,31.15,31.32,31.35,31.35,31.24,31.24,31.74,31.61,31.72,31.27,31.32,31.56,31.52,31.72,31.35,31.15,31.39,31.27,31.52,30.78,31.39,31.32,31.35,30.98,31.27,31.03,31.15,31.19,31.03,31.12,30.98,31.2,31.03,30.87,31.02,31.15,31.39,31.39,31.49,31.47,31.47,31.64,31.47,31.64,31.56,31.52,31.61,31.98,32.06,32.26,31.98,32.09,32.23,32.28,32.31,32.73,32.26,32.31,32.18,32.23,31.83,31.74,31.81,31.74,31.49,31.89,31.74,31.39,31.56,31.4,31.24,31.2,31.44,31.49,31.52,31.44,31.35,31.2,31.29,31.35,31.12,31.29,31.1,31.15,31.64,31.74,31.72,31.81,31.86,32.23,32.43,32.53,32.68,33.07,33.02,32.87,32.87,32.94,32.95,32.78,33.07,32.68,32.9,32.57,32.18,32.45,32.36
31.2,31.64,32.11,32.06,31.66,31.19,30.78,30.53,30.58,30.7,30.33,30.61,31.02,31.12,31.15,31.29,31.35,31.47,31.74,32.2,31.86,31.77,31.61,31.61,31.47,31.57,31.52,31.29,31.07,31.49,31.24,31.44,31.29,31.15,31.39,31.39,31.2,30.92,30.95,31.19,31.12,30.98,31.19,31.02,31.07,31.03,30.95,31.35,30.9,30.95,31.12,30.87,31.19,31.29,31.27,31.35,31.24,31.49,31.15,31.47,31.32,31.49,31.64,31.35,31.49,31.27,31.61,31.47,31.44,31.4,31.49,31.19,31.27,31.27,31.24,31.1,31.29,31.03,31.2,31.19,31.27,30.92,30.98,31.24,30.66,31.19,30.95,31.03,31.27,31.12,31.4,31.29,31.44,31.52,31.72,31.64,31.81,31.57,31.47,31.74,31.91,31.91,31.94,32.18,32.03,32.31,32.28,32.35,32.23,32.45,32.26,31.98,31.72,31.69,31.91,31.86,31.81,31.66,31.61,31.77,31.49,31.61,31.61,31.27,31.56,31.47,31.35,31.61,31.57,31.39,31.27,31.39,31.27,31.44,30.87,31.15,31.35,31.74,31.52,31.81,31.66,32.01,32.45,32.43,32.18,32.95,32.85,33.1,33.02,33.07,32.99,33.04,32.6,33.1,32.57,32.9,32.99,32.53,32.4,32.62
30.95,31.69,32.26,31.89,31.64,31.07,30.78,30.53,30.29,30.36,30.53,30.46,30.73,31.24,31.1,31.29,31.69,31.69,31.69,31.91,31.86,31.69,31.77,31.56,31.72,31.61,31.4,31.52,31.35,31.29,31.15,31.35,31.27,31.29,31.19,31.15,31.35,31.19,31.29,31.1,31.19,31.24,30.9,31.15,31.12,30.98,31.12,31.07,31.2,31.2,31.29,31.03,31.12,31.15,31.15,31.49,31.29,31.2,31.27,31.69,31.44,31.66,31.35,31.49,31.19,31.4,31.32,31.35,31.56,31.15,31.1,31.32,31.27,31.1,31.35,31.32,31.1,31.24,31.15,31.35,31.15,31.15,30.95,30.98,30.75,30.9,30.9,31.03,31.27,30.95,31.03,31.02,31.35,31.57,31.61,31.69,31.81,31.61,31.69,31.66,31.89,31.98,32.2,32.48,32.01,32.26,32.78,32.57,32.35,32.23,32.23,32.06,31.83,31.81,31.56,31.66,31.69,31.83,31.64,31.35,31.52,31.29,31.24,31.56,31.47,31.19,31.49,31.39,31.47,31.56,31.44,31.49,31.39,31.49,31.39,31.44,31.24,31.29,31.57,31.91,31.66,32.01,32.11,32.14,32.48,32.53,33.04,32.7,32.78,32.95,32.87,33.12,32.9,33.04,32.73,32.85,32.65,32.6,32.53,32.43
30.87,31.44,31.86,31.98,31.64,31.19,30.66,30.36,30.46,30.53,30.38,30.45,30.98,31.19,30.95,31.24,31.49,31.74,32.14,32.01,32.06,31.86,31.98,31.69,31.47,31.4,31.44,31.47,31.44,31.4,31.47,31.32,31.29,31.27,30.95,31.27,31.35,31.2,30.78,31.02,31.1,31.32,30.7,30.75,31.15,31.02,31.02,31.07,31.29,31.02,31.19,31.07,30.98,31.24,31.02,31.15,31.19,31.4,31.24,31.39,31.1,31.12,31.35,31.4,31.44,31.39,31.44,31.44,31.39,31.44,31.19,31.35,31.32,31.19,31.29,31.52,31.1,30.95,31.1,31.15,31.12,31.07,31.07,30.95,30.92,30.82,30.83,30.73,31.07,30.98,30.9,30.98,31.32,31.19,31.56,31.61,31.74,31.81,32.01,31.81,31.83,31.91,32.18,32.01,32.06,32.48,32.45,32.51,32.36,32.57,32.11,32.23,32.23,31.89,31.64,31.94,31.72,31.91,31.94,31.64,31.72,31.19,31.57,31.49,31.61,31.47,31.47,31.47,31.57,31.61,31.66,31.56,31.35,31.19,31.07,31.35,31.1,30.92,31.57,31.56,31.57,31.94,31.98,32.26,32.48,32.77,32.6,32.99,33.07,32.94,32.85,33.24,32.65,32.82,32.68,32.87,32.77,32.62,32.62,32.35
30.38,31.1,31.57,31.81,31.47,30.87,30.65,30.21,30.29,30.36,30.26,30.01,30.61,30.92,30.98,31.4,31.52,32.03,31.81,32.18,31.81,32.14,32.01,31.56,31.35,31.61,31.44,31.49,31.19,31.02,31.24,31.1,30.98,31.2,31.07,31.12,31.03,31.1,30.92,31.02,30.83,31.1,30.95,30.9,30.73,30.83,31.12,30.45,30.83,30.9,30.7,31.19,30.75,31.1,30.87,31.12,31.07,31.24,31.24,31.03,31.1,31.44,31.35,31.27,31.12,31.07,31.12,31.2,31.2,31.07,31.57,31.44,31.29,31.47,31.32,31.35,31.57,31.4,31.27,31.24,30.92,31.29,31.12,30.83,30.78,31.03,30.65,30.98,30.98,30.87,31.24,31.12,31.24,31.29,31.56,31.56,31.57,31.77,31.81,31.49,31.83,31.61,32.01,31.74,32.11,32.14,32.45,32.53,32.31,32.45,32.51,32.01,32.2,31.72,32.18,31.89,31.91,31.66,31.69,31.77,31.74,31.44,31.29,31.47,31.47,31.49,31.56,31.66,31.61,31.69,31.83,31.66,31.61,31.57,31.47,31.2,31.32,31.44,31.2,31.61,31.89,31.69,31.74,32.09,32.36,32.48,32.9,32.95,33.12,32.85,32.99,32.82,32.82,33.07,32.94,32.87,32.94,32.77,32.82,32.26
29.69,30.92,31.29,31.64,31.35,30.95,30.53,30.53,30.26,30.13,30.16,30.5,30.65,31.15,31.24,31.4,31.64,32.11,31.81,31.91,31.89,31.81,31.81,31.64,31.56,31.32,31.44,31.35,31.02,31.02,31.19,31.1,31.27,31.29,30.9,30.98,31.02,31.24,31.1,30.83,30.83,31.02,30.87,30.73,30.87,30.9,30.87,30.75,30.55,30.92,30.7,30.78,31.02,30.66,31.02,30.83,31.07,30.87,31.1,30.9,31.32,31.15,30.9,30.9,31.24,31.15,31.03,31.57,31.27,31.35,31.35,31.24,31.32,31.64,31.57,31.56,31.56,31.66,31.2,31.52,31.1,31.03,30.73,31.03,31.02,30.73,30.98,30.9,30.82,31.03,31.12,31.12,31.1,31.29,31.39,31.57,31.27,31.4,31.57,31.57,31.77,31.74,32.06,31.91,32.2,32.2,32.45,32.18,32.4,32.18,32.26,32.18,31.91,32.14,32.31,31.91,32.09,31.72,31.77,31.91,31.56,31.83,31.47,31.74,31.77,31.61,31.35,31.89,31.98,31.77,31.86,31.69,31.77,31.52,31.66,31.69,30.87,31.24,31.29,31.66,31.86,31.91,32.11,31.98,32.4,32.65,32.65,32.57,33.04,32.95,33.07,32.65,32.94,32.82,32.82,32.99,32.85,32.53,32.57,32.45
28.14,30.61,30.9,31.64,31.61,31.1,30.75,30.58,30.29,30.46,30.5,30.33,30.53,30.98,31.35,31.15,32.03,32.03,32.18,32.14,32.09,32.09,31.61,31.47,31.69,31.4,31.02,31.27,31.1,31.2,31.12,31.12,31.12,30.9,31.15,30.92,30.75,30.61,31.02,30.73,30.83,30.7,30.95,30.45,30.73,30.75,30.98,30.61,30.9,30.66,30.58,30.65,30.45,30.58,30.82,30.7,30.58,30.78,30.73,30.46,30.7,30.82,31.19,31.03,30.83,30.95,31.24,31.19,31.03,31.03,31.56,31.44,31.74,31.66,31.81,31.69,31.49,31.39,31.12,31.15,30.98,30.83,30.78,30.82,30.78,30.78,30.95,31.12,30.92,31.03,30.83,31.15,30.87,31.35,31.24,31.49,31.27,31.83,31.4,31.47,31.49,31.69,31.81,31.94,32.06,32.11,32.14,32.35,32.43,32.51,32.4,32.31,31.86,31.64,32.06,32.03,31.77,31.66,31.61,31.72,31.66,31.47,31.77,31.56,31.52,31.49,31.61,31.81,32.11,31.81,31.91,31.81,32.14,31.61,31.66,31.49,31.27,30.92,31.57,31.52,31.56,31.64,31.83,32.4,32.6,32.68,32.68,32.73,33.32,32.95,33.04,33.07,32.6,33.1,32.94,33.02,32.68,32.73,32.6,32.45
25.72,29.89,30.73,31.39,31.61,31.32,30.58,30.29,30.38,30.38,30.45,30.46,30.5,30.83,31.19,31.81,31.83,31.94,32.18,32.36,32.14,31.77,31.56,31.69,31.52,31.39,31.27,31.64,30.92,30.65,31.03,30.98,31.07,31.07,30.95,31.02,31.02,30.61,31.07,30.82,30.9,30.75,30.83,30.82,30.66,30.75,30.33,30.61,30.65,30.26,30.65,30.73,30.66,30.83,30.46,30.45,30.5,30.55,30.78,30.7,30.95,30.5,30.83,30.82,30.9,30.9,31.27,30.9,31.24,31.4,31.52,31.69,31.44,31.4,31.57,31.66,31.27,31.32,31.4,31.19,31.24,31.03,30.9,30.73,30.95,30.95,30.7,31.03,30.9,30.98,31.07,30.98,31.1,31.27,31.24,31.39,31.32,31.2,31.4,31.57,31.77,31.66,31.57,31.77,31.83,32.26,32.45,32.43,32.23,32.36,32.45,32.31,32.18,32.06,32.18,32.01,32.01,31.74,32.01,31.91,31.94,31.56,31.4,31.61,31.64,31.72,31.81,31.61,31.81,31.86,31.89,32.06,31.74,31.81,31.56,31.39,30.98,31.19,31.44,31.44,31.72,31.77,31.98,31.98,32.6,32.65,32.7,32.7,32.78,32.9,33.04,33.07,32.99,33.02,32.94,32.73,32.87,32.57,32.36,32.28
23.99,29.35,30.5,31.24,30.98,31.12,30.58,30.46,30.21,30.65,30.46,30.29,30.58,31.1,31.35,31.61,32.09,32.03,32.06,31.77,32.01,31.64,31.72,31.2,31.44,31.4,31.27,30.83,31.2,30.87,30.83,30.66,31.27,30.98,31.07,30.98,30.55,30.41,30.61,30.53,30.58,30.65,30.82,30.26,30.5,30.36,30.55,30.46,30.65,30.41,30.24,30.41,30.33,30.73,30.55,30.38,30.73,30.7,30.78,30.53,30.78,30.73,30.82,30.82,30.87,31.1,31.07,30.95,31.29,31.44,31.27,31.4,31.44,31.47,31.66,31.89,31.29,31.15,31.24,31.32,31.02,30.75,30.87,31.07,30.92,30.87,31.03,30.83,31.12,30.98,31.24,30.98,31.32,31.44,31.35,31.57,31.4,31.91,31.19,31.32,31.56,31.77,31.66,31.44,32.01,32.36,32.28,32.35,32.2,32.4,32.31,32.48,32.06,32.2,32.03,31.98,31.81,31.83,31.94,31.66,31.77,31.64,31.66,31.64,31.83,31.66,31.69,31.74,31.74,31.72,32.01,31.83,31.98,31.94,31.4,31.52,31.27,31.44,31.35,31.2,31.47,32.06,31.83,32.06,32.26,32.43,32.73,33.12,33.1,32.78,32.7,32.87,32.85,32.7,32.99,32.68,32.82,32.48,32.43,32.35
22.61,28.75,30.33,31.1,31.15,31.2,31.07,30.5,30.7,30.92,30.66,30.53,30.78,31.24,31.69,31.77,31.98,31.77,32.2,32.06,32.03,31.52,31.56,31.61,31.24,30.83,30.87,31.07,30.92,30.87,30.95,30.65,31.12,30.82,30.82,30.7,30.95,30.61,30.66,30.66,30.73,30.73,30.75,30.36,30.53,30.45,30.33,30.46,30.24,30.18,30.36,30.55,30.53,30.24,30.5,30.5,30.01,30.46,30.75,30.29,30.65,30.41,31.02,30.66,30.61,31.02,31.07,31.49,31.39,31.39,31.4,31.66,31.72,31.69,31.52,31.52,31.44,31.35,31.12,31.27,31.02,31.2,30.87,30.66,30.78,30.9,30.83,30.75,31.03,30.87,31.35,30.98,31.4,31.4,31.49,31.83,31.66,31.56,31.74,31.27,31.24,31.49,32.03,31.91,31.83,31.94,32.36,32.48,32.11,32.65,32.43,32.6,32.31,32.18,32.01,32.48,32.11,31.81,31.89,32.14,31.69,31.74,31.81,31.69,31.81,31.89,31.74,31.72,31.69,31.66,31.47,31.94,31.86,31.64,31.77,31.47,31.12,31.32,31.56,31.56,31.47,31.81,32.14,31.81,32.36,32.82,32.87,32.68,32.85,32.85,33.19,33.15,32.95,32.85,32.62,32.99,32.85,32.57,32.51,32.2
22.14,27.84,30.24,30.65,30.78,31.03,31.1,30.87,30.61,31.1,31.19,30.75,30.9,31.32,31.39,31.81,32.26,32.35,32.35,32.14,31.64,31.4,31.1,31.27,31.27,30.83,30.9,30.92,30.66,30.87,30.53,30.75,31.03,30.55,30.83,30.5,30.61,30.92,30.33,30.45,30.75,30.61,30.38,30.36,30.58,30.21,30.5,30.53,30.24,30.41,30.08,30.41,30.29,30.33,30.66,30.36,30.41,30.46,30.66,30.7,30.7,31.02,30.87,30.83,30.98,31.1,31.03,31.2,31.12,31.2,31.49,31.39,31.19,31.57,31.83,31.56,31.64,31.74,31.57,31.39,30.92,31.02,30.98,30.82,31.02,30.66,30.73,30.82,31.07,31.02,31.32,31.49,31.66,31.56,31.74,31.83,31.57,31.74,31.83,31.72,31.57,31.74,31.72,31.69,31.83,31.98,32.45,32.31,32.51,32.53,32.62,32.48,32.51,32.03,32.28,32.2,32.28,32.03,31.91,32.14,32.06,32.06,31.77,31.91,31.86,31.81,31.66,31.81,31.98,31.66,31.81,31.49,31.69,31.77,31.83,31.44,31.24,31.72,31.52,31.74,31.91,31.91,31.98,32.26,32.48,32.73,32.82,32.9,32.85,32.57,33.07,33.1,33.1,32.95,32.82,32.53,32.57,32.14,32.36,31.91
22.21,26.31,29.87,30.46,30.9,31.15,31.02,30.78,31.24,30.92,30.87,30.95,31.07,31.35,31.52,31.94,32.06,32.2,32.11,31.72,31.52,31.49,31.27,31.4,31.07,31.19,30.83,30.75,30.98,30.58,30.5,30.41,30.65,30.95,30.82,30.66,30.33,30.46,30.55,30.61,30.75,30.26,30.53,30.46,30.46,30.36,30.16,30.46,30.38,30.21,30.24,29.96,30.09,30.24,30.53,30.41,30.65,30.36,30.45,30.66,30.7,30.66,30.82,30.78,31.15,30.95,31.19,31.2,31.39,31.49,31.29,31.32,31.57,31.52,31.83,31.49,31.52,31.44,31.49,31.74,31.24,31.15,30.92,30.78,30.87,30.75,31.07,30.9,31.19,31.61,31.39,31.32,31.56,31.86,31.89,31.94,31.81,31.89,31.44,31.83,31.89,31.44,31.64,31.77,31.57,31.81,31.94,32.26,32.48,32.4,32.65,32.65,32.48,32.48,32.45,31.83,32.01,31.89,32.01,31.94,31.98,31.83,32.03,32.03,31.61,31.83,31.77,31.94,31.69,31.35,31.35,31.94,31.64,31.4,31.44,31.27,31.24,31.49,31.69,31.83,31.64,31.66,32.06,32.18,32.11,32.68,32.85,32.99,33.02,33.15,33.36,33.1,33.1,33.12,32.95,32.87,32.9,32.26,32.2,32.11
21.72,25.44,29.77,29.93,30.66,31.02,30.87,30.83,31.15,31.24,31.19,31.15,30.98,30.95,31.44,31.77,32.09,32.23,32.06,31.72,31.29,30.95,31.2,30.98,31.1,30.58,30.95,30.66,30.78,30.58,30.5,30.41,30.66,30.45,30.55,30.7,30.38,30.36,30.66,30.24,30.45,30.45,30.36,30.45,30.26,30.24,30.09,30.04,30.08,30.24,30.04,30.09,30.24,30.38,30.13,30.29,30.24,30.61,30.41,30.36,30.73,30.58,30.58,30.78,30.98,31.03,31.24,31.2,31.32,31.39,31.32,31.61,31.61,31.61,31.69,31.56,31.32,31.64,31.47,31.4,31.32,30.95,31.12,30.9,30.98,31.07,30.87,31.02,31.12,31.29,31.4,31.19,31.56,31.74,32.03,31.94,31.89,31.77,31.66,31.64,31.64,31.56,31.72,31.69,31.56,31.72,32.18,32.14,32.28,32.43,32.57,32.62,32.68,32.06,32.14,32.35,32.26,32.03,32.18,32.11,32.01,32.03,31.89,31.98,32.01,31.77,31.74,31.66,31.72,31.49,31.35,31.4,31.32,31.74,31.29,31.49,31.56,31.64,31.57,31.83,31.89,31.94,32.09,32.09,32.62,32.68,32.77,33.02,33.1,33.04,32.94,33.27,32.85,33.15,32.9,32.94,32.43,32.36,32.06,31.47
21.75,24.71,29.4,30.24,30.33,30.78,30.82,30.98,30.9,31.15,31.39,31.2,30.82,30.98,31.44,31.83,32.06,32.14,31.66,31.39,31.15,31.19,31.03,30.92,30.83,31.02,30.46,30.58,30.36,30.53,30.5,30.24,30.45,30.33,30.5,30.46,30.38,30.38,30.78,30.09,30.29,30.18,30.16,30.13,30.18,30.01,30.08,29.93,30.21,30.26,30.21,29.93,30.21,30.33,30.38,30.41,30.26,30.18,30.65,30.24,30.61,30.73,30.82,31.02,30.92,31.12,30.9,31.29,31.29,31.44,31.49,31.44,31.49,31.56,31.64,31.61,31.4,31.61,31.77,31.12,31.15,30.9,30.95,30.82,30.75,30.92,30.78,30.83,31.15,31.24,31.56,31.72,31.35,31.49,31.86,32.01,31.77,31.64,31.64,31.81,31.52,31.61,31.69,31.35,31.64,31.83,32.2,32.2,32.06,32.48,32.68,32.35,32.53,32.26,32.23,32.11,32.01,31.98,31.77,32.03,31.94,31.91,31.94,31.89,31.69,31.69,32.14,31.83,31.77,31.39,31.4,31.29,31.52,31.52,31.49,31.15,31.32,31.83,31.83,32.01,32.01,31.89,32.09,31.98,32.09,32.65,33.04,33.19,33.04,32.99,33.04,32.95,33.19,33.1,33.04,32.57,32.68,32.03,32.06,31.61
21.28,23.84,29.15,30.04,30.58,30.61,30.9,30.73,30.92,31.07,31.12,31.19,31.03,31.27,31.56,32.09,31.72,31.64,31.27,30.87,31.02,30.82,30.82,30.58,30.78,30.82,30.24,30.65,30.41,30.41,30.33,30.29,30.45,30.16,30.13,30.26,30.46,30.16,30.24,30.33,30.46,30.33,30.45,30.41,30.16,30.01,30.18,30.01,30.13,30.13,29.98,30.16,30.04,29.98,30.18,30.24,30.29,30.38,30.55,30.66,30.83,30.66,30.92,31.29,31.07,31.1,31.07,31.19,31.35,31.39,31.44,31.74,31.83,31.47,31.74,31.64,31.57,31.49,31.74,31.29,31.02,31.2,30.87,31.12,30.95,31.02,31.03,31.12,31.02,31.02,31.03,31.32,31.52,31.81,31.56,31.77,31.94,31.81,31.77,31.69,31.49,31.52,31.57,31.49,31.66,31.74,31.83,31.91,32.53,32.35,32.43,32.26,32.18,32.45,32.14,32.03,31.81,32.18,31.91,32.14,31.86,31.86,32.09,31.98,31.86,31.81,31.91,31.89,31.74,31.4,31.35,31.35,31.47,31.32,31.32,31.52,31.61,31.57,31.72,32.03,32.11,32.01,32.06,32.28,32.43,32.77,32.94,33.02,33.12,32.99,33.24,32.99,32.9,33.02,32.95,32.65,32.45,32.03,31.57,31.4
21.32,23.37,28.31,29.67,30.41,30.38,31.1,30.82,31.29,31.49,31.47,31.47,31.1,31.2,31.49,31.91,31.56,31.47,31.19,30.98,30.55,30.75,30.65,30.61,30.5,30.26,30.33,30.41,30.26,30.18,30.29,30.53,30.18,30.53,30.36,30.18,30.18,30.24,29.98,30.29,30.41,30.24,30.24,30.16,30.13,30.09,29.93,30.26,30.13,30.08,30.09,30.21,29.87,30.21,30.29,29.98,30.58,30.29,30.58,30.73,30.92,31.2,30.95,31.02,31.19,31.03,31.15,31.49,31.4,31.49,31.49,31.81,31.4,31.74,31.81,31.69,31.47,31.72,31.57,31.56,31.32,30.98,30.98,31.03,31.19,30.75,30.87,30.92,31.15,31.24,31.15,31.07,31.2,31.57,31.64,31.66,32.01,31.98,31.91,31.81,31.64,31.61,31.57,31.57,31.64,31.98,31.89,32.06,32.09,32.51,31.86,32.26,32.45,32.11,32.4,32.31,31.83,32.03,32.03,32.18,31.91,32.26,31.83,31.94,32.26,32.2,32.35,32.06,31.89,31.69,31.32,31.47,31.49,31.64,31.86,31.52,31.57,31.86,31.89,32.2,32.23,32.06,32.06,32.23,32.65,32.87,32.87,32.99,33.1,32.94,33.1,33.1,32.82,33.07,32.65,32.23,32.14,31.83,31.4,31.02
21.43,22.85,27.64,29.77,30.09,30.41,30.61,30.82,31.32,31.61,31.47,31.47,31.57,31.24,31.49,31.47,31.47,31.03,31.02,30.95,30.55,30.45,30.66,30.41,30.33,30.16,30.38,30.58,30.21,30.09,30.08,30.58,30.38,30.36,30.08,30.46,30.18,30.21,30.21,30.36,30.18,30.21,30.36,30.24,29.96,30.09,30.01,30.09,30.24,29.93,29.93,30.08,30.16,30.36,30.16,30.21,30.46,30.46,30.46,30.7,30.66,31.24,31.02,31.12,31.03,31.52,31.35,31.49,31.29,31.56,31.69,31.66,31.89,31.49,31.81,31.98,31.66,31.44,31.57,31.47,31.57,31.24,31.07,31.19,30.9,30.82,30.95,31.32,31.24,31.15,31.19,31.02,31.2,31.61,31.47,31.89,31.94,32.18,31.66,31.86,31.81,31.69,31.74,31.49,31.72,31.98,32.11,32.11,32.06,32.01,31.94,32.65,32.18,32.11,32.18,32.14,32.01,31.94,31.94,31.86,32.14,32.09,32.09,32.09,32.26,32.43,32.48,32.11,31.89,31.69,31.72,31.35,31.52,31.66,31.64,31.61,32.14,32.03,32.11,32.36,32.35,31.98,32.26,32.06,32.68,32.94,32.85,32.94,32.9,32.9,33.19,33.02,32.85,32.99,32.48,32.28,31.94,31.86,31.1,30.36
20.61,22.06,27.08,29.59,29.96,30.61,30.53,31.15,30.98,31.19,31.61,31.29,31.56,31.35,31.29,31.1,30.87,30.87,30.87,30.75,30.66,30.29,30.45,30.33,30.58,30.7,30.36,30.18,30.26,29.98,30.13,30.04,30.04,30.08,30.04,30.16,30.16,30.01,30.16,29.81,30.04,30.38,30.04,29.84,29.98,30.04,29.89,29.98,30.01,29.76,29.98,29.89,30.33,30.38,30.26,30.36,30.13,30.53,30.65,30.9,30.83,30.87,30.82,31.1,31.32,31.24,31.35,31.57,31.44,31.4,31.57,31.72,31.94,31.72,31.66,31.69,31.64,31.35,31.61,31.4,31.49,30.87,31.2,30.9,30.9,30.83,31.1,31.24,30.9,31.1,31.29,30.95,31.03,31.29,31.64,31.57,31.57,31.69,31.72,31.98,31.47,31.35,31.69,31.66,31.61,31.64,31.74,32.01,31.89,32.06,31.94,32.28,31.94,31.69,32.09,31.89,32.23,31.74,32.09,31.86,31.74,31.86,31.89,31.98,32.35,32.65,32.4,32.11,32.03,32.09,31.72,31.61,31.72,31.4,31.86,31.83,31.94,32.06,32.31,31.98,32.35,32.57,32.18,32.31,32.6,32.7,32.57,33.02,32.82,32.77,33.02,32.9,32.65,32.65,32.28,31.83,31.74,31.07,30.92,28.95
20.98,21.84,25.37,29.03,29.96,30.21,30.53,31.02,31.29,31.32,31.57,31.44,31.64,31.66,31.29,30.98,30.65,30.61,30.53,30.41,30.53,30.53,30.33,30.08,30.24,30.46,30.18,30.13,30.16,30.18,29.98,29.81,30.13,30.08,30.33,30.24,30.21,30.18,30.5,29.87,30.01,29.89,30.09,29.98,30.36,29.96,29.98,30.21,30.04,29.93,30.04,30.18,30.16,30.26,30.46,30.46,30.41,30.53,30.65,30.61,30.75,30.87,30.92,31.1,31.44,31.44,31.61,31.39,31.4,31.89,31.61,31.83,31.74,32.01,31.83,31.77,32.03,31.64,31.39,31.52,31.61,31.44,31.15,31.2,31.03,31.1,31.32,30.87,31.07,31.29,31.2,30.95,31.35,31.19,31.52,31.52,31.56,31.98,31.52,31.72,31.86,31.39,31.77,31.61,31.64,31.81,31.64,32.01,31.89,32.14,32.03,32.23,32.11,32.28,32.11,32.09,32.11,31.83,31.77,31.94,32.06,31.74,32.18,32.28,32.26,32.53,32.36,32.28,32.14,32.11,31.69,31.64,31.57,31.89,31.98,31.72,32.28,32.35,32.28,32.45,32.2,32.51,32.65,32.6,32.9,32.85,32.9,33.07,32.73,32.85,32.82,32.99,32.43,32.23,32.23,31.66,31.47,30.46,29.27,26.18
21.01,21.38,24.95,29.15,29.89,30.21,30.66,30.9,30.95,31.4,31.61,31.86,31.64,31.32,31.07,30.75,30.73,30.41,30.65,30.08,30.33,29.98,30.41,30.18,29.96,30.29,30.09,30.16,29.96,29.93,29.96,29.98,30.04,30.01,29.93,30.04,29.98,30.41,30.18,30.16,30.04,30.01,30.01,29.89,29.93,30.08,30.08,30.04,30.04,29.96,30.13,30.04,30.01,30.26,30.53,30.53,30.61,30.82,30.33,30.75,30.9,31.03,31.12,31.15,31.35,31.19,31.52,31.64,31.64,31.94,31.61,32.09,31.57,31.83,31.81,32.09,31.72,31.69,31.69,31.74,31.29,31.02,31.07,31.1,31.12,31.03,31.19,30.95,30.82,31.29,31.12,31.03,30.83,31.32,31.52,31.44,31.72,31.72,31.64,31.39,31.64,31.83,31.4,31.44,31.52,31.52,31.86,31.91,31.98,32.2,32.09,32.18,31.89,32.14,31.94,31.89,32.11,31.91,32.06,32.2,31.94,32.09,32.26,32.4,32.36,32.4,32.48,32.35,32.28,32.06,31.74,31.69,31.98,32.06,32.06,32.18,32.35,32.28,32.53,32.31,32.53,32.31,32.57,32.68,32.7,32.99,32.57,32.77,32.85,32.65,32.99,32.26,32.51,32.18,32.03,31.44,30.66,29.93,26.56,23.06
20.86,21.62,23.72,28.71,29.64,30.04,30.38,30.55,30.95,31.02,31.39,31.52,31.27,31.02,30.55,30.53,30.55,30.61,30.5,30.36,30.29,30.33,30.33,29.77,30.08,29.98,29.77,29.72,29.98,29.89,29.67,29.89,29.67,29.84,29.69,30.16,29.89,30.08,30.04,30.29,30.18,29.96,29.93,29.93,29.89,30.09,29.84,29.76,30.04,29.87,29.96,30.55,30.26,30.33,30.26,30.65,30.45,30.7,30.73,30.82,30.92,31.03,31.24,31.1,31.47,31.4,31.4,31.57,31.52,31.66,31.66,32.03,31.98,31.77,32.18,31.98,31.74,31.86,31.83,31.66,31.52,31.49,30.95,30.92,30.87,31.03,30.75,30.78,31.1,31.02,30.98,31.19,31.02,31.24,31.07,31.15,31.15,31.35,31.61,31.32,31.56,31.64,31.57,31.61,31.57,31.74,31.64,31.69,32.03,32.01,31.98,32.03,32.14,32.09,31.89,32.06,32.03,31.94,31.98,32.28,32.18,31.91,31.94,32.35,32.36,32.31,32.77,32.53,32.51,31.77,32.01,31.98,32.01,32.36,32.31,32.43,32.28,32.4,32.53,32.45,32.45,32.6,32.51,32.62,33.19,32.43,32.78,32.77,32.62,32.62,32.57,32.48,32.11,32.03,31.69,31.19,30.01,27.29,23.52,21.95
20.86,21.1,22.66,28.16,29.19,29.89,30.36,30.46,30.7,31.1,31.64,31.74,31.35,30.61,30.26,30.36,30.26,30.33,30.5,30.18,30.09,29.96,30.04,29.84,29.87,29.81,29.81,29.96,29.52,29.52,29.52,29.76,29.69,29.89,29.77,29.96,29.89,29.89,30.04,30.01,30.18,30.18,30.08,29.81,29.96,30.18,29.87,30.04,29.77,29.93,30.18,30.45,30.16,30.53,30.38,30.7,30.7,30.92,30.65,30.9,30.95,30.66,30.92,31.12,31.49,31.29,31.74,31.83,31.64,31.91,31.91,31.94,31.86,32.18,31.94,31.83,31.77,31.98,32.01,31.56,31.49,31.49,31.27,31.32,31.2,31.15,31.24,31.12,31.24,31.07,30.98,31.1,30.98,31.03,31.1,31.2,31.19,31.61,31.57,31.66,31.4,31.56,31.94,31.86,31.74,31.64,32.03,31.81,31.86,32.14,31.86,31.91,31.81,32.14,31.91,32.14,31.86,32.18,32.03,31.86,32.06,32.06,32.11,32.31,32.26,32.6,32.68,32.62,32.31,32.09,32.03,32.28,32.26,32.06,32.48,32.53,32.78,32.43,32.95,32.28,32.6,32.48,32.9,32.94,33.12,32.68,32.87,32.7,32.6,32.65,32.35,32.03,31.94,31.66,31.27,30.16,28.46,24.17,22.17,21.13
21.1,21.2,22.21,27.05,29.47,29.72,30.33,30.55,30.9,31.32,31.56,31.47,30.95,30.24,30.29,29.98,30.75,30.46,30.38,30.04,30.04,30.08,29.96,29.56,29.77,29.59,29.56,29.77,29.56,29.35,29.64,29.81,29.61,29.56,29.89,29.89,29.93,29.89,29.81,30.13,29.93,30.09,29.98,29.87,29.96,29.89,29.64,29.84,30.08,29.89,30.08,30.36,30.41,30.65,30.26,30.65,30.26,30.78,30.9,30.75,30.92,31.32,30.92,31.2,31.27,31.56,31.35,31.66,31.77,31.81,31.89,32.01,32.09,32.01,32.11,32.09,32.11,32.03,31.69,31.66,31.44,31.32,31.56,31.27,31.39,31.19,31.19,31.1,30.9,31.27,31.19,31.03,31.02,31.19,31.27,31.32,31.24,31.56,31.47,31.4,31.57,31.49,31.57,31.61,31.81,31.89,31.86,31.98,31.89,32.01,32.2,32.09,32.18,32.18,32.26,32.03,32.09,32.06,32.09,32.2,32.18,32.26,32.26,32.26,32.51,32.51,32.35,32.53,32.48,32.09,32.31,32.45,32.18,32.53,32.53,32.4,32.65,32.77,32.7,32.62,32.6,32.57,32.68,32.9,33.02,32.57,32.45,32.82,32.68,32.6,32.35,32.53,32.06,31.52,30.9,28.87,25.49,22.43,21.53,21.01
20.98,21.23,22.06,25.87,29.39,29.52,30.26,30.55,30.65,31.44,31.39,31.19,30.53,30.36,30.26,30.26,30.41,30.18,29.84,29.98,29.77,29.67,29.89,29.24,29.77,29.4,29.4,29.39,29.47,29.4,29.72,29.39,29.77,29.72,29.44,29.67,29.72,29.76,30.01,29.87,29.93,29.98,30.09,29.77,29.77,29.87,30.01,29.69,29.96,30.16,29.93,30.01,30.21,30.41,30.46,30.55,30.7,30.95,30.55,31.12,31.56,31.07,31.1,31.1,31.4,31.61,31.86,31.66,31.89,31.89,31.89,32.2,32.18,32.11,32.45,32.2,32.11,31.86,31.89,31.86,31.66,31.66,31.83,31.49,31.1,31.35,31.12,31.15,31.35,30.98,31.15,31.47,31.29,31.2,31.15,31.15,31.12,31.03,31.56,31.56,31.39,31.49,31.57,31.72,31.64,31.94,31.94,32.18,31.89,32.4,32.45,32.2,32.06,31.91,31.81,32.06,32.4,32.06,32.18,31.98,32.28,32.06,32.06,32.31,32.45,32.43,32.68,32.68,32.62,32.35,32.18,32.65,32.51,32.51,32.68,32.57,32.65,32.78,32.82,32.6,32.7,32.82,32.82,32.7,32.68,32.9,32.53,32.68,32.78,32.11,32.4,32.28,31.47,31.27,30.04,27.52,23.45,21.65,21.38,20.61
20.71,21.28,21.72,24.78,28.98,29.67,30.21,30.41,30.61,31.02,31.2,31.07,30.38,29.96,30.24,30.18,30.16,30.04,29.81,29.64,29.76,29.72,29.52,29.69,29.49,29.47,29.49,29.35,29.4,29.39,29.49,29.61,29.61,29.49,29.67,29.64,29.69,29.49,29.61,29.89,29.81,29.64,29.76,29.77,29.93,29.84,29.98,30.01,30.13,30.01,29.98,30.18,30.21,30.26,30.9,30.58,30.83,30.73,30.66,30.78,30.78,31.02,31.27,31.29,31.57,31.52,31.72,31.61,31.72,32.01,32.01,32.26,31.94,32.31,32.45,32.4,32.2,32.23,31.89,32.2,31.91,31.66,31.61,31.24,31.29,31.12,30.98,31.12,31.29,31.24,31.03,31.07,31.02,31.57,31.02,31.15,31.2,31.56,31.56,31.4,31.72,31.47,31.69,31.81,31.81,31.91,32.23,31.81,31.91,32.23,32.06,32.01,32.01,32.18,32.26,32.2,32.23,32.4,32.26,32.03,32.53,32.31,32.2,32.53,32.53,32.85,32.57,32.57,33.02,32.35,32.4,32.36,32.57,32.77,32.82,32.28,32.68,32.82,32.82,32.85,32.85,32.99,32.99,32.68,32.99,32.85,32.7,32.87,32.57,32.51,32.28,32.01,31.12,30.83,29.2,25.07,22.06,21.35,20.95,21.05
20.64,21.1,21.23,23.57,28.31,29.35,30.04,30.24,30.66,31.19,30.87,29.98,29.84,30.09,30.01,29.72,29.98,29.81,29.52,29.56,29.49,29.32,29.2,29.24,29.49,29.35,29.4,29.47,29.61,29.19,29.52,29.2,29.64,29.12,29.61,29.64,29.39,29.77,29.77,29.56,30.04,29.67,29.98,30.08,29.96,29.93,29.69,29.77,30.01,30.04,30.04,30.24,30.46,30.53,30.65,30.66,30.78,30.66,31.27,30.75,30.98,31.19,31.27,31.52,31.35,31.66,32.06,31.57,31.57,31.89,32.18,32.11,32.2,32.48,32.82,32.23,32.14,32.26,32.09,32.06,32.09,31.83,31.29,31.47,31.15,31.15,31.2,31.12,30.98,31.29,31.44,31.24,31.32,31.12,31.35,31.44,31.2,31.2,31.57,31.66,31.39,31.83,31.66,31.64,31.61,31.98,31.91,32.01,31.98,32.31,32.36,32.11,32.2,32.03,32.03,32.28,32.36,32.53,32.51,32.35,32.62,32.26,32.48,32.36,32.4,32.48,32.68,32.78,32.87,32.43,32.51,32.57,32.7,32.7,32.53,32.77,33.07,33.02,33.02,32.87,32.82,32.73,32.73,32.85,32.78,32.78,32.85,32.68,32.51,31.98,31.72,31.57,30.98,30.18,27.72,23.11,21.62,21.27,20.98,20.71
20.83,20.91,21.6,22.85,28.02,29.64,30.09,30.13,30.41,30.75,30.26,30.09,29.49,29.98,30.13,30.08,29.76,29.93,29.49,29.2,29.12,29.59,29.07,29.29,29.07,29.35,29.59,29.52,29.32,29.44,29.67,29.2,29.56,29.39,29.67,29.64,29.69,29.76,29.56,29.76,29.69,29.49,29.72,30.13,29.98,29.98,29.77,29.81,30.09,29.93,30.13,30.24,30.36,30.26,30.5,30.45,30.73,30.98,30.78,30.83,30.92,31.19,31.52,31.12,31.39,31.44,31.69,32.03,31.69,31.66,31.66,31.98,32.18,32.18,32.35,32.26,32.31,32.18,32.2,32.03,32.03,31.66,31.44,31.72,31.27,31.47,31.02,31.12,30.98,30.95,31.19,31.07,30.92,30.83,31.29,31.27,31.2,31.02,31.49,31.32,31.69,31.57,31.27,31.89,31.61,31.94,31.98,32.43,32.36,32.2,32.09,32.35,32.31,32.03,32.2,32.31,32.23,32.28,32.53,32.35,32.31,32.43,32.26,32.65,32.43,32.4,32.57,32.68,32.87,32.57,32.7,32.68,32.57,32.73,32.9,32.78,32.94,32.95,33.07,32.9,33.19,32.87,32.99,32.78,33.07,32.73,32.53,32.51,32.18,32.4,31.64,31.44,30.61,29.69,26.07,22.58,21.57,20.73,20.91,20.9
20.73,20.79,21.35,22.36,26.76,29.67,29.87,30.04,30.55,30.75,30.16,29.87,29.87,29.87,29.98,29.84,29.56,29.59,29.2,29.56,29.32,29.27,29.44,29.32,29.24,29.15,29.56,29.44,29.29,29.52,29.44,29.61,29.52,29.44,29.49,29.2,29.77,29.64,29.32,29.69,29.69,29.81,29.81,29.84,29.98,29.84,30.04,30.18,29.93,30.09,30.13,30.26,30.55,30.41,30.38,30.83,30.36,30.87,30.61,30.98,31.4,31.03,31.24,31.57,31.57,31.72,31.56,32.06,31.89,32.01,31.91,31.98,31.86,32.09,32.18,32.36,32.14,32.11,32.28,32.06,31.94,31.64,31.49,31.61,31.35,31.32,31.15,31.35,31.1,31.29,30.95,31.15,31.24,31.44,31.44,31.15,31.56,31.56,31.27,31.44,31.77,31.72,32.14,31.61,31.66,31.86,32.03,31.86,32.23,32.31,32.23,32.23,32.35,32.2,32.36,31.98,32.73,32.48,32.65,32.62,32.6,32.45,32.28,32.4,32.43,32.51,32.82,32.85,32.85,32.6,32.7,32.53,32.62,32.57,33.12,32.99,33.1,33.37,33.27,33.2,32.53,32.7,32.78,32.57,32.68,32.65,32.77,32.2,32.23,32.01,31.61,30.92,30.45,29.07,24.29,22.02,21.35,20.61,20.9,20.54
20.32,21.01,21.27,22.06,25.57,29.29,29.64,30.01,30.13,30.08,29.67,29.84,29.67,29.72,29.56,29.47,29.64,29.4,29.19,29.2,29.08,29.12,29.24,29.32,29.24,29.64,29.56,29.56,29.29,29.52,29.69,29.4,29.32,29.61,29.49,29.69,29.59,29.64,29.59,29.81,29.81,29.84,30.04,30.01,29.76,30.33,30.01,29.98,30.16,30.29,29.93,30.13,30.53,30.58,30.26,30.65,30.92,30.9,30.83,30.82,31.39,31.19,31.29,31.44,31.49,31.61,31.47,31.69,31.57,31.91,31.77,32.06,31.98,31.94,31.77,32.23,31.91,32.11,32.2,31.83,31.74,32.06,31.66,31.49,31.57,31.44,31.15,31.15,31.24,31.2,31.12,31.12,30.73,31.19,31.29,31.1,31.4,31.52,31.44,31.64,31.49,31.66,31.35,31.77,31.81,31.72,31.77,31.89,32.09,32.2,32.06,32.18,32.28,32.36,32.31,32.43,32.6,32.36,32.53,32.78,32.73,32.57,33.12,32.65,32.57,32.48,32.48,32.45,32.73,32.48,32.68,32.73,32.62,32.82,32.68,32.87,33.27,33.32,33.41,33.12,32.87,32.9,32.65,32.57,32.7,32.6,32.14,31.94,32.18,32.01,31.27,30.92,30.09,27.32,23.18,21.28,21.16,21.01,20.61,20.64
20.32,20.79,21.16,21.65,24.29,28.76,29.64,29.98,29.64,29.72,29.49,29.56,29.49,29.77,29.56,29.24,29.2,28.95,29.35,29.15,29.12,29.07,29.03,29.07,29.24,29.44,29.39,29.56,29.49,29.32,29.64,29.64,29.49,29.67,29.59,29.59,29.67,29.47,29.72,29.64,29.81,29.87,29.93,29.69,30.01,30.26,30.04,30.16,30.18,30.16,30.21,30.13,30.29,30.13,30.26,30.33,30.36,30.58,30.61,30.83,31.02,30.98,31.29,31.47,31.44,31.52,31.66,31.61,31.49,31.4,31.49,31.86,31.69,31.69,31.66,31.77,31.66,31.94,32.23,32.03,31.98,31.86,31.52,31.39,31.15,31.2,31.2,31.03,31.12,30.95,31.03,31.03,30.83,31.1,31.02,31.15,31.27,31.52,31.2,31.52,31.83,31.66,31.61,31.69,31.83,31.74,31.74,31.57,32.2,31.83,32.03,32.09,32.28,32.2,32.31,32.28,32.6,32.62,32.57,32.62,32.62,32.18,32.53,32.6,32.62,32.9,32.78,32.9,32.4,32.53,32.73,32.9,32.68,32.77,32.82,33.07,33.27,33.12,32.73,32.82,32.77,32.7,32.87,32.62,32.57,32.53,32.51,32.03,31.64,31.39,31.24,30.53,29.39,25.64,22.09,21.08,20.95,20.61,20.24,20.76
20.61,20.91,20.9,21.32,23.37,28.34,29.64,30.09,29.67,29.59,29.4,29.56,29.44,29.4,29.2,29.08,29.0,29.15,29.2,29.19,29.07,29.08,29.19,29.15,29.52,29.2,29.49,29.59,29.56,29.47,29.32,29.27,29.72,29.47,29.19,29.49,29.67,29.84,29.87,29.4,29.98,29.69,29.69,29.61,30.04,30.26,30.18,30.01,30.13,30.16,30.18,30.45,30.45,30.38,30.53,30.66,30.75,30.95,30.78,30.82,30.92,30.75,31.35,31.49,31.2,31.56,31.47,31.47,31.64,31.72,31.64,31.4,31.64,31.72,31.61,31.83,31.91,32.23,32.14,32.14,32.09,31.86,31.52,31.49,31.19,31.03,30.98,31.15,31.12,30.98,30.7,31.03,30.92,31.03,31.02,31.02,31.2,31.47,31.12,31.47,31.72,31.49,31.74,31.74,31.86,31.86,32.03,32.06,32.03,32.28,32.26,32.28,32.14,32.11,32.35,32.26,32.2,32.77,32.78,32.53,32.57,32.36,32.85,32.78,32.68,32.57,32.65,32.78,32.51,32.78,32.7,32.53,32.87,32.68,32.7,32.85,33.07,33.04,33.1,32.85,32.99,32.48,32.45,32.14,32.31,32.35,32.14,31.81,31.64,31.24,30.5,29.93,28.66,24.06,21.75,21.05,20.73,20.61,20.42,20.58
20.61,20.76,20.76,21.13,22.63,27.76,29.27,29.56,29.4,29.44,29.4,29.44,29.56,29.15,29.15,29.19,28.98,29.12,29.19,28.8,29.32,29.35,29.24,29.64,29.52,29.32,29.59,29.52,29.72,29.76,29.35,29.39,29.76,29.81,29.44,29.67,29.35,29.84,29.84,29.72,29.93,29.69,29.98,29.77,30.04,30.29,30.09,30.29,30.16,30.21,30.26,30.33,30.36,30.46,30.53,30.36,30.61,30.73,31.02,30.98,30.98,31.1,31.03,31.35,31.27,31.35,31.39,31.39,31.52,31.69,31.47,31.74,31.77,31.72,31.69,31.81,32.09,32.28,32.4,32.26,32.2,31.86,31.56,31.44,31.24,31.15,31.07,30.82,30.82,30.83,30.82,30.95,30.87,31.15,31.19,31.07,31.27,31.4,31.47,31.57,31.56,31.56,31.52,31.64,31.83,31.77,31.94,32.18,31.61,32.28,32.06,32.06,32.09,32.36,32.57,32.53,32.45,32.23,32.45,32.7,32.4,32.51,32.73,32.57,32.85,32.4,32.78,32.87,32.94,32.82,32.95,32.82,32.65,32.53,32.9,33.19,33.04,33.02,32.9,32.7,32.31,32.36,32.65,32.51,32.26,32.45,31.94,31.47,31.49,30.95,30.66,29.81,27.17,23.03,21.32,21.23,20.71,20.58,20.42,20.39
20.64,20.58,21.08,21.16,22.06,26.61,29.08,29.32,29.24,29.29,29.32,29.44,29.08,28.92,29.0,28.63,29.03,28.98,29.08,28.95,29.12,29.24,29.49,29.72,29.72,29.64,29.87,29.59,29.84,29.89,29.69,29.76,29.64,29.59,29.96,29.81,29.52,29.67,29.87,29.69,30.08,29.76,29.98,30.13,29.96,30.01,29.93,30.13,30.26,30.33,30.38,30.33,30.61,30.53,30.45,30.83,30.9,30.92,30.87,30.78,30.83,31.07,31.12,31.27,31.35,31.35,31.61,31.57,31.64,31.69,31.52,31.52,31.86,31.94,31.69,32.18,32.18,32.35,32.48,32.36,32.06,31.66,31.69,31.4,30.95,31.2,30.95,30.7,31.19,30.95,31.03,30.95,31.2,31.12,31.02,31.1,31.15,31.44,31.15,31.49,31.57,31.35,31.66,31.61,31.83,31.66,31.83,32.06,31.66,31.77,31.66,32.23,31.89,32.2,32.48,32.14,32.31,32.4,32.36,32.35,32.82,32.53,32.73,32.53,32.7,32.9,32.87,32.99,32.94,32.82,32.9,32.77,32.78,32.36,32.95,33.12,33.37,33.52,32.95,32.77,32.43,32.28,32.62,32.4,32.28,31.86,31.81,31.61,31.47,30.73,30.53,29.19,25.84,21.99,21.23,20.91,20.73,20.68,20.54,20.24
20.61,20.54,20.68,21.16,21.79,25.45,28.92,28.87,29.19,29.15,29.19,29.19,29.12,29.07,28.88,28.92,29.27,29.0,29.2,29.19,29.32,29.2,29.27,29.27,29.98,29.98,29.89,29.81,29.93,29.64,29.84,29.76,29.59,30.09,29.77,29.76,29.76,29.89,29.69,29.64,29.77,29.69,29.93,29.77,30.16,30.16,30.08,30.36,29.96,30.36,30.45,30.38,30.55,30.61,30.33,30.58,30.66,30.95,30.75,30.92,30.7,30.87,31.2,31.4,31.47,31.15,31.57,31.61,31.74,31.64,31.64,31.4,31.86,31.64,32.03,32.2,32.36,32.45,32.53,32.4,31.86,31.74,31.47,31.44,31.39,31.4,30.92,30.92,31.02,30.95,30.87,31.07,31.2,30.87,31.47,30.95,31.39,31.1,31.29,31.39,31.44,31.35,31.4,31.49,31.47,31.61,31.83,31.61,32.01,31.86,31.94,32.01,32.11,32.09,32.26,32.18,32.36,32.31,31.91,32.48,32.31,32.31,32.77,32.62,32.7,32.6,32.94,32.99,33.02,32.95,32.82,32.95,32.7,32.4,32.95,33.32,33.32,33.44,33.27,32.9,32.51,32.53,32.53,31.98,32.09,32.11,31.61,31.4,31.07,30.5,29.69,28.24,23.75,21.6,21.05,20.86,20.95,20.54,20.61,20.27
20.17,20.31,21.08,21.23,21.5,24.14,28.39,28.48,29.07,28.76,28.88,28.8,28.87,28.8,28.8,29.0,28.98,29.12,29.08,29.03,28.56,28.55,28.87,28.95,29.19,29.81,29.87,29.98,29.87,29.64,29.77,29.64,29.96,29.72,29.76,29.77,29.87,29.84,29.76,29.98,29.96,30.13,29.96,29.93,29.93,30.04,30.13,29.96,30.13,30.36,30.41,30.24,30.36,30.65,30.7,30.78,30.55,30.78,31.15,30.78,30.95,31.29,31.35,31.12,31.2,31.47,31.27,31.81,31.56,31.81,31.64,31.86,31.69,31.89,32.2,32.45,32.51,32.53,32.18,32.01,31.91,31.72,31.49,31.32,31.15,31.15,30.83,30.9,31.07,31.15,30.83,30.92,30.83,31.12,31.24,31.32,31.27,31.32,31.27,31.12,31.35,31.35,31.57,31.49,31.4,31.32,31.77,31.72,31.69,31.69,31.89,31.66,31.69,31.72,31.81,32.03,31.83,31.98,32.2,31.94,32.35,32.09,32.36,32.36,32.57,32.78,32.78,32.99,32.9,32.85,32.9,32.85,32.7,32.65,33.07,33.19,33.41,33.24,33.12,32.87,32.43,32.26,32.45,32.03,31.86,31.74,31.29,31.03,30.98,30.46,29.69,26.34,22.43,21.42,20.91,20.68,20.36,20.36,20.58,20.32
20.27,20.31,20.36,20.71,21.47,23.38,28.04,28.51,29.2,28.92,28.55,28.63,28.46,28.56,28.87,28.71,29.12,28.95,29.08,28.75,28.46,28.34,28.34,28.88,29.12,29.69,30.18,30.29,29.93,29.87,30.09,29.64,29.87,29.72,29.87,29.81,29.72,30.01,29.89,29.59,29.81,29.76,29.96,30.08,30.09,30.01,30.09,30.21,30.09,30.09,30.21,30.24,30.53,30.82,30.66,30.45,30.46,30.87,30.61,30.82,30.9,31.03,31.32,31.49,31.35,31.56,31.69,31.47,31.94,31.32,31.52,32.03,31.91,32.31,32.28,32.23,32.6,32.35,32.35,32.01,31.66,31.56,31.15,31.12,31.02,31.12,30.75,30.7,30.9,31.19,31.15,31.07,31.03,30.98,31.02,31.07,31.19,31.4,31.1,31.07,31.1,31.2,31.29,31.69,31.29,31.4,31.61,31.64,31.77,31.29,31.49,31.49,31.52,31.47,31.52,31.72,31.64,31.83,31.89,31.72,31.83,32.23,32.09,32.35,32.53,32.87,32.65,32.87,32.9,32.95,32.87,32.65,32.45,32.51,32.7,33.12,33.04,33.41,33.1,32.6,32.51,32.28,32.2,31.89,31.35,31.64,31.27,30.78,30.73,29.69,28.68,24.59,21.8,21.2,20.73,20.58,20.49,20.39,20.31,20.27
20.32,20.49,20.42,20.98,21.16,23.3,27.47,28.08,28.51,28.87,28.66,28.55,28.6,28.55,28.95,29.29,28.8,29.32,28.95,28.66,28.46,28.56,28.71,28.92,29.44,29.72,30.08,30.33,29.93,30.04,29.89,29.72,29.84,30.08,30.08,30.08,29.76,29.67,29.76,29.67,29.87,29.87,30.18,30.24,29.81,30.18,29.93,29.98,30.24,30.04,30.33,30.53,30.78,30.83,31.12,31.12,30.95,31.15,31.03,30.83,31.12,31.35,31.19,31.44,31.66,31.29,31.77,31.52,31.86,32.06,31.94,32.03,32.18,32.6,32.53,32.53,32.68,32.48,32.01,32.01,31.69,31.86,31.35,31.47,31.2,31.27,30.83,31.02,31.29,31.24,30.95,31.1,31.15,31.03,31.02,31.03,31.44,30.92,30.98,31.29,31.15,30.9,31.12,31.03,31.12,31.66,31.39,31.72,31.24,31.27,31.52,31.32,31.47,31.56,31.52,31.98,31.72,31.74,31.94,31.86,31.83,32.26,31.91,31.91,32.03,32.57,32.45,32.68,32.53,33.12,33.07,32.73,32.7,32.28,32.95,32.9,33.12,33.27,33.07,32.48,32.43,32.09,31.98,31.61,31.44,31.47,31.15,30.9,30.7,29.69,27.25,22.91,21.35,20.98,20.68,20.51,20.54,20.24,20.05,20.54
20.27,20.54,20.79,20.79,21.13,22.51,26.85,28.02,28.48,28.51,28.55,28.51,28.75,28.76,28.87,28.8,29.0,29.32,29.15,28.55,28.6,28.66,28.83,29.15,29.49,29.84,29.98,30.21,29.89,29.67,29.89,29.81,29.93,29.89,29.76,29.77,29.69,30.01,29.87,29.81,29.98,30.09,30.13,29.93,30.16,30.36,30.38,30.18,30.55,30.26,30.53,30.73,30.92,30.73,30.78,30.92,31.02,30.95,31.02,31.03,31.19,31.15,31.44,31.64,31.72,31.52,31.56,31.77,31.89,32.01,32.06,32.4,32.48,32.57,32.82,32.9,32.36,32.28,32.11,32.06,31.56,31.61,31.39,31.1,31.03,31.24,31.19,31.19,30.9,31.03,31.07,31.19,30.82,31.02,30.87,31.19,31.15,30.95,30.95,31.19,31.15,31.35,31.35,31.24,31.03,31.2,31.4,31.32,31.35,31.4,31.49,31.32,31.29,31.2,31.47,31.39,31.29,31.77,31.52,31.74,31.74,31.94,31.56,32.06,31.83,32.35,32.26,32.45,32.68,33.12,32.9,32.9,32.78,32.48,32.62,32.9,33.02,32.78,32.85,32.7,32.2,31.94,31.89,31.77,31.44,31.35,30.66,30.58,30.01,29.03,25.37,21.79,21.43,20.91,20.54,20.71,20.51,20.24,20.17,20.27
20.14,19.99,20.91,20.17,21.1,22.24,26.73,27.84,28.08,28.36,28.51,28.75,28.48,28.88,29.08,29.24,29.27,29.35,29.72,29.24,29.07,29.15,29.2,29.35,29.67,29.87,29.98,30.24,29.84,29.77,29.98,29.98,30.13,30.18,29.89,29.96,29.96,30.09,30.24,30.01,30.21,30.13,30.13,30.01,30.38,30.45,30.5,30.45,30.46,30.75,30.95,30.95,30.92,30.87,31.19,30.98,31.2,31.4,31.29,31.32,31.47,31.29,31.52,31.66,32.09,32.18,32.14,31.98,32.09,32.48,32.45,32.68,33.02,32.87,32.99,33.04,32.7,32.35,32.28,31.66,31.74,31.94,31.2,31.2,31.29,31.24,31.03,31.12,30.98,30.92,30.95,30.95,30.83,31.2,31.1,30.73,30.82,30.83,30.9,31.03,31.12,31.44,31.12,31.29,31.1,31.29,31.03,31.52,31.52,31.56,31.2,31.32,31.32,31.12,31.29,31.49,31.47,31.61,31.35,31.86,31.52,31.81,31.81,31.72,32.06,32.06,31.89,32.51,32.4,32.43,32.99,33.1,32.65,32.87,32.57,32.68,32.94,32.7,32.73,32.6,32.09,32.09,32.03,31.64,31.64,31.12,30.66,30.38,29.77,28.04,23.82,21.6,20.86,20.68,20.9,20.54,20.58,20.42,20.39,20.51
20.58,20.36,20.39,20.9,21.16,22.29,26.65,27.81,28.39,28.14,28.23,28.55,28.66,28.76,28.71,28.92,29.4,29.4,29.89,29.59,29.56,29.64,29.56,29.77,29.93,30.29,30.24,29.96,30.18,29.67,29.89,29.81,30.01,30.09,29.89,29.72,30.08,29.84,30.04,30.01,30.13,30.36,30.21,30.26,30.41,30.29,30.24,30.36,30.55,30.75,30.73,31.03,31.03,31.03,30.9,31.15,30.98,31.24,31.56,31.24,31.27,31.74,31.94,31.81,31.91,31.98,32.35,32.35,32.48,32.43,32.53,32.9,32.95,32.94,32.85,32.7,32.31,32.28,32.18,31.86,31.66,31.56,31.47,31.24,31.2,31.32,31.1,31.12,31.24,31.12,31.07,31.12,30.92,30.75,30.82,30.95,30.87,31.03,31.02,31.07,30.65,31.03,30.98,30.95,31.02,31.27,30.95,31.15,31.07,31.19,31.19,31.2,30.98,31.03,31.2,31.4,31.49,31.2,31.61,31.02,31.39,31.47,31.77,31.64,31.89,31.86,32.11,32.23,32.31,32.35,32.45,33.1,32.99,32.65,32.62,32.43,32.45,32.43,32.68,32.48,32.18,32.06,32.03,31.52,31.44,31.02,30.83,30.16,29.12,26.26,22.58,21.35,20.98,20.64,20.49,20.61,20.39,20.24,20.32,20.36
20.46,20.58,20.79,20.54,21.23,23.22,27.44,28.19,27.99,27.91,28.55,28.43,28.8,28.75,28.98,28.8,29.2,29.67,29.81,30.13,29.93,30.08,30.29,30.09,30.16,30.29,30.09,29.89,30.08,29.93,29.76,30.04,29.81,29.84,30.21,29.89,30.01,29.98,29.98,30.04,30.13,30.7,30.21,30.36,30.61,30.82,30.53,30.82,30.87,30.45,31.15,30.82,30.98,31.12,31.15,31.1,31.19,31.56,31.61,31.72,31.61,31.61,31.74,32.03,32.11,32.48,32.4,32.6,32.62,32.99,33.07,33.19,33.1,32.94,32.82,32.43,32.36,32.2,31.86,31.69,31.72,31.4,31.52,31.1,31.35,31.35,31.12,31.15,31.24,31.07,31.02,31.1,30.5,31.02,31.02,30.87,31.03,30.78,30.78,30.87,30.83,30.9,30.9,30.98,30.9,31.07,31.07,30.95,31.02,31.03,31.2,31.12,30.87,31.12,31.19,31.07,31.19,31.24,31.57,31.2,31.1,31.49,31.24,31.72,31.77,31.72,31.94,31.86,32.18,32.4,32.73,32.85,32.94,32.95,32.68,32.28,32.4,32.6,32.43,32.51,32.14,31.94,31.89,31.57,31.29,30.9,30.38,29.64,28.63,24.39,21.53,21.28,20.9,20.95,20.71,20.21,20.39,20.39,20.32,20.24
20.32,20.54,20.86,20.71,21.38,23.75,27.47,28.14,27.96,28.08,28.39,28.63,28.68,28.66,28.98,29.29,29.39,29.56,29.77,29.96,30.24,30.16,30.08,30.26,30.29,30.21,30.13,30.09,29.87,29.89,30.04,30.01,30.09,30.13,30.13,29.96,30.04,30.45,30.16,30.33,30.36,30.5,30.26,30.65,30.41,30.53,30.46,30.95,30.87,30.98,30.75,31.24,31.24,31.32,31.27,31.12,31.2,31.49,31.61,31.72,31.74,31.89,32.18,32.03,32.36,32.6,32.73,32.68,33.12,33.1,33.2,33.44,33.32,33.29,32.82,32.43,32.28,32.18,32.03,31.72,31.56,31.47,31.39,31.03,31.27,31.29,31.12,31.07,31.03,31.19,30.98,31.03,30.9,31.24,30.95,30.75,30.87,30.92,30.83,30.82,30.9,30.78,30.82,30.7,30.95,30.83,31.12,30.92,31.12,31.03,30.9,31.15,30.98,30.95,30.98,31.07,31.27,31.19,31.39,31.19,31.07,31.35,31.35,31.49,31.66,31.49,31.66,31.72,31.89,32.43,32.43,32.68,33.19,33.04,32.62,32.45,32.43,32.53,32.4,31.98,32.14,31.83,31.64,31.39,31.1,30.73,30.16,29.32,27.76,23.03,21.28,21.05,20.61,20.61,20.21,20.64,20.58,20.49,20.27,19.92
20.32,20.51,20.61,21.1,21.6,24.9,27.47,27.64,28.19,28.51,28.46,28.66,28.88,28.92,29.0,28.95,29.39,29.64,29.77,29.67,30.04,30.01,30.09,30.01,30.18,29.98,30.21,30.45,29.87,30.18,30.18,29.98,30.21,30.18,30.13,29.98,30.18,30.09,30.26,30.38,30.53,30.41,30.38,30.55,30.66,30.75,31.03,30.82,30.87,31.03,31.07,31.27,31.19,31.32,31.66,31.77,31.69,31.74,31.86,31.74,31.69,32.09,32.35,32.48,32.57,32.85,33.07,33.04,33.07,33.44,33.61,33.41,33.04,32.78,32.77,32.53,32.09,32.4,31.89,31.81,31.35,31.49,31.35,31.29,31.4,31.56,31.32,31.32,31.07,30.95,30.95,30.7,30.95,30.9,30.7,30.53,30.5,31.32,30.66,30.9,30.82,31.07,30.73,30.73,30.83,30.98,30.95,31.32,31.07,31.24,30.95,30.9,30.98,30.98,30.92,31.19,31.03,30.9,31.19,31.07,31.27,31.15,31.32,31.15,31.4,31.57,31.61,31.52,31.74,32.01,32.09,32.53,33.19,33.04,33.27,32.65,32.45,32.48,32.35,32.35,32.11,31.86,31.77,31.4,31.02,30.66,30.08,29.59,25.7,22.27,21.16,20.86,20.71,20.39,20.36,20.32,20.71,20.24,20.39,19.84
20.09,20.36,20.68,20.64,21.69,25.94,27.47,27.99,27.99,28.23,28.6,28.51,28.8,29.07,28.92,29.03,29.44,29.56,29.87,29.84,29.87,30.04,30.04,29.98,29.84,30.01,29.89,29.93,29.81,30.04,30.04,30.33,30.16,30.18,30.13,30.13,30.01,30.16,30.45,30.5,30.66,30.66,30.82,30.78,30.7,30.92,30.9,31.32,31.12,30.9,31.32,31.29,31.69,31.4,31.56,31.74,31.83,31.86,32.01,32.4,32.14,32.65,32.62,32.77,32.82,32.99,33.27,33.19,33.41,33.71,33.2,33.2,32.94,32.65,32.57,32.45,32.23,31.77,31.86,31.66,31.44,31.57,31.29,31.19,31.57,31.39,31.19,30.92,31.24,30.82,31.19,30.9,31.15,30.95,30.66,30.66,30.87,30.9,30.82,30.9,30.92,30.87,30.92,31.03,30.75,30.9,30.9,31.35,30.9,30.92,30.82,30.66,30.9,31.1,30.87,30.92,30.92,30.87,30.9,31.02,31.19,31.02,31.12,31.12,31.24,31.27,31.29,31.52,31.83,31.94,32.14,32.51,32.9,32.99,32.94,32.73,32.57,32.57,32.45,32.26,31.86,31.69,31.66,30.9,30.83,30.46,29.81,28.56,24.63,21.69,21.05,20.79,20.36,20.36,20.31,20.31,20.27,19.92,20.27,20.31
20.49,20.36,20.36,20.76,21.87,26.07,27.59,27.96,28.23,28.23,28.88,28.48,28.87,28.76,29.24,29.07,29.24,29.56,29.61,29.84,29.93,29.81,29.96,29.96,29.98,30.04,30.21,30.09,30.08,30.13,30.16,30.13,30.24,30.18,30.45,30.18,30.38,30.36,30.46,30.53,30.66,30.61,30.92,30.73,30.95,30.95,31.15,31.19,30.95,31.24,31.29,31.66,31.86,31.72,32.09,31.98,32.06,32.31,32.09,32.43,32.51,32.94,32.85,32.82,33.19,33.37,33.83,33.46,33.79,33.44,32.99,32.99,32.65,32.87,32.4,32.18,31.94,31.98,31.89,31.69,31.47,31.49,31.15,31.39,31.15,31.47,31.39,31.24,30.98,31.12,31.1,30.98,30.61,30.7,30.9,30.61,30.9,30.73,30.53,30.9,31.1,30.73,30.82,30.83,30.92,30.9,30.73,31.2,31.12,31.15,31.19,30.87,30.98,31.03,30.78,31.2,31.02,30.83,30.87,30.95,30.66,30.92,30.95,30.92,31.19,31.27,31.12,31.47,31.69,31.61,31.69,32.43,32.18,32.87,33.04,32.82,32.45,32.23,32.35,31.94,31.81,31.66,31.57,31.39,30.7,30.18,29.59,27.2,23.15,21.47,20.76,20.98,20.36,20.64,20.21,20.05,20.61,19.95,20.17,19.95
20.31,20.51,20.71,21.08,22.61,26.49,27.81,27.99,28.39,28.34,28.6,28.63,28.68,28.76,29.07,29.4,29.49,29.72,29.84,29.84,29.61,29.67,29.87,29.81,30.13,30.21,29.93,30.18,29.81,30.16,30.13,30.08,30.33,30.24,30.04,30.38,30.29,30.45,30.45,30.82,31.02,30.98,30.75,30.95,30.82,31.24,31.4,31.35,31.4,31.4,31.49,31.52,31.72,31.77,32.09,32.11,32.62,32.23,32.7,32.6,32.82,32.94,33.24,33.2,33.32,33.69,33.54,33.32,33.32,33.41,32.95,33.1,32.6,32.51,32.45,32.06,31.94,31.83,31.61,31.39,31.47,31.52,31.64,31.32,30.9,31.12,31.19,31.2,30.87,31.19,30.95,30.73,30.95,30.95,30.66,30.75,30.53,30.78,30.66,30.87,30.87,30.7,30.73,30.7,30.58,30.83,30.55,30.92,30.95,31.02,30.87,30.9,30.98,30.98,30.92,31.2,30.92,30.95,30.92,30.87,30.82,30.73,30.98,30.83,30.98,31.19,31.35,31.32,31.56,31.44,31.69,31.89,32.31,32.31,32.78,32.77,32.68,32.11,32.2,31.89,31.83,31.66,31.49,30.78,30.75,29.89,29.07,25.79,22.17,20.95,21.2,20.79,20.32,20.31,20.31,20.14,20.36,20.05,19.84,20.31
20.42,20.73,20.79,20.95,22.63,26.65,27.64,28.23,28.34,28.51,28.71,28.87,29.07,29.2,29.15,29.29,29.59,29.77,29.64,29.76,29.76,29.72,30.13,30.09,30.24,30.13,30.45,30.16,30.41,30.26,30.33,30.41,30.45,30.55,30.73,30.53,30.5,30.58,30.66,30.75,31.15,31.02,31.07,31.29,31.2,31.32,31.49,31.57,31.52,31.89,32.09,32.31,32.09,32.18,32.35,32.4,32.62,32.85,32.78,33.32,33.24,33.24,33.41,33.57,33.62,33.57,33.66,33.46,33.36,33.07,32.7,32.87,32.77,32.48,32.28,32.28,31.91,31.94,31.61,31.64,31.39,31.52,31.1,31.57,31.56,31.35,30.95,31.19,30.87,30.83,30.83,30.83,30.83,30.95,30.75,31.1,30.61,30.82,30.53,31.02,30.9,30.9,30.38,30.73,30.87,30.98,30.83,31.02,30.9,30.87,31.12,30.95,31.2,30.95,31.02,31.2,31.02,30.87,31.15,31.02,30.75,30.82,30.78,30.95,31.02,31.02,31.44,31.49,31.64,31.4,31.61,31.98,32.14,32.77,33.07,33.36,32.82,32.57,32.14,32.09,31.98,31.94,31.24,31.27,30.83,30.01,28.68,24.36,21.79,20.98,20.95,20.36,20.68,20.71,20.17,20.21,20.31,20.21,20.39,20.12
20.36,20.68,20.83,21.28,22.29,26.68,27.76,28.14,28.16,28.56,28.48,28.83,28.98,29.19,29.07,29.24,29.61,29.77,29.59,29.84,29.87,30.16,29.81,30.16,30.08,30.09,30.33,30.26,30.36,30.29,30.65,30.45,30.38,30.78,30.5,30.5,30.78,30.98,30.9,30.82,31.12,31.12,31.2,31.27,31.49,31.72,31.72,31.4,31.98,32.26,32.18,32.62,32.73,32.77,32.73,32.9,33.12,33.07,33.27,33.27,33.19,33.69,33.79,33.66,33.74,33.49,33.37,33.07,33.37,32.85,32.6,32.73,32.6,32.57,32.28,32.01,31.72,31.66,31.57,31.83,31.49,31.56,31.4,31.39,31.39,31.2,31.19,31.32,31.15,31.02,30.95,31.07,30.61,30.7,30.7,30.75,30.82,30.83,30.82,30.92,30.66,30.66,30.87,30.66,30.9,30.45,30.78,30.98,30.83,30.7,30.92,31.19,30.58,31.12,31.15,31.27,31.29,31.07,30.9,31.1,30.65,31.02,30.78,30.78,31.03,31.07,31.19,31.52,31.56,31.64,31.66,31.52,32.09,31.98,32.77,33.04,32.77,32.65,32.01,32.11,31.74,31.56,31.32,31.02,30.61,29.67,27.25,23.27,21.57,21.1,20.98,20.32,20.51,20.73,19.8,20.51,20.68,20.14,20.17,20.12
20.21,20.36,20.9,20.95,22.76,26.8,27.71,28.08,28.48,28.34,28.71,28.76,28.83,29.12,29.19,29.15,29.47,29.67,29.67,29.93,29.69,29.76,30.04,29.84,30.09,30.21,29.81,30.24,30.41,30.5,30.5,30.7,30.82,30.5,30.58,30.65,30.75,30.78,30.87,31.32,31.1,31.2,31.61,31.56,31.83,31.94,32.03,32.31,31.98,32.28,32.51,32.7,32.9,32.94,33.02,33.24,33.36,33.36,33.37,33.61,33.74,33.62,33.61,33.44,33.52,33.29,33.12,33.04,32.85,32.62,32.43,32.31,32.48,32.35,32.03,31.98,31.56,31.56,31.86,31.4,31.49,31.44,31.27,31.15,31.32,30.92,31.1,30.95,31.24,30.98,30.9,30.95,30.83,30.87,30.95,30.82,30.66,30.75,30.65,30.61,30.73,30.75,30.66,30.46,30.66,30.75,30.83,30.83,30.73,30.82,30.95,30.65,31.2,31.24,31.24,31.52,31.29,30.95,31.02,31.07,30.61,30.66,30.7,30.5,30.7,31.07,31.15,31.1,31.35,31.29,31.72,31.47,31.86,32.11,32.45,32.68,32.43,32.4,32.31,31.98,31.77,31.74,31.57,31.12,30.46,29.69,26.85,22.39,21.13,21.01,20.58,20.64,20.24,20.21,20.51,20.27,20.49,19.77,20.36,20.39
20.36,20.9,20.79,21.1,22.29,26.56,28.04,28.51,28.55,28.71,28.87,29.0,29.08,29.39,29.4,29.49,29.49,29.56,29.93,30.18,29.61,29.98,30.04,30.13,30.24,30.16,30.16,30.24,30.45,30.58,30.55,30.66,30.58,30.66,30.75,30.78,30.92,31.35,31.24,31.24,31.49,31.56,31.66,31.64,31.86,32.2,32.28,32.31,32.43,32.7,32.73,33.02,33.1,32.95,33.37,33.1,33.29,33.54,33.86,33.44,33.57,33.62,33.44,33.19,33.57,33.07,33.04,32.85,32.78,32.7,32.73,32.35,32.36,32.31,31.77,31.81,31.66,31.74,31.49,31.4,31.44,31.32,31.4,31.27,31.02,31.19,31.2,30.98,31.02,30.92,30.98,30.82,30.82,30.53,30.92,30.65,30.83,30.9,30.98,30.87,30.87,30.58,30.7,30.7,30.5,30.83,30.78,30.73,30.95,31.1,30.7,31.1,31.1,31.1,31.15,31.27,31.2,31.4,31.29,30.95,30.83,30.95,30.46,30.73,30.75,31.03,31.19,31.39,31.52,31.57,31.77,31.66,31.69,31.98,32.4,32.45,32.85,32.57,32.2,32.18,31.77,31.81,31.44,30.58,30.01,28.88,24.93,22.14,21.08,20.73,20.76,20.71,20.39,20.17,20.36,20.49,20.14,20.27,20.17,20.36
20.32,20.79,20.64,21.35,22.27,26.58,27.91,28.23,28.63,28.88,29.19,29.08,29.07,28.88,29.29,29.03,29.56,29.77,29.59,29.87,29.72,29.98,30.13,30.08,30.09,30.33,30.45,30.24,30.33,30.78,30.73,30.66,30.92,31.03,31.19,31.39,31.2,31.12,31.27,31.44,31.72,31.98,32.11,32.2,32.23,32.18,32.62,32.4,32.65,32.78,32.87,32.99,33.57,33.36,33.29,33.74,33.46,33.78,33.78,33.29,33.78,33.52,33.29,33.1,33.15,32.62,32.82,32.48,32.48,32.31,32.36,32.35,32.14,32.03,31.74,31.69,31.39,31.35,31.61,31.57,31.29,31.44,31.07,31.2,30.98,30.92,30.95,30.87,30.87,31.02,30.75,30.7,30.83,30.78,30.83,30.83,31.03,30.83,30.75,30.95,30.5,30.9,30.66,30.87,30.55,30.29,30.65,30.66,31.03,30.66,30.78,30.92,30.9,30.82,31.24,31.15,31.35,31.35,31.32,30.83,30.9,30.82,30.66,30.73,30.41,30.83,31.07,31.27,31.56,31.57,31.57,31.64,31.81,31.74,31.81,32.26,32.2,32.62,32.68,32.43,32.03,31.83,31.29,30.75,30.13,28.83,23.99,21.94,20.91,20.68,20.83,20.51,20.17,20.09,20.39,20.12,20.02,20.09,20.24,20.14
20.46,20.79,20.64,21.35,22.66,26.85,28.23,28.14,28.6,29.03,28.98,29.2,29.29,29.29,29.49,29.47,29.59,30.01,29.89,29.77,30.13,29.76,30.21,30.16,30.38,30.33,30.24,30.36,30.55,30.78,30.9,30.7,30.92,31.03,31.12,31.19,31.2,31.44,31.47,31.52,31.98,31.74,32.18,32.53,32.36,32.7,32.78,32.9,33.36,33.07,33.29,33.66,33.52,33.78,33.96,33.57,33.54,33.78,33.37,33.44,33.41,33.36,33.2,33.12,32.82,32.6,32.7,32.57,32.35,32.43,31.98,32.18,31.98,31.69,31.64,31.64,31.44,31.39,31.47,31.2,31.29,31.29,31.1,31.19,31.02,31.02,30.98,31.03,30.98,30.9,30.98,30.95,30.87,30.98,30.7,30.75,30.73,30.55,30.9,30.61,30.73,30.82,30.61,30.73,30.61,30.41,30.36,30.55,30.78,30.82,30.87,30.78,30.73,30.9,31.35,31.32,31.56,31.2,31.03,30.98,30.9,30.58,30.65,30.58,30.83,30.66,30.87,30.73,31.27,31.49,31.94,31.83,31.35,31.72,31.81,31.66,32.26,32.35,32.45,32.2,31.61,31.52,31.19,30.38,29.84,28.16,23.75,21.2,21.13,20.9,20.71,20.42,20.49,20.09,20.12,20.31,20.17,20.02,19.99,20.12
20.51,20.71,20.61,20.95,22.78,26.88,27.87,28.23,28.88,28.87,28.83,29.19,29.56,29.52,29.64,29.39,29.56,29.56,30.08,29.96,30.08,30.08,30.36,30.13,30.45,30.5,30.29,30.66,30.82,30.73,30.98,31.07,31.2,31.07,31.44,31.32,31.57,31.52,31.72,31.77,32.06,32.36,32.43,32.65,32.85,33.04,33.07,33.44,33.36,33.46,33.78,33.71,33.91,34.04,33.78,33.62,33.86,33.37,33.49,33.46,33.32,33.15,33.02,32.62,32.68,32.36,32.45,32.6,32.23,32.35,31.94,32.06,31.64,31.74,31.69,31.32,31.19,31.2,31.57,31.1,31.03,31.02,30.83,31.1,30.9,30.75,30.87,30.75,30.87,30.95,30.61,30.82,30.61,30.7,30.83,30.65,30.78,30.83,30.58,30.66,30.75,30.46,30.55,30.33,30.36,30.24,30.45,30.33,30.61,30.41,30.9,30.75,30.95,30.95,31.39,31.12,31.07,31.24,31.32,31.07,31.1,30.5,30.61,30.55,30.78,30.73,30.92,30.98,31.32,31.56,31.74,31.49,31.66,31.72,31.39,31.72,31.64,32.2,32.28,32.14,31.89,31.81,31.27,30.45,29.72,27.49,22.88,21.57,21.13,20.91,20.64,20.31,20.32,20.12,20.21,20.24,20.14,20.09,19.99,19.99
20.61,20.32,20.64,21.43,22.69,27.4,27.91,28.51,28.88,28.98,29.32,29.59,29.2,29.81,29.69,29.81,29.64,29.77,30.01,29.96,30.08,30.36,30.24,30.24,30.38,30.73,30.7,30.78,30.58,30.75,31.19,31.24,31.49,31.32,31.57,31.98,31.56,32.4,32.03,32.2,32.43,32.48,32.53,33.19,33.07,33.1,33.29,33.69,33.49,33.99,34.08,33.88,33.83,34.01,33.52,33.54,33.57,33.44,33.1,33.07,33.02,32.78,32.48,32.57,32.51,32.35,32.31,32.26,32.23,31.94,32.03,32.2,31.72,31.83,31.29,31.44,31.32,31.2,31.02,30.92,30.82,30.66,30.83,31.19,30.83,31.15,31.07,30.78,30.83,30.78,30.7,30.7,30.7,30.66,30.75,30.5,30.73,30.66,30.55,30.78,30.87,30.61,30.7,30.5,30.61,30.46,30.5,30.55,30.58,30.78,30.53,30.82,30.5,31.03,30.95,31.15,31.49,31.4,31.24,31.03,31.19,30.53,31.03,30.78,30.45,30.55,30.73,30.75,31.39,31.47,31.64,31.66,31.74,31.44,31.56,31.44,31.89,31.86,32.4,31.74,31.44,31.49,31.03,30.55,29.32,26.41,22.81,21.5,21.01,20.95,20.49,20.36,20.14,20.21,20.09,20.17,20.32,20.32,20.64,19.92
20.49,20.58,20.91,21.43,22.48,27.37,28.02,28.48,29.07,29.08,29.59,29.4,29.15,29.49,29.59,29.49,29.67,30.08,29.84,30.33,30.24,30.33,30.38,30.61,30.55,30.66,30.61,30.75,31.02,31.19,31.15,31.39,31.1,31.81,31.72,32.09,32.09,32.14,32.4,32.45,32.65,32.77,33.19,33.36,33.49,33.79,33.74,33.83,34.18,33.99,33.83,33.78,33.54,33.49,33.46,33.24,33.37,33.04,33.19,33.12,32.9,32.82,32.7,32.43,32.11,32.06,32.18,32.03,32.01,31.86,31.72,31.72,31.74,31.39,31.07,31.32,31.2,31.02,31.27,31.27,31.03,30.92,31.02,30.73,30.83,31.15,30.65,30.41,30.58,30.75,30.26,30.21,30.66,30.82,30.73,30.45,30.78,30.65,30.46,30.58,30.65,30.46,30.46,30.55,30.46,30.58,30.55,30.53,30.45,30.46,30.83,30.78,30.9,30.61,31.07,31.1,30.95,31.44,31.19,31.07,30.95,30.66,30.61,30.83,30.83,30.9,30.41,30.58,31.2,31.35,31.64,31.74,31.57,31.57,31.39,31.57,31.32,31.91,31.74,32.09,31.74,31.4,30.7,30.16,29.29,25.55,21.75,21.27,20.73,20.68,20.51,20.36,20.32,19.92,20.24,20.14,20.14,20.12,19.87,19.77
20.76,20.39,20.61,21.23,22.48,27.47,28.34,28.6,28.71,28.87,29.24,29.67,29.19,29.89,29.72,29.77,29.77,30.04,29.72,30.24,30.33,30.41,30.58,30.41,30.75,30.73,30.87,31.03,31.07,31.07,31.56,31.52,31.81,31.81,31.91,32.28,32.6,32.23,32.36,32.73,33.07,32.99,33.07,33.61,33.44,33.78,33.91,33.66,33.93,33.79,33.61,33.54,33.44,33.04,33.02,33.37,32.99,32.99,32.9,33.02,32.85,32.43,32.43,32.48,32.23,31.86,31.91,31.74,31.77,31.69,31.56,31.47,31.56,31.49,31.07,31.15,31.1,30.92,30.98,30.73,30.95,30.46,30.53,30.55,30.65,30.66,30.53,30.75,30.5,30.58,30.55,30.61,30.46,30.82,30.33,30.55,30.66,30.58,30.73,30.58,30.61,30.61,30.58,30.24,30.61,30.26,30.65,30.45,30.45,30.29,30.46,30.36,30.75,30.98,30.65,30.87,31.24,31.15,30.98,31.15,31.1,30.87,30.83,31.03,30.61,30.46,30.33,30.46,30.82,31.27,31.4,31.56,31.69,31.61,31.35,31.1,31.32,31.56,31.57,31.61,31.66,31.1,30.66,29.98,28.83,24.59,21.43,20.79,20.54,20.58,20.32,20.31,19.9,20.49,20.09,20.02,20.21,20.21,19.7,19.65
20.24,20.54,20.86,21.16,22.63,27.6,28.8,28.87,28.95,29.2,29.08,29.27,29.64,29.29,29.84,29.59,30.16,30.21,30.45,30.36,30.55,30.55,30.78,30.95,30.82,30.95,31.02,31.15,31.52,31.29,31.4,31.77,31.81,32.11,32.51,32.43,32.35,32.65,33.07,33.41,33.44,33.86,33.79,33.96,33.66,34.08,33.88,33.96,33.83,33.78,33.86,33.54,33.44,33.37,33.24,33.41,33.1,32.78,32.94,32.57,32.48,32.51,32.31,31.98,31.83,31.89,31.91,31.61,31.74,31.64,31.61,31.2,31.61,31.19,31.24,31.24,31.15,31.03,30.92,30.92,30.9,30.75,30.78,30.61,30.82,30.61,30.82,30.73,30.82,30.7,30.61,30.73,30.66,30.78,30.55,30.36,30.46,30.7,30.38,30.61,30.33,30.41,30.78,30.38,30.26,30.41,30.41,30.29,30.66,30.5,30.45,30.7,30.53,30.46,30.45,31.1,31.02,31.27,30.87,31.29,31.29,31.12,30.95,30.55,30.66,30.5,30.7,30.53,30.95,31.2,31.4,31.81,31.91,31.56,31.64,31.24,31.24,31.12,31.24,31.44,31.47,31.49,30.58,29.77,27.99,23.6,21.28,20.54,20.46,20.05,20.21,20.05,19.87,20.05,20.36,20.05,20.09,19.8,20.02,20.14
20.58,20.51,20.86,20.98,22.61,27.32,29.12,29.15,28.92,29.69,29.35,29.32,29.44,29.69,29.84,29.98,30.24,30.38,30.33,30.53,30.82,30.5,30.92,31.07,30.95,31.19,31.35,31.52,31.69,31.49,31.91,32.06,32.4,32.51,32.68,33.02,33.1,33.1,33.49,33.78,34.01,33.96,34.1,33.86,34.01,33.79,33.61,33.71,33.61,33.29,33.37,33.52,33.07,33.32,33.07,32.99,32.62,32.82,32.78,32.53,32.45,32.26,31.83,32.09,31.94,32.06,31.83,31.57,31.52,31.66,31.4,31.44,31.35,31.47,31.24,30.98,31.32,30.82,30.92,30.5,30.95,30.66,30.75,30.98,30.55,30.65,30.73,30.36,30.65,30.61,30.53,30.45,30.26,30.7,30.58,30.33,30.73,30.5,30.55,30.61,30.61,30.36,30.36,30.45,30.53,30.55,30.53,30.53,30.41,30.45,30.38,30.46,30.29,30.83,30.41,30.9,31.15,31.15,31.44,31.52,31.2,31.15,30.95,30.46,30.75,30.83,30.87,30.61,31.2,31.02,31.44,31.77,32.06,31.91,31.69,31.47,31.15,31.02,31.07,31.19,31.39,31.15,30.21,29.44,26.58,22.51,21.28,20.98,20.54,20.31,20.31,20.39,20.32,20.21,20.17,20.14,20.09,20.17,20.17,20.27
20.27,20.71,20.73,20.95,23.0,27.25,29.32,29.56,29.35,29.07,29.29,29.61,29.77,29.84,30.09,29.93,30.41,30.26,30.29,30.53,30.66,31.07,31.07,31.02,31.24,31.56,31.44,31.86,31.77,31.83,32.01,32.48,32.53,32.77,33.04,33.12,33.54,33.83,33.71,33.96,33.96,33.83,33.74,33.78,33.61,33.66,33.46,33.24,33.36,33.46,33.74,33.12,33.04,33.02,32.85,32.95,32.51,32.51,32.51,32.4,32.36,32.28,32.01,31.74,31.64,31.61,31.72,31.57,31.47,31.35,31.39,31.35,31.03,31.35,31.1,30.9,30.82,30.92,30.78,30.7,30.75,30.9,30.75,30.65,30.87,30.78,30.98,30.58,30.55,30.65,30.65,30.41,30.7,30.53,30.46,30.5,30.26,30.7,30.38,30.21,30.45,30.45,30.46,30.58,30.66,30.41,30.61,30.55,30.38,30.58,30.46,30.66,30.26,30.78,30.5,30.65,30.73,31.15,31.1,31.44,31.44,31.32,31.12,30.87,30.83,30.83,30.95,30.65,30.92,31.03,31.19,31.69,31.74,31.81,31.69,31.39,31.07,31.03,30.92,30.82,30.65,31.03,30.08,28.76,25.17,21.79,21.28,20.9,20.71,20.51,20.27,20.24,19.92,19.95,20.24,20.31,20.36,20.09,19.99,20.24
20.49,20.86,20.83,21.13,22.76,27.13,29.4,29.96,29.98,29.52,29.35,29.52,29.72,29.96,30.18,30.13,30.53,30.55,30.82,30.82,31.15,31.02,31.15,31.47,31.44,31.72,31.81,32.14,32.23,32.57,32.87,32.94,32.9,33.54,33.66,33.79,33.83,33.88,33.71,33.71,33.83,34.04,33.83,33.49,33.44,33.46,33.29,33.1,33.15,33.44,33.24,32.95,33.29,33.1,32.62,32.77,32.77,32.43,32.4,32.23,32.11,32.18,32.01,31.69,31.72,31.57,31.74,31.61,31.1,31.24,31.4,31.39,31.27,31.1,31.1,31.07,30.78,30.92,30.87,30.92,30.78,30.46,30.7,30.75,30.87,30.7,30.7,30.7,30.7,30.73,30.55,30.46,30.58,30.83,30.65,30.45,30.46,30.46,30.58,30.82,30.26,30.26,30.33,30.33,30.46,30.21,30.66,30.24,30.38,30.45,30.82,30.24,30.53,30.38,30.5,30.65,30.95,30.87,30.87,31.24,31.27,31.2,31.2,31.02,30.78,31.03,30.73,30.73,30.58,30.75,31.27,31.72,31.89,31.69,31.77,31.44,31.19,30.98,31.15,30.87,30.87,30.45,29.76,27.96,23.82,21.53,20.91,20.64,20.68,20.21,20.36,20.27,19.87,20.17,20.31,19.95,20.24,19.95,20.14,19.92
20.54,20.51,20.58,21.43,22.14,27.23,29.39,30.38,30.5,30.55,29.89,29.84,29.96,30.16,30.18,30.21,30.7,30.82,30.82,31.2,30.95,31.4,31.44,31.57,32.01,32.11,32.18,32.14,32.65,32.53,33.2,33.57,33.61,33.96,33.71,33.88,33.79,33.78,33.62,33.49,33.44,33.61,33.36,33.41,33.54,33.36,32.99,33.32,33.19,33.1,33.02,32.7,32.68,32.82,32.7,32.65,32.57,32.45,32.45,32.28,31.81,31.91,31.72,31.57,31.64,31.64,31.49,31.29,31.52,31.49,30.98,31.32,31.12,30.92,30.98,30.92,30.78,30.83,31.07,30.82,30.95,30.98,30.83,30.75,30.75,30.55,30.78,30.78,30.58,30.7,30.58,30.24,30.58,30.58,30.29,30.65,30.41,30.5,30.29,30.29,30.5,30.55,30.36,30.29,30.5,30.26,30.24,30.58,30.36,30.58,30.29,30.24,30.29,30.21,30.45,30.7,30.83,30.87,31.1,31.24,31.44,31.35,31.03,31.27,31.1,30.65,30.66,30.61,30.53,30.82,31.29,31.61,31.83,31.81,31.66,31.44,31.32,30.92,30.53,30.26,30.58,30.29,29.44,26.19,22.43,21.5,21.2,20.79,20.64,20.54,20.12,19.92,20.42,20.32,20.27,19.92,20.17,19.7,19.99,20.27
20.49,20.46,20.76,21.35,22.39,27.12,29.44,30.29,30.7,31.1,31.15,30.95,30.36,30.58,30.66,30.78,30.73,30.92,31.39,31.61,31.64,31.74,31.81,32.35,32.35,32.62,32.94,33.04,33.32,33.37,33.71,33.86,33.62,33.78,33.83,33.49,33.52,33.49,33.41,33.46,33.27,33.61,33.52,33.12,32.85,33.02,32.99,32.94,32.99,32.82,32.85,32.9,32.68,32.85,32.36,32.36,32.48,32.18,32.35,32.09,31.83,31.89,31.47,31.69,31.4,31.74,31.35,31.27,31.32,31.12,31.12,31.24,30.9,31.02,31.1,30.9,30.92,30.75,30.66,30.55,30.9,30.9,30.73,30.78,30.46,30.65,30.61,30.65,30.55,30.82,30.45,30.46,30.38,30.36,30.26,30.36,30.26,30.53,30.24,30.33,30.45,30.55,30.18,30.45,30.5,30.45,30.75,30.65,30.16,30.13,30.24,30.04,30.01,30.26,30.5,30.82,30.66,30.65,30.73,30.95,31.19,30.92,31.12,31.15,30.95,30.65,30.78,30.66,31.15,30.73,30.66,31.35,31.47,31.74,31.66,31.56,31.29,31.03,30.65,30.38,30.21,29.84,28.6,24.71,21.95,21.27,20.68,20.46,20.79,20.27,20.24,20.36,20.27,20.27,20.05,20.24,19.99,20.02,20.39,20.14
20.61,20.73,21.08,20.91,21.87,26.85,29.39,30.16,30.78,30.98,31.19,31.66,31.66,31.35,31.24,31.24,31.74,31.24,31.72,32.01,32.26,32.26,32.78,32.85,33.19,33.46,33.36,33.41,33.37,33.24,33.54,33.52,33.69,33.36,33.24,33.24,33.49,33.36,33.24,33.07,33.27,33.29,33.15,33.29,33.15,33.2,32.87,32.57,33.02,32.9,32.6,32.53,32.7,32.43,32.36,32.6,32.03,32.14,31.91,31.77,31.77,31.4,31.81,31.77,31.32,31.15,31.19,31.1,31.24,31.07,31.02,31.24,31.02,30.9,30.95,30.98,30.95,30.83,30.5,31.1,30.87,30.53,30.66,30.61,30.36,30.75,30.61,30.66,30.55,30.38,30.33,30.41,30.18,30.5,30.33,30.45,30.09,30.21,30.41,30.36,30.08,30.38,30.36,29.98,30.29,30.46,30.24,30.55,30.26,30.29,30.21,30.16,30.33,30.61,30.09,30.33,30.26,30.78,30.58,30.66,31.24,31.35,31.32,31.2,30.82,30.83,30.66,30.66,30.95,30.61,31.07,31.32,31.39,31.69,31.86,31.61,31.4,31.15,30.7,30.5,29.67,29.47,27.79,22.88,21.23,20.9,20.58,20.51,20.83,20.24,20.21,20.21,20.02,20.54,20.21,20.12,20.14,19.99,20.05,20.24
20.39,21.08,21.1,20.95,22.09,26.7,29.64,30.21,30.95,31.15,31.44,31.91,31.98,32.18,32.06,32.4,32.65,32.73,32.62,32.77,33.02,32.94,33.24,32.99,33.04,33.37,33.41,33.2,33.49,33.24,33.36,33.2,33.36,33.37,33.19,33.1,33.04,33.12,33.24,32.9,33.02,32.99,32.87,33.04,33.02,32.94,32.94,32.94,32.68,32.78,32.95,32.35,32.4,32.68,32.06,32.14,32.14,32.09,32.03,31.89,31.72,31.72,31.47,31.03,31.57,31.57,31.29,31.35,31.15,31.02,31.07,30.92,31.07,31.1,30.87,30.73,30.73,30.61,30.78,30.78,30.61,30.65,30.87,30.73,30.45,30.73,30.5,30.21,30.53,30.65,30.65,30.26,30.45,30.24,30.13,30.36,30.5,30.24,29.76,30.16,30.09,30.53,30.36,30.24,30.04,30.41,30.33,30.33,30.36,30.55,30.38,30.26,30.18,30.21,30.33,30.24,30.36,30.75,30.53,30.92,31.1,31.24,31.12,31.27,30.83,30.7,30.73,30.7,30.78,31.02,30.78,31.35,31.35,31.44,31.47,31.61,31.66,31.19,30.66,30.55,29.72,28.95,25.99,22.46,21.65,20.91,20.91,20.73,20.36,20.31,20.24,20.12,20.27,20.09,19.9,19.99,20.17,20.46,20.14,19.87
20.61,20.51,20.58,21.2,22.32,26.31,29.27,30.08,30.73,31.19,31.49,32.09,31.98,32.01,32.51,32.35,32.9,32.82,32.73,33.04,32.77,33.07,33.19,32.94,33.37,32.82,33.19,33.2,33.27,33.04,33.15,33.32,33.19,32.95,32.9,33.24,33.1,33.15,33.29,32.9,33.15,33.2,33.07,32.68,32.6,32.48,32.77,32.53,32.73,32.53,32.43,32.26,32.26,32.26,32.14,32.18,32.11,31.69,31.94,31.72,31.61,31.61,31.39,31.4,30.9,31.03,31.1,30.83,30.92,30.78,31.07,31.07,30.7,30.9,30.55,30.98,30.78,30.65,30.87,30.82,30.45,30.5,30.61,30.61,30.7,30.46,30.45,30.61,30.65,30.66,30.29,30.41,30.38,30.26,30.38,30.21,30.13,30.38,30.04,30.04,30.26,30.08,30.26,30.24,29.98,29.87,30.09,30.16,30.61,30.18,30.01,30.04,30.08,29.98,30.16,30.33,30.41,30.36,30.53,30.82,30.98,30.82,31.15,31.2,31.03,30.73,30.45,30.36,30.24,30.01,30.55,31.1,31.39,31.47,31.72,31.56,31.4,31.12,30.7,30.36,29.69,27.71,24.09,21.38,21.47,20.71,20.61,20.32,20.39,20.05,19.99,20.09,20.21,19.99,19.95,20.09,20.21,19.68,20.14,19.92
20.31,20.68,20.76,21.2,22.48,26.8,28.98,29.96,30.7,31.07,31.52,31.83,31.89,31.86,32.14,32.28,32.31,32.51,32.53,32.6,32.82,32.73,32.87,32.78,32.9,32.9,33.07,32.9,33.02,32.9,32.82,32.82,32.99,32.85,33.04,33.04,32.9,32.77,32.94,32.85,32.65,32.73,32.68,32.31,32.53,32.65,32.77,32.53,32.4,32.43,32.48,32.31,32.35,32.18,32.14,32.14,31.66,31.74,31.69,31.61,31.52,31.47,31.52,31.12,31.24,31.02,31.15,31.1,31.15,30.95,30.87,30.78,30.92,30.82,30.65,30.78,30.58,30.58,30.38,30.41,30.78,30.33,30.65,30.46,30.36,30.75,30.5,30.58,30.33,30.36,30.45,30.58,30.18,30.29,30.18,30.16,30.08,30.01,29.93,29.93,30.26,30.26,30.16,29.93,29.96,30.13,30.21,30.04,30.01,30.24,30.09,29.96,30.45,30.26,30.26,30.26,30.21,30.21,30.36,30.5,30.36,31.07,31.12,30.75,30.92,30.45,30.41,30.75,30.45,30.46,30.61,31.02,31.03,31.56,31.35,31.52,31.49,31.29,30.55,30.21,29.59,27.29,23.08,21.57,20.91,20.71,20.54,20.39,20.51,20.39,19.95,19.92,20.12,20.02,20.21,20.27,20.42,20.09,19.92,19.99
20.64,20.61,21.23,20.9,22.27,26.76,29.12,29.67,30.82,30.78,31.15,31.61,31.69,32.03,31.91,31.69,32.03,32.4,32.28,32.4,32.62,32.57,32.48,32.73,32.68,32.85,32.9,32.7,33.02,32.85,32.87,32.78,32.95,32.78,32.9,33.02,32.77,32.78,32.7,32.94,32.78,32.45,32.73,32.68,32.48,32.73,32.7,32.45,32.31,32.45,32.11,32.4,32.09,31.94,32.09,32.06,31.81,31.32,31.72,31.27,31.47,31.27,31.2,31.19,31.07,31.07,30.83,31.07,30.75,31.07,30.87,30.87,30.45,30.83,30.87,30.78,30.65,30.55,30.41,30.55,30.7,30.36,30.38,30.41,30.66,30.7,30.21,30.7,30.66,30.61,30.26,30.38,30.41,30.24,30.53,30.18,30.26,29.93,29.96,29.77,30.36,30.29,30.26,30.18,30.21,30.01,29.93,30.13,30.04,30.18,30.04,30.01,30.08,30.04,30.16,30.36,30.33,30.26,30.09,30.26,30.61,30.75,30.73,31.07,30.9,30.66,30.73,30.38,30.33,30.41,30.61,30.9,31.12,31.24,31.47,31.52,31.29,31.27,31.07,30.29,29.87,27.6,23.75,21.53,21.1,20.95,20.58,20.61,20.64,20.21,20.27,20.32,20.51,20.12,19.9,20.39,20.02,19.92,19.9,19.9
20.46,20.61,21.08,21.28,22.39,26.8,28.92,29.72,30.61,30.83,31.07,31.47,31.69,31.81,31.66,31.77,32.26,32.28,32.03,32.23,32.31,32.36,32.36,32.7,32.6,32.65,32.62,32.78,32.82,32.62,32.77,32.82,32.95,32.62,32.95,32.77,32.48,32.45,32.73,32.6,32.6,32.65,32.35,32.45,32.45,32.43,32.31,31.94,32.36,32.28,32.18,32.35,32.18,32.01,31.86,31.61,31.69,31.81,31.1,31.44,31.12,31.07,31.1,31.35,30.95,31.15,30.78,30.83,30.78,30.92,30.75,30.73,30.53,30.87,30.83,30.66,30.82,30.82,30.36,30.65,30.75,30.46,30.08,30.29,30.65,30.5,30.58,30.46,30.58,30.65,30.24,30.26,30.09,30.24,30.13,29.84,30.21,30.18,30.29,29.81,29.81,29.93,29.93,30.26,29.93,30.16,30.09,30.16,29.93,30.01,30.09,29.96,29.89,29.98,29.96,30.24,30.04,30.16,30.41,30.66,30.38,30.66,30.45,30.75,30.98,30.7,30.41,30.46,30.38,30.53,30.41,30.83,30.78,31.29,31.57,31.4,31.1,31.15,30.95,30.41,29.81,28.16,23.38,21.47,20.98,20.71,20.54,20.24,20.46,19.87,20.31,20.09,20.09,20.05,19.87,19.9,20.09,20.05,20.02,20.09
20.09,20.32,20.86,21.16,22.61,26.76,28.88,29.59,30.46,30.53,31.1,31.15,31.4,31.52,31.64,31.91,31.72,31.61,32.09,31.86,32.09,32.2,32.26,32.03,32.09,32.7,32.48,32.43,32.7,32.48,32.53,32.4,32.65,32.51,32.65,32.45,32.57,32.14,32.51,32.65,32.6,32.43,32.45,32.31,32.73,32.26,32.43,32.14,32.18,32.14,32.14,31.66,31.86,31.64,31.89,31.81,31.47,31.61,31.64,31.29,31.39,31.1,31.19,30.92,31.03,30.75,30.9,30.7,30.75,30.7,30.83,30.82,30.66,30.7,30.78,30.87,30.65,30.55,30.41,30.38,30.75,30.83,30.36,30.46,30.46,30.45,30.33,30.29,30.36,30.7,30.26,30.29,30.01,30.18,29.98,29.81,29.77,30.08,30.01,30.13,29.64,30.16,29.93,29.96,30.04,30.01,29.77,30.08,30.09,29.89,29.76,29.93,29.87,29.76,30.08,29.93,30.04,30.09,30.18,29.93,30.29,30.36,30.46,30.92,30.65,30.46,30.61,30.36,30.16,30.18,30.5,30.45,30.9,31.47,31.56,31.61,31.47,31.29,30.92,30.61,29.77,28.76,24.63,21.2,20.83,20.73,20.36,20.36,20.24,20.05,19.92,20.12,20.39,20.02,20.17,19.99,19.95,20.17,20.36,20.17
20.12,20.71,20.76,21.1,22.48,26.85,28.55,29.56,30.38,30.38,30.92,31.32,31.52,31.52,31.89,31.69,31.69,31.91,31.81,31.91,31.72,31.83,32.11,32.2,32.09,32.31,32.2,32.2,32.51,32.26,32.4,32.11,32.6,32.62,32.26,32.23,32.51,32.11,32.53,32.31,32.23,32.18,32.26,31.83,32.23,32.14,32.2,32.2,32.26,32.18,31.86,32.14,31.66,31.77,31.74,31.57,31.29,31.44,31.15,30.95,31.12,31.15,31.03,30.9,31.02,30.95,30.87,30.73,30.66,30.87,30.41,30.7,30.73,30.46,30.83,30.41,30.04,30.41,30.26,30.36,30.08,30.41,30.5,30.33,30.61,30.38,30.38,30.5,30.16,30.13,30.29,30.09,30.41,30.18,29.84,29.69,30.04,30.21,29.87,30.04,29.93,30.16,30.09,29.93,29.81,29.81,30.09,29.69,29.69,29.76,29.87,29.76,29.77,29.69,30.08,30.01,30.09,29.84,29.89,30.21,30.18,30.24,30.41,30.5,30.41,30.46,30.46,30.46,30.16,30.55,30.36,30.41,30.98,30.98,31.32,31.07,31.32,31.12,30.87,30.26,29.89,28.66,25.17,21.6,20.95,20.73,20.79,20.58,20.17,20.42,20.17,20.02,19.99,20.24,20.17,19.92,20.24,19.99,19.77,19.77
20.46,20.73,20.73,21.08,22.48,26.85,28.46,29.61,30.38,30.5,30.7,31.1,31.44,31.35,31.44,31.35,31.66,31.49,31.81,31.86,31.72,32.14,31.89,32.03,31.94,32.36,32.03,32.31,32.43,32.28,32.35,32.2,32.26,32.51,31.98,32.18,32.36,32.09,32.36,32.2,32.14,31.98,32.18,32.11,31.98,32.11,32.14,32.36,32.14,32.06,31.86,31.66,31.49,31.39,31.39,31.52,31.39,31.19,31.4,31.03,30.9,30.98,30.82,30.98,31.07,30.82,30.83,30.9,30.78,30.61,30.41,30.36,30.46,30.36,30.55,30.61,30.46,30.41,30.24,30.41,30.38,30.29,30.36,30.29,30.21,30.5,30.45,30.41,30.5,30.18,30.36,30.38,30.24,29.98,29.93,29.87,29.87,29.76,29.96,29.56,30.09,30.04,29.69,30.08,29.72,29.76,29.96,29.93,29.52,29.93,29.89,29.64,29.72,29.69,29.52,29.84,29.89,29.96,29.84,29.93,30.26,29.96,30.13,30.53,30.46,30.46,30.55,30.24,30.41,30.46,30.55,30.53,30.83,30.92,31.2,31.2,31.24,31.1,30.73,30.16,29.98,29.0,25.33,21.79,21.08,20.76,20.54,20.27,20.54,20.12,20.12,20.14,19.77,20.02,20.27,19.9,20.36,20.12,20.09,20.02
20.51,20.51,20.98,21.08,21.8,26.93,28.51,29.59,30.16,30.36,30.78,31.12,31.27,31.52,31.64,31.44,31.49,31.4,31.39,31.64,31.66,31.77,31.77,31.83,32.01,32.28,32.23,32.23,32.35,31.91,31.91,32.18,32.28,32.06,32.11,32.03,32.06,32.11,32.14,32.09,32.31,32.01,31.94,32.03,31.86,31.81,31.72,31.69,31.94,32.09,31.64,31.64,31.69,31.44,31.12,31.4,30.9,31.24,31.02,30.92,30.82,30.87,31.02,30.73,30.83,30.61,30.46,30.78,30.66,30.73,30.61,30.45,30.66,30.41,30.24,30.41,30.33,30.45,30.41,30.41,30.04,30.29,30.36,30.18,30.26,30.46,30.41,30.26,30.33,30.36,30.18,30.26,29.89,30.01,30.18,29.84,29.81,29.89,29.67,29.84,29.98,29.69,29.69,29.69,29.87,29.59,29.69,29.72,29.47,29.59,29.77,29.76,29.87,29.44,29.87,29.89,29.98,29.77,29.93,30.21,29.81,29.81,30.01,30.24,30.26,30.55,30.38,30.41,30.41,30.24,30.26,30.46,30.82,30.75,31.32,31.27,31.27,31.07,30.83,30.21,29.81,29.07,25.75,22.02,21.23,20.58,20.51,20.39,20.36,20.27,20.31,20.17,20.17,20.17,20.05,20.51,20.12,19.77,19.99,20.05
20.36,20.27,20.83,21.05,22.27,26.29,28.46,29.35,29.64,30.41,30.33,30.98,31.07,31.39,31.27,31.27,31.29,31.74,31.61,31.52,31.56,31.56,31.86,31.66,31.98,31.74,31.91,31.98,32.01,31.94,32.18,32.09,31.81,31.86,32.03,31.81,31.91,32.01,32.09,31.81,31.77,31.89,31.77,31.98,31.86,31.86,31.57,31.74,31.57,31.49,31.83,31.35,31.47,31.39,31.03,31.12,31.27,31.12,31.03,31.02,30.73,30.98,30.7,30.55,30.61,30.45,30.82,30.41,30.5,30.55,30.36,30.5,30.83,30.61,30.16,30.08,30.24,30.24,30.66,30.45,30.38,30.24,30.13,30.26,30.41,29.93,30.24,30.21,30.16,30.04,30.16,30.24,30.01,29.64,29.61,29.56,29.61,29.59,29.49,29.64,29.56,29.77,29.89,29.67,29.64,29.44,29.69,29.56,29.64,29.52,29.52,29.64,29.64,29.29,29.49,29.59,29.69,29.89,29.84,30.01,30.04,29.98,30.04,30.24,30.01,30.36,30.16,30.18,30.45,29.89,30.29,30.16,30.33,30.73,30.98,30.92,31.07,31.1,30.9,29.93,29.72,29.2,25.82,21.79,20.98,20.68,20.42,20.64,20.54,19.99,20.12,20.32,19.84,20.32,20.24,19.95,20.24,19.9,19.58,19.84
20.49,20.61,20.73,21.13,22.43,26.73,28.31,29.35,29.84,30.26,30.45,30.78,30.9,30.95,31.1,31.4,31.47,31.69,31.57,31.56,31.47,31.49,31.52,31.57,31.74,31.69,31.64,31.74,31.83,31.89,31.86,31.74,31.81,31.83,32.14,32.03,31.47,31.57,32.06,31.61,31.57,31.61,31.89,31.72,31.57,31.64,31.57,31.83,31.4,31.52,31.29,31.02,31.44,31.27,31.24,31.15,31.12,31.19,30.92,30.82,30.75,30.66,30.5,30.38,30.78,30.41,30.5,30.78,30.5,30.33,30.45,30.5,30.24,30.18,30.29,30.21,30.38,30.24,30.18,30.38,30.21,30.29,30.29,30.24,30.16,30.21,30.29,30.33,30.33,30.13,30.01,29.93,29.69,29.77,29.61,29.52,29.67,29.64,29.35,29.61,29.67,29.87,29.52,29.84,29.56,29.64,29.61,29.61,29.59,29.35,29.4,29.52,29.35,29.52,29.49,29.56,29.72,29.44,29.76,29.67,29.89,29.93,30.13,30.18,30.38,30.04,30.13,30.26,30.29,30.41,30.21,30.33,30.41,30.29,31.02,30.87,31.07,30.9,30.55,30.29,29.64,28.83,26.29,21.84,21.32,20.91,20.42,20.27,20.24,20.12,20.24,20.21,19.84,20.21,20.09,19.9,19.7,19.77,19.95,19.9
20.39,20.58,20.61,21.1,22.39,26.18,28.46,29.03,30.04,30.08,30.7,30.7,30.75,31.15,31.07,31.47,31.49,31.52,31.49,31.49,31.4,31.47,31.74,31.77,31.61,31.77,31.69,31.74,31.69,31.69,31.81,31.89,31.77,31.44,31.49,31.64,31.47,31.61,31.64,31.61,31.66,31.83,31.64,31.57,31.57,31.56,31.74,31.35,31.29,31.35,31.32,31.03,31.2,30.95,31.19,30.75,30.92,30.87,31.02,30.73,30.83,30.65,30.45,30.65,30.5,30.65,30.18,30.46,30.53,30.45,30.33,30.36,30.41,30.21,30.33,30.65,30.29,30.21,30.46,30.24,30.26,30.16,29.87,29.93,30.36,30.08,30.18,29.89,30.13,30.21,29.89,29.89,29.81,29.61,29.72,29.72,29.29,29.77,29.44,29.44,29.56,29.52,29.96,29.69,29.56,29.69,29.35,29.2,29.4,29.47,29.47,29.24,29.35,29.4,29.69,29.59,29.44,29.47,29.52,29.72,29.77,29.67,29.96,29.72,29.93,30.21,29.93,29.96,30.41,30.24,30.55,30.04,30.16,30.75,30.5,30.9,30.82,30.92,30.58,30.01,29.61,28.92,26.18,21.99,21.16,20.68,20.58,20.09,20.36,20.21,20.24,20.17,20.14,19.92,20.21,19.99,19.84,20.54,19.9,19.92
20.39,20.39,20.64,21.05,22.12,26.41,28.48,29.27,29.81,30.38,30.5,31.07,31.12,30.98,31.24,31.39,31.2,31.15,31.4,31.4,31.66,31.44,31.56,31.4,31.49,31.74,31.64,31.86,31.44,31.61,31.64,31.44,31.69,31.56,31.77,31.44,31.66,31.47,31.66,31.72,31.57,31.57,31.69,31.39,31.44,31.61,31.35,31.44,31.44,31.27,31.32,31.2,31.39,31.15,30.87,31.07,30.58,30.75,30.78,30.61,30.41,30.66,30.65,30.53,30.75,30.29,30.29,30.21,30.29,30.7,30.29,30.26,30.45,30.36,30.41,30.18,30.5,30.55,30.38,30.33,30.18,30.26,30.21,30.29,29.87,29.96,30.09,30.24,30.16,30.13,29.93,29.96,29.77,29.52,29.81,29.69,29.69,29.69,29.59,29.52,29.44,29.72,29.52,29.35,29.67,29.76,29.4,29.69,29.69,29.35,29.44,29.19,29.61,29.39,29.44,29.39,29.59,29.47,29.47,29.72,29.81,29.69,29.84,29.98,30.13,29.84,30.26,30.24,30.41,30.36,30.18,30.16,29.98,30.21,30.55,30.92,30.66,30.83,30.36,30.24,30.21,28.98,26.53,22.48,21.13,20.54,20.79,20.58,20.24,20.02,20.21,20.14,20.17,20.32,20.21,20.27,20.09,20.17,19.87,19.95
20.73,20.58,20.68,21.08,22.02,26.41,28.6,29.2,29.64,30.38,30.41,30.41,30.7,30.83,31.32,31.07,31.19,31.29,31.19,31.35,31.35,31.35,31.47,31.66,31.49,31.49,31.74,31.69,31.61,31.44,31.4,31.64,31.66,31.35,31.52,31.44,31.61,31.39,31.47,31.49,31.49,31.47,31.81,31.24,31.56,31.24,31.44,31.29,31.15,31.44,31.24,30.95,31.07,31.07,31.2,30.78,30.82,30.7,30.7,30.75,30.66,30.41,30.53,30.45,30.65,30.21,30.18,30.38,30.36,30.38,30.55,30.36,30.5,30.33,30.36,30.29,30.09,30.21,30.33,30.33,29.87,30.21,30.21,30.26,29.87,30.16,29.89,29.84,29.76,29.77,29.67,29.87,29.64,29.27,29.67,29.47,29.47,29.64,29.39,29.49,29.32,29.56,29.19,29.44,29.39,29.44,29.2,29.69,29.27,29.4,29.24,29.0,29.03,29.29,29.2,29.64,29.49,29.27,29.56,29.61,29.67,29.81,29.69,29.56,30.16,30.01,30.16,30.38,30.18,30.33,30.45,30.13,30.36,30.55,30.7,30.82,30.82,30.82,30.58,30.08,29.69,29.27,26.29,21.69,21.43,20.86,20.36,20.32,20.31,20.17,20.05,20.02,19.95,20.46,19.87,20.21,20.17,20.02,19.99,20.21
20.31,20.36,20.49,21.05,21.72,25.94,28.14,29.67,29.81,30.08,30.61,30.78,31.07,30.73,31.2,31.19,31.02,31.12,31.1,30.95,31.12,31.1,31.52,31.66,31.27,31.12,31.19,31.57,31.49,31.19,31.4,31.19,31.2,31.35,31.27,31.4,31.39,31.44,31.44,31.57,31.35,31.57,31.27,31.29,31.2,31.35,31.35,31.1,31.03,31.32,30.9,31.1,31.07,30.98,30.87,30.5,30.7,30.7,30.5,30.41,30.29,30.08,30.26,30.09,30.24,30.29,30.26,30.33,30.33,30.7,30.46,30.75,30.33,30.09,30.26,30.21,30.01,30.26,30.16,30.16,30.08,30.26,29.98,30.24,30.09,29.98,30.04,29.76,29.93,29.72,29.76,29.64,29.61,29.47,29.39,29.59,29.35,29.47,29.15,29.32,29.56,29.44,29.52,29.39,29.35,29.07,29.29,29.12,29.39,29.39,29.4,29.24,29.15,29.29,29.49,29.19,29.56,29.61,29.56,29.49,29.56,29.44,29.89,29.89,30.16,30.01,29.84,29.84,30.33,30.13,30.26,30.24,30.38,30.26,30.55,30.46,30.83,30.92,30.58,30.29,29.81,29.19,25.94,22.17,20.9,20.32,20.32,20.54,20.36,20.21,20.12,20.12,19.8,19.92,20.05,19.95,19.99,19.7,19.65,19.84
20.32,20.27,21.16,20.9,21.5,25.28,27.81,29.03,29.93,30.29,30.33,30.61,30.65,31.07,31.02,31.02,30.98,31.15,31.12,31.12,31.24,31.2,31.47,31.1,31.27,31.32,30.92,31.49,31.15,31.27,31.47,31.03,31.03,31.15,31.12,31.4,31.44,31.27,31.03,31.44,31.39,31.39,31.29,31.49,31.19,31.35,31.24,31.07,30.95,31.03,30.98,30.66,30.87,31.12,30.18,30.82,30.83,30.24,30.45,30.38,30.04,30.29,30.18,30.04,30.7,30.16,30.41,30.29,30.46,30.33,30.21,30.29,30.33,30.36,30.26,30.58,30.36,30.24,30.16,30.04,30.08,30.21,30.01,29.96,29.84,29.93,30.16,30.01,29.72,29.56,29.47,29.61,29.32,29.44,29.47,29.2,29.19,29.47,29.29,29.52,29.4,29.15,29.2,29.24,29.32,29.03,29.39,29.12,29.24,29.08,29.47,29.39,29.47,29.44,29.24,29.56,29.44,29.27,29.64,29.56,29.47,29.52,29.67,29.64,30.13,30.16,30.18,30.08,30.04,30.36,30.13,30.09,29.72,30.26,30.46,30.73,30.5,30.73,30.26,29.77,29.49,28.48,25.87,22.06,21.13,20.61,20.32,20.51,20.36,20.32,20.21,20.51,19.7,20.31,20.09,19.95,19.65,19.99,19.95,19.99
20.61,20.68,20.79,21.13,21.75,24.75,27.87,29.2,29.81,30.38,30.29,30.5,30.66,30.61,30.9,30.66,30.9,30.92,30.98,31.03,31.2,31.19,31.1,31.29,31.12,31.15,31.19,31.2,31.32,31.2,31.29,31.24,31.15,31.02,30.98,31.4,31.1,31.32,31.12,31.12,31.12,31.2,31.44,31.02,31.12,31.1,31.2,30.65,30.9,30.92,30.83,30.83,31.02,30.87,30.65,30.65,30.46,30.36,30.09,30.5,30.26,30.08,30.26,30.18,30.13,29.93,30.13,29.98,30.33,30.26,30.5,30.26,30.41,30.26,30.09,30.36,30.53,30.46,30.41,30.08,30.09,29.84,30.08,30.13,29.81,29.98,30.01,29.81,30.08,29.56,29.67,29.61,29.56,29.12,29.29,29.24,29.2,29.35,29.64,29.4,29.08,29.24,29.15,29.19,29.07,29.19,29.39,29.4,29.03,29.29,29.4,29.56,29.29,29.4,29.19,29.08,29.49,29.44,29.32,29.27,29.61,29.24,29.67,29.69,29.84,30.04,30.01,30.24,30.26,30.04,30.36,30.36,30.16,30.16,30.46,30.66,30.16,30.65,30.24,30.13,29.27,28.66,25.79,21.99,20.91,20.91,20.51,20.05,20.31,20.46,20.17,19.92,19.84,19.7,20.17,19.95,19.99,19.99,20.31,19.84
20.31,20.46,20.86,20.91,21.42,24.98,27.84,29.24,29.89,30.13,30.29,30.7,30.87,30.55,30.61,30.78,30.83,31.12,30.92,30.9,30.9,30.82,31.32,31.24,31.29,31.24,31.03,31.19,31.44,31.07,31.12,31.1,31.02,30.92,31.2,31.12,31.27,31.02,31.32,31.32,31.19,31.27,31.03,30.87,31.2,30.98,31.03,30.95,31.1,30.83,30.92,30.58,30.55,30.78,30.36,30.41,30.53,30.21,30.18,30.53,30.24,30.08,30.16,30.24,30.16,30.41,30.26,30.41,30.45,30.26,30.16,30.65,30.18,30.33,30.55,30.45,30.41,30.45,30.46,30.18,30.38,30.08,29.96,29.81,29.77,30.01,29.84,29.72,29.69,29.87,29.52,29.59,29.61,29.67,29.4,29.39,29.44,29.39,29.32,29.32,29.49,29.44,29.12,29.39,29.52,29.47,29.15,29.24,29.08,29.44,29.24,29.44,29.49,29.24,29.44,29.29,29.32,29.52,29.59,29.44,29.44,29.64,29.77,29.72,29.89,29.89,30.18,30.13,30.38,30.24,30.09,30.18,30.45,30.29,30.09,30.24,30.38,30.5,30.36,30.21,29.35,28.76,25.72,22.21,21.05,20.36,20.68,20.32,20.09,20.09,20.21,19.95,20.32,20.09,19.9,20.09,19.92,19.99,19.77,19.95
20.24,20.58,20.58,20.91,21.62,23.97,27.84,29.03,29.77,30.29,30.13,30.75,30.92,30.61,30.73,30.78,30.87,30.7,31.03,30.83,30.92,30.9,30.92,30.9,30.82,31.24,30.9,30.98,31.15,30.9,31.15,30.83,31.02,30.92,31.32,30.95,31.24,31.19,31.02,31.39,31.35,31.39,31.27,31.02,31.19,31.07,31.2,31.07,31.2,30.98,30.82,30.78,30.66,30.65,30.29,30.55,30.33,30.41,30.01,30.18,30.04,30.16,30.24,30.53,30.21,29.84,30.08,30.38,30.33,30.38,30.46,30.46,30.33,30.33,30.58,30.46,30.7,30.08,30.26,30.5,30.26,30.09,30.04,29.89,29.87,29.87,29.89,29.84,29.64,29.67,29.67,29.39,29.72,29.2,29.15,29.67,29.47,29.15,29.12,29.56,29.44,29.03,29.15,29.4,29.2,29.19,29.4,29.39,29.61,29.24,29.35,29.27,29.32,29.12,29.49,29.39,29.39,29.69,29.81,29.56,29.29,29.67,29.35,29.69,29.98,29.77,29.93,30.08,30.08,30.13,30.29,30.46,30.08,30.26,30.58,30.55,30.83,30.73,30.45,30.09,29.29,28.87,25.67,22.06,21.1,20.61,20.9,20.54,20.61,20.05,19.95,20.21,20.21,20.31,20.14,20.27,20.17,19.9,20.14,19.95
20.73,20.73,20.83,21.08,21.38,23.99,27.84,29.24,29.72,30.18,30.21,30.45,30.46,30.55,30.46,30.65,30.66,30.98,30.82,30.66,30.7,30.58,31.12,31.27,31.1,31.15,31.07,31.02,31.02,31.02,30.9,30.98,30.98,30.5,30.95,31.15,31.03,31.03,30.9,30.82,30.9,31.02,30.75,30.9,31.2,31.02,30.98,31.02,30.78,30.78,30.98,30.75,30.66,30.78,30.46,30.5,30.38,30.36,29.98,30.41,29.89,30.16,30.21,30.13,30.21,30.16,30.13,29.98,30.26,30.33,30.18,30.36,30.16,30.41,30.41,30.53,30.29,30.36,30.53,30.29,30.29,29.93,30.01,30.18,29.81,29.77,29.64,29.77,29.67,29.52,29.08,29.44,29.2,29.56,29.39,29.52,29.07,29.47,29.19,29.2,29.29,29.29,29.2,29.39,29.03,29.29,29.27,29.07,29.35,29.24,29.19,29.15,29.15,29.12,29.2,29.32,29.52,29.19,29.56,29.29,29.52,29.76,29.56,29.59,29.76,29.77,30.04,29.93,30.29,30.18,29.93,30.24,30.13,30.29,29.87,30.33,30.53,30.41,30.5,29.81,29.35,28.63,25.32,21.72,21.27,21.08,20.54,20.21,20.27,20.17,20.14,20.12,20.14,20.12,19.77,20.14,20.17,20.05,19.99,19.99
20.61,20.73,20.61,20.54,21.35,23.69,27.81,29.24,29.77,30.26,30.46,30.41,30.9,30.65,30.45,30.55,30.78,30.82,30.55,30.65,30.92,30.75,31.03,30.61,30.82,30.83,30.9,30.73,30.98,30.61,30.55,30.82,31.15,30.78,30.65,30.66,30.9,30.78,30.58,30.78,30.66,30.95,30.95,30.82,30.87,30.78,30.75,30.83,30.75,30.58,30.36,30.7,30.73,30.36,30.45,30.24,30.09,30.16,30.04,30.13,30.13,29.87,30.21,29.72,30.09,30.16,30.04,29.98,30.36,30.21,30.08,30.16,30.38,30.36,30.24,30.38,30.46,30.36,30.5,30.33,30.29,30.13,30.04,30.13,29.93,29.72,29.69,29.64,29.64,29.61,29.29,29.56,29.52,29.07,29.19,29.03,29.27,29.44,29.2,29.27,29.07,29.08,29.12,29.19,29.0,29.2,29.12,29.15,29.2,29.56,29.32,29.07,29.27,29.15,29.2,29.19,29.35,29.35,29.64,29.52,29.4,29.44,29.35,29.93,29.77,29.76,29.84,30.04,30.33,30.24,29.96,30.18,30.24,30.36,30.46,30.24,30.53,30.46,30.38,30.24,29.64,28.36,25.1,21.6,21.08,20.95,20.36,20.17,19.95,20.21,20.31,20.12,19.9,20.14,19.8,20.02,20.05,19.9,19.84,20.12
20.31,20.36,20.61,20.71,21.42,23.18,27.84,29.29,29.93,30.46,30.46,30.9,30.61,30.66,30.78,30.33,30.38,30.46,30.58,30.41,30.55,30.5,30.9,31.02,30.65,30.9,30.78,30.45,30.9,30.82,30.65,30.83,31.2,30.82,30.78,30.95,30.65,30.95,30.82,31.07,30.78,30.9,30.83,30.92,30.82,30.87,30.65,30.61,30.36,30.73,30.38,30.5,30.5,30.36,30.16,30.36,30.36,30.18,30.08,30.09,29.96,29.87,29.76,30.21,30.09,29.72,30.29,30.04,30.04,30.18,30.13,30.24,30.29,30.33,30.09,30.08,30.38,30.38,30.38,30.41,30.18,30.21,30.04,30.24,29.76,29.84,29.56,29.76,29.87,29.15,29.07,29.61,29.4,29.29,29.0,28.98,29.32,29.24,29.19,29.2,29.35,29.52,29.4,29.07,29.24,29.44,29.35,29.27,29.44,29.19,29.52,29.27,29.2,29.35,29.32,29.56,29.27,29.49,29.72,29.56,29.64,29.29,29.35,29.61,29.61,29.72,29.96,29.89,29.98,30.13,30.16,30.38,30.38,30.53,30.13,30.53,30.46,30.53,30.38,30.04,29.08,28.16,24.68,21.47,21.05,20.73,20.54,20.27,20.09,19.77,20.24,20.14,19.92,20.24,20.17,20.27,20.14,20.31,19.52,19.99
20.73,20.58,20.61,20.73,21.08,23.69,27.6,29.24,29.93,30.38,30.5,30.98,30.61,30.46,30.61,30.45,30.65,30.5,30.29,30.61,30.66,30.75,30.75,30.75,30.9,31.07,30.82,30.66,30.75,30.55,30.61,30.65,30.41,30.53,30.61,30.61,30.7,30.38,30.9,30.9,30.9,30.92,30.75,30.73,30.9,30.73,30.58,30.55,30.75,30.53,30.75,30.66,30.26,30.33,30.29,30.33,30.46,29.96,30.09,30.08,30.16,30.18,30.16,29.98,30.01,29.87,30.21,30.09,30.16,30.26,30.29,30.21,30.18,30.5,30.33,30.45,30.36,30.33,30.46,30.24,30.26,30.45,29.87,29.77,29.98,29.61,29.64,29.52,29.64,29.67,29.64,29.44,29.56,29.08,29.27,29.39,29.49,29.39,29.12,29.2,29.19,29.12,29.08,29.44,29.27,29.12,29.44,29.35,29.44,29.29,29.4,29.56,29.64,29.32,29.47,29.27,29.59,29.39,29.52,29.29,29.56,29.67,29.47,29.52,29.81,29.77,29.98,29.98,29.93,30.18,30.38,30.18,30.33,30.26,30.24,30.38,30.36,30.26,30.53,30.26,29.52,27.91,24.33,21.8,21.27,20.73,20.42,20.21,20.61,20.39,20.24,20.24,20.31,20.02,20.05,19.95,20.14,19.7,19.92,19.84
20.42,20.39,20.76,21.05,21.32,23.06,27.44,29.39,30.33,30.55,30.65,30.92,30.78,30.78,30.58,30.61,30.18,30.38,30.38,30.24,30.7,30.65,30.92,30.92,30.73,30.82,30.95,30.78,30.75,30.41,30.53,30.5,30.58,30.36,30.55,30.46,30.45,30.75,30.82,30.9,31.02,30.92,30.58,30.75,30.55,30.78,30.58,30.21,30.53,30.5,30.53,30.45,30.65,30.41,30.65,30.21,29.98,30.01,30.24,29.96,29.96,29.89,29.84,30.24,29.87,29.87,30.04,29.93,30.36,30.16,30.21,30.16,30.26,29.96,30.61,30.26,30.18,30.21,30.41,30.09,30.29,29.98,30.13,30.08,29.98,29.84,29.89,29.76,29.47,29.56,29.49,29.61,29.61,29.4,29.35,29.32,29.39,29.24,29.35,29.0,29.27,29.24,29.19,29.44,29.64,29.32,29.35,29.56,29.19,29.39,29.61,29.2,29.29,29.15,29.69,29.59,29.27,29.44,29.08,29.35,29.64,29.49,29.61,29.61,29.59,29.69,29.52,29.98,30.18,30.18,30.26,30.41,30.45,30.53,30.33,30.36,30.5,30.5,30.26,30.04,29.72,27.67,23.94,21.65,20.98,20.76,20.24,20.58,20.31,20.32,20.17,19.95,20.09,19.87,19.87,20.05,20.12,19.95,19.87,19.84
20.61,20.32,20.64,20.73,21.2,23.45,27.64,29.52,30.04,30.36,30.95,30.73,30.7,31.1,30.73,30.41,30.13,30.46,30.38,30.65,30.55,30.55,30.92,30.61,30.75,30.92,30.53,30.75,30.38,30.21,30.53,30.29,30.36,30.08,30.66,30.5,30.5,30.92,30.61,30.87,30.87,30.75,30.83,30.61,30.65,30.26,30.38,30.65,30.82,30.61,30.58,30.53,30.38,30.46,30.29,30.18,29.87,29.84,30.09,29.93,29.89,30.09,30.13,29.72,29.87,29.84,29.98,29.67,30.09,30.24,29.96,30.53,29.96,30.38,29.96,30.29,30.18,30.09,30.16,30.01,29.89,30.13,29.96,29.93,29.81,29.87,30.01,29.56,29.72,29.52,29.76,29.47,29.49,28.98,29.47,29.12,29.49,29.29,29.24,29.24,29.0,29.27,28.95,29.35,29.12,29.47,29.35,29.67,29.24,29.19,29.4,29.49,29.47,29.15,29.49,29.32,29.47,29.61,29.2,29.59,29.61,29.52,29.39,29.77,29.52,29.59,29.81,29.89,30.04,29.93,30.08,30.36,30.38,30.33,30.45,30.33,30.29,30.61,30.5,30.18,29.35,27.72,24.39,21.47,20.9,20.51,20.42,20.46,20.14,19.9,19.99,20.14,19.92,20.02,19.99,19.99,20.27,19.9,20.14,19.99
20.27,20.68,20.95,21.08,21.16,23.22,27.6,29.52,29.81,30.13,30.55,30.75,31.15,30.61,30.98,30.36,30.41,30.24,30.26,30.5,30.33,30.41,30.58,30.5,30.33,30.46,30.98,30.5,30.61,30.55,30.09,30.16,30.38,30.24,30.16,30.18,30.29,30.65,30.5,30.78,30.66,30.46,30.58,30.45,30.65,30.55,30.5,30.46,30.61,30.45,30.33,30.16,30.09,30.46,30.09,30.13,30.01,30.09,30.21,30.01,29.98,29.52,29.64,30.08,30.08,29.89,30.16,29.89,29.93,29.81,30.08,30.13,29.81,29.98,30.16,30.29,29.84,29.81,29.98,29.96,29.77,29.87,29.87,29.72,29.77,29.81,29.77,29.56,29.64,29.72,29.61,29.76,29.44,28.98,29.03,29.35,29.47,29.35,29.35,29.4,29.27,29.19,29.64,29.49,29.35,29.27,29.15,29.32,29.29,29.35,29.4,29.52,29.19,29.56,29.27,29.47,29.56,29.29,29.32,29.47,29.47,29.59,29.52,29.39,29.56,29.56,29.77,29.77,30.04,30.33,30.13,30.41,30.5,30.53,30.24,30.18,30.45,30.46,30.45,29.96,29.24,27.79,23.75,21.16,20.42,20.71,20.51,20.68,20.32,20.12,20.17,20.09,19.87,19.84,20.24,20.09,20.17,19.87,19.9,19.8
20.21,20.64,20.51,20.76,21.1,23.37,27.76,29.47,30.04,30.46,30.82,30.92,30.65,30.98,30.95,30.26,30.36,30.33,29.93,30.46,30.46,30.21,30.61,30.83,30.58,30.53,30.55,30.61,30.53,30.13,30.18,30.16,30.36,30.04,30.18,30.7,30.58,30.65,30.66,30.61,30.61,30.66,30.38,30.58,30.53,30.73,30.61,30.41,30.82,30.45,30.29,30.46,30.36,30.04,30.09,30.18,30.13,30.09,29.76,29.77,30.16,29.93,30.01,29.52,29.77,29.49,29.59,30.01,30.08,29.89,29.61,30.01,29.89,29.96,29.76,29.96,29.69,29.76,30.01,29.84,30.01,30.08,29.87,29.93,29.81,29.76,29.67,29.77,29.64,29.59,29.52,29.24,29.27,29.07,29.19,28.95,29.27,29.35,29.2,29.12,29.27,29.49,29.27,29.47,29.61,29.29,29.56,29.61,29.29,29.64,29.52,29.52,29.72,29.67,29.32,29.69,29.49,29.35,29.69,29.35,29.2,29.64,29.39,29.64,29.49,29.69,29.72,29.77,30.13,30.24,30.24,30.18,30.13,30.38,30.45,30.41,30.58,30.55,30.33,29.93,29.64,27.96,24.17,21.53,20.68,20.58,20.36,20.21,20.24,19.95,19.92,20.14,20.49,20.05,19.84,19.95,20.02,19.87,20.02,19.95
